RecordNo,Type,Person,Scenario,FSR1,FSR2,FSR3,FSR4,Temperature,LoggedAt
1176,RAW,Person A,Standing,4095,3654,4095,4095,29.94,2026-10-02T19:40:57
1177,AVG10,Person A,Standing,3685.50,3254.50,4013.50,3676.40,29.77,2026-10-02T19:40:57
1178,RAW,Person A,Standing,4095,3626,4095,4095,29.94,2026-10-02T19:40:58
1179,RAW,Person A,Standing,4095,3648,4095,4095,29.94,2026-10-02T19:40:59
1180,RAW,Person A,Standing,4095,3696,4095,3795,30.00,2026-10-02T19:41:00
1181,RAW,Person A,Standing,4095,3755,4095,4095,30.00,2026-10-02T19:41:01
1182,RAW,Person A,Standing,4095,3713,4095,4095,30.00,2026-10-02T19:41:02
1183,RAW,Person A,Standing,4095,3738,4095,4095,30.06,2026-10-02T19:41:03
1184,RAW,Person A,Standing,4095,3745,4095,4095,30.06,2026-10-02T19:41:04
1185,RAW,Person A,Standing,4095,3731,4095,4095,30.12,2026-10-02T19:41:05
1186,RAW,Person A,Standing,4095,3536,4095,4095,30.12,2026-10-02T19:41:06
1187,RAW,Person A,Standing,4095,3680,4095,4095,30.12,2026-10-02T19:41:07
1188,AVG10,Person A,Standing,4095.00,3686.80,4095.00,4065.00,30.04,2026-10-02T19:41:07
1189,RAW,Person A,Standing,4095,3694,4095,4095,30.19,2026-10-02T19:41:08
1190,RAW,Person A,Standing,4095,3661,4095,4095,30.19,2026-10-02T19:41:09
1191,RAW,Person A,Standing,4095,3683,4095,4095,30.19,2026-10-02T19:41:10
1192,RAW,Person A,Standing,4095,3686,4095,4095,30.25,2026-10-02T19:41:11
1193,RAW,Person A,Standing,4095,3687,4095,4095,30.31,2026-10-02T19:41:12
1194,RAW,Person A,Standing,4095,3683,4095,4095,30.31,2026-10-02T19:41:13
1195,RAW,Person A,Standing,4095,3667,4095,4095,30.31,2026-10-02T19:41:14
1196,RAW,Person A,Standing,3945,3521,4095,4015,30.31,2026-10-02T19:41:15
1197,RAW,Person A,Standing,4061,3579,4095,4063,30.31,2026-10-02T19:41:16
1198,RAW,Person A,Standing,4065,3598,4095,4082,30.37,2026-10-02T19:41:17
1199,AVG10,Person A,Standing,4073.60,3645.90,4095.00,4082.50,30.27,2026-10-02T19:41:17
1200,RAW,Person A,Standing,4071,3601,4095,4080,30.37,2026-10-02T19:41:18
1201,RAW,Person A,Standing,4065,3598,4095,4091,30.37,2026-10-02T19:41:19
1202,RAW,Person A,Standing,4070,3600,4095,4095,30.44,2026-10-02T19:41:20
1203,RAW,Person A,Standing,4077,3583,4095,4095,30.44,2026-10-02T19:41:21
1204,RAW,Person A,Standing,4048,3600,4095,4095,30.44,2026-10-02T19:41:22
1205,RAW,Person A,Standing,4064,3601,4095,4095,30.50,2026-10-02T19:41:23
1206,RAW,Person A,Standing,4095,3605,4095,4095,30.50,2026-10-02T19:41:24
1207,RAW,Person A,Standing,4095,3734,4095,4095,30.50,2026-10-02T19:41:25
1208,RAW,Person A,Standing,4010,3807,4095,4095,30.50,2026-10-02T19:41:26
1209,RAW,Person A,Standing,4095,3726,4095,4095,30.50,2026-10-02T19:41:27
1210,AVG10,Person A,Standing,4069.00,3645.50,4095.00,4093.10,30.46,2026-10-02T19:41:27
1211,RAW,Person A,Standing,4095,3712,4095,4095,30.56,2026-10-02T19:41:28
1212,RAW,Person A,Standing,4095,3717,4095,4095,30.56,2026-10-02T19:41:29
1213,RAW,Person A,Standing,4095,3732,4095,4095,30.56,2026-10-02T19:41:30
1214,RAW,Person A,Standing,4095,3728,4095,4095,30.56,2026-10-02T19:41:31
1215,RAW,Person A,Standing,4095,3705,4095,4095,30.62,2026-10-02T19:41:32
1216,RAW,Person A,Standing,4095,3723,4095,4095,30.62,2026-10-02T19:41:33
1217,RAW,Person A,Standing,4095,3696,4095,4095,30.62,2026-10-02T19:41:34
1218,RAW,Person A,Standing,4095,3750,4095,4095,30.62,2026-10-02T19:41:35
1219,RAW,Person A,Standing,4095,3735,4095,4095,30.69,2026-10-02T19:41:36
1220,RAW,Person A,Standing,4095,3745,4095,4095,30.62,2026-10-02T19:41:37
1221,AVG10,Person A,Standing,4095.00,3724.30,4095.00,4095.00,30.61,2026-10-02T19:41:37
1222,RAW,Person A,Standing,4095,3753,4095,4095,30.69,2026-10-02T19:41:38
1223,RAW,Person A,Standing,4095,3721,4095,4095,30.69,2026-10-02T19:41:39
1224,RAW,Person A,Standing,4095,3693,4095,4095,30.75,2026-10-02T19:41:40
1225,RAW,Person A,Standing,4095,3712,4095,4095,30.75,2026-10-02T19:41:41
1226,RAW,Person A,Standing,4095,3721,4095,4095,30.75,2026-10-02T19:41:42
1227,RAW,Person A,Standing,4095,3700,4095,4095,30.75,2026-10-02T19:41:43
1228,RAW,Person A,Standing,4095,3703,4095,4095,30.75,2026-10-02T19:41:44
1229,RAW,Person A,Standing,4095,3723,4095,4095,30.81,2026-10-02T19:41:45
1230,RAW,Person A,Standing,4095,3715,4095,4095,30.81,2026-10-02T19:41:46
1231,RAW,Person A,Standing,4095,3719,4095,4095,30.81,2026-10-02T19:41:47
1232,AVG10,Person A,Standing,4095.00,3716.00,4095.00,4095.00,30.76,2026-10-02T19:41:47
1233,RAW,Person A,Standing,4095,3685,4095,4095,30.81,2026-10-02T19:41:48
1234,RAW,Person A,Standing,4095,3689,4095,4095,30.81,2026-10-02T19:41:49
1235,RAW,Person A,Standing,4095,3670,4095,4095,30.87,2026-10-02T19:41:50
1236,RAW,Person A,Standing,4095,3654,4095,4081,30.87,2026-10-02T19:41:51
1237,RAW,Person A,Standing,4095,3654,4095,4095,30.87,2026-10-02T19:41:52
1238,RAW,Person A,Standing,4095,3647,4095,4095,30.87,2026-10-02T19:41:53
1239,RAW,Person A,Standing,4095,3655,4095,4095,30.87,2026-10-02T19:41:54
1240,RAW,Person A,Standing,4095,3647,4095,4093,30.87,2026-10-02T19:41:55
1241,RAW,Person A,Standing,4095,3647,4095,4095,30.94,2026-10-02T19:41:56
1242,RAW,Person A,Standing,4095,3639,4095,4095,30.87,2026-10-02T19:41:57
1243,AVG10,Person A,Standing,4095.00,3658.70,4095.00,4093.40,30.87,2026-10-02T19:41:57
1244,RAW,Person A,Standing,4095,3632,4095,4081,30.94,2026-10-02T19:41:58
1245,RAW,Person A,Standing,4095,3637,4095,4095,30.87,2026-10-02T19:41:59
1246,RAW,Person A,Standing,4095,3645,4095,4095,30.94,2026-10-02T19:42:00
1247,RAW,Person A,Standing,4095,3658,4095,4095,30.94,2026-10-02T19:42:01
1248,RAW,Person A,Standing,4095,3671,4095,4095,31.00,2026-10-02T19:42:02
1249,RAW,Person A,Standing,4095,3666,4095,4095,30.94,2026-10-02T19:42:03
1250,RAW,Person A,Standing,4095,3629,4095,4065,31.00,2026-10-02T19:42:04
1251,RAW,Person A,Standing,4095,3633,4095,4073,31.00,2026-10-02T19:42:05
1252,RAW,Person A,Standing,4095,3630,4095,4061,31.00,2026-10-02T19:42:06
1253,RAW,Person A,Standing,4095,3603,4095,3984,31.00,2026-10-02T19:42:07
1254,AVG10,Person A,Standing,4095.00,3640.40,4095.00,4073.90,30.96,2026-10-02T19:42:07
1255,RAW,Person A,Standing,4095,3610,4095,4009,31.00,2026-10-02T19:42:08
1256,RAW,Person A,Standing,4095,3610,4095,4027,31.00,2026-10-02T19:42:09
1257,RAW,Person A,Standing,4095,3600,4095,3999,31.00,2026-10-02T19:42:10
1258,RAW,Person A,Standing,4095,3571,4095,3998,31.06,2026-10-02T19:42:11
1259,RAW,Person A,Standing,4095,3494,4095,3931,31.00,2026-10-02T19:42:12
1260,RAW,Person A,Standing,4095,3409,4095,3824,31.06,2026-10-02T19:42:13
1261,RAW,Person A,Standing,4095,3496,4095,3862,31.06,2026-10-02T19:42:14
1262,RAW,Person A,Standing,4095,3566,4095,3920,31.06,2026-10-02T19:42:15
1263,RAW,Person A,Standing,4095,3613,4095,4028,31.06,2026-10-02T19:42:16
1264,RAW,Person A,Standing,4095,3671,4095,4095,31.06,2026-10-02T19:42:17
1265,AVG10,Person A,Standing,4095.00,3564.00,4095.00,3969.30,31.04,2026-10-02T19:42:17
1266,RAW,Person A,Standing,4095,3719,4095,4095,31.06,2026-10-02T19:42:18
1267,RAW,Person A,Standing,4095,3723,4095,4095,31.06,2026-10-02T19:42:19
1268,RAW,Person A,Standing,4095,3671,4095,4095,31.12,2026-10-02T19:42:20
1269,RAW,Person A,Standing,4095,3664,4095,4095,31.12,2026-10-02T19:42:21
1270,RAW,Person A,Standing,4095,3675,4095,4095,31.12,2026-10-02T19:42:22
1271,RAW,Person A,Standing,4095,3673,4095,4086,31.12,2026-10-02T19:42:23
1272,RAW,Person A,Standing,4095,3689,4095,4095,31.12,2026-10-02T19:42:24
1273,RAW,Person A,Standing,4095,3696,4095,4095,31.12,2026-10-02T19:42:25
1274,RAW,Person A,Standing,4095,3686,4095,4095,31.12,2026-10-02T19:42:26
1275,RAW,Person A,Standing,4095,3677,4095,4095,31.12,2026-10-02T19:42:27
1276,AVG10,Person A,Standing,4095.00,3687.30,4095.00,4094.10,31.11,2026-10-02T19:42:27
1277,RAW,Person A,Standing,4095,3696,4095,4095,31.19,2026-10-02T19:42:28
1278,RAW,Person A,Standing,4095,3695,4095,4095,31.19,2026-10-02T19:42:29
1279,RAW,Person A,Standing,4095,3696,4095,4095,31.19,2026-10-02T19:42:30
1280,RAW,Person A,Standing,4095,3699,4095,4095,31.19,2026-10-02T19:42:31
1281,RAW,Person A,Standing,4095,3680,4095,4095,31.19,2026-10-02T19:42:32
1282,RAW,Person A,Standing,4095,3674,4095,4095,31.19,2026-10-02T19:42:33
1283,RAW,Person A,Standing,4095,3675,4095,4095,31.19,2026-10-02T19:42:34
1284,RAW,Person A,Standing,4095,3663,4095,4095,31.19,2026-10-02T19:42:35
1285,RAW,Person A,Standing,4095,3675,4095,4095,31.25,2026-10-02T19:42:36
1286,RAW,Person A,Standing,4095,3683,4095,4095,31.19,2026-10-02T19:42:37
1287,AVG10,Person A,Standing,4095.00,3683.60,4095.00,4095.00,31.19,2026-10-02T19:42:37
1288,RAW,Person A,Standing,4095,3694,4095,4095,31.19,2026-10-02T19:42:38
1289,RAW,Person A,Standing,4095,3707,4095,4095,31.19,2026-10-02T19:42:39
1290,RAW,Person A,Standing,4095,3702,4095,4095,31.25,2026-10-02T19:42:40
1291,RAW,Person A,Standing,4095,3685,4095,4095,31.19,2026-10-02T19:42:41
1292,RAW,Person A,Standing,4095,3715,4095,4095,31.25,2026-10-02T19:42:42
1293,RAW,Person A,Standing,4095,3719,4095,4095,31.25,2026-10-02T19:42:43
1294,RAW,Person A,Standing,4095,3702,4095,4095,31.25,2026-10-02T19:42:44
1295,RAW,Person A,Standing,4095,3716,4095,4095,31.25,2026-10-02T19:42:45
1296,RAW,Person A,Standing,4095,3726,4095,4095,31.25,2026-10-02T19:42:46
1297,RAW,Person A,Standing,4095,3716,4095,4095,31.25,2026-10-02T19:42:47
1298,AVG10,Person A,Standing,4095.00,3708.20,4095.00,4095.00,31.23,2026-10-02T19:42:47
1299,RAW,Person A,Standing,4095,3708,4095,4095,31.25,2026-10-02T19:42:48
1300,RAW,Person A,Standing,4095,3753,4095,4095,31.25,2026-10-02T19:42:49
1301,RAW,Person A,Standing,4095,3745,4095,4095,31.31,2026-10-02T19:42:50
1302,RAW,Person A,Standing,4095,3714,4095,4095,31.25,2026-10-02T19:42:51
1303,RAW,Person A,Standing,4095,3717,4095,4095,31.31,2026-10-02T19:42:52
1304,RAW,Person A,Standing,4095,3726,4095,4095,31.31,2026-10-02T19:42:53
1305,RAW,Person A,Standing,4095,3690,4095,4095,31.31,2026-10-02T19:42:54
1306,RAW,Person A,Standing,4095,3739,4095,4095,31.31,2026-10-02T19:42:55
1307,RAW,Person A,Standing,4095,3742,4095,4095,31.31,2026-10-02T19:42:56
1308,RAW,Person A,Standing,4095,3705,4095,4095,31.31,2026-10-02T19:42:57
1309,AVG10,Person A,Standing,4095.00,3723.90,4095.00,4095.00,31.29,2026-10-02T19:42:57
1310,RAW,Person A,Standing,4095,3702,4095,4095,31.31,2026-10-02T19:42:58
1311,RAW,Person A,Standing,4095,3728,4095,4095,31.31,2026-10-02T19:42:59
1312,RAW,Person A,Standing,4095,3705,4095,4095,31.31,2026-10-02T19:43:00
1313,RAW,Person A,Standing,4095,3723,4095,4095,31.31,2026-10-02T19:43:01
1314,RAW,Person A,Standing,4095,3727,4095,4095,31.37,2026-10-02T19:43:02
1315,RAW,Person A,Standing,4095,3745,4095,4095,31.31,2026-10-02T19:43:03
1316,RAW,Person A,Standing,4095,3726,4095,4095,31.31,2026-10-02T19:43:04
1317,RAW,Person A,Standing,4095,3738,4095,4095,31.37,2026-10-02T19:43:05
1318,RAW,Person A,Standing,4095,3735,4095,4095,31.37,2026-10-02T19:43:06
1319,RAW,Person A,Standing,4095,3738,4095,4095,31.37,2026-10-02T19:43:07
1320,AVG10,Person A,Standing,4095.00,3726.70,4095.00,4095.00,31.34,2026-10-02T19:43:07
1321,RAW,Person A,Standing,4095,3751,4095,4095,31.31,2026-10-02T19:43:08
1322,RAW,Person A,Standing,4095,3740,4095,4095,31.37,2026-10-02T19:43:09
1323,RAW,Person A,Standing,4095,3739,4095,4095,31.37,2026-10-02T19:43:10
1324,RAW,Person A,Standing,4095,3740,4095,4095,31.37,2026-10-02T19:43:11
1325,RAW,Person A,Standing,4095,3701,4095,4095,31.37,2026-10-02T19:43:12
1326,RAW,Person A,Standing,4095,3704,4095,4095,31.37,2026-10-02T19:43:13
1327,RAW,Person A,Standing,4095,3698,4095,4095,31.37,2026-10-02T19:43:14
1328,RAW,Person A,Standing,4095,3723,4095,4095,31.37,2026-10-02T19:43:15
1329,RAW,Person A,Standing,4095,3714,4095,4095,31.37,2026-10-02T19:43:16
1330,RAW,Person A,Standing,4095,3737,4095,4095,31.37,2026-10-02T19:43:17
1331,AVG10,Person A,Standing,4095.00,3724.70,4095.00,4095.00,31.37,2026-10-02T19:43:17
1332,RAW,Person A,Standing,4095,3788,4095,4095,31.37,2026-10-02T19:43:18
1333,RAW,Person A,Standing,4095,3760,4095,4095,31.44,2026-10-02T19:43:19
1334,RAW,Person A,Standing,4095,3760,4095,4095,31.37,2026-10-02T19:43:20
1335,RAW,Person A,Standing,4095,3763,4095,4095,31.37,2026-10-02T19:43:21
1336,RAW,Person A,Standing,4095,3771,4095,4095,31.37,2026-10-02T19:43:22
1337,RAW,Person A,Standing,4095,3773,4095,4095,31.37,2026-10-02T19:43:23
1338,RAW,Person A,Standing,4095,3710,4095,4095,31.44,2026-10-02T19:43:24
1339,RAW,Person A,Standing,4095,3696,4095,4095,31.44,2026-10-02T19:43:25
1340,RAW,Person A,Standing,4095,3731,4095,4095,31.37,2026-10-02T19:43:26
1341,RAW,Person A,Standing,4095,3728,4095,4095,31.44,2026-10-02T19:43:27
1342,AVG10,Person A,Standing,4095.00,3748.00,4095.00,4095.00,31.40,2026-10-02T19:43:27
1343,RAW,Person A,Standing,4095,3731,4095,4095,31.44,2026-10-02T19:43:28
1344,RAW,Person A,Standing,4095,3747,4095,4095,31.44,2026-10-02T19:43:29
1345,RAW,Person A,Standing,4095,3774,4095,4095,31.44,2026-10-02T19:43:30
1346,RAW,Person A,Standing,4095,3777,4095,4095,31.44,2026-10-02T19:43:31
1347,RAW,Person A,Standing,4095,3760,4095,4095,31.44,2026-10-02T19:43:32
1348,RAW,Person A,Standing,4095,3743,4095,4095,31.44,2026-10-02T19:43:33
1349,RAW,Person A,Standing,4095,3743,4095,4095,31.44,2026-10-02T19:43:34
1350,RAW,Person A,Standing,4095,3759,4095,4095,31.44,2026-10-02T19:43:35
1351,RAW,Person A,Standing,4095,3760,4095,4095,31.44,2026-10-02T19:43:36
1352,RAW,Person A,Standing,4095,3746,4095,4095,31.44,2026-10-02T19:43:37
1353,AVG10,Person A,Standing,4095.00,3754.00,4095.00,4095.00,31.44,2026-10-02T19:43:37
1354,RAW,Person A,Standing,4095,3748,4095,4095,31.44,2026-10-02T19:43:38
1355,RAW,Person A,Standing,4095,3741,4095,4095,31.44,2026-10-02T19:43:39
1356,RAW,Person A,Standing,4095,3751,4095,4095,31.44,2026-10-02T19:43:40
1357,RAW,Person A,Standing,4095,3748,4095,4095,31.44,2026-10-02T19:43:41
1358,RAW,Person A,Standing,4095,3771,4095,4095,31.44,2026-10-02T19:43:42
1359,RAW,Person A,Standing,4095,3723,4095,4095,31.50,2026-10-02T19:43:43
1360,RAW,Person A,Standing,4095,3727,4095,4095,31.50,2026-10-02T19:43:44
1361,RAW,Person A,Standing,4095,3724,4095,4095,31.50,2026-10-02T19:43:45
1362,RAW,Person A,Standing,4095,3734,4095,4095,31.50,2026-10-02T19:43:46
1363,RAW,Person A,Standing,4095,3744,4095,4095,31.50,2026-10-02T19:43:47
1364,AVG10,Person A,Standing,4095.00,3741.10,4095.00,4095.00,31.47,2026-10-02T19:43:47
1365,RAW,Person A,Standing,4095,3749,4095,4095,31.50,2026-10-02T19:43:48
1366,RAW,Person A,Standing,4095,3735,4095,4095,31.50,2026-10-02T19:43:49
1367,RAW,Person A,Standing,4095,3735,4095,4095,31.50,2026-10-02T19:43:50
1368,RAW,Person A,Standing,4095,3715,4095,4095,31.50,2026-10-02T19:43:51
1369,RAW,Person A,Standing,4095,3685,4095,4069,31.50,2026-10-02T19:43:52
1370,RAW,Person A,Standing,4095,3695,4095,4095,31.44,2026-10-02T19:43:53
1371,RAW,Person A,Standing,4095,3683,4095,4095,31.50,2026-10-02T19:43:54
1372,RAW,Person A,Standing,4095,3699,4095,4095,31.50,2026-10-02T19:43:55
1373,RAW,Person A,Standing,4095,3711,4095,4095,31.50,2026-10-02T19:43:56
1374,RAW,Person A,Standing,4095,3691,4095,4095,31.50,2026-10-02T19:43:57
1375,AVG10,Person A,Standing,4095.00,3709.80,4095.00,4092.40,31.49,2026-10-02T19:43:57
1376,RAW,Person A,Standing,4095,3717,4095,4095,31.50,2026-10-02T19:43:58
1377,RAW,Person A,Standing,4095,3745,4095,4095,31.50,2026-10-02T19:43:59
1378,RAW,Person A,Standing,4095,3714,4095,4095,31.50,2026-10-02T19:44:00
1379,RAW,Person A,Standing,4095,3735,4095,4095,31.50,2026-10-02T19:44:01
1380,RAW,Person A,Standing,4095,3734,4095,4095,31.50,2026-10-02T19:44:02
1381,RAW,Person A,Standing,4095,3723,4095,4095,31.50,2026-10-02T19:44:03
1382,RAW,Person A,Standing,4095,3696,4095,4095,31.50,2026-10-02T19:44:04
1383,RAW,Person A,Standing,4095,3694,4095,4095,31.50,2026-10-02T19:44:05
1384,RAW,Person A,Standing,4095,3682,4095,4095,31.50,2026-10-02T19:44:06
1385,RAW,Person A,Standing,4095,3695,4095,4086,31.50,2026-10-02T19:44:07
1386,AVG10,Person A,Standing,4095.00,3713.50,4095.00,4094.10,31.50,2026-10-02T19:44:07
1387,RAW,Person A,Standing,4095,3713,4095,4095,31.50,2026-10-02T19:44:08
1388,RAW,Person A,Standing,4095,3717,4095,4095,31.50,2026-10-02T19:44:09
1389,RAW,Person A,Standing,4095,3712,4095,4095,31.50,2026-10-02T19:44:10
1390,RAW,Person A,Standing,4095,3711,4095,4095,31.50,2026-10-02T19:44:11
1391,RAW,Person A,Standing,4095,3696,4095,4095,31.50,2026-10-02T19:44:12
1392,RAW,Person A,Standing,4095,3718,4095,4095,31.56,2026-10-02T19:44:13
1393,RAW,Person A,Standing,4095,3717,4095,4095,31.56,2026-10-02T19:44:14
1394,RAW,Person A,Standing,4095,3728,4095,4095,31.56,2026-10-02T19:44:15
1395,RAW,Person A,Standing,4095,3719,4095,4095,31.56,2026-10-02T19:44:16
1396,RAW,Person A,Standing,4095,3715,4095,4095,31.50,2026-10-02T19:44:17
1397,AVG10,Person A,Standing,4095.00,3714.60,4095.00,4095.00,31.52,2026-10-02T19:44:17
1398,RAW,Person A,Standing,4095,3729,4095,4095,31.56,2026-10-02T19:44:18
1399,RAW,Person A,Standing,4095,3728,4095,4095,31.56,2026-10-02T19:44:19
1400,RAW,Person A,Standing,4095,3727,4095,4095,31.56,2026-10-02T19:44:20
1401,RAW,Person A,Standing,4095,3701,4095,4095,31.50,2026-10-02T19:44:21
1402,RAW,Person A,Standing,4095,3701,4095,4095,31.56,2026-10-02T19:44:22
1403,RAW,Person A,Standing,4095,3696,4095,4086,31.56,2026-10-02T19:44:23
1404,RAW,Person A,Standing,4095,3695,4095,4081,31.56,2026-10-02T19:44:24
1405,RAW,Person A,Standing,4095,3709,4095,4095,31.56,2026-10-02T19:44:25
1406,RAW,Person A,Standing,4095,3706,4095,4095,31.56,2026-10-02T19:44:26
1407,RAW,Person A,Standing,4095,3717,4095,4095,31.56,2026-10-02T19:44:27
1408,AVG10,Person A,Standing,4095.00,3710.90,4095.00,4092.70,31.56,2026-10-02T19:44:27
1409,RAW,Person A,Standing,4095,3730,4095,4095,31.56,2026-10-02T19:44:28
1410,RAW,Person A,Standing,4095,3739,4095,4095,31.56,2026-10-02T19:44:29
1411,RAW,Person A,Standing,4095,3735,4095,4095,31.56,2026-10-02T19:44:30
1412,RAW,Person A,Standing,4095,3725,4095,4095,31.56,2026-10-02T19:44:31
1413,RAW,Person A,Standing,4095,3732,4095,4095,31.56,2026-10-02T19:44:32
1414,RAW,Person A,Standing,4095,3711,4095,4095,31.56,2026-10-02T19:44:33
1415,RAW,Person A,Standing,4095,3702,4095,4095,31.56,2026-10-02T19:44:34
1416,RAW,Person A,Standing,4095,3702,4095,4095,31.56,2026-10-02T19:44:35
1417,RAW,Person A,Standing,4095,3744,4095,4095,31.56,2026-10-02T19:44:36
1418,RAW,Person A,Standing,4095,3763,4095,4095,31.56,2026-10-02T19:44:37
1419,AVG10,Person A,Standing,4095.00,3728.30,4095.00,4095.00,31.56,2026-10-02T19:44:37
1420,RAW,Person A,Standing,4095,3751,4095,4095,31.56,2026-10-02T19:44:38
1421,RAW,Person A,Standing,4095,3756,4095,4095,31.56,2026-10-02T19:44:39
1422,RAW,Person A,Standing,4095,3790,4095,4095,31.56,2026-10-02T19:44:40
1423,RAW,Person A,Standing,4095,3779,4095,4095,31.56,2026-10-02T19:44:41
1424,RAW,Person A,Standing,4095,3758,4095,4095,31.56,2026-10-02T19:44:42
1425,RAW,Person A,Standing,4095,3793,4095,4095,31.56,2026-10-02T19:44:43
1426,RAW,Person A,Standing,4095,3771,4095,4095,31.56,2026-10-02T19:44:44
1427,RAW,Person A,Standing,4095,3748,4095,4095,31.56,2026-10-02T19:44:45
1428,RAW,Person A,Standing,4095,3697,4095,4042,31.56,2026-10-02T19:44:46
1429,RAW,Person A,Standing,4095,3712,4095,4021,31.62,2026-10-02T19:44:47
1430,AVG10,Person A,Standing,4095.00,3755.50,4095.00,4082.30,31.57,2026-10-02T19:44:47
1431,RAW,Person A,Standing,4095,3719,4095,4075,31.56,2026-10-02T19:44:48
1432,RAW,Person A,Standing,4095,3705,4095,4058,31.56,2026-10-02T19:44:49
1433,RAW,Person A,Standing,4095,3696,4095,4023,31.62,2026-10-02T19:44:50
1434,RAW,Person A,Standing,4095,3747,4095,4095,31.56,2026-10-02T19:44:51
1435,RAW,Person A,Standing,4095,3698,4095,4095,31.62,2026-10-02T19:44:52
1436,RAW,Person A,Standing,4095,3701,4095,4095,31.56,2026-10-02T19:44:53
1437,RAW,Person A,Standing,4095,3698,4095,4095,31.56,2026-10-02T19:44:54
1438,RAW,Person A,Standing,4095,3729,4095,4095,31.62,2026-10-02T19:44:55
1439,RAW,Person A,Standing,4095,3707,4095,4095,31.56,2026-10-02T19:44:56
1440,RAW,Person A,Standing,4095,3722,4095,4095,31.56,2026-10-02T19:44:57
1441,AVG10,Person A,Standing,4095.00,3712.20,4095.00,4082.10,31.58,2026-10-02T19:44:57
1442,RAW,Person A,Standing,4095,3727,4095,4095,31.62,2026-10-02T19:44:58
1443,RAW,Person A,Standing,4095,3701,4095,4095,31.56,2026-10-02T19:44:59
1444,RAW,Person A,Standing,4095,3701,4095,4095,31.62,2026-10-02T19:45:00
1445,RAW,Person A,Standing,4095,3746,4095,4095,31.62,2026-10-02T19:45:01
1446,RAW,Person A,Standing,4095,3731,4095,4095,31.62,2026-10-02T19:45:02
1447,RAW,Person A,Standing,4095,3761,4095,4095,31.62,2026-10-02T19:45:03
1448,RAW,Person A,Standing,4095,3792,4095,4095,31.56,2026-10-02T19:45:04
1449,RAW,Person A,Standing,4095,3650,4095,3961,31.62,2026-10-02T19:45:05
1450,RAW,Person A,Standing,4080,3582,4095,4059,31.62,2026-10-02T19:45:06
1451,RAW,Person A,Standing,4095,3709,4095,4095,31.62,2026-10-02T19:45:07
1452,AVG10,Person A,Standing,4093.50,3710.00,4095.00,4078.00,31.61,2026-10-02T19:45:07
1453,RAW,Person A,Standing,3871,3408,4095,3843,31.62,2026-10-02T19:45:08
1454,RAW,Person A,Standing,4095,3887,4095,4095,31.62,2026-10-02T19:45:09
1455,RAW,Person A,Standing,4095,3751,4095,4061,31.62,2026-10-02T19:45:10
1456,RAW,Person A,Standing,4095,3786,4095,4059,31.62,2026-10-02T19:45:11
1457,RAW,Person A,Standing,4095,3741,4095,3782,31.62,2026-10-02T19:45:12
1458,RAW,Person A,Standing,4095,3747,4095,3761,31.62,2026-10-02T19:45:13
1459,RAW,Person A,Standing,4095,3742,4095,3783,31.62,2026-10-02T19:45:14
1460,RAW,Person A,Standing,4095,3729,4095,3742,31.62,2026-10-02T19:45:15
1461,RAW,Person A,Standing,4095,3745,4095,3911,31.62,2026-10-02T19:45:16
1462,RAW,Person A,Standing,4095,3757,4095,3913,31.62,2026-10-02T19:45:17
1463,AVG10,Person A,Standing,4072.60,3729.30,4095.00,3895.00,31.62,2026-10-02T19:45:17
1464,RAW,Person A,Standing,4095,3771,4095,3959,31.62,2026-10-02T19:45:18
1465,RAW,Person A,Standing,4095,3761,4095,3985,31.62,2026-10-02T19:45:19
1466,RAW,Person A,Standing,4095,3742,4095,3974,31.62,2026-10-02T19:45:20
1467,RAW,Person A,Standing,4095,3757,4095,3989,31.62,2026-10-02T19:45:21
1468,RAW,Person A,Standing,4095,3776,4095,4095,31.62,2026-10-02T19:45:22
1469,RAW,Person A,Standing,4095,3772,4095,4095,31.62,2026-10-02T19:45:23
1470,RAW,Person A,Standing,4095,3757,4095,4095,31.62,2026-10-02T19:45:24
1471,RAW,Person A,Standing,4095,3744,4095,4073,31.62,2026-10-02T19:45:25
1472,RAW,Person A,Standing,4095,3790,4095,4048,31.62,2026-10-02T19:45:26
1473,RAW,Person A,Standing,4095,3749,4095,4059,31.62,2026-10-02T19:45:27
1474,AVG10,Person A,Standing,4095.00,3761.90,4095.00,4037.20,31.62,2026-10-02T19:45:27
1475,RAW,Person A,Standing,4095,3729,4095,4035,31.62,2026-10-02T19:45:28
1476,RAW,Person A,Standing,4095,3699,4095,3996,31.62,2026-10-02T19:45:29
1477,RAW,Person A,Standing,4095,3702,4095,4007,31.62,2026-10-02T19:45:30
1478,RAW,Person A,Standing,4095,3742,4095,4074,31.62,2026-10-02T19:45:31
1479,RAW,Person A,Standing,4095,2882,0,0,31.62,2026-10-02T19:45:32
1480,RAW,Person A,Standing,4095,3635,4095,4095,31.62,2026-10-02T19:45:33
1481,RAW,Person A,Standing,4095,3747,4095,4095,31.62,2026-10-02T19:45:34
1482,RAW,Person A,Standing,4095,3737,4095,4095,31.62,2026-10-02T19:45:35
1483,RAW,Person A,Standing,4095,3742,4095,4095,31.62,2026-10-02T19:45:36
1484,RAW,Person A,Standing,4095,3760,4095,4095,31.62,2026-10-02T19:45:37
1485,AVG10,Person A,Standing,4095.00,3637.50,3685.50,3658.70,31.62,2026-10-02T19:45:37
1486,RAW,Person A,Standing,4095,3754,4095,4095,31.62,2026-10-02T19:45:38
1487,RAW,Person A,Standing,4095,3754,4095,4095,31.62,2026-10-02T19:45:39
1488,RAW,Person A,Standing,4095,3747,4095,4095,31.62,2026-10-02T19:45:40
1489,RAW,Person A,Standing,4095,3729,4095,4095,31.62,2026-10-02T19:45:41
1490,RAW,Person A,Standing,4095,3739,4095,4095,31.62,2026-10-02T19:45:42
1491,RAW,Person A,Standing,4095,3740,4095,4095,31.62,2026-10-02T19:45:43
1492,RAW,Person A,Standing,4095,3727,4095,4095,31.62,2026-10-02T19:45:44
1493,RAW,Person A,Standing,4095,3707,4095,4095,31.62,2026-10-02T19:45:45
1494,RAW,Person A,Standing,4095,3802,4095,4095,31.62,2026-10-02T19:45:46
1495,RAW,Person A,Standing,4095,3824,4095,4095,31.62,2026-10-02T19:45:47
1496,AVG10,Person A,Standing,4095.00,3752.30,4095.00,4095.00,31.62,2026-10-02T19:45:47
1497,RAW,Person A,Standing,4095,3715,4095,4061,31.62,2026-10-02T19:45:48
1498,RAW,Person A,Standing,4095,3843,4095,4095,31.62,2026-10-02T19:45:49
1499,RAW,Person A,Standing,3678,3490,4095,3847,31.62,2026-10-02T19:45:50
1500,RAW,Person A,Standing,4095,3600,4095,3776,31.62,2026-10-02T19:45:51
1501,RAW,Person A,Standing,4095,3659,4095,3888,31.62,2026-10-02T19:45:52
1502,RAW,Person A,Standing,4095,3660,4095,3922,31.62,2026-10-02T19:45:53
1503,RAW,Person A,Standing,4095,3674,4095,3988,31.69,2026-10-02T19:45:54
1504,RAW,Person A,Standing,4095,3680,4095,4044,31.62,2026-10-02T19:45:55
1505,RAW,Person A,Standing,4095,3689,4095,4048,31.62,2026-10-02T19:45:56
1536,RAW,Person A,Sitting,0,627,4095,0,31.69,2026-10-02T19:46:24
1537,RAW,Person A,Sitting,0,572,4095,0,31.62,2026-10-02T19:46:25
1538,RAW,Person A,Sitting,0,1906,4095,3984,31.62,2026-10-02T19:46:26
1539,RAW,Person A,Sitting,0,1979,4095,3968,31.62,2026-10-02T19:46:27
1540,AVG10,Person A,Sitting,925.40,1301.80,3685.50,1819.00,31.65,2026-10-02T19:46:27
1541,RAW,Person A,Sitting,0,589,4095,0,31.69,2026-10-02T19:46:28
1542,RAW,Person A,Sitting,0,586,4095,0,31.62,2026-10-02T19:46:29
1543,RAW,Person A,Sitting,0,609,4095,0,31.62,2026-10-02T19:46:30
1544,RAW,Person A,Sitting,419,1714,4095,3201,31.62,2026-10-02T19:46:31
1545,RAW,Person A,Sitting,0,1262,4095,2537,31.62,2026-10-02T19:46:32
1546,RAW,Person A,Sitting,0,1505,4095,2807,31.62,2026-10-02T19:46:33
1547,RAW,Person A,Sitting,0,1435,4095,1961,31.69,2026-10-02T19:46:34
1548,RAW,Person A,Sitting,78,1361,4095,0,31.62,2026-10-02T19:46:35
1549,RAW,Person A,Sitting,0,2194,4095,3060,31.62,2026-10-02T19:46:36
1550,RAW,Person A,Sitting,0,2374,4095,4085,31.62,2026-10-02T19:46:37
1551,AVG10,Person A,Sitting,49.70,1362.90,4095.00,1765.10,31.64,2026-10-02T19:46:37
1552,RAW,Person A,Sitting,0,2256,4095,3934,31.62,2026-10-02T19:46:38
1553,RAW,Person A,Sitting,0,2275,4095,4095,31.62,2026-10-02T19:46:39
1554,RAW,Person A,Sitting,0,2146,4095,4095,31.69,2026-10-02T19:46:40
1555,RAW,Person A,Sitting,0,1520,4095,2640,31.69,2026-10-02T19:46:41
1556,RAW,Person A,Sitting,0,1200,4095,3120,31.62,2026-10-02T19:46:42
1557,RAW,Person A,Sitting,0,0,4095,3395,31.62,2026-10-02T19:46:43
1558,RAW,Person A,Sitting,0,1487,4095,3248,31.62,2026-10-02T19:46:44
1559,RAW,Person A,Sitting,0,2651,4095,4095,31.62,2026-10-02T19:46:45
1560,RAW,Person A,Sitting,0,1863,4095,3629,31.62,2026-10-02T19:46:46
1561,RAW,Person A,Sitting,0,582,4095,0,31.62,2026-10-02T19:46:47
1562,AVG10,Person A,Sitting,0.00,1598.00,4095.00,3225.10,31.64,2026-10-02T19:46:47
1563,RAW,Person A,Sitting,3171,1761,4095,0,31.62,2026-10-02T19:46:48
1564,RAW,Person A,Sitting,3715,1983,4095,0,31.62,2026-10-02T19:46:49
1565,RAW,Person A,Sitting,0,826,4095,2559,31.62,2026-10-02T19:46:50
1566,RAW,Person A,Sitting,0,613,4095,0,31.62,2026-10-02T19:46:51
1567,RAW,Person A,Sitting,336,606,4095,0,31.62,2026-10-02T19:46:52
1568,RAW,Person A,Sitting,242,624,4095,0,31.62,2026-10-02T19:46:53
1569,RAW,Person A,Sitting,161,613,4095,0,31.69,2026-10-02T19:46:54
1570,RAW,Person A,Sitting,278,725,4095,1680,31.62,2026-10-02T19:46:55
1571,RAW,Person A,Sitting,267,614,4095,0,31.62,2026-10-02T19:46:56
1572,RAW,Person A,Sitting,190,780,4095,2322,31.62,2026-10-02T19:46:57
1573,AVG10,Person A,Sitting,836.00,914.50,4095.00,656.10,31.63,2026-10-02T19:46:57
1574,RAW,Person A,Sitting,0,688,4095,2479,31.62,2026-10-02T19:46:58
1575,RAW,Person A,Sitting,0,989,4095,2627,31.62,2026-10-02T19:46:59
1576,RAW,Person A,Sitting,0,1008,4095,2658,31.62,2026-10-02T19:47:00
1577,RAW,Person A,Sitting,0,1019,4095,2674,31.69,2026-10-02T19:47:01
1578,RAW,Person A,Sitting,0,1034,4095,2674,31.62,2026-10-02T19:47:02
1579,RAW,Person A,Sitting,0,544,4095,0,31.62,2026-10-02T19:47:03
1580,RAW,Person A,Sitting,259,2179,4095,3344,31.62,2026-10-02T19:47:04
1581,RAW,Person A,Sitting,238,2096,4095,3280,31.62,2026-10-02T19:47:05
1582,RAW,Person A,Sitting,208,2019,4095,3097,31.69,2026-10-02T19:47:06
1583,RAW,Person A,Sitting,264,2075,4095,3187,31.62,2026-10-02T19:47:07
1584,AVG10,Person A,Sitting,96.90,1365.10,4095.00,2602.00,31.64,2026-10-02T19:47:07
1585,RAW,Person A,Sitting,327,2131,4095,3125,31.62,2026-10-02T19:47:08
1586,RAW,Person A,Sitting,187,2099,4095,3006,31.62,2026-10-02T19:47:09
1587,RAW,Person A,Sitting,176,2027,4095,2960,31.69,2026-10-02T19:47:10
1588,RAW,Person A,Sitting,35,2031,4095,2947,31.62,2026-10-02T19:47:11
1589,RAW,Person A,Sitting,21,2097,4095,3006,31.62,2026-10-02T19:47:12
1590,RAW,Person A,Sitting,106,2224,4095,3370,31.62,2026-10-02T19:47:13
1591,RAW,Person A,Sitting,82,2111,4095,3248,31.69,2026-10-02T19:47:14
1592,RAW,Person A,Sitting,167,2105,4095,3312,31.62,2026-10-02T19:47:15
1593,RAW,Person A,Sitting,207,2287,4095,3456,31.62,2026-10-02T19:47:16
1594,RAW,Person A,Sitting,0,604,4095,0,31.62,2026-10-02T19:47:17
1595,AVG10,Person A,Sitting,130.80,1971.60,4095.00,2843.00,31.64,2026-10-02T19:47:17
1596,RAW,Person A,Sitting,0,1008,4095,2517,31.62,2026-10-02T19:47:18
1597,RAW,Person A,Sitting,0,624,4095,0,31.62,2026-10-02T19:47:19
1598,RAW,Person A,Sitting,25,625,4095,0,31.62,2026-10-02T19:47:20
1599,RAW,Person A,Sitting,55,629,4095,0,31.62,2026-10-02T19:47:21
1600,RAW,Person A,Sitting,0,627,4095,0,31.62,2026-10-02T19:47:22
1601,RAW,Person A,Sitting,0,641,4095,0,31.62,2026-10-02T19:47:23
1602,RAW,Person A,Sitting,0,633,4095,0,31.69,2026-10-02T19:47:24
1603,RAW,Person A,Sitting,0,692,4095,1629,31.62,2026-10-02T19:47:25
1604,RAW,Person A,Sitting,0,661,4095,0,31.62,2026-10-02T19:47:26
1605,RAW,Person A,Sitting,0,635,4095,0,31.62,2026-10-02T19:47:27
1606,AVG10,Person A,Sitting,8.00,677.50,4095.00,414.60,31.63,2026-10-02T19:47:27
1607,RAW,Person A,Sitting,0,656,4095,0,31.62,2026-10-02T19:47:28
1608,RAW,Person A,Sitting,0,640,4095,0,31.62,2026-10-02T19:47:29
1609,RAW,Person A,Sitting,0,644,4095,1361,31.62,2026-10-02T19:47:30
1610,RAW,Person A,Sitting,0,631,4095,0,31.69,2026-10-02T19:47:31
1611,RAW,Person A,Sitting,0,637,4095,0,31.62,2026-10-02T19:47:32
1612,RAW,Person A,Sitting,0,626,4095,0,31.62,2026-10-02T19:47:33
1613,RAW,Person A,Sitting,0,650,4095,0,31.69,2026-10-02T19:47:34
1614,RAW,Person A,Sitting,0,638,4095,0,31.62,2026-10-02T19:47:35
1615,RAW,Person A,Sitting,0,631,4095,0,31.62,2026-10-02T19:47:36
1616,RAW,Person A,Sitting,0,611,4095,0,31.62,2026-10-02T19:47:37
1617,AVG10,Person A,Sitting,0.00,636.40,4095.00,136.10,31.64,2026-10-02T19:47:37
1618,RAW,Person A,Sitting,0,643,4095,0,31.62,2026-10-02T19:47:38
1619,RAW,Person A,Sitting,0,631,4095,0,31.62,2026-10-02T19:47:39
1620,RAW,Person A,Sitting,0,629,4095,0,31.69,2026-10-02T19:47:40
1621,RAW,Person A,Sitting,0,640,4095,0,31.62,2026-10-02T19:47:41
1622,RAW,Person A,Sitting,0,693,4095,1615,31.69,2026-10-02T19:47:42
1623,RAW,Person A,Sitting,0,641,4095,0,31.62,2026-10-02T19:47:43
1624,RAW,Person A,Sitting,0,619,4095,0,31.62,2026-10-02T19:47:44
1625,RAW,Person A,Sitting,0,636,4095,0,31.62,2026-10-02T19:47:45
1626,RAW,Person A,Sitting,0,909,4095,1517,31.62,2026-10-02T19:47:46
1627,RAW,Person A,Sitting,0,1161,4095,2656,31.62,2026-10-02T19:47:47
1628,AVG10,Person A,Sitting,0.00,720.20,4095.00,578.80,31.64,2026-10-02T19:47:47
1629,RAW,Person A,Sitting,0,1037,4095,2544,31.62,2026-10-02T19:47:48
1630,RAW,Person A,Sitting,0,2160,4095,3361,31.62,2026-10-02T19:47:49
1631,RAW,Person A,Sitting,0,2135,4095,3265,31.62,2026-10-02T19:47:50
1632,RAW,Person A,Sitting,0,2008,4095,2975,31.62,2026-10-02T19:47:51
1633,RAW,Person A,Sitting,0,2016,4095,3123,31.62,2026-10-02T19:47:52
1634,RAW,Person A,Sitting,0,1911,4095,2909,31.62,2026-10-02T19:47:53
1635,RAW,Person A,Sitting,0,2006,4095,3095,31.62,2026-10-02T19:47:54
1636,RAW,Person A,Sitting,0,2027,4095,3066,31.62,2026-10-02T19:47:55
1637,RAW,Person A,Sitting,0,1403,4095,2403,31.69,2026-10-02T19:47:56
1638,RAW,Person A,Sitting,0,592,4095,0,31.62,2026-10-02T19:47:57
1639,AVG10,Person A,Sitting,0.00,1729.50,4095.00,2674.10,31.63,2026-10-02T19:47:57
1640,RAW,Person A,Sitting,240,1570,4095,2559,31.62,2026-10-02T19:47:58
1641,RAW,Person A,Sitting,176,1870,4095,3140,31.69,2026-10-02T19:47:59
1642,RAW,Person A,Sitting,0,850,4095,0,31.62,2026-10-02T19:48:00
1643,RAW,Person A,Sitting,0,1517,4095,2865,31.62,2026-10-02T19:48:01
1644,RAW,Person A,Sitting,0,918,4095,973,31.62,2026-10-02T19:48:02
1645,RAW,Person A,Sitting,0,787,4095,2043,31.62,2026-10-02T19:48:03
1646,RAW,Person A,Sitting,0,640,4095,0,31.62,2026-10-02T19:48:04
1647,RAW,Person A,Sitting,0,552,4095,0,31.62,2026-10-02T19:48:05
1648,RAW,Person A,Sitting,0,601,4095,0,31.62,2026-10-02T19:48:06
1649,RAW,Person A,Sitting,0,586,4095,0,31.62,2026-10-02T19:48:07
1650,AVG10,Person A,Sitting,41.60,989.10,4095.00,1158.00,31.63,2026-10-02T19:48:07
1651,RAW,Person A,Sitting,0,598,4095,0,31.62,2026-10-02T19:48:08
1652,RAW,Person A,Sitting,0,592,4095,0,31.62,2026-10-02T19:48:09
1653,RAW,Person A,Sitting,0,601,4095,0,31.62,2026-10-02T19:48:10
1654,RAW,Person A,Sitting,0,603,4095,0,31.62,2026-10-02T19:48:11
1655,RAW,Person A,Sitting,0,611,4095,0,31.62,2026-10-02T19:48:12
1656,RAW,Person A,Sitting,0,605,4095,0,31.62,2026-10-02T19:48:13
1657,RAW,Person A,Sitting,0,598,4095,0,31.62,2026-10-02T19:48:14
1658,RAW,Person A,Sitting,0,608,4095,0,31.62,2026-10-02T19:48:15
1659,RAW,Person A,Sitting,0,614,4095,0,31.62,2026-10-02T19:48:16
1660,RAW,Person A,Sitting,0,610,4095,0,31.62,2026-10-02T19:48:17
1661,AVG10,Person A,Sitting,0.00,604.00,4095.00,0.00,31.62,2026-10-02T19:48:17
1662,RAW,Person A,Sitting,0,615,4095,0,31.62,2026-10-02T19:48:18
1663,RAW,Person A,Sitting,0,611,4095,0,31.62,2026-10-02T19:48:19
1664,RAW,Person A,Sitting,0,619,4095,0,31.62,2026-10-02T19:48:20
1665,RAW,Person A,Sitting,0,635,4095,0,31.62,2026-10-02T19:48:21
1666,RAW,Person A,Sitting,0,602,4095,0,31.62,2026-10-02T19:48:22
1667,RAW,Person A,Sitting,0,592,4095,0,31.69,2026-10-02T19:48:23
1668,RAW,Person A,Sitting,0,1234,4095,2821,31.62,2026-10-02T19:48:24
1669,RAW,Person A,Sitting,3434,1744,4095,0,31.62,2026-10-02T19:48:25
1670,RAW,Person A,Sitting,0,455,4095,0,31.62,2026-10-02T19:48:26
1671,RAW,Person A,Sitting,0,603,4095,0,31.62,2026-10-02T19:48:27
1672,AVG10,Person A,Sitting,343.40,771.00,4095.00,282.10,31.63,2026-10-02T19:48:27
1673,RAW,Person A,Sitting,0,592,4095,0,31.62,2026-10-02T19:48:28
1674,RAW,Person A,Sitting,0,598,4095,0,31.62,2026-10-02T19:48:29
1675,RAW,Person A,Sitting,0,595,4095,0,31.62,2026-10-02T19:48:30
1676,RAW,Person A,Sitting,0,595,4095,0,31.62,2026-10-02T19:48:31
1677,RAW,Person A,Sitting,0,578,4095,0,31.62,2026-10-02T19:48:32
1678,RAW,Person A,Sitting,0,960,4095,0,31.62,2026-10-02T19:48:33
1679,RAW,Person A,Sitting,0,1471,4095,0,31.69,2026-10-02T19:48:34
1680,RAW,Person A,Sitting,0,1517,4095,0,31.62,2026-10-02T19:48:35
1681,RAW,Person A,Sitting,0,999,4095,0,31.62,2026-10-02T19:48:36
1682,RAW,Person A,Sitting,0,1961,4095,2775,31.62,2026-10-02T19:48:37
1683,AVG10,Person A,Sitting,0.00,986.60,4095.00,277.50,31.63,2026-10-02T19:48:37
1684,RAW,Person A,Sitting,0,1835,4095,2499,31.62,2026-10-02T19:48:38
1685,RAW,Person A,Sitting,0,1441,4095,0,31.62,2026-10-02T19:48:39
1686,RAW,Person A,Sitting,0,1137,4095,0,31.62,2026-10-02T19:48:40
1687,RAW,Person A,Sitting,0,1072,4095,0,31.62,2026-10-02T19:48:41
1688,RAW,Person A,Sitting,0,1063,4095,0,31.62,2026-10-02T19:48:42
1689,RAW,Person A,Sitting,0,1136,4095,0,31.62,2026-10-02T19:48:43
1690,RAW,Person A,Sitting,36,1150,4095,0,31.62,2026-10-02T19:48:44
1691,RAW,Person A,Sitting,53,1130,4095,0,31.62,2026-10-02T19:48:45
1692,RAW,Person A,Sitting,1075,1083,4095,0,31.62,2026-10-02T19:48:46
1693,RAW,Person A,Sitting,1067,1065,4095,0,31.69,2026-10-02T19:48:47
1694,AVG10,Person A,Sitting,223.10,1211.20,4095.00,249.90,31.63,2026-10-02T19:48:47
1695,RAW,Person A,Sitting,0,1006,4095,0,31.62,2026-10-02T19:48:48
1696,RAW,Person A,Sitting,0,893,4095,0,31.62,2026-10-02T19:48:49
1697,RAW,Person A,Sitting,1349,977,4095,0,31.62,2026-10-02T19:48:50
1698,RAW,Person A,Sitting,1425,999,4095,0,31.62,2026-10-02T19:48:51
1699,RAW,Person A,Sitting,896,1005,4095,0,31.62,2026-10-02T19:48:52
1700,RAW,Person A,Sitting,953,1015,4095,0,31.62,2026-10-02T19:48:53
1701,RAW,Person A,Sitting,16,1023,4095,0,31.62,2026-10-02T19:48:54
1702,RAW,Person A,Sitting,114,1018,4095,0,31.62,2026-10-02T19:48:55
1703,RAW,Person A,Sitting,129,1014,4095,0,31.62,2026-10-02T19:48:56
1704,RAW,Person A,Sitting,1231,1010,4095,0,31.62,2026-10-02T19:48:57
1705,AVG10,Person A,Sitting,611.30,996.00,4095.00,0.00,31.62,2026-10-02T19:48:57
1706,RAW,Person A,Sitting,1188,1005,4095,0,31.62,2026-10-02T19:48:58
1707,RAW,Person A,Sitting,1186,1002,4095,0,31.62,2026-10-02T19:48:59
1708,RAW,Person A,Sitting,1206,1003,4095,0,31.62,2026-10-02T19:49:00
1709,RAW,Person A,Sitting,399,1007,4095,0,31.62,2026-10-02T19:49:01
1710,RAW,Person A,Sitting,400,1037,4095,0,31.62,2026-10-02T19:49:02
1711,RAW,Person A,Sitting,1232,1013,4095,0,31.62,2026-10-02T19:49:03
1712,RAW,Person A,Sitting,464,1018,4095,0,31.62,2026-10-02T19:49:04
1713,RAW,Person A,Sitting,454,999,4095,0,31.62,2026-10-02T19:49:05
1714,RAW,Person A,Sitting,451,1008,4095,0,31.62,2026-10-02T19:49:06
1715,RAW,Person A,Sitting,441,1038,4095,0,31.62,2026-10-02T19:49:07
1716,AVG10,Person A,Sitting,742.10,1013.00,4095.00,0.00,31.62,2026-10-02T19:49:07
1717,RAW,Person A,Sitting,441,1039,4095,0,31.62,2026-10-02T19:49:08
1718,RAW,Person A,Sitting,438,1022,4095,0,31.62,2026-10-02T19:49:09
1719,RAW,Person A,Sitting,418,1008,4095,0,31.62,2026-10-02T19:49:10
1720,RAW,Person A,Sitting,435,1023,4095,0,31.62,2026-10-02T19:49:11
1721,RAW,Person A,Sitting,498,970,4095,0,31.62,2026-10-02T19:49:12
1722,RAW,Person A,Sitting,453,1030,4095,0,31.62,2026-10-02T19:49:13
1723,RAW,Person A,Sitting,433,1005,4095,0,31.62,2026-10-02T19:49:14
1724,RAW,Person A,Sitting,417,1008,4095,0,31.62,2026-10-02T19:49:15
1725,RAW,Person A,Sitting,297,1023,4095,0,31.62,2026-10-02T19:49:16
1726,RAW,Person A,Sitting,310,1023,4095,0,31.62,2026-10-02T19:49:17
1727,AVG10,Person A,Sitting,414.00,1015.10,4095.00,0.00,31.62,2026-10-02T19:49:17
1728,RAW,Person A,Sitting,310,635,4095,0,31.62,2026-10-02T19:49:18
1729,RAW,Person A,Sitting,293,640,4095,0,31.62,2026-10-02T19:49:19
1730,RAW,Person A,Sitting,304,661,4095,0,31.62,2026-10-02T19:49:20
1731,RAW,Person A,Sitting,258,618,4095,0,31.62,2026-10-02T19:49:21
1732,RAW,Person A,Sitting,276,629,4095,0,31.62,2026-10-02T19:49:22
1733,RAW,Person A,Sitting,269,637,4095,0,31.62,2026-10-02T19:49:23
1734,RAW,Person A,Sitting,287,751,4095,0,31.62,2026-10-02T19:49:24
1735,RAW,Person A,Sitting,279,1290,4095,0,31.62,2026-10-02T19:49:25
1736,RAW,Person A,Sitting,358,1297,4095,0,31.62,2026-10-02T19:49:26
1737,RAW,Person A,Sitting,369,1323,4095,0,31.62,2026-10-02T19:49:27
1738,AVG10,Person A,Sitting,300.30,848.10,4095.00,0.00,31.62,2026-10-02T19:49:27
1739,RAW,Person A,Sitting,358,1333,4095,0,31.62,2026-10-02T19:49:28
1740,RAW,Person A,Sitting,358,1186,4095,0,31.62,2026-10-02T19:49:29
1741,RAW,Person A,Sitting,421,1085,4095,0,31.62,2026-10-02T19:49:30
1742,RAW,Person A,Sitting,368,1082,4095,0,31.62,2026-10-02T19:49:31
1743,RAW,Person A,Sitting,368,1213,4095,0,31.62,2026-10-02T19:49:32
1744,RAW,Person A,Sitting,374,1189,4095,0,31.62,2026-10-02T19:49:33
1745,RAW,Person A,Sitting,340,1153,4095,0,31.62,2026-10-02T19:49:34
1746,RAW,Person A,Sitting,357,1172,4095,0,31.62,2026-10-02T19:49:35
1747,RAW,Person A,Sitting,331,1157,4095,0,31.62,2026-10-02T19:49:36
1748,RAW,Person A,Sitting,287,1165,4095,0,31.62,2026-10-02T19:49:37
1749,AVG10,Person A,Sitting,356.20,1173.50,4095.00,0.00,31.62,2026-10-02T19:49:37
1750,RAW,Person A,Sitting,0,509,4095,0,31.62,2026-10-02T19:49:38
1751,RAW,Person A,Sitting,0,975,4095,320,31.62,2026-10-02T19:49:39
1752,RAW,Person A,Sitting,0,1077,4095,1956,31.62,2026-10-02T19:49:40
1753,RAW,Person A,Sitting,0,951,4095,0,31.62,2026-10-02T19:49:41
1754,RAW,Person A,Sitting,0,608,4095,0,31.62,2026-10-02T19:49:42
1755,RAW,Person A,Sitting,0,577,4095,0,31.62,2026-10-02T19:49:43
1756,RAW,Person A,Sitting,0,591,4095,0,31.62,2026-10-02T19:49:44
1757,RAW,Person A,Sitting,0,597,4095,0,31.62,2026-10-02T19:49:45
1758,RAW,Person A,Sitting,0,594,4095,0,31.62,2026-10-02T19:49:46
1759,RAW,Person A,Sitting,0,592,4095,0,31.62,2026-10-02T19:49:47
1760,AVG10,Person A,Sitting,0.00,707.10,4095.00,227.60,31.62,2026-10-02T19:49:47
1761,RAW,Person A,Sitting,0,594,4095,0,31.62,2026-10-02T19:49:48
1762,RAW,Person A,Sitting,0,598,4095,0,31.62,2026-10-02T19:49:49
1763,RAW,Person A,Sitting,0,597,4095,0,31.62,2026-10-02T19:49:50
1764,RAW,Person A,Sitting,0,599,4095,0,31.62,2026-10-02T19:49:51
1765,RAW,Person A,Sitting,0,601,4095,0,31.62,2026-10-02T19:49:52
1766,RAW,Person A,Sitting,0,592,4095,0,31.62,2026-10-02T19:49:53
1767,RAW,Person A,Sitting,0,1509,4095,2931,31.62,2026-10-02T19:49:54
1768,RAW,Person A,Sitting,911,2320,4095,3953,31.62,2026-10-02T19:49:55
1769,RAW,Person A,Sitting,1181,2224,4095,3907,31.62,2026-10-02T19:49:56
1770,RAW,Person A,Sitting,2057,1972,4095,3808,31.62,2026-10-02T19:49:57
1771,AVG10,Person A,Sitting,414.90,1160.60,4095.00,1459.90,31.62,2026-10-02T19:49:57
1772,RAW,Person A,Sitting,2318,1917,4095,3824,31.62,2026-10-02T19:49:58
1773,RAW,Person A,Sitting,1969,747,4095,2928,31.62,2026-10-02T19:49:59
1774,RAW,Person A,Sitting,59,927,4095,3053,31.62,2026-10-02T19:50:00
1775,RAW,Person A,Sitting,68,578,4095,2479,31.62,2026-10-02T19:50:01
1776,RAW,Person A,Sitting,0,599,4095,2800,31.62,2026-10-02T19:50:02
1777,RAW,Person A,Sitting,0,590,4095,2813,31.62,2026-10-02T19:50:03
1778,RAW,Person A,Sitting,0,583,4095,1990,31.62,2026-10-02T19:50:04
1779,RAW,Person A,Sitting,0,615,4095,2774,31.62,2026-10-02T19:50:05
1780,RAW,Person A,Sitting,0,614,4095,2691,31.62,2026-10-02T19:50:06
1781,RAW,Person A,Sitting,0,612,4095,2709,31.62,2026-10-02T19:50:07
1782,AVG10,Person A,Sitting,441.40,778.20,4095.00,2806.10,31.62,2026-10-02T19:50:07
1783,RAW,Person A,Sitting,0,618,4095,2912,31.62,2026-10-02T19:50:08
1784,RAW,Person A,Sitting,0,612,4095,2881,31.62,2026-10-02T19:50:09
1785,RAW,Person A,Sitting,0,610,4095,2926,31.62,2026-10-02T19:50:10
1786,RAW,Person A,Sitting,0,592,4095,2848,31.62,2026-10-02T19:50:11
1787,RAW,Person A,Sitting,0,621,4095,2833,31.62,2026-10-02T19:50:12
1788,RAW,Person A,Sitting,0,607,4095,2857,31.62,2026-10-02T19:50:13
1789,RAW,Person A,Sitting,0,605,4095,2831,31.62,2026-10-02T19:50:14
1790,RAW,Person A,Sitting,0,624,4095,2905,31.62,2026-10-02T19:50:15
1791,RAW,Person A,Sitting,0,613,4095,2720,31.62,2026-10-02T19:50:16
1792,RAW,Person A,Sitting,0,606,4095,2871,31.62,2026-10-02T19:50:17
1793,AVG10,Person A,Sitting,0.00,610.80,4095.00,2858.40,31.62,2026-10-02T19:50:17
1794,RAW,Person A,Sitting,0,612,4095,2919,31.62,2026-10-02T19:50:18
1795,RAW,Person A,Sitting,0,611,4095,2898,31.62,2026-10-02T19:50:19
1796,RAW,Person A,Sitting,0,622,4095,2787,31.62,2026-10-02T19:50:20
1797,RAW,Person A,Sitting,0,603,4095,2967,31.62,2026-10-02T19:50:21
1798,RAW,Person A,Sitting,0,608,4095,2927,31.62,2026-10-02T19:50:22
1799,RAW,Person A,Sitting,0,598,4095,2910,31.62,2026-10-02T19:50:23
1800,RAW,Person A,Sitting,0,612,4095,2883,31.62,2026-10-02T19:50:24
1801,RAW,Person A,Sitting,0,592,4095,2595,31.62,2026-10-02T19:50:25
1802,RAW,Person A,Sitting,0,619,4095,2837,31.62,2026-10-02T19:50:26
1803,RAW,Person A,Sitting,0,618,4095,2779,31.62,2026-10-02T19:50:27
1804,AVG10,Person A,Sitting,0.00,609.50,4095.00,2850.20,31.62,2026-10-02T19:50:27
1805,RAW,Person A,Sitting,0,623,4095,2615,31.62,2026-10-02T19:50:28
1806,RAW,Person A,Sitting,0,598,4095,2640,31.62,2026-10-02T19:50:29
1807,RAW,Person A,Sitting,0,617,4095,2784,31.62,2026-10-02T19:50:30
1808,RAW,Person A,Sitting,0,598,4095,2766,31.62,2026-10-02T19:50:31
1809,RAW,Person A,Sitting,0,560,4095,0,31.62,2026-10-02T19:50:32
1810,RAW,Person A,Sitting,116,581,4095,1938,31.62,2026-10-02T19:50:33
1811,RAW,Person A,Sitting,0,571,4095,1491,31.62,2026-10-02T19:50:34
1812,RAW,Person A,Sitting,187,784,4095,2843,31.62,2026-10-02T19:50:35
1813,RAW,Person A,Sitting,208,663,4095,2804,31.62,2026-10-02T19:50:36
1814,RAW,Person A,Sitting,250,826,4095,2864,31.62,2026-10-02T19:50:37
1815,AVG10,Person A,Sitting,76.10,642.10,4095.00,2274.50,31.62,2026-10-02T19:50:37
1816,RAW,Person A,Sitting,169,821,4095,2924,31.62,2026-10-02T19:50:38
1817,RAW,Person A,Sitting,242,670,4095,2833,31.62,2026-10-02T19:50:39
1818,RAW,Person A,Sitting,176,771,4095,2905,31.62,2026-10-02T19:50:40
1819,RAW,Person A,Sitting,218,690,4095,2890,31.62,2026-10-02T19:50:41
1820,RAW,Person A,Sitting,239,640,4095,2843,31.62,2026-10-02T19:50:42
1821,RAW,Person A,Sitting,247,747,4095,2919,31.62,2026-10-02T19:50:43
1822,RAW,Person A,Sitting,257,684,4095,2807,31.69,2026-10-02T19:50:44
1823,RAW,Person A,Sitting,241,687,4095,2815,31.62,2026-10-02T19:50:45
1824,RAW,Person A,Sitting,222,663,4095,2864,31.62,2026-10-02T19:50:46
1825,RAW,Person A,Sitting,246,672,4095,2801,31.62,2026-10-02T19:50:47
1826,AVG10,Person A,Sitting,225.70,704.50,4095.00,2860.10,31.63,2026-10-02T19:50:47
1827,RAW,Person A,Sitting,252,678,4095,2848,31.62,2026-10-02T19:50:48
1828,RAW,Person A,Sitting,246,678,4095,2837,31.62,2026-10-02T19:50:49
1829,RAW,Person A,Sitting,158,681,4095,2895,31.62,2026-10-02T19:50:50
1830,RAW,Person A,Sitting,159,688,4095,2861,31.62,2026-10-02T19:50:51
1831,RAW,Person A,Sitting,158,703,4095,2880,31.62,2026-10-02T19:50:52
1832,RAW,Person A,Sitting,130,699,4095,2848,31.69,2026-10-02T19:50:53
1833,RAW,Person A,Sitting,159,691,4095,2871,31.62,2026-10-02T19:50:54
1834,RAW,Person A,Sitting,155,645,4095,2878,31.62,2026-10-02T19:50:55
1835,RAW,Person A,Sitting,186,696,4095,2912,31.62,2026-10-02T19:50:56
1836,RAW,Person A,Sitting,176,699,4095,2899,31.62,2026-10-02T19:50:57
1837,AVG10,Person A,Sitting,177.90,685.80,4095.00,2872.90,31.63,2026-10-02T19:50:57
1838,RAW,Person A,Sitting,167,688,4095,2921,31.62,2026-10-02T19:50:58
1839,RAW,Person A,Sitting,155,689,4095,2933,31.69,2026-10-02T19:50:59
1840,RAW,Person A,Sitting,179,688,4095,2949,31.62,2026-10-02T19:51:00
1841,RAW,Person A,Sitting,246,666,4095,2930,31.62,2026-10-02T19:51:01
1842,RAW,Person A,Sitting,304,669,4095,2954,31.62,2026-10-02T19:51:02
1843,RAW,Person A,Sitting,324,667,4095,2946,31.62,2026-10-02T19:51:03
1844,RAW,Person A,Sitting,336,685,4095,2967,31.62,2026-10-02T19:51:04
1845,RAW,Person A,Sitting,173,763,4095,2986,31.69,2026-10-02T19:51:05
1846,RAW,Person A,Sitting,0,738,4095,3025,31.62,2026-10-02T19:51:06
1847,RAW,Person A,Sitting,0,827,4095,3068,31.62,2026-10-02T19:51:07
1848,AVG10,Person A,Sitting,188.40,708.00,4095.00,2967.90,31.64,2026-10-02T19:51:07
1849,RAW,Person A,Sitting,0,933,4095,3121,31.62,2026-10-02T19:51:08
1850,RAW,Person A,Sitting,189,839,4095,3088,31.62,2026-10-02T19:51:09
1851,RAW,Person A,Sitting,0,949,4095,3150,31.62,2026-10-02T19:51:10
1852,RAW,Person A,Sitting,215,831,4095,3071,31.62,2026-10-02T19:51:11
1853,RAW,Person A,Sitting,0,650,4095,2947,31.62,2026-10-02T19:51:12
1854,RAW,Person A,Sitting,0,591,4095,2811,31.62,2026-10-02T19:51:13
1855,RAW,Person A,Sitting,0,591,4095,2384,31.69,2026-10-02T19:51:14
1856,RAW,Person A,Sitting,0,576,4095,2292,31.69,2026-10-02T19:51:15
1857,RAW,Person A,Sitting,0,558,4095,2096,31.62,2026-10-02T19:51:16
1858,RAW,Person A,Sitting,0,592,4095,2390,31.62,2026-10-02T19:51:17
1859,AVG10,Person A,Sitting,40.40,711.00,4095.00,2735.00,31.64,2026-10-02T19:51:17
1860,RAW,Person A,Sitting,0,590,4095,2105,31.69,2026-10-02T19:51:18
1861,RAW,Person A,Sitting,0,592,4095,2551,31.69,2026-10-02T19:51:19
1862,RAW,Person A,Sitting,0,576,4095,2339,31.62,2026-10-02T19:51:20
1863,RAW,Person A,Sitting,210,610,4095,2674,31.62,2026-10-02T19:51:21
1864,RAW,Person A,Sitting,189,606,4095,2075,31.62,2026-10-02T19:51:22
1865,RAW,Person A,Sitting,0,598,4095,2024,31.62,2026-10-02T19:51:23
1939,RAW,Person A,No_Load,0,0,0,0,31.00,2026-10-02T19:52:30
1940,RAW,Person A,No_Load,0,0,0,0,31.00,2026-10-02T19:52:31
1941,RAW,Person A,No_Load,0,0,0,0,31.00,2026-10-02T19:52:32
1942,RAW,Person A,No_Load,0,0,0,0,31.00,2026-10-02T19:52:33
1943,RAW,Person A,No_Load,0,0,0,0,31.00,2026-10-02T19:52:34
1944,RAW,Person A,No_Load,0,0,0,0,31.00,2026-10-02T19:52:35
1945,RAW,Person A,No_Load,0,0,0,0,30.94,2026-10-02T19:52:36
1946,RAW,Person A,No_Load,0,0,0,0,30.94,2026-10-02T19:52:37
1947,AVG10,Person A,No_Load,0.00,0.00,0.00,0.00,31.00,2026-10-02T19:52:37
1948,RAW,Person A,No_Load,0,0,0,0,30.94,2026-10-02T19:52:38
1949,RAW,Person A,No_Load,0,0,0,0,30.94,2026-10-02T19:52:39
1950,RAW,Person A,No_Load,0,0,0,0,30.94,2026-10-02T19:52:40
1951,RAW,Person A,No_Load,0,0,0,0,30.87,2026-10-02T19:52:41
1952,RAW,Person A,No_Load,0,0,0,0,30.87,2026-10-02T19:52:42
1953,RAW,Person A,No_Load,0,0,0,0,30.87,2026-10-02T19:52:43
1954,RAW,Person A,No_Load,0,0,0,0,30.81,2026-10-02T19:52:44
1955,RAW,Person A,No_Load,0,0,0,0,30.81,2026-10-02T19:52:45
1956,RAW,Person A,No_Load,0,0,0,0,30.81,2026-10-02T19:52:46
1957,RAW,Person A,No_Load,0,0,0,0,30.81,2026-10-02T19:52:47
1958,AVG10,Person A,No_Load,0.00,0.00,0.00,0.00,30.87,2026-10-02T19:52:47
1959,RAW,Person A,No_Load,0,0,0,0,30.81,2026-10-02T19:52:48
1960,RAW,Person A,No_Load,0,0,0,0,30.75,2026-10-02T19:52:49
1961,RAW,Person A,No_Load,0,0,0,0,30.81,2026-10-02T19:52:50
1962,RAW,Person A,No_Load,0,0,0,0,30.81,2026-10-02T19:52:51
1963,RAW,Person A,No_Load,0,0,0,0,30.75,2026-10-02T19:52:52
1964,RAW,Person A,No_Load,0,0,0,0,30.75,2026-10-02T19:52:53
1965,RAW,Person A,No_Load,0,0,0,0,30.75,2026-10-02T19:52:54
1966,RAW,Person A,No_Load,0,0,0,0,30.69,2026-10-02T19:52:55
1967,RAW,Person A,No_Load,0,0,0,0,30.69,2026-10-02T19:52:56
1968,RAW,Person A,No_Load,0,0,0,0,30.69,2026-10-02T19:52:57
1969,AVG10,Person A,No_Load,0.00,0.00,0.00,0.00,30.75,2026-10-02T19:52:57
1970,RAW,Person A,No_Load,0,0,0,0,30.69,2026-10-02T19:52:58
1971,RAW,Person A,No_Load,0,0,0,0,30.69,2026-10-02T19:52:59
1972,RAW,Person A,No_Load,0,0,0,0,30.62,2026-10-02T19:53:00
1973,RAW,Person A,No_Load,0,0,0,0,30.62,2026-10-02T19:53:01
1974,RAW,Person A,No_Load,0,0,0,0,30.62,2026-10-02T19:53:02
1975,RAW,Person A,No_Load,0,0,0,0,30.62,2026-10-02T19:53:03
1976,RAW,Person A,No_Load,0,0,0,0,30.62,2026-10-02T19:53:04
1977,RAW,Person A,No_Load,0,0,0,0,30.62,2026-10-02T19:53:05
1978,RAW,Person A,No_Load,0,0,0,0,30.56,2026-10-02T19:53:06
1979,RAW,Person A,No_Load,0,0,0,0,30.56,2026-10-02T19:53:07
1980,AVG10,Person A,No_Load,0.00,0.00,0.00,0.00,30.62,2026-10-02T19:53:07
1981,RAW,Person A,No_Load,0,0,0,0,30.56,2026-10-02T19:53:08
1982,RAW,Person A,No_Load,0,0,0,0,30.56,2026-10-02T19:53:09
1983,RAW,Person A,No_Load,0,0,0,0,30.56,2026-10-02T19:53:10
1984,RAW,Person A,No_Load,0,0,0,0,30.50,2026-10-02T19:53:11
1985,RAW,Person A,No_Load,0,0,0,0,30.56,2026-10-02T19:53:12
1986,RAW,Person A,No_Load,0,0,0,0,30.50,2026-10-02T19:53:13
1987,RAW,Person A,No_Load,0,0,0,0,30.50,2026-10-02T19:53:14
1988,RAW,Person A,No_Load,0,0,0,0,30.50,2026-10-02T19:53:15
1989,RAW,Person A,No_Load,0,0,0,0,30.50,2026-10-02T19:53:16
1990,RAW,Person A,No_Load,0,0,0,0,30.44,2026-10-02T19:53:17
1991,AVG10,Person A,No_Load,0.00,0.00,0.00,0.00,30.52,2026-10-02T19:53:17
1992,RAW,Person A,No_Load,0,0,0,0,30.44,2026-10-02T19:53:18
1993,RAW,Person A,No_Load,0,0,0,0,30.44,2026-10-02T19:53:19
1994,RAW,Person A,No_Load,0,0,0,0,30.44,2026-10-02T19:53:20
1995,RAW,Person A,No_Load,0,0,0,0,30.44,2026-10-02T19:53:21
1996,RAW,Person A,No_Load,0,0,0,0,30.44,2026-10-02T19:53:22
1997,RAW,Person A,No_Load,0,0,0,0,30.44,2026-10-02T19:53:23
1998,RAW,Person A,No_Load,0,0,0,0,30.37,2026-10-02T19:53:24
1999,RAW,Person A,No_Load,0,0,0,0,30.37,2026-10-02T19:53:25
2000,RAW,Person A,No_Load,0,0,0,0,30.37,2026-10-02T19:53:26
2001,RAW,Person A,No_Load,0,0,0,0,30.37,2026-10-02T19:53:27
2002,AVG10,Person A,No_Load,0.00,0.00,0.00,0.00,30.41,2026-10-02T19:53:27
2003,RAW,Person A,No_Load,0,0,0,0,30.37,2026-10-02T19:53:28
2004,RAW,Person A,No_Load,0,0,0,0,30.37,2026-10-02T19:53:29
2005,RAW,Person A,No_Load,0,0,0,0,30.37,2026-10-02T19:53:30
2006,RAW,Person A,No_Load,0,0,0,0,30.31,2026-10-02T19:53:31
2007,RAW,Person A,No_Load,0,0,0,0,30.31,2026-10-02T19:53:32
2008,RAW,Person A,No_Load,0,0,0,0,30.31,2026-10-02T19:53:33
2009,RAW,Person A,No_Load,0,0,0,0,30.31,2026-10-02T19:53:34
2010,RAW,Person A,No_Load,0,0,0,0,30.31,2026-10-02T19:53:35
2011,RAW,Person A,No_Load,0,0,0,0,30.25,2026-10-02T19:53:36
2012,RAW,Person A,No_Load,0,0,0,0,30.31,2026-10-02T19:53:37
2013,AVG10,Person A,No_Load,0.00,0.00,0.00,0.00,30.33,2026-10-02T19:53:37
2014,RAW,Person A,No_Load,0,0,0,0,30.25,2026-10-02T19:53:38
2015,RAW,Person A,No_Load,0,0,0,0,30.25,2026-10-02T19:53:39
2016,RAW,Person A,No_Load,0,0,0,0,30.25,2026-10-02T19:53:40
2017,RAW,Person A,No_Load,0,0,0,0,30.19,2026-10-02T19:53:41
2018,RAW,Person A,No_Load,0,0,0,0,30.25,2026-10-02T19:53:42
2019,RAW,Person A,No_Load,0,0,0,0,30.19,2026-10-02T19:53:43
2020,RAW,Person A,No_Load,0,0,0,0,30.19,2026-10-02T19:53:44
2021,RAW,Person A,No_Load,0,0,0,0,30.19,2026-10-02T19:53:45
2022,RAW,Person A,No_Load,0,0,0,0,30.19,2026-10-02T19:53:46
2023,RAW,Person A,No_Load,0,0,0,0,30.19,2026-10-02T19:53:47
2024,AVG10,Person A,No_Load,0.00,0.00,0.00,0.00,30.21,2026-10-02T19:53:47
2025,RAW,Person A,No_Load,0,0,0,0,30.19,2026-10-02T19:53:48
2026,RAW,Person A,No_Load,0,0,0,0,30.19,2026-10-02T19:53:49
2027,RAW,Person A,No_Load,0,0,0,0,30.19,2026-10-02T19:53:50
2028,RAW,Person A,No_Load,0,0,0,0,30.12,2026-10-02T19:53:51
2029,RAW,Person A,No_Load,0,0,0,0,30.12,2026-10-02T19:53:52
2030,RAW,Person A,No_Load,0,0,0,0,30.12,2026-10-02T19:53:53
2031,RAW,Person A,No_Load,0,0,0,0,30.12,2026-10-02T19:53:54
2032,RAW,Person A,No_Load,0,0,0,0,30.12,2026-10-02T19:53:55
2033,RAW,Person A,No_Load,0,0,0,0,30.12,2026-10-02T19:53:56
2034,RAW,Person A,No_Load,0,0,0,0,30.12,2026-10-02T19:53:57
2035,AVG10,Person A,No_Load,0.00,0.00,0.00,0.00,30.14,2026-10-02T19:53:57
2036,RAW,Person A,No_Load,0,0,0,0,30.06,2026-10-02T19:53:58
2037,RAW,Person A,No_Load,0,0,0,0,30.06,2026-10-02T19:53:59
2038,RAW,Person A,No_Load,0,0,0,0,30.06,2026-10-02T19:54:00
2039,RAW,Person A,No_Load,0,0,0,0,30.06,2026-10-02T19:54:01
2040,RAW,Person A,No_Load,0,0,0,0,30.06,2026-10-02T19:54:02
2041,RAW,Person A,No_Load,0,0,0,0,30.06,2026-10-02T19:54:03
2042,RAW,Person A,No_Load,0,0,0,0,30.06,2026-10-02T19:54:04
2043,RAW,Person A,No_Load,0,0,0,0,30.06,2026-10-02T19:54:05
2044,RAW,Person A,No_Load,0,0,0,0,30.00,2026-10-02T19:54:06
2045,RAW,Person A,No_Load,0,0,0,0,30.00,2026-10-02T19:54:07
2046,AVG10,Person A,No_Load,0.00,0.00,0.00,0.00,30.05,2026-10-02T19:54:07
2047,RAW,Person A,No_Load,0,0,0,0,30.00,2026-10-02T19:54:08
2048,RAW,Person A,No_Load,0,0,0,0,30.00,2026-10-02T19:54:09
2049,RAW,Person A,No_Load,0,0,0,0,30.00,2026-10-02T19:54:10
2050,RAW,Person A,No_Load,0,0,0,0,30.00,2026-10-02T19:54:11
2051,RAW,Person A,No_Load,0,0,0,0,30.00,2026-10-02T19:54:12
2052,RAW,Person A,No_Load,0,0,0,0,29.94,2026-10-02T19:54:13
2053,RAW,Person A,No_Load,0,0,0,0,29.94,2026-10-02T19:54:14
2054,RAW,Person A,No_Load,0,0,0,0,29.94,2026-10-02T19:54:15
2055,RAW,Person A,No_Load,0,0,0,0,29.94,2026-10-02T19:54:16
2056,RAW,Person A,No_Load,0,0,0,0,29.94,2026-10-02T19:54:17
2057,AVG10,Person A,No_Load,0.00,0.00,0.00,0.00,29.97,2026-10-02T19:54:17
2058,RAW,Person A,No_Load,0,0,0,0,29.94,2026-10-02T19:54:18
2059,RAW,Person A,No_Load,0,0,0,0,29.94,2026-10-02T19:54:19
2060,RAW,Person A,No_Load,0,0,0,0,29.94,2026-10-02T19:54:20
2061,RAW,Person A,No_Load,0,0,0,0,29.94,2026-10-02T19:54:21
2062,RAW,Person A,No_Load,0,0,0,0,29.87,2026-10-02T19:54:22
2063,RAW,Person A,No_Load,0,0,0,0,29.87,2026-10-02T19:54:23
2064,RAW,Person A,No_Load,0,0,0,0,29.87,2026-10-02T19:54:24
2065,RAW,Person A,No_Load,0,0,0,0,29.87,2026-10-02T19:54:25
2066,RAW,Person A,No_Load,0,0,0,0,29.87,2026-10-02T19:54:26
2067,RAW,Person A,No_Load,0,0,0,0,29.87,2026-10-02T19:54:27
2068,AVG10,Person A,No_Load,0.00,0.00,0.00,0.00,29.90,2026-10-02T19:54:27
2069,RAW,Person A,No_Load,0,0,0,0,29.87,2026-10-02T19:54:28
2070,RAW,Person A,No_Load,0,0,0,0,29.87,2026-10-02T19:54:29
2071,RAW,Person A,No_Load,0,0,0,0,29.81,2026-10-02T19:54:30
2072,RAW,Person A,No_Load,0,0,0,0,29.87,2026-10-02T19:54:31
2073,RAW,Person A,No_Load,0,0,0,0,29.81,2026-10-02T19:54:32
2074,RAW,Person A,No_Load,0,0,0,0,29.81,2026-10-02T19:54:33
2075,RAW,Person A,No_Load,0,0,0,0,29.81,2026-10-02T19:54:34
2076,RAW,Person A,No_Load,0,0,0,0,29.81,2026-10-02T19:54:35
2077,RAW,Person A,No_Load,0,0,0,0,29.81,2026-10-02T19:54:36
2078,RAW,Person A,No_Load,0,0,0,0,29.81,2026-10-02T19:54:37
2079,AVG10,Person A,No_Load,0.00,0.00,0.00,0.00,29.83,2026-10-02T19:54:37
2080,RAW,Person A,No_Load,0,0,0,0,29.81,2026-10-02T19:54:38
2081,RAW,Person A,No_Load,0,0,0,0,29.75,2026-10-02T19:54:39
2082,RAW,Person A,No_Load,0,0,0,0,29.81,2026-10-02T19:54:40
2083,RAW,Person A,No_Load,0,0,0,0,29.75,2026-10-02T19:54:41
2084,RAW,Person A,No_Load,0,0,0,0,29.75,2026-10-02T19:54:42
2085,RAW,Person A,No_Load,0,0,0,0,29.75,2026-10-02T19:54:43
2086,RAW,Person A,No_Load,0,0,0,0,29.75,2026-10-02T19:54:44
2087,RAW,Person A,No_Load,0,0,0,0,29.75,2026-10-02T19:54:45
2088,RAW,Person A,No_Load,0,0,0,0,29.75,2026-10-02T19:54:46
2089,RAW,Person A,No_Load,0,0,0,0,29.75,2026-10-02T19:54:47
2090,AVG10,Person A,No_Load,0.00,0.00,0.00,0.00,29.76,2026-10-02T19:54:47
2091,RAW,Person A,No_Load,0,0,0,0,29.69,2026-10-02T19:54:48
2092,RAW,Person A,No_Load,0,0,0,0,29.69,2026-10-02T19:54:49
2093,RAW,Person A,No_Load,0,0,0,0,29.69,2026-10-02T19:54:50
2094,RAW,Person A,No_Load,0,0,0,0,29.69,2026-10-02T19:54:51
2095,RAW,Person A,No_Load,0,0,0,0,29.69,2026-10-02T19:54:52
2096,RAW,Person A,No_Load,0,0,0,0,29.69,2026-10-02T19:54:53
2097,RAW,Person A,No_Load,0,0,0,0,29.69,2026-10-02T19:54:54
2098,RAW,Person A,No_Load,0,0,0,0,29.69,2026-10-02T19:54:55
2099,RAW,Person A,No_Load,0,0,0,0,29.69,2026-10-02T19:54:56
2100,RAW,Person A,No_Load,0,0,0,0,29.62,2026-10-02T19:54:57
2101,AVG10,Person A,No_Load,0.00,0.00,0.00,0.00,29.68,2026-10-02T19:54:57
2102,RAW,Person A,No_Load,0,0,0,0,29.69,2026-10-02T19:54:58
2241,RAW,Person A,No_Load,0,0,0,0,29.06,2026-10-02T19:57:18
2242,RAW,Person A,No_Load,0,0,0,0,29.06,2026-10-02T19:57:19
2243,RAW,Person A,No_Load,0,0,0,0,29.06,2026-10-02T19:57:20
2244,AVG10,Person A,No_Load,0.00,0.00,0.00,0.00,29.06,2026-10-02T19:57:20
2245,RAW,Person A,No_Load,0,0,0,0,29.06,2026-10-02T19:57:21
2246,RAW,Person A,No_Load,0,0,0,0,29.06,2026-10-02T19:57:22
2247,RAW,Person A,No_Load,0,0,0,0,29.06,2026-10-02T19:57:23
2248,RAW,Person A,No_Load,0,0,0,0,29.06,2026-10-02T19:57:24
2249,RAW,Person A,No_Load,0,0,0,0,29.06,2026-10-02T19:57:25
2250,RAW,Person A,No_Load,0,0,0,0,29.06,2026-10-02T19:57:26
2251,RAW,Person A,No_Load,0,0,0,0,29.06,2026-10-02T19:57:27
2252,RAW,Person A,No_Load,0,0,0,0,29.06,2026-10-02T19:57:28
2253,RAW,Person A,No_Load,0,0,0,0,29.06,2026-10-02T19:57:29
2254,RAW,Person A,No_Load,0,0,0,0,29.06,2026-10-02T19:57:30
2255,AVG10,Person A,No_Load,0.00,0.00,0.00,0.00,29.06,2026-10-02T19:57:30
2256,RAW,Person A,No_Load,0,0,0,0,29.06,2026-10-02T19:57:31
2257,RAW,Person A,No_Load,0,0,0,0,29.06,2026-10-02T19:57:32
2258,RAW,Person A,No_Load,0,0,0,0,29.00,2026-10-02T19:57:33
2259,RAW,Person A,No_Load,0,0,0,0,29.00,2026-10-02T19:57:34
2260,RAW,Person A,No_Load,0,0,0,0,29.06,2026-10-02T19:57:35
2261,RAW,Person A,No_Load,0,0,0,0,29.00,2026-10-02T19:57:36
2262,RAW,Person A,No_Load,0,0,0,0,29.00,2026-10-02T19:57:37
2263,RAW,Person A,No_Load,0,0,0,0,29.06,2026-10-02T19:57:38
2264,RAW,Person A,No_Load,0,0,0,0,29.00,2026-10-02T19:57:39
2265,RAW,Person A,No_Load,0,0,0,0,29.00,2026-10-02T19:57:40
2266,AVG10,Person A,No_Load,0.00,0.00,0.00,0.00,29.02,2026-10-02T19:57:40
2267,RAW,Person A,No_Load,0,0,0,0,29.00,2026-10-02T19:57:41
2268,RAW,Person A,No_Load,0,0,0,0,29.00,2026-10-02T19:57:42
2269,RAW,Person A,No_Load,0,0,0,0,29.00,2026-10-02T19:57:43
2270,RAW,Person A,No_Load,0,0,0,0,29.00,2026-10-02T19:57:44
2271,RAW,Person A,No_Load,0,0,0,0,29.00,2026-10-02T19:57:45
2272,RAW,Person A,No_Load,0,0,0,0,29.00,2026-10-02T19:57:46
2273,RAW,Person A,No_Load,0,0,0,0,29.00,2026-10-02T19:57:47
2274,RAW,Person A,No_Load,0,0,0,0,29.00,2026-10-02T19:57:48
2275,RAW,Person A,No_Load,0,0,0,0,29.00,2026-10-02T19:57:49
2276,RAW,Person A,No_Load,0,0,0,0,29.00,2026-10-02T19:57:50
2277,AVG10,Person A,No_Load,0.00,0.00,0.00,0.00,29.00,2026-10-02T19:57:50
2278,RAW,Person A,No_Load,0,0,0,0,29.00,2026-10-02T19:57:51
2279,RAW,Person A,No_Load,0,0,0,0,29.00,2026-10-02T19:57:52
2280,RAW,Person A,No_Load,0,0,0,0,29.00,2026-10-02T19:57:53
2281,RAW,Person A,No_Load,0,0,0,0,29.00,2026-10-02T19:57:54
2282,RAW,Person A,No_Load,0,0,0,0,29.00,2026-10-02T19:57:55
2283,RAW,Person A,No_Load,0,0,0,0,29.00,2026-10-02T19:57:56
2284,RAW,Person A,No_Load,0,0,0,0,28.94,2026-10-02T19:57:57
2285,RAW,Person A,No_Load,0,0,0,0,28.94,2026-10-02T19:57:58
2286,RAW,Person A,No_Load,0,0,0,0,29.00,2026-10-02T19:57:59
2287,RAW,Person A,No_Load,0,0,0,0,29.00,2026-10-02T19:58:00
2288,AVG10,Person A,No_Load,0.00,0.00,0.00,0.00,28.99,2026-10-02T19:58:00
2289,RAW,Person A,No_Load,0,0,0,0,29.00,2026-10-02T19:58:01
2290,RAW,Person A,No_Load,0,0,0,0,28.94,2026-10-02T19:58:02
2291,RAW,Person A,No_Load,0,0,0,0,28.94,2026-10-02T19:58:03
2292,RAW,Person A,No_Load,0,0,0,0,28.94,2026-10-02T19:58:04
2293,RAW,Person A,No_Load,0,0,0,0,28.94,2026-10-02T19:58:05
2294,RAW,Person A,No_Load,0,0,0,0,28.94,2026-10-02T19:58:06
2295,RAW,Person A,No_Load,0,0,0,0,28.94,2026-10-02T19:58:07
2296,RAW,Person A,No_Load,0,0,0,0,28.94,2026-10-02T19:58:08
2297,RAW,Person A,No_Load,0,0,0,0,28.94,2026-10-02T19:58:09
2298,RAW,Person A,No_Load,0,0,0,0,28.94,2026-10-02T19:58:10
2299,AVG10,Person A,No_Load,0.00,0.00,0.00,0.00,28.94,2026-10-02T19:58:10
2300,RAW,Person A,No_Load,0,0,0,0,28.94,2026-10-02T19:58:11
2301,RAW,Person A,No_Load,0,0,0,0,28.94,2026-10-02T19:58:12
2302,RAW,Person A,No_Load,0,0,0,0,28.94,2026-10-02T19:58:13
2303,RAW,Person A,No_Load,0,0,0,0,28.94,2026-10-02T19:58:14
2304,RAW,Person A,No_Load,0,0,0,0,28.94,2026-10-02T19:58:15
2305,RAW,Person A,No_Load,0,0,0,0,28.94,2026-10-02T19:58:16
2306,RAW,Person A,No_Load,0,0,0,0,28.94,2026-10-02T19:58:17
2307,RAW,Person A,No_Load,0,0,0,0,28.94,2026-10-02T19:58:18
2308,RAW,Person A,No_Load,0,0,0,0,28.94,2026-10-02T19:58:19
2309,RAW,Person A,No_Load,0,0,0,0,28.94,2026-10-02T19:58:20
2310,AVG10,Person A,No_Load,0.00,0.00,0.00,0.00,28.94,2026-10-02T19:58:20
2311,RAW,Person A,No_Load,0,0,0,0,28.94,2026-10-02T19:58:21
2312,RAW,Person A,No_Load,0,0,0,0,28.94,2026-10-02T19:58:22
2313,RAW,Person A,No_Load,0,0,0,0,28.94,2026-10-02T19:58:23
2314,RAW,Person A,No_Load,0,0,0,0,28.94,2026-10-02T19:58:24
2315,RAW,Person A,No_Load,0,0,0,0,28.94,2026-10-02T19:58:25
2316,RAW,Person A,No_Load,0,0,0,0,28.94,2026-10-02T19:58:26
2317,RAW,Person A,No_Load,0,0,0,0,28.94,2026-10-02T19:58:27
2318,RAW,Person A,No_Load,0,0,0,0,28.94,2026-10-02T19:58:28
2319,RAW,Person A,No_Load,0,0,0,0,28.87,2026-10-02T19:58:29
2320,RAW,Person A,No_Load,0,0,0,0,28.94,2026-10-02T19:58:30
2321,AVG10,Person A,No_Load,0.00,0.00,0.00,0.00,28.93,2026-10-02T19:58:30
2322,RAW,Person A,No_Load,0,0,0,0,28.94,2026-10-02T19:58:31
2323,RAW,Person A,No_Load,0,0,0,0,28.87,2026-10-02T19:58:32
2324,RAW,Person A,No_Load,0,0,0,0,28.94,2026-10-02T19:58:33
2325,RAW,Person A,No_Load,0,0,0,0,28.87,2026-10-02T19:58:34
2326,RAW,Person A,No_Load,0,0,0,0,28.87,2026-10-02T19:58:35
2327,RAW,Person A,No_Load,0,0,0,0,28.94,2026-10-02T19:58:36
2328,RAW,Person A,No_Load,0,0,0,0,28.94,2026-10-02T19:58:37
2329,RAW,Person A,No_Load,0,0,0,0,28.87,2026-10-02T19:58:38
2330,RAW,Person A,No_Load,0,0,0,0,28.87,2026-10-02T19:58:39
2331,RAW,Person A,No_Load,0,0,0,0,28.94,2026-10-02T19:58:40
2332,AVG10,Person A,No_Load,0.00,0.00,0.00,0.00,28.91,2026-10-02T19:58:40
2333,RAW,Person A,No_Load,0,0,0,0,28.87,2026-10-02T19:58:41
2334,RAW,Person A,No_Load,0,0,0,0,28.87,2026-10-02T19:58:42
2335,RAW,Person A,No_Load,0,0,0,0,28.87,2026-10-02T19:58:43
2336,RAW,Person A,No_Load,0,0,0,0,28.87,2026-10-02T19:58:44
2337,RAW,Person A,No_Load,0,0,0,0,28.87,2026-10-02T19:58:45
2338,RAW,Person A,No_Load,0,0,0,0,28.87,2026-10-02T19:58:46
2339,RAW,Person A,No_Load,0,0,0,0,28.87,2026-10-02T19:58:47
2340,RAW,Person A,No_Load,0,0,0,0,28.87,2026-10-02T19:58:48
2341,RAW,Person A,No_Load,0,0,0,0,28.87,2026-10-02T19:58:49
2342,RAW,Person A,No_Load,0,0,0,0,28.87,2026-10-02T19:58:50
2343,AVG10,Person A,No_Load,0.00,0.00,0.00,0.00,28.87,2026-10-02T19:58:50
2344,RAW,Person A,No_Load,0,0,0,0,28.87,2026-10-02T19:58:51
2345,RAW,Person A,No_Load,0,0,0,0,28.87,2026-10-02T19:58:52
2346,RAW,Person A,No_Load,0,0,0,0,28.87,2026-10-02T19:58:53
2347,RAW,Person A,No_Load,0,0,0,0,28.87,2026-10-02T19:58:54
2348,RAW,Person A,No_Load,0,0,0,0,28.87,2026-10-02T19:58:55
2349,RAW,Person A,No_Load,0,0,0,0,28.87,2026-10-02T19:58:56
2350,RAW,Person A,No_Load,0,0,0,0,28.87,2026-10-02T19:58:57
2351,RAW,Person A,No_Load,0,0,0,0,28.81,2026-10-02T19:58:58
2352,RAW,Person A,No_Load,0,0,0,0,28.87,2026-10-02T19:58:59
2353,RAW,Person A,No_Load,0,0,0,0,28.87,2026-10-02T19:59:00
2354,AVG10,Person A,No_Load,0.00,0.00,0.00,0.00,28.87,2026-10-02T19:59:00
2355,RAW,Person A,No_Load,0,0,0,0,28.87,2026-10-02T19:59:01
2356,RAW,Person A,No_Load,0,0,0,0,28.87,2026-10-02T19:59:02
2357,RAW,Person A,No_Load,0,0,0,0,28.87,2026-10-02T19:59:03
2358,RAW,Person A,No_Load,0,0,0,0,28.87,2026-10-02T19:59:04
2359,RAW,Person A,No_Load,0,0,0,0,28.87,2026-10-02T19:59:05
2360,RAW,Person A,No_Load,0,0,0,0,28.87,2026-10-02T19:59:06
2361,RAW,Person A,No_Load,0,0,0,0,28.87,2026-10-02T19:59:07
2362,RAW,Person A,No_Load,0,0,0,0,28.81,2026-10-02T19:59:08
2363,RAW,Person A,No_Load,0,0,0,0,28.87,2026-10-02T19:59:09
2364,RAW,Person A,No_Load,0,0,0,0,28.81,2026-10-02T19:59:10
2365,AVG10,Person A,No_Load,0.00,0.00,0.00,0.00,28.86,2026-10-02T19:59:10
2366,RAW,Person A,No_Load,0,0,0,0,28.81,2026-10-02T19:59:11
2367,RAW,Person A,No_Load,0,0,0,0,28.87,2026-10-02T19:59:12
2368,RAW,Person A,No_Load,0,0,0,0,28.81,2026-10-02T19:59:13
2369,RAW,Person A,No_Load,0,0,0,0,28.81,2026-10-02T19:59:14
2370,RAW,Person A,No_Load,0,0,0,0,28.81,2026-10-02T19:59:15
2371,RAW,Person A,No_Load,0,0,0,0,28.81,2026-10-02T19:59:16
2372,RAW,Person A,No_Load,0,0,0,0,28.87,2026-10-02T19:59:17
2373,RAW,Person A,No_Load,0,0,0,0,28.81,2026-10-02T19:59:18
2374,RAW,Person A,No_Load,0,0,0,0,28.81,2026-10-02T19:59:19
2375,RAW,Person A,No_Load,0,0,0,0,28.81,2026-10-02T19:59:20
2376,AVG10,Person A,No_Load,0.00,0.00,0.00,0.00,28.83,2026-10-02T19:59:20
2377,RAW,Person A,No_Load,0,0,0,0,28.81,2026-10-02T19:59:21
2378,RAW,Person A,No_Load,0,0,0,0,28.81,2026-10-02T19:59:22
2379,RAW,Person A,No_Load,0,0,0,0,28.81,2026-10-02T19:59:23
2380,RAW,Person A,No_Load,0,0,0,0,28.81,2026-10-02T19:59:24
2381,RAW,Person A,No_Load,0,0,0,0,28.81,2026-10-02T19:59:25
2382,RAW,Person A,No_Load,0,0,0,0,28.81,2026-10-02T19:59:26
2383,RAW,Person A,No_Load,0,0,0,0,28.81,2026-10-02T19:59:27
2384,RAW,Person A,No_Load,0,0,0,0,28.81,2026-10-02T19:59:28
2385,RAW,Person A,No_Load,0,0,0,0,28.81,2026-10-02T19:59:29
2386,RAW,Person A,No_Load,0,0,0,0,28.81,2026-10-02T19:59:30
2387,AVG10,Person A,No_Load,0.00,0.00,0.00,0.00,28.81,2026-10-02T19:59:30
2388,RAW,Person A,No_Load,0,0,0,0,28.81,2026-10-02T19:59:31
2389,RAW,Person A,No_Load,0,0,0,0,28.81,2026-10-02T19:59:32
2390,RAW,Person A,No_Load,0,0,0,0,28.81,2026-10-02T19:59:33
2391,RAW,Person A,No_Load,0,0,0,0,28.81,2026-10-02T19:59:34
2392,RAW,Person A,No_Load,0,0,0,0,28.81,2026-10-02T19:59:35
2393,RAW,Person A,No_Load,0,0,0,0,28.81,2026-10-02T19:59:36
2394,RAW,Person A,No_Load,0,0,0,0,28.81,2026-10-02T19:59:37
2395,RAW,Person A,No_Load,0,0,0,0,28.81,2026-10-02T19:59:38
2396,RAW,Person A,No_Load,0,0,0,0,28.81,2026-10-02T19:59:39
2397,RAW,Person A,No_Load,0,0,0,0,28.81,2026-10-02T19:59:40
2398,AVG10,Person A,No_Load,0.00,0.00,0.00,0.00,28.81,2026-10-02T19:59:40
2399,RAW,Person A,No_Load,0,0,0,0,28.81,2026-10-02T19:59:41
2400,RAW,Person A,No_Load,0,0,0,0,28.81,2026-10-02T19:59:42
2401,RAW,Person A,No_Load,0,0,0,0,28.81,2026-10-02T19:59:43
2402,RAW,Person A,No_Load,0,0,0,0,28.81,2026-10-02T19:59:44
2403,RAW,Person A,No_Load,0,0,0,0,28.81,2026-10-02T19:59:45
2404,RAW,Person A,No_Load,0,0,0,0,28.81,2026-10-02T19:59:46
2405,RAW,Person A,No_Load,0,0,0,0,28.81,2026-10-02T19:59:47
2406,RAW,Person A,No_Load,0,0,0,0,28.81,2026-10-02T19:59:48
2407,RAW,Person A,No_Load,0,0,0,0,28.81,2026-10-02T19:59:49
2408,RAW,Person A,No_Load,0,0,0,0,28.81,2026-10-02T19:59:50
2409,AVG10,Person A,No_Load,0.00,0.00,0.00,0.00,28.81,2026-10-02T19:59:50
2410,RAW,Person A,No_Load,0,0,0,0,28.81,2026-10-02T19:59:51
2411,RAW,Person A,No_Load,0,0,0,0,28.81,2026-10-02T19:59:52
2412,RAW,Person A,No_Load,0,0,0,0,28.81,2026-10-02T19:59:53
2413,RAW,Person A,No_Load,0,0,0,0,28.81,2026-10-02T19:59:54
2414,RAW,Person A,No_Load,0,0,0,0,28.81,2026-10-02T19:59:55
2415,RAW,Person A,No_Load,0,0,0,0,28.81,2026-10-02T19:59:562416,RAW,Person A,No_Load,0,0,0,0,28.81,2026-10-02T19:59:57
2417,RAW,Person A,No_Load,0,0,0,0,28.81,2026-10-02T19:59:58
2418,RAW,Person A,No_Load,0,0,0,0,28.75,2026-10-02T19:59:59
2419,RAW,Person A,No_Load,0,0,0,0,28.81,2026-10-02T20:00:00
2420,AVG10,Person A,No_Load,0.00,0.00,0.00,0.00,28.81,2026-10-02T20:00:00
2421,RAW,Person A,No_Load,0,0,0,0,28.81,2026-10-02T20:00:01
2422,RAW,Person A,No_Load,0,0,0,0,28.81,2026-10-02T20:00:02
2423,RAW,Person A,No_Load,0,0,0,0,28.81,2026-10-02T20:00:03
2424,RAW,Person A,No_Load,0,0,0,0,28.81,2026-10-02T20:00:04
2425,RAW,Person A,No_Load,0,0,0,0,28.81,2026-10-02T20:00:05
2426,RAW,Person A,No_Load,0,0,0,0,28.81,2026-10-02T20:00:06
2427,RAW,Person A,No_Load,0,0,0,0,28.75,2026-10-02T20:00:07
2428,RAW,Person A,No_Load,0,0,0,0,28.81,2026-10-02T20:00:08
2429,RAW,Person A,No_Load,0,0,0,0,28.75,2026-10-02T20:00:09
2430,RAW,Person A,No_Load,0,0,0,0,28.81,2026-10-02T20:00:10
2431,AVG10,Person A,No_Load,0.00,0.00,0.00,0.00,28.80,2026-10-02T20:00:10
2432,RAW,Person A,No_Load,0,0,0,0,28.81,2026-10-02T20:00:11
2433,RAW,Person A,No_Load,0,0,0,0,28.75,2026-10-02T20:00:12
2434,RAW,Person A,No_Load,0,0,0,0,28.81,2026-10-02T20:00:13
2435,RAW,Person A,No_Load,0,0,0,0,28.75,2026-10-02T20:00:14
2436,RAW,Person A,No_Load,0,0,0,0,28.81,2026-10-02T20:00:15
2437,RAW,Person A,No_Load,0,0,0,0,28.75,2026-10-02T20:00:16
2438,RAW,Person A,No_Load,0,0,0,0,28.81,2026-10-02T20:00:17
2439,RAW,Person A,No_Load,0,0,0,0,28.75,2026-10-02T20:00:18
2440,RAW,Person A,No_Load,0,0,0,0,28.75,2026-10-02T20:00:19
2441,RAW,Person A,No_Load,0,0,0,0,28.75,2026-10-02T20:00:20
2442,AVG10,Person A,No_Load,0.00,0.00,0.00,0.00,28.77,2026-10-02T20:00:20
2443,RAW,Person A,No_Load,0,0,0,0,28.75,2026-10-02T20:00:21
2444,RAW,Person A,No_Load,0,0,0,0,28.75,2026-10-02T20:00:22
2445,RAW,Person A,No_Load,0,0,0,0,28.75,2026-10-02T20:00:23
2446,RAW,Person A,No_Load,0,0,0,0,28.81,2026-10-02T20:00:24
2447,RAW,Person A,No_Load,0,0,0,0,28.75,2026-10-02T20:00:25
2448,RAW,Person A,No_Load,0,0,0,0,28.75,2026-10-02T20:00:26
2449,RAW,Person A,No_Load,0,0,0,0,28.75,2026-10-02T20:00:27
2450,RAW,Person A,No_Load,0,0,0,0,28.81,2026-10-02T20:00:28
2451,RAW,Person A,No_Load,0,0,0,0,28.75,2026-10-02T20:00:29
2452,RAW,Person A,No_Load,0,0,0,0,28.75,2026-10-02T20:00:30
2453,AVG10,Person A,No_Load,0.00,0.00,0.00,0.00,28.76,2026-10-02T20:00:30
2454,RAW,Person A,No_Load,0,0,0,0,28.75,2026-10-02T20:00:31
2455,RAW,Person A,No_Load,0,0,0,0,28.81,2026-10-02T20:00:32
2456,RAW,Person A,No_Load,0,0,0,0,28.75,2026-10-02T20:00:33
2457,RAW,Person A,No_Load,0,0,0,0,28.75,2026-10-02T20:00:34
2458,RAW,Person A,No_Load,0,0,0,0,28.75,2026-10-02T20:00:35
2459,RAW,Person A,No_Load,0,0,0,0,28.75,2026-10-02T20:00:36
2460,RAW,Person A,No_Load,0,0,0,0,28.75,2026-10-02T20:00:37
2461,RAW,Person A,No_Load,0,0,0,0,28.75,2026-10-02T20:00:38
2462,RAW,Person A,No_Load,0,0,0,0,28.75,2026-10-02T20:00:39
2463,RAW,Person A,No_Load,0,0,0,0,28.75,2026-10-02T20:00:40
2464,AVG10,Person A,No_Load,0.00,0.00,0.00,0.00,28.76,2026-10-02T20:00:40
2465,RAW,Person A,No_Load,0,0,0,0,28.75,2026-10-02T20:00:41
2466,RAW,Person A,No_Load,0,0,0,0,28.75,2026-10-02T20:00:42
2467,RAW,Person A,No_Load,0,0,0,0,28.75,2026-10-02T20:00:43
2468,RAW,Person A,No_Load,0,0,0,0,28.75,2026-10-02T20:00:44
2469,RAW,Person A,No_Load,0,0,0,0,28.75,2026-10-02T20:00:45
2470,RAW,Person A,No_Load,0,0,0,0,28.75,2026-10-02T20:00:46
2471,RAW,Person A,No_Load,0,0,0,0,28.75,2026-10-02T20:00:47
2472,RAW,Person A,No_Load,0,0,0,0,28.75,2026-10-02T20:00:48
2473,RAW,Person A,No_Load,0,0,0,0,28.75,2026-10-02T20:00:49
2474,RAW,Person A,No_Load,0,0,0,0,28.75,2026-10-02T20:00:50
2475,AVG10,Person A,No_Load,0.00,0.00,0.00,0.00,28.75,2026-10-02T20:00:50
2476,RAW,Person A,No_Load,0,0,0,0,28.75,2026-10-02T20:00:51
2477,RAW,Person A,No_Load,0,0,0,0,28.75,2026-10-02T20:00:52
2478,RAW,Person A,No_Load,0,0,0,0,28.75,2026-10-02T20:00:53
2479,RAW,Person A,No_Load,0,0,0,0,28.75,2026-10-02T20:00:54
2480,RAW,Person A,No_Load,0,0,0,0,28.75,2026-10-02T20:00:55
2481,RAW,Person A,No_Load,0,0,0,0,28.75,2026-10-02T20:00:56
2482,RAW,Person A,No_Load,0,0,0,0,28.75,2026-10-02T20:00:57
2483,RAW,Person A,No_Load,0,0,0,0,28.75,2026-10-02T20:00:58
2484,RAW,Person A,No_Load,0,0,0,0,28.75,2026-10-02T20:00:59
2485,RAW,Person A,No_Load,0,0,0,0,28.75,2026-10-02T20:01:00
2486,AVG10,Person A,No_Load,0.00,0.00,0.00,0.00,28.75,2026-10-02T20:01:00
2487,RAW,Person A,No_Load,0,0,0,0,28.75,2026-10-02T20:01:01
2488,RAW,Person A,No_Load,0,0,0,0,28.69,2026-10-02T20:01:02
2489,RAW,Person A,No_Load,0,0,0,0,28.75,2026-10-02T20:01:03
2490,RAW,Person A,No_Load,0,0,0,0,28.75,2026-10-02T20:01:04
2491,RAW,Person A,No_Load,0,0,0,0,28.75,2026-10-02T20:01:05
2492,RAW,Person A,No_Load,0,0,0,0,28.75,2026-10-02T20:01:06
2493,RAW,Person A,No_Load,0,0,0,0,28.75,2026-10-02T20:01:07
2494,RAW,Person A,No_Load,0,0,0,0,28.75,2026-10-02T20:01:08
2495,RAW,Person A,No_Load,0,0,0,0,28.75,2026-10-02T20:01:09
2496,RAW,Person A,No_Load,0,0,0,0,28.75,2026-10-02T20:01:10
2497,AVG10,Person A,No_Load,0.00,0.00,0.00,0.00,28.74,2026-10-02T20:01:10
2498,RAW,Person A,No_Load,0,0,0,0,28.75,2026-10-02T20:01:11
2499,RAW,Person A,No_Load,0,0,0,0,28.75,2026-10-02T20:01:12
2500,RAW,Person A,No_Load,0,0,0,0,28.75,2026-10-02T20:01:13
2501,RAW,Person A,No_Load,0,0,0,0,28.75,2026-10-02T20:01:14
2502,RAW,Person A,No_Load,0,0,0,0,28.75,2026-10-02T20:01:15
2503,RAW,Person A,No_Load,0,0,0,0,28.75,2026-10-02T20:01:16
2504,RAW,Person A,No_Load,0,0,0,0,28.75,2026-10-02T20:01:17
2505,RAW,Person A,No_Load,0,0,0,0,28.75,2026-10-02T20:01:18
2506,RAW,Person A,No_Load,0,0,0,0,28.69,2026-10-02T20:01:19
2507,RAW,Person A,No_Load,0,0,0,0,28.75,2026-10-02T20:01:20
2508,AVG10,Person A,No_Load,0.00,0.00,0.00,0.00,28.74,2026-10-02T20:01:20
2509,RAW,Person A,No_Load,0,0,0,0,28.75,2026-10-02T20:01:21
2510,RAW,Person A,No_Load,0,0,0,0,28.75,2026-10-02T20:01:22
2511,RAW,Person A,No_Load,0,0,0,0,28.75,2026-10-02T20:01:23
2512,RAW,Person A,No_Load,0,0,0,0,28.75,2026-10-02T20:01:24
2513,RAW,Person A,No_Load,0,0,0,0,28.69,2026-10-02T20:01:25
2514,RAW,Person A,No_Load,0,0,0,0,28.75,2026-10-02T20:01:26
2515,RAW,Person A,No_Load,0,0,0,0,28.75,2026-10-02T20:01:27
2516,RAW,Person A,No_Load,0,0,0,0,28.75,2026-10-02T20:01:28
2517,RAW,Person A,No_Load,0,0,0,0,28.75,2026-10-02T20:01:29
2518,RAW,Person A,No_Load,0,0,0,0,28.75,2026-10-02T20:01:30
2519,AVG10,Person A,No_Load,0.00,0.00,0.00,0.00,28.74,2026-10-02T20:01:30
2520,RAW,Person A,No_Load,0,0,0,0,28.75,2026-10-02T20:01:31
2521,RAW,Person A,No_Load,0,0,0,0,28.69,2026-10-02T20:01:32
2522,RAW,Person A,No_Load,0,0,0,0,28.69,2026-10-02T20:01:33
2523,RAW,Person A,No_Load,0,0,0,0,28.69,2026-10-02T20:01:34
2524,RAW,Person A,No_Load,0,0,0,0,28.75,2026-10-02T20:01:35
2525,RAW,Person A,No_Load,0,0,0,0,28.75,2026-10-02T20:01:36
2526,RAW,Person A,No_Load,0,0,0,0,28.69,2026-10-02T20:01:37
2527,RAW,Person A,No_Load,0,0,0,0,28.75,2026-10-02T20:01:38
2528,RAW,Person A,No_Load,0,0,0,0,28.75,2026-10-02T20:01:39
2529,RAW,Person A,No_Load,0,0,0,0,28.75,2026-10-02T20:01:40
2530,AVG10,Person A,No_Load,0.00,0.00,0.00,0.00,28.73,2026-10-02T20:01:40
2531,RAW,Person A,No_Load,0,0,0,0,28.75,2026-10-02T20:01:41
2532,RAW,Person A,No_Load,0,0,0,0,28.69,2026-10-02T20:01:42
2533,RAW,Person A,No_Load,0,0,0,0,28.75,2026-10-02T20:01:43
2534,RAW,Person A,No_Load,0,0,0,0,28.69,2026-10-02T20:01:44
2535,RAW,Person A,No_Load,0,0,0,0,28.69,2026-10-02T20:01:45
2536,RAW,Person A,No_Load,0,0,0,0,28.75,2026-10-02T20:01:46
2537,RAW,Person A,No_Load,0,0,0,0,28.69,2026-10-02T20:01:47
2538,RAW,Person A,No_Load,0,0,0,0,28.69,2026-10-02T20:01:48
2539,RAW,Person A,No_Load,0,0,0,0,28.69,2026-10-02T20:01:49
2540,RAW,Person A,No_Load,0,0,0,0,28.75,2026-10-02T20:01:50
2541,AVG10,Person A,No_Load,0.00,0.00,0.00,0.00,28.71,2026-10-02T20:01:50
2542,RAW,Person A,No_Load,0,0,0,0,28.69,2026-10-02T20:01:51
2543,RAW,Person A,No_Load,0,0,0,0,28.75,2026-10-02T20:01:52
2544,RAW,Person A,No_Load,0,0,0,0,28.69,2026-10-02T20:01:53
2545,RAW,Person A,No_Load,0,0,0,0,28.75,2026-10-02T20:01:54
2546,RAW,Person A,No_Load,0,0,0,0,28.75,2026-10-02T20:01:55
2547,RAW,Person A,No_Load,0,0,0,0,28.75,2026-10-02T20:01:56
2548,RAW,Person A,No_Load,0,0,0,0,28.69,2026-10-02T20:01:57
2549,RAW,Person A,No_Load,0,0,0,0,28.75,2026-10-02T20:01:58
2550,RAW,Person A,No_Load,0,0,0,0,28.69,2026-10-02T20:01:59
2551,RAW,Person A,No_Load,0,0,0,0,28.69,2026-10-02T20:02:00
2552,AVG10,Person A,No_Load,0.00,0.00,0.00,0.00,28.72,2026-10-02T20:02:00
2553,RAW,Person A,No_Load,0,0,0,0,28.69,2026-10-02T20:02:01
2554,RAW,Person A,No_Load,0,0,0,0,28.69,2026-10-02T20:02:02
2555,RAW,Person A,No_Load,0,0,0,0,28.69,2026-10-02T20:02:03
2556,RAW,Person A,No_Load,0,0,0,0,28.69,2026-10-02T20:02:04
2557,RAW,Person A,No_Load,0,0,0,0,28.69,2026-10-02T20:02:05
2558,RAW,Person A,No_Load,0,0,0,0,28.69,2026-10-02T20:02:06
2559,RAW,Person A,No_Load,0,0,0,0,28.69,2026-10-02T20:02:07
2560,RAW,Person A,No_Load,0,0,0,0,28.69,2026-10-02T20:02:08
2561,RAW,Person A,No_Load,0,0,0,0,28.69,2026-10-02T20:02:09
2562,RAW,Person A,No_Load,0,0,0,0,28.69,2026-10-02T20:02:10
2563,AVG10,Person A,No_Load,0.00,0.00,0.00,0.00,28.69,2026-10-02T20:02:10
2564,RAW,Person A,No_Load,0,0,0,0,28.69,2026-10-02T20:02:11
2565,RAW,Person A,No_Load,0,0,0,0,28.69,2026-10-02T20:02:12
2566,RAW,Person A,No_Load,0,0,0,0,28.69,2026-10-02T20:02:13
2567,RAW,Person A,No_Load,0,0,0,0,28.69,2026-10-02T20:02:14
2568,RAW,Person A,No_Load,0,0,0,0,28.69,2026-10-02T20:02:15
2569,RAW,Person A,No_Load,0,0,0,0,28.69,2026-10-02T20:02:16
2570,RAW,Person A,No_Load,0,0,0,0,28.69,2026-10-02T20:02:17
2605,RAW,Person A,Walking,3719,2603,4095,4095,29.06,2026-10-02T20:02:49
2606,RAW,Person A,Walking,3773,1905,3065,0,29.06,2026-10-02T20:02:50
2607,AVG10,Person A,Walking,3215.30,1017.30,3582.50,1226.50,28.94,2026-10-02T20:02:50
2608,RAW,Person A,Walking,0,0,0,0,29.12,2026-10-02T20:02:51
2609,RAW,Person A,Walking,0,0,0,0,29.12,2026-10-02T20:02:52
2610,RAW,Person A,Walking,4095,0,4095,0,29.19,2026-10-02T20:02:53
2611,RAW,Person A,Walking,4095,3649,4095,4095,29.19,2026-10-02T20:02:54
2612,RAW,Person A,Walking,4095,2559,4095,0,29.25,2026-10-02T20:02:55
2613,RAW,Person A,Walking,0,0,0,0,29.25,2026-10-02T20:02:56
2614,RAW,Person A,Walking,0,0,0,0,29.31,2026-10-02T20:02:57
2615,RAW,Person A,Walking,0,0,0,0,29.37,2026-10-02T20:02:58
2616,RAW,Person A,Walking,4095,0,4095,0,29.44,2026-10-02T20:02:59
2617,RAW,Person A,Walking,4095,3495,4095,4095,29.44,2026-10-02T20:03:00
2618,AVG10,Person A,Walking,2047.50,970.30,2047.50,819.00,29.27,2026-10-02T20:03:00
2619,RAW,Person A,Walking,4095,1746,4095,4095,29.50,2026-10-02T20:03:01
2620,RAW,Person A,Walking,4095,2276,4095,4095,29.50,2026-10-02T20:03:02
2621,RAW,Person A,Walking,4095,1900,4095,0,29.56,2026-10-02T20:03:03
2622,RAW,Person A,Walking,0,0,0,0,29.56,2026-10-02T20:03:04
2623,RAW,Person A,Walking,0,0,0,0,29.56,2026-10-02T20:03:05
2624,RAW,Person A,Walking,0,0,0,0,29.62,2026-10-02T20:03:06
2625,RAW,Person A,Walking,4095,0,4095,4095,29.69,2026-10-02T20:03:07
2626,RAW,Person A,Walking,4095,0,4095,4095,29.69,2026-10-02T20:03:08
2627,RAW,Person A,Walking,4095,2928,4095,4095,29.75,2026-10-02T20:03:09
2628,RAW,Person A,Walking,2697,0,0,0,29.75,2026-10-02T20:03:10
2629,AVG10,Person A,Walking,2726.70,885.00,2457.00,2047.50,29.62,2026-10-02T20:03:10
2630,RAW,Person A,Walking,0,0,0,0,29.81,2026-10-02T20:03:11
2631,RAW,Person A,Walking,4095,0,4095,0,29.81,2026-10-02T20:03:12
2632,RAW,Person A,Walking,4095,3390,4095,4095,29.87,2026-10-02T20:03:13
2633,RAW,Person A,Walking,4095,3233,4095,4095,29.87,2026-10-02T20:03:14
2634,RAW,Person A,Walking,4095,1675,4095,3570,29.94,2026-10-02T20:03:15
2635,RAW,Person A,Walking,3441,0,0,0,29.94,2026-10-02T20:03:16
2636,RAW,Person A,Walking,0,0,0,0,30.00,2026-10-02T20:03:17
2637,RAW,Person A,Walking,0,0,0,0,30.00,2026-10-02T20:03:18
2638,RAW,Person A,Walking,0,0,0,0,30.06,2026-10-02T20:03:19
2639,RAW,Person A,Walking,4095,2477,4095,4095,30.06,2026-10-02T20:03:20
2640,AVG10,Person A,Walking,2391.60,1077.50,2047.50,1585.50,29.94,2026-10-02T20:03:20
2641,RAW,Person A,Walking,4095,3341,4095,0,30.06,2026-10-02T20:03:21
2642,RAW,Person A,Walking,4095,2462,4095,4095,30.12,2026-10-02T20:03:22
2643,RAW,Person A,Walking,4054,150,4095,0,30.12,2026-10-02T20:03:23
2644,RAW,Person A,Walking,0,0,0,0,30.19,2026-10-02T20:03:24
2645,RAW,Person A,Walking,0,0,0,0,30.19,2026-10-02T20:03:25
2646,RAW,Person A,Walking,0,0,0,0,30.25,2026-10-02T20:03:26
2647,RAW,Person A,Walking,4095,0,4095,0,30.25,2026-10-02T20:03:27
2648,RAW,Person A,Walking,4095,2559,4095,4095,30.31,2026-10-02T20:03:28
2649,RAW,Person A,Walking,4095,3521,4095,4095,30.31,2026-10-02T20:03:29
2650,RAW,Person A,Walking,4095,2283,4095,0,30.31,2026-10-02T20:03:30
2651,AVG10,Person A,Walking,2862.40,1431.60,2866.50,1228.50,30.21,2026-10-02T20:03:30
2652,RAW,Person A,Walking,0,0,0,0,30.37,2026-10-02T20:03:31
2653,RAW,Person A,Walking,0,0,0,0,30.37,2026-10-02T20:03:32
2654,RAW,Person A,Walking,4095,2240,4095,3874,30.44,2026-10-02T20:03:33
2655,RAW,Person A,Walking,4095,3453,4095,4095,30.44,2026-10-02T20:03:34
2656,RAW,Person A,Walking,4095,2243,4095,4095,30.50,2026-10-02T20:03:35
2657,RAW,Person A,Walking,0,0,0,0,30.50,2026-10-02T20:03:36
2658,RAW,Person A,Walking,0,0,0,0,30.50,2026-10-02T20:03:37
2659,RAW,Person A,Walking,4095,2645,4095,0,30.50,2026-10-02T20:03:38
2660,RAW,Person A,Walking,4095,3169,4095,4095,30.56,2026-10-02T20:03:39
2661,RAW,Person A,Walking,4095,3254,4095,4095,30.56,2026-10-02T20:03:40
2662,AVG10,Person A,Walking,2457.00,1700.40,2457.00,2025.40,30.48,2026-10-02T20:03:40
2663,RAW,Person A,Walking,3818,0,4008,0,30.62,2026-10-02T20:03:41
2664,RAW,Person A,Walking,0,0,0,0,30.62,2026-10-02T20:03:42
2665,RAW,Person A,Walking,3120,0,4095,0,30.62,2026-10-02T20:03:43
2666,RAW,Person A,Walking,4095,2800,4095,3017,30.62,2026-10-02T20:03:44
2667,RAW,Person A,Walking,4095,3598,4095,4095,30.69,2026-10-02T20:03:45
2668,RAW,Person A,Walking,4095,3205,4095,4095,30.69,2026-10-02T20:03:46
2669,RAW,Person A,Walking,0,0,0,0,30.69,2026-10-02T20:03:47
2670,RAW,Person A,Walking,0,0,0,0,30.75,2026-10-02T20:03:48
2671,RAW,Person A,Walking,4095,0,4095,0,30.75,2026-10-02T20:03:49
2672,RAW,Person A,Walking,4095,3615,4095,4095,30.75,2026-10-02T20:03:50
2673,AVG10,Person A,Walking,2741.30,1321.80,2857.80,1530.20,30.68,2026-10-02T20:03:50
2674,RAW,Person A,Walking,4095,2451,4095,4095,30.81,2026-10-02T20:03:51
2675,RAW,Person A,Walking,3892,1583,3851,0,30.81,2026-10-02T20:03:52
2676,RAW,Person A,Walking,0,0,0,0,30.81,2026-10-02T20:03:53
2677,RAW,Person A,Walking,0,0,0,0,30.81,2026-10-02T20:03:54
2678,RAW,Person A,Walking,3990,0,0,0,30.87,2026-10-02T20:03:55
2679,RAW,Person A,Walking,4095,2739,4095,1129,30.87,2026-10-02T20:03:56
2680,RAW,Person A,Walking,4095,3408,4095,4095,30.87,2026-10-02T20:03:57
2681,RAW,Person A,Walking,4095,1783,4095,4095,30.94,2026-10-02T20:03:58
2682,RAW,Person A,Walking,0,0,0,0,30.94,2026-10-02T20:03:59
2683,RAW,Person A,Walking,0,0,0,0,30.94,2026-10-02T20:04:00
2684,AVG10,Person A,Walking,2426.20,1196.40,2023.10,1341.40,30.87,2026-10-02T20:04:00
2685,RAW,Person A,Walking,4095,0,4095,0,30.94,2026-10-02T20:04:01
2686,RAW,Person A,Walking,4095,3239,4095,4095,31.00,2026-10-02T20:04:02
2687,RAW,Person A,Walking,4095,3243,0,4095,31.00,2026-10-02T20:04:03
2688,RAW,Person A,Walking,4053,2944,4095,4095,31.00,2026-10-02T20:04:04
2689,RAW,Person A,Walking,2386,0,0,0,31.00,2026-10-02T20:04:05
2690,RAW,Person A,Walking,0,0,0,0,31.06,2026-10-02T20:04:06
2691,RAW,Person A,Walking,0,0,0,0,31.06,2026-10-02T20:04:07
2692,RAW,Person A,Walking,1575,0,0,0,31.06,2026-10-02T20:04:08
2693,RAW,Person A,Walking,4095,2897,4095,4095,31.06,2026-10-02T20:04:09
2694,RAW,Person A,Walking,4095,2863,4095,4095,31.06,2026-10-02T20:04:10
2695,AVG10,Person A,Walking,2848.90,1518.60,2047.50,2047.50,31.02,2026-10-02T20:04:10
2696,RAW,Person A,Walking,4095,3511,4086,4095,31.06,2026-10-02T20:04:11
2697,RAW,Person A,Walking,3923,3443,4095,1013,31.12,2026-10-02T20:04:12
2698,RAW,Person A,Walking,0,1904,2800,0,31.12,2026-10-02T20:04:13
2699,RAW,Person A,Walking,0,0,0,0,31.12,2026-10-02T20:04:14
2700,RAW,Person A,Walking,0,0,0,4095,31.19,2026-10-02T20:04:15
2701,RAW,Person A,Walking,4095,3399,0,0,31.19,2026-10-02T20:04:16
2702,RAW,Person A,Walking,4095,3622,4095,4095,31.19,2026-10-02T20:04:17
2703,RAW,Person A,Walking,3337,2597,4095,0,31.19,2026-10-02T20:04:18
2704,RAW,Person A,Walking,0,0,0,0,31.19,2026-10-02T20:04:19
2705,RAW,Person A,Walking,0,0,0,0,31.25,2026-10-02T20:04:20
2706,AVG10,Person A,Walking,1954.50,1847.60,1917.10,1329.80,31.16,2026-10-02T20:04:20
2707,RAW,Person A,Walking,4095,564,4095,3387,31.25,2026-10-02T20:04:21
2708,RAW,Person A,Walking,4095,3402,4095,4095,31.19,2026-10-02T20:04:22
2709,RAW,Person A,Walking,4095,0,4095,0,31.25,2026-10-02T20:04:23
2710,RAW,Person A,Walking,4095,1455,4095,4095,31.25,2026-10-02T20:04:24
2711,RAW,Person A,Walking,3525,0,0,0,31.25,2026-10-02T20:04:25
2712,RAW,Person A,Walking,0,0,0,0,31.31,2026-10-02T20:04:26
2713,RAW,Person A,Walking,0,0,0,0,31.25,2026-10-02T20:04:27
2714,RAW,Person A,Walking,4095,0,0,0,31.31,2026-10-02T20:04:28
2715,RAW,Person A,Walking,4095,3862,4095,4095,31.31,2026-10-02T20:04:29
2716,RAW,Person A,Walking,4095,3580,4095,4095,31.31,2026-10-02T20:04:30
2717,AVG10,Person A,Walking,3219.00,1286.30,2457.00,1976.70,31.27,2026-10-02T20:04:30
2718,RAW,Person A,Walking,3677,0,4095,2623,31.31,2026-10-02T20:04:31
2719,RAW,Person A,Walking,1884,0,0,0,31.31,2026-10-02T20:04:32
2720,RAW,Person A,Walking,0,0,0,0,31.31,2026-10-02T20:04:33
2721,RAW,Person A,Walking,0,0,0,0,31.37,2026-10-02T20:04:34
2722,RAW,Person A,Walking,4095,0,941,0,31.37,2026-10-02T20:04:35
2723,RAW,Person A,Walking,4095,0,0,4095,31.37,2026-10-02T20:04:36
2724,RAW,Person A,Walking,4095,3862,4095,4095,31.37,2026-10-02T20:04:37
2725,RAW,Person A,Walking,4095,3422,4095,4095,31.37,2026-10-02T20:04:38
2726,RAW,Person A,Walking,3703,1569,4095,3962,31.37,2026-10-02T20:04:39
2727,RAW,Person A,Walking,157,0,0,0,31.37,2026-10-02T20:04:40
2728,AVG10,Person A,Walking,2580.10,885.30,1732.10,1887.00,31.36,2026-10-02T20:04:40
2729,RAW,Person A,Walking,0,0,0,0,31.44,2026-10-02T20:04:41
2730,RAW,Person A,Walking,3823,0,0,0,31.44,2026-10-02T20:04:42
2731,RAW,Person A,Walking,4095,3419,3758,0,31.44,2026-10-02T20:04:43
2732,RAW,Person A,Walking,4095,3174,4095,4095,31.44,2026-10-02T20:04:44
2733,RAW,Person A,Walking,4095,0,4095,4095,31.44,2026-10-02T20:04:45
2734,RAW,Person A,Walking,2650,0,0,2704,31.44,2026-10-02T20:04:46
2735,RAW,Person A,Walking,0,0,0,0,31.44,2026-10-02T20:04:47
2736,RAW,Person A,Walking,0,0,0,0,31.44,2026-10-02T20:04:48
2737,RAW,Person A,Walking,4016,0,0,0,31.44,2026-10-02T20:04:49
2738,RAW,Person A,Walking,4095,2213,4095,0,31.50,2026-10-02T20:04:50
2739,AVG10,Person A,Walking,2686.90,880.60,1604.30,1089.40,31.44,2026-10-02T20:04:50
2740,RAW,Person A,Walking,4095,3747,4095,4095,31.50,2026-10-02T20:04:51
2741,RAW,Person A,Walking,4095,0,4095,4095,31.50,2026-10-02T20:04:52
2742,RAW,Person A,Walking,3942,0,4095,0,31.50,2026-10-02T20:04:53
2743,RAW,Person A,Walking,0,0,0,0,31.50,2026-10-02T20:04:54
2744,RAW,Person A,Walking,0,0,0,0,31.56,2026-10-02T20:04:55
2745,RAW,Person A,Walking,4062,0,0,0,31.50,2026-10-02T20:04:56
2746,RAW,Person A,Walking,4095,3643,4095,4095,31.50,2026-10-02T20:04:57
2747,RAW,Person A,Walking,4095,3823,4095,4095,31.56,2026-10-02T20:04:58
2748,RAW,Person A,Walking,4095,3515,4095,4095,31.50,2026-10-02T20:04:59
2749,RAW,Person A,Walking,4031,1561,4095,3383,31.56,2026-10-02T20:05:00
2750,AVG10,Person A,Walking,3251.00,1628.90,2866.50,2385.80,31.52,2026-10-02T20:05:00
2751,RAW,Person A,Walking,0,0,0,0,31.56,2026-10-02T20:05:01
2752,RAW,Person A,Walking,0,0,0,0,31.56,2026-10-02T20:05:02
2753,RAW,Person A,Walking,0,0,0,0,31.56,2026-10-02T20:05:03
2754,RAW,Person A,Walking,4095,3603,4095,4084,31.56,2026-10-02T20:05:04
2755,RAW,Person A,Walking,4095,3186,4095,4095,31.56,2026-10-02T20:05:05
2756,RAW,Person A,Walking,4095,3234,4095,4095,31.56,2026-10-02T20:05:06
2757,RAW,Person A,Walking,4080,1728,4095,1519,31.56,2026-10-02T20:05:07
2758,RAW,Person A,Walking,0,0,0,0,31.62,2026-10-02T20:05:08
2759,RAW,Person A,Walking,0,0,0,0,31.56,2026-10-02T20:05:09
2760,RAW,Person A,Walking,2407,0,0,0,31.62,2026-10-02T20:05:10
2761,AVG10,Person A,Walking,1877.20,1175.10,1638.00,1379.30,31.58,2026-10-02T20:05:10
2762,RAW,Person A,Walking,4095,3503,4095,4003,31.62,2026-10-02T20:05:11
2763,RAW,Person A,Walking,4095,3162,4095,4095,31.62,2026-10-02T20:05:12
2764,RAW,Person A,Walking,4095,2469,4095,4095,31.56,2026-10-02T20:05:13
2765,RAW,Person A,Walking,0,0,0,0,31.56,2026-10-02T20:05:14
2766,RAW,Person A,Walking,0,0,0,0,31.62,2026-10-02T20:05:15
2767,RAW,Person A,Walking,2187,0,4095,0,31.62,2026-10-02T20:05:16
2768,RAW,Person A,Walking,4095,2319,4095,4095,31.62,2026-10-02T20:05:17
2769,RAW,Person A,Walking,4095,3042,4095,4095,31.62,2026-10-02T20:05:18
2770,RAW,Person A,Walking,4095,3735,4095,4095,31.62,2026-10-02T20:05:19
2771,RAW,Person A,Walking,4080,1950,4095,104,31.62,2026-10-02T20:05:20
2772,AVG10,Person A,Walking,3083.70,2018.00,3276.00,2458.20,31.61,2026-10-02T20:05:20
2773,RAW,Person A,Walking,0,0,0,0,31.62,2026-10-02T20:05:21
2774,RAW,Person A,Walking,0,0,0,0,31.62,2026-10-02T20:05:22
2775,RAW,Person A,Walking,4045,0,4095,0,31.62,2026-10-02T20:05:23
2776,RAW,Person A,Walking,4095,1652,4095,4095,31.62,2026-10-02T20:05:24
2777,RAW,Person A,Walking,4095,3101,4095,4095,31.62,2026-10-02T20:05:25
2778,RAW,Person A,Walking,4084,2535,4095,4095,31.62,2026-10-02T20:05:26
2779,RAW,Person A,Walking,2753,0,4095,0,31.62,2026-10-02T20:05:27
2780,RAW,Person A,Walking,0,0,0,0,31.62,2026-10-02T20:05:28
2781,RAW,Person A,Walking,4095,572,4095,3469,31.62,2026-10-02T20:05:29
2782,RAW,Person A,Walking,4095,2311,4095,4095,31.69,2026-10-02T20:05:30
2783,AVG10,Person A,Walking,2726.20,1017.10,2866.50,1984.90,31.63,2026-10-02T20:05:30
2784,RAW,Person A,Walking,4095,3344,4095,4095,31.62,2026-10-02T20:05:31
2785,RAW,Person A,Walking,3607,932,4095,0,31.62,2026-10-02T20:05:32
2786,RAW,Person A,Walking,0,0,0,0,31.62,2026-10-02T20:05:33
2787,RAW,Person A,Walking,0,0,0,0,31.69,2026-10-02T20:05:34
2788,RAW,Person A,Walking,4095,83,4095,0,31.69,2026-10-02T20:05:35
2789,RAW,Person A,Walking,4095,3695,4095,4095,31.69,2026-10-02T20:05:36
2790,RAW,Person A,Walking,4095,1535,4095,4095,31.69,2026-10-02T20:05:37
2791,RAW,Person A,Walking,4095,1636,4095,0,31.69,2026-10-02T20:05:38
2792,RAW,Person A,Walking,0,0,0,0,31.69,2026-10-02T20:05:39
2793,RAW,Person A,Walking,0,0,0,0,31.69,2026-10-02T20:05:40
2794,AVG10,Person A,Walking,2408.20,1122.50,2457.00,1228.50,31.67,2026-10-02T20:05:40
2795,RAW,Person A,Walking,4095,2997,4095,4095,31.69,2026-10-02T20:05:41
2796,RAW,Person A,Walking,4095,3376,4095,4095,31.69,2026-10-02T20:05:42
2797,RAW,Person A,Walking,4095,3504,4095,4095,31.69,2026-10-02T20:05:43
2798,RAW,Person A,Walking,3821,292,4095,0,31.69,2026-10-02T20:05:44
2799,RAW,Person A,Walking,0,0,0,0,31.69,2026-10-02T20:05:45
2800,RAW,Person A,Walking,0,0,0,0,31.69,2026-10-02T20:05:46
2801,RAW,Person A,Walking,4095,0,4095,4095,31.69,2026-10-02T20:05:47
2802,RAW,Person A,Walking,4095,2753,4095,4095,31.69,2026-10-02T20:05:48
2803,RAW,Person A,Walking,4095,3646,4095,4095,31.69,2026-10-02T20:05:49
2804,RAW,Person A,Walking,4095,2673,4095,4095,31.69,2026-10-02T20:05:50
2805,AVG10,Person A,Walking,3248.60,1924.10,3276.00,2866.50,31.69,2026-10-02T20:05:50
2806,RAW,Person A,Walking,2105,369,4095,0,31.69,2026-10-02T20:05:51
2807,RAW,Person A,Walking,0,0,0,0,31.69,2026-10-02T20:05:52
2808,RAW,Person A,Walking,0,0,0,0,31.69,2026-10-02T20:05:53
2809,RAW,Person A,Walking,0,0,0,0,31.75,2026-10-02T20:05:54
2810,RAW,Person A,Walking,3815,0,4067,0,31.69,2026-10-02T20:05:55
2811,RAW,Person A,Walking,3675,0,4095,0,31.69,2026-10-02T20:05:56
2812,RAW,Person A,Walking,4095,3441,4095,4095,31.69,2026-10-02T20:05:57
2813,RAW,Person A,Walking,4095,3606,4095,4095,31.75,2026-10-02T20:05:58
2814,RAW,Person A,Walking,4048,2772,4095,3854,31.69,2026-10-02T20:05:59
2815,RAW,Person A,Walking,3399,0,4095,0,31.69,2026-10-02T20:06:00
2816,AVG10,Person A,Walking,2523.20,1018.80,2863.70,1204.40,31.70,2026-10-02T20:06:00
2817,RAW,Person A,Walking,0,0,0,0,31.69,2026-10-02T20:06:01
2818,RAW,Person A,Walking,0,0,0,0,31.69,2026-10-02T20:06:02
2819,RAW,Person A,Walking,0,0,0,0,31.69,2026-10-02T20:06:03
2820,RAW,Person A,Walking,4095,0,4095,0,31.69,2026-10-02T20:06:04
2821,RAW,Person A,Walking,4095,2889,4095,4095,31.75,2026-10-02T20:06:05
2822,RAW,Person A,Walking,4095,3614,4095,4095,31.75,2026-10-02T20:06:06
2823,RAW,Person A,Walking,4095,2979,4095,4095,31.75,2026-10-02T20:06:07
2824,RAW,Person A,Walking,4095,3122,4095,4095,31.69,2026-10-02T20:06:08
2825,RAW,Person A,Walking,2794,0,2640,0,31.69,2026-10-02T20:06:09
2826,RAW,Person A,Walking,0,0,0,0,31.69,2026-10-02T20:06:10
2827,AVG10,Person A,Walking,2326.90,1260.40,2311.50,1638.00,31.71,2026-10-02T20:06:10
2828,RAW,Person A,Walking,0,0,0,0,31.69,2026-10-02T20:06:11
2829,RAW,Person A,Walking,4095,1941,4095,0,31.75,2026-10-02T20:06:12
2830,RAW,Person A,Walking,4095,778,4095,4095,31.69,2026-10-02T20:06:13
2831,RAW,Person A,Walking,4095,3699,4095,4095,31.69,2026-10-02T20:06:14
2832,RAW,Person A,Walking,4095,2313,4095,3981,31.75,2026-10-02T20:06:15
2833,RAW,Person A,Walking,3637,0,4095,0,31.69,2026-10-02T20:06:16
2834,RAW,Person A,Walking,0,0,0,0,31.69,2026-10-02T20:06:17
2835,RAW,Person A,Walking,0,0,0,0,31.69,2026-10-02T20:06:18
2836,RAW,Person A,Walking,0,3914,4095,0,31.69,2026-10-02T20:06:19
2837,RAW,Person A,Walking,4095,3792,4095,4095,31.69,2026-10-02T20:06:20
2838,AVG10,Person A,Walking,2411.20,1643.70,2866.50,1626.60,31.70,2026-10-02T20:06:20
2839,RAW,Person A,Walking,4095,3799,4095,4095,31.75,2026-10-02T20:06:21
2840,RAW,Person A,Walking,4095,3555,4095,4095,31.69,2026-10-02T20:06:22
2841,RAW,Person A,Walking,4035,0,4095,3459,31.75,2026-10-02T20:06:23
2842,RAW,Person A,Walking,4095,2054,4095,3705,31.75,2026-10-02T20:06:24
2843,RAW,Person A,Walking,0,0,0,0,31.75,2026-10-02T20:06:25
2844,RAW,Person A,Walking,0,0,0,0,31.75,2026-10-02T20:06:26
2845,RAW,Person A,Walking,0,0,0,0,31.75,2026-10-02T20:06:27
2846,RAW,Person A,Walking,4095,0,4095,3283,31.69,2026-10-02T20:06:28
2847,RAW,Person A,Walking,4095,3759,4095,4095,31.69,2026-10-02T20:06:29
2848,RAW,Person A,Walking,4095,802,4095,4095,31.75,2026-10-02T20:06:30
2849,AVG10,Person A,Walking,2860.50,1396.90,2866.50,2682.70,31.73,2026-10-02T20:06:30
2850,RAW,Person A,Walking,4095,3583,4095,4095,31.69,2026-10-02T20:06:31
2851,RAW,Person A,Walking,3070,0,4095,0,31.75,2026-10-02T20:06:32
2852,RAW,Person A,Walking,0,0,0,0,31.75,2026-10-02T20:06:33
2853,RAW,Person A,Walking,2753,0,0,0,31.75,2026-10-02T20:06:34
2854,RAW,Person A,Walking,4095,3583,4095,4040,31.75,2026-10-02T20:06:35
2855,RAW,Person A,Walking,4095,3251,4095,4095,31.75,2026-10-02T20:06:36
2856,RAW,Person A,Walking,4095,3495,4095,4095,31.75,2026-10-02T20:06:37
2857,RAW,Person A,Walking,3551,0,3258,0,31.75,2026-10-02T20:06:38
2858,RAW,Person A,Walking,0,0,0,0,31.75,2026-10-02T20:06:39
2859,RAW,Person A,Walking,0,0,0,0,31.75,2026-10-02T20:06:40
2860,AVG10,Person A,Walking,2575.40,1391.20,2373.30,1632.50,31.74,2026-10-02T20:06:40
2861,RAW,Person A,Walking,4095,0,4095,0,31.75,2026-10-02T20:06:41
2862,RAW,Person A,Walking,4095,3249,4095,4095,31.69,2026-10-02T20:06:42
2863,RAW,Person A,Walking,4095,2309,4095,4095,31.75,2026-10-02T20:06:43
2864,RAW,Person A,Walking,4095,3826,4095,4095,31.75,2026-10-02T20:06:44
2865,RAW,Person A,Walking,4095,3504,4095,4095,31.75,2026-10-02T20:06:45
2866,RAW,Person A,Walking,4095,3149,4095,4095,31.75,2026-10-02T20:06:46
2867,RAW,Person A,Walking,4009,2171,3943,4095,31.75,2026-10-02T20:06:47
2868,RAW,Person A,Walking,0,3726,3907,0,31.75,2026-10-02T20:06:48
2869,RAW,Person A,Walking,0,0,0,0,31.75,2026-10-02T20:06:49
2870,RAW,Person A,Walking,0,0,0,0,31.75,2026-10-02T20:06:50
2871,AVG10,Person A,Walking,2857.90,2193.40,3242.00,2457.00,31.74,2026-10-02T20:06:50
2872,RAW,Person A,Walking,0,0,0,0,31.75,2026-10-02T20:06:51
2873,RAW,Person A,Walking,3839,0,4095,0,31.75,2026-10-02T20:06:52
2874,RAW,Person A,Walking,4095,2157,4095,4095,31.75,2026-10-02T20:06:53
2875,RAW,Person A,Walking,4095,3055,4095,4095,31.75,2026-10-02T20:06:54
2876,RAW,Person A,Walking,4095,3543,4095,4095,31.75,2026-10-02T20:06:55
2877,RAW,Person A,Walking,4095,3559,4095,4095,31.75,2026-10-02T20:06:56
2878,RAW,Person A,Walking,4095,3040,4095,4077,31.75,2026-10-02T20:06:57
2879,RAW,Person A,Walking,3577,301,2159,0,31.75,2026-10-02T20:06:58
2880,RAW,Person A,Walking,2496,0,0,0,31.75,2026-10-02T20:06:59
2881,RAW,Person A,Walking,0,0,0,0,31.75,2026-10-02T20:07:00
2882,AVG10,Person A,Walking,3038.70,1565.50,2672.90,2045.70,31.75,2026-10-02T20:07:00
2883,RAW,Person A,Walking,0,0,0,0,31.75,2026-10-02T20:07:01
2884,RAW,Person A,Walking,0,0,0,0,31.75,2026-10-02T20:07:02
2885,RAW,Person A,Walking,3664,0,2345,0,31.75,2026-10-02T20:07:03
2886,RAW,Person A,Walking,4095,2864,4095,0,31.75,2026-10-02T20:07:04
2887,RAW,Person A,Walking,4095,3568,4095,4095,31.75,2026-10-02T20:07:05
2888,RAW,Person A,Walking,4095,3799,4095,4095,31.75,2026-10-02T20:07:06
2889,RAW,Person A,Walking,4095,3735,4095,4095,31.75,2026-10-02T20:07:07
2890,RAW,Person A,Walking,4095,3762,4095,4095,31.75,2026-10-02T20:07:08
2891,RAW,Person A,Walking,4014,3319,4095,4033,31.81,2026-10-02T20:07:09
2892,RAW,Person A,Walking,0,3349,4095,0,31.75,2026-10-02T20:07:10
2893,AVG10,Person A,Walking,2815.30,2439.60,3101.00,2041.30,31.76,2026-10-02T20:07:10
2894,RAW,Person A,Walking,0,0,0,0,31.75,2026-10-02T20:07:11
2895,RAW,Person A,Walking,0,0,0,0,31.75,2026-10-02T20:07:12
2896,RAW,Person A,Walking,0,0,0,0,31.75,2026-10-02T20:07:13
2897,RAW,Person A,Walking,0,0,0,0,31.75,2026-10-02T20:07:14
2898,RAW,Person A,Walking,0,0,0,0,31.75,2026-10-02T20:07:15
2899,RAW,Person A,Walking,3317,833,4095,0,31.75,2026-10-02T20:07:16
2900,RAW,Person A,Walking,4095,3664,4095,3455,31.75,2026-10-02T20:07:17
2901,RAW,Person A,Walking,4095,3323,4095,2845,31.75,2026-10-02T20:07:18
2902,RAW,Person A,Walking,4095,3763,4095,4095,31.75,2026-10-02T20:07:19
2903,RAW,Person A,Walking,4095,3856,4095,4095,31.75,2026-10-02T20:07:20
2904,AVG10,Person A,Walking,1969.70,1543.90,2047.50,1449.00,31.75,2026-10-02T20:07:20
2905,RAW,Person A,Walking,4095,3915,4095,4095,31.75,2026-10-02T20:07:21
2906,RAW,Person A,Walking,4095,3867,4095,4095,31.75,2026-10-02T20:07:22
2907,RAW,Person A,Walking,4095,3917,4095,4095,31.75,2026-10-02T20:07:23
2908,RAW,Person A,Walking,4095,3642,4095,4095,31.75,2026-10-02T20:07:24
2909,RAW,Person A,Walking,4095,3184,4095,3911,31.75,2026-10-02T20:07:25
2910,RAW,Person A,Walking,4095,3504,4095,1694,31.75,2026-10-02T20:07:26
2911,RAW,Person A,Walking,3963,3345,4095,0,31.75,2026-10-02T20:07:27
2912,RAW,Person A,Walking,2298,1264,4095,0,31.81,2026-10-02T20:07:28
2913,RAW,Person A,Walking,0,0,0,0,31.75,2026-10-02T20:07:29
2914,RAW,Person A,Walking,0,0,0,0,31.75,2026-10-02T20:07:30
2915,AVG10,Person A,Walking,3083.10,2663.80,3276.00,2198.50,31.76,2026-10-02T20:07:30
2916,RAW,Person A,Walking,0,0,0,0,31.75,2026-10-02T20:07:31
2917,RAW,Person A,Walking,4095,792,4095,0,31.81,2026-10-02T20:07:32
2918,RAW,Person A,Walking,4095,3359,4095,4095,31.75,2026-10-02T20:07:33
2919,RAW,Person A,Walking,4095,3725,4095,4095,31.81,2026-10-02T20:07:34
2920,RAW,Person A,Walking,4095,3570,4095,4095,31.75,2026-10-02T20:07:35
2921,RAW,Person A,Walking,4095,2660,4095,3997,31.75,2026-10-02T20:07:36
2922,RAW,Person A,Walking,3880,988,4095,0,31.75,2026-10-02T20:07:37
2923,RAW,Person A,Walking,1054,0,0,0,31.75,2026-10-02T20:07:38
2924,RAW,Person A,Walking,0,0,0,0,31.75,2026-10-02T20:07:39
2925,RAW,Person A,Walking,0,0,0,0,31.81,2026-10-02T20:07:40
2926,AVG10,Person A,Walking,2540.90,1509.40,2457.00,1628.20,31.77,2026-10-02T20:07:40
2927,RAW,Person A,Walking,0,0,0,0,31.81,2026-10-02T20:07:41
2928,RAW,Person A,Walking,3792,0,4095,0,31.75,2026-10-02T20:07:42
2929,RAW,Person A,Walking,4095,3359,4095,4095,31.81,2026-10-02T20:07:43
2930,RAW,Person A,Walking,4095,3666,4095,4095,31.81,2026-10-02T20:07:44
2931,RAW,Person A,Walking,4095,3670,4095,4095,31.81,2026-10-02T20:07:45
2932,RAW,Person A,Walking,4095,3831,4095,4095,31.75,2026-10-02T20:07:46
2933,RAW,Person A,Walking,4095,3024,4095,3818,31.75,2026-10-02T20:07:47
2934,RAW,Person A,Walking,3888,3344,4095,4095,31.81,2026-10-02T20:07:48
2972,RAW,Person A,Toe_Pressure,4095,2835,0,4095,31.56,2026-10-02T20:08:22
2973,RAW,Person A,Toe_Pressure,4095,2018,0,4095,31.56,2026-10-02T20:08:23
2974,RAW,Person A,Toe_Pressure,0,0,0,0,31.56,2026-10-02T20:08:24
2975,RAW,Person A,Toe_Pressure,4095,2930,0,4095,31.56,2026-10-02T20:08:25
2976,RAW,Person A,Toe_Pressure,4095,0,0,4095,31.56,2026-10-02T20:08:26
2977,RAW,Person A,Toe_Pressure,4095,3003,0,4095,31.56,2026-10-02T20:08:27
2978,RAW,Person A,Toe_Pressure,4095,2928,0,4095,31.62,2026-10-02T20:08:28
2979,RAW,Person A,Toe_Pressure,4095,3141,0,4095,31.56,2026-10-02T20:08:29
2980,RAW,Person A,Toe_Pressure,4095,2875,0,4095,31.62,2026-10-02T20:08:30
2981,AVG10,Person A,Toe_Pressure,3685.50,2268.70,0.00,3685.50,31.58,2026-10-02T20:08:30
2982,RAW,Person A,Toe_Pressure,4095,2444,0,4095,31.62,2026-10-02T20:08:31
2983,RAW,Person A,Toe_Pressure,4095,3056,0,4095,31.56,2026-10-02T20:08:32
2984,RAW,Person A,Toe_Pressure,4095,3378,0,4095,31.62,2026-10-02T20:08:33
2985,RAW,Person A,Toe_Pressure,4095,1136,0,4095,31.62,2026-10-02T20:08:34
2986,RAW,Person A,Toe_Pressure,4095,1755,0,4095,31.62,2026-10-02T20:08:35
2987,RAW,Person A,Toe_Pressure,4095,2529,0,4095,31.62,2026-10-02T20:08:36
2988,RAW,Person A,Toe_Pressure,4095,2689,0,4095,31.62,2026-10-02T20:08:37
2989,RAW,Person A,Toe_Pressure,4095,2612,0,4095,31.62,2026-10-02T20:08:38
2990,RAW,Person A,Toe_Pressure,4095,2021,0,4095,31.62,2026-10-02T20:08:39
2991,RAW,Person A,Toe_Pressure,4095,2225,0,4095,31.62,2026-10-02T20:08:40
2992,AVG10,Person A,Toe_Pressure,4095.00,2384.50,0.00,4095.00,31.62,2026-10-02T20:08:40
2993,RAW,Person A,Toe_Pressure,4095,2247,0,4095,31.62,2026-10-02T20:08:41
2994,RAW,Person A,Toe_Pressure,4095,2219,0,4095,31.62,2026-10-02T20:08:42
2995,RAW,Person A,Toe_Pressure,4095,2316,0,4095,31.62,2026-10-02T20:08:43
2996,RAW,Person A,Toe_Pressure,4095,0,0,0,31.62,2026-10-02T20:08:44
2997,RAW,Person A,Toe_Pressure,4095,0,0,0,31.62,2026-10-02T20:08:45
2998,RAW,Person A,Toe_Pressure,4095,3197,0,4095,31.62,2026-10-02T20:08:46
2999,RAW,Person A,Toe_Pressure,4095,2995,0,4095,31.62,2026-10-02T20:08:47
3000,RAW,Person A,Toe_Pressure,4095,2031,0,4095,31.62,2026-10-02T20:08:48
3001,RAW,Person A,Toe_Pressure,4095,685,0,4095,31.69,2026-10-02T20:08:49
3002,RAW,Person A,Toe_Pressure,4095,710,0,4095,31.69,2026-10-02T20:08:50
3003,AVG10,Person A,Toe_Pressure,4095.00,1640.00,0.00,3276.00,31.64,2026-10-02T20:08:50
3004,RAW,Person A,Toe_Pressure,4095,695,0,4095,31.69,2026-10-02T20:08:51
3005,RAW,Person A,Toe_Pressure,4095,624,0,4095,31.62,2026-10-02T20:08:52
3006,RAW,Person A,Toe_Pressure,4095,1095,0,4095,31.69,2026-10-02T20:08:53
3007,RAW,Person A,Toe_Pressure,4095,579,0,4095,31.62,2026-10-02T20:08:54
3008,RAW,Person A,Toe_Pressure,4095,1373,0,4095,31.69,2026-10-02T20:08:55
3009,RAW,Person A,Toe_Pressure,4095,1456,0,4095,31.69,2026-10-02T20:08:56
3010,RAW,Person A,Toe_Pressure,4095,1430,0,4095,31.69,2026-10-02T20:08:57
3011,RAW,Person A,Toe_Pressure,4095,1776,0,4095,31.69,2026-10-02T20:08:58
3012,RAW,Person A,Toe_Pressure,4095,1770,0,4095,31.69,2026-10-02T20:08:59
3013,RAW,Person A,Toe_Pressure,4095,1424,0,4095,31.69,2026-10-02T20:09:00
3014,AVG10,Person A,Toe_Pressure,4095.00,1222.20,0.00,4095.00,31.67,2026-10-02T20:09:00
3015,RAW,Person A,Toe_Pressure,4095,1655,0,4095,31.69,2026-10-02T20:09:01
3016,RAW,Person A,Toe_Pressure,4095,1382,0,4095,31.69,2026-10-02T20:09:02
3017,RAW,Person A,Toe_Pressure,4095,1137,0,4095,31.69,2026-10-02T20:09:03
3018,RAW,Person A,Toe_Pressure,4095,1369,0,4095,31.69,2026-10-02T20:09:04
3019,RAW,Person A,Toe_Pressure,4095,575,0,4095,31.69,2026-10-02T20:09:05
3020,RAW,Person A,Toe_Pressure,4095,593,0,4095,31.69,2026-10-02T20:09:06
3021,RAW,Person A,Toe_Pressure,4095,2346,0,4095,31.69,2026-10-02T20:09:07
3022,RAW,Person A,Toe_Pressure,4095,2230,0,4095,31.69,2026-10-02T20:09:08
3023,RAW,Person A,Toe_Pressure,4095,1825,0,4095,31.69,2026-10-02T20:09:09
3024,RAW,Person A,Toe_Pressure,4095,1714,0,4095,31.69,2026-10-02T20:09:10
3025,AVG10,Person A,Toe_Pressure,4095.00,1482.60,0.00,4095.00,31.69,2026-10-02T20:09:10
3026,RAW,Person A,Toe_Pressure,4095,1680,0,4095,31.75,2026-10-02T20:09:11
3027,RAW,Person A,Toe_Pressure,4095,1712,0,4095,31.75,2026-10-02T20:09:12
3028,RAW,Person A,Toe_Pressure,4095,1653,0,4095,31.69,2026-10-02T20:09:13
3029,RAW,Person A,Toe_Pressure,4095,2059,0,4095,31.69,2026-10-02T20:09:14
3030,RAW,Person A,Toe_Pressure,4095,2147,0,4095,31.75,2026-10-02T20:09:15
3031,RAW,Person A,Toe_Pressure,4095,2023,0,4095,31.75,2026-10-02T20:09:16
3032,RAW,Person A,Toe_Pressure,4095,1135,0,4095,31.75,2026-10-02T20:09:17
3033,RAW,Person A,Toe_Pressure,4095,1718,0,4095,31.69,2026-10-02T20:09:18
3034,RAW,Person A,Toe_Pressure,4095,2007,0,4095,31.75,2026-10-02T20:09:19
3035,RAW,Person A,Toe_Pressure,4095,1338,0,4095,31.75,2026-10-02T20:09:20
3036,AVG10,Person A,Toe_Pressure,4095.00,1747.20,0.00,4095.00,31.73,2026-10-02T20:09:20
3037,RAW,Person A,Toe_Pressure,4095,731,0,4095,31.75,2026-10-02T20:09:21
3038,RAW,Person A,Toe_Pressure,4095,928,0,4095,31.75,2026-10-02T20:09:22
3039,RAW,Person A,Toe_Pressure,4095,1631,0,4095,31.75,2026-10-02T20:09:23
3040,RAW,Person A,Toe_Pressure,4095,555,0,4095,31.75,2026-10-02T20:09:24
3041,RAW,Person A,Toe_Pressure,4095,1313,0,4095,31.75,2026-10-02T20:09:25
3042,RAW,Person A,Toe_Pressure,4095,981,0,4095,31.75,2026-10-02T20:09:26
3043,RAW,Person A,Toe_Pressure,4095,944,0,4095,31.75,2026-10-02T20:09:27
3044,RAW,Person A,Toe_Pressure,4095,1179,0,4095,31.75,2026-10-02T20:09:28
3045,RAW,Person A,Toe_Pressure,4095,1075,0,4095,31.75,2026-10-02T20:09:29
3046,RAW,Person A,Toe_Pressure,4095,0,0,3370,31.75,2026-10-02T20:09:30
3047,AVG10,Person A,Toe_Pressure,4095.00,933.70,0.00,4022.50,31.75,2026-10-02T20:09:30
3048,RAW,Person A,Toe_Pressure,3778,0,0,0,31.75,2026-10-02T20:09:31
3049,RAW,Person A,Toe_Pressure,3495,0,0,0,31.75,2026-10-02T20:09:32
3050,RAW,Person A,Toe_Pressure,4095,2047,0,4095,31.75,2026-10-02T20:09:33
3051,RAW,Person A,Toe_Pressure,4095,1251,0,3961,31.75,2026-10-02T20:09:34
3052,RAW,Person A,Toe_Pressure,4095,0,0,0,31.75,2026-10-02T20:09:35
3053,RAW,Person A,Toe_Pressure,4095,2866,0,4095,31.75,2026-10-02T20:09:36
3054,RAW,Person A,Toe_Pressure,4095,346,0,0,31.75,2026-10-02T20:09:37
3055,RAW,Person A,Toe_Pressure,4095,2618,0,0,31.75,2026-10-02T20:09:38
3056,RAW,Person A,Toe_Pressure,2294,3982,0,4095,31.75,2026-10-02T20:09:39
3057,RAW,Person A,Toe_Pressure,4095,3621,0,4095,31.75,2026-10-02T20:09:40
3058,AVG10,Person A,Toe_Pressure,3823.20,1673.10,0.00,2034.10,31.75,2026-10-02T20:09:40
3059,RAW,Person A,Toe_Pressure,4095,3147,0,4095,31.81,2026-10-02T20:09:41
3060,RAW,Person A,Toe_Pressure,3530,3283,0,4095,31.81,2026-10-02T20:09:42
3061,RAW,Person A,Toe_Pressure,4095,3263,0,4095,31.81,2026-10-02T20:09:43
3062,RAW,Person A,Toe_Pressure,4095,3429,0,4095,31.81,2026-10-02T20:09:44
3063,RAW,Person A,Toe_Pressure,4095,3199,0,0,31.75,2026-10-02T20:09:45
3064,RAW,Person A,Toe_Pressure,4095,3501,0,4095,31.81,2026-10-02T20:09:46
3065,RAW,Person A,Toe_Pressure,4095,3143,0,4095,31.75,2026-10-02T20:09:47
3066,RAW,Person A,Toe_Pressure,3984,3178,0,4095,31.81,2026-10-02T20:09:48
3067,RAW,Person A,Toe_Pressure,4095,3375,0,4095,31.81,2026-10-02T20:09:49
3068,RAW,Person A,Toe_Pressure,4095,3206,0,4095,31.81,2026-10-02T20:09:50
3069,AVG10,Person A,Toe_Pressure,4027.40,3272.40,0.00,3685.50,31.80,2026-10-02T20:09:50
3070,RAW,Person A,Toe_Pressure,4095,2595,0,0,31.81,2026-10-02T20:09:51
3071,RAW,Person A,Toe_Pressure,4095,3023,0,4095,31.81,2026-10-02T20:09:52
3072,RAW,Person A,Toe_Pressure,4095,3344,0,4095,31.81,2026-10-02T20:09:53
3073,RAW,Person A,Toe_Pressure,4095,2710,0,4095,31.81,2026-10-02T20:09:54
3074,RAW,Person A,Toe_Pressure,4095,2841,0,4095,31.81,2026-10-02T20:09:55
3075,RAW,Person A,Toe_Pressure,4095,3583,0,4095,31.81,2026-10-02T20:09:56
3076,RAW,Person A,Toe_Pressure,4095,3071,0,4095,31.81,2026-10-02T20:09:57
3077,RAW,Person A,Toe_Pressure,4095,3091,0,4095,31.81,2026-10-02T20:09:58
3078,RAW,Person A,Toe_Pressure,4095,2710,0,4095,31.81,2026-10-02T20:09:59
3079,RAW,Person A,Toe_Pressure,4095,3351,0,4095,31.81,2026-10-02T20:10:00
3080,AVG10,Person A,Toe_Pressure,4095.00,3031.90,0.00,3685.50,31.81,2026-10-02T20:10:00
3081,RAW,Person A,Toe_Pressure,4095,3671,0,2309,31.81,2026-10-02T20:10:01
3082,RAW,Person A,Toe_Pressure,4095,3455,0,4095,31.81,2026-10-02T20:10:02
3083,RAW,Person A,Toe_Pressure,4095,3555,0,4095,31.81,2026-10-02T20:10:03
3084,RAW,Person A,Toe_Pressure,4095,3613,0,4095,31.81,2026-10-02T20:10:04
3085,RAW,Person A,Toe_Pressure,4095,3466,0,4095,31.81,2026-10-02T20:10:05
3086,RAW,Person A,Toe_Pressure,4095,3555,0,4095,31.81,2026-10-02T20:10:06
3087,RAW,Person A,Toe_Pressure,4048,3456,0,4095,31.81,2026-10-02T20:10:07
3088,RAW,Person A,Toe_Pressure,4095,328,0,0,31.81,2026-10-02T20:10:08
3089,RAW,Person A,Toe_Pressure,4095,2787,0,0,31.81,2026-10-02T20:10:09
3090,RAW,Person A,Toe_Pressure,3994,0,0,4095,31.87,2026-10-02T20:10:10
3091,AVG10,Person A,Toe_Pressure,4080.20,2788.60,0.00,3097.40,31.82,2026-10-02T20:10:10
3092,RAW,Person A,Toe_Pressure,4095,3639,0,4095,31.81,2026-10-02T20:10:11
3093,RAW,Person A,Toe_Pressure,3991,0,0,0,31.87,2026-10-02T20:10:12
3094,RAW,Person A,Toe_Pressure,4095,0,0,0,31.87,2026-10-02T20:10:13
3095,RAW,Person A,Toe_Pressure,4095,327,0,3686,31.87,2026-10-02T20:10:14
3096,RAW,Person A,Toe_Pressure,4087,2973,0,4095,31.87,2026-10-02T20:10:15
3097,RAW,Person A,Toe_Pressure,4095,528,0,4095,31.87,2026-10-02T20:10:16
3098,RAW,Person A,Toe_Pressure,4095,1657,0,4095,31.87,2026-10-02T20:10:17
3099,RAW,Person A,Toe_Pressure,4095,931,0,4095,31.87,2026-10-02T20:10:18
3100,RAW,Person A,Toe_Pressure,4095,1769,0,4095,31.87,2026-10-02T20:10:19
3101,RAW,Person A,Toe_Pressure,4095,2213,0,0,31.87,2026-10-02T20:10:20
3102,AVG10,Person A,Toe_Pressure,4083.80,1403.70,0.00,2825.60,31.87,2026-10-02T20:10:20
3103,RAW,Person A,Toe_Pressure,4095,2710,0,4095,31.87,2026-10-02T20:10:21
3104,RAW,Person A,Toe_Pressure,4095,2559,0,4095,31.87,2026-10-02T20:10:22
3105,RAW,Person A,Toe_Pressure,4095,2130,0,4095,31.87,2026-10-02T20:10:23
3106,RAW,Person A,Toe_Pressure,4095,2001,0,4095,31.87,2026-10-02T20:10:24
3107,RAW,Person A,Toe_Pressure,4095,2061,0,4095,31.87,2026-10-02T20:10:25
3108,RAW,Person A,Toe_Pressure,4095,1991,0,4095,31.87,2026-10-02T20:10:26
3109,RAW,Person A,Toe_Pressure,4095,2395,0,4095,31.87,2026-10-02T20:10:27
3110,RAW,Person A,Toe_Pressure,4095,2445,0,4095,31.87,2026-10-02T20:10:28
3111,RAW,Person A,Toe_Pressure,4095,2786,0,4095,31.87,2026-10-02T20:10:29
3112,RAW,Person A,Toe_Pressure,4095,0,0,0,31.87,2026-10-02T20:10:30
3113,AVG10,Person A,Toe_Pressure,4095.00,2107.80,0.00,3685.50,31.87,2026-10-02T20:10:30
3114,RAW,Person A,Toe_Pressure,4095,3762,0,0,31.87,2026-10-02T20:10:31
3115,RAW,Person A,Toe_Pressure,4095,3323,0,0,31.87,2026-10-02T20:10:32
3116,RAW,Person A,Toe_Pressure,4095,3083,0,4095,31.87,2026-10-02T20:10:33
3117,RAW,Person A,Toe_Pressure,4095,3600,0,4095,31.87,2026-10-02T20:10:34
3118,RAW,Person A,Toe_Pressure,4095,2916,0,0,31.87,2026-10-02T20:10:35
3119,RAW,Person A,Toe_Pressure,4095,3722,0,4095,31.87,2026-10-02T20:10:36
3120,RAW,Person A,Toe_Pressure,4095,3349,0,4095,31.87,2026-10-02T20:10:37
3121,RAW,Person A,Toe_Pressure,4095,2793,0,4034,31.87,2026-10-02T20:10:38
3122,RAW,Person A,Toe_Pressure,4095,1869,0,3881,31.87,2026-10-02T20:10:39
3123,RAW,Person A,Toe_Pressure,4095,2474,0,3920,31.87,2026-10-02T20:10:40
3124,AVG10,Person A,Toe_Pressure,4095.00,3089.10,0.00,2821.50,31.87,2026-10-02T20:10:40
3125,RAW,Person A,Toe_Pressure,4095,2502,0,3931,31.87,2026-10-02T20:10:41
3126,RAW,Person A,Toe_Pressure,4095,2442,0,3834,31.94,2026-10-02T20:10:42
3127,RAW,Person A,Toe_Pressure,4095,2687,0,2122,31.87,2026-10-02T20:10:43
3128,RAW,Person A,Toe_Pressure,4095,554,0,2551,31.94,2026-10-02T20:10:44
3129,RAW,Person A,Toe_Pressure,4095,2103,0,3278,31.87,2026-10-02T20:10:45
3130,RAW,Person A,Toe_Pressure,4095,2699,0,3694,31.87,2026-10-02T20:10:46
3131,RAW,Person A,Toe_Pressure,4095,2681,0,3807,31.87,2026-10-02T20:10:47
3132,RAW,Person A,Toe_Pressure,4095,2761,0,3735,31.94,2026-10-02T20:10:48
3133,RAW,Person A,Toe_Pressure,4095,2639,0,3772,31.94,2026-10-02T20:10:49
3134,RAW,Person A,Toe_Pressure,4095,3148,0,0,31.87,2026-10-02T20:10:50
3135,AVG10,Person A,Toe_Pressure,4095.00,2421.60,0.00,3072.40,31.90,2026-10-02T20:10:50
3136,RAW,Person A,Toe_Pressure,4095,3198,0,4095,31.94,2026-10-02T20:10:51
3137,RAW,Person A,Toe_Pressure,4095,3066,0,4087,31.87,2026-10-02T20:10:52
3138,RAW,Person A,Toe_Pressure,4095,3125,0,3849,31.87,2026-10-02T20:10:53
3139,RAW,Person A,Toe_Pressure,4095,2935,0,4059,31.94,2026-10-02T20:10:54
3140,RAW,Person A,Toe_Pressure,4095,2957,0,0,31.94,2026-10-02T20:10:55
3141,RAW,Person A,Toe_Pressure,4095,2938,0,4095,31.94,2026-10-02T20:10:56
3142,RAW,Person A,Toe_Pressure,4095,3101,0,4086,31.94,2026-10-02T20:10:57
3143,RAW,Person A,Toe_Pressure,4095,3071,0,4016,31.87,2026-10-02T20:10:58
3144,RAW,Person A,Toe_Pressure,4095,3184,0,4095,31.94,2026-10-02T20:10:59
3145,RAW,Person A,Toe_Pressure,4095,3152,0,4095,31.94,2026-10-02T20:11:00
3146,AVG10,Person A,Toe_Pressure,4095.00,3072.70,0.00,3647.70,31.92,2026-10-02T20:11:00
3147,RAW,Person A,Toe_Pressure,4095,3167,0,4095,31.94,2026-10-02T20:11:01
3148,RAW,Person A,Toe_Pressure,4095,3345,0,4095,31.94,2026-10-02T20:11:02
3149,RAW,Person A,Toe_Pressure,4095,2207,0,3823,31.94,2026-10-02T20:11:03
3150,RAW,Person A,Toe_Pressure,4095,1489,0,3583,31.94,2026-10-02T20:11:04
3151,RAW,Person A,Toe_Pressure,4095,2499,0,0,31.94,2026-10-02T20:11:05
3152,RAW,Person A,Toe_Pressure,4095,3063,0,4095,31.87,2026-10-02T20:11:06
3153,RAW,Person A,Toe_Pressure,4095,3546,0,0,31.94,2026-10-02T20:11:07
3154,RAW,Person A,Toe_Pressure,4095,3238,0,4095,31.94,2026-10-02T20:11:08
3155,RAW,Person A,Toe_Pressure,4095,2714,0,4095,31.94,2026-10-02T20:11:09
3156,RAW,Person A,Toe_Pressure,4095,2778,0,4095,31.94,2026-10-02T20:11:10
3157,AVG10,Person A,Toe_Pressure,4095.00,2804.60,0.00,3197.60,31.93,2026-10-02T20:11:10
3158,RAW,Person A,Toe_Pressure,4095,3154,0,4095,31.94,2026-10-02T20:11:11
3159,RAW,Person A,Toe_Pressure,4095,2627,0,4095,31.94,2026-10-02T20:11:12
3160,RAW,Person A,Toe_Pressure,4095,2272,0,3885,31.94,2026-10-02T20:11:13
3161,RAW,Person A,Toe_Pressure,4095,2416,0,4095,31.94,2026-10-02T20:11:14
3162,RAW,Person A,Toe_Pressure,4095,3063,0,4095,31.94,2026-10-02T20:11:15
3163,RAW,Person A,Toe_Pressure,4095,2723,0,4095,31.94,2026-10-02T20:11:16
3164,RAW,Person A,Toe_Pressure,4095,2903,0,4095,31.94,2026-10-02T20:11:17
3165,RAW,Person A,Toe_Pressure,4095,2832,0,3901,31.94,2026-10-02T20:11:18
3166,RAW,Person A,Toe_Pressure,4095,2439,0,3534,31.94,2026-10-02T20:11:19
3167,RAW,Person A,Toe_Pressure,4095,2889,0,3918,31.94,2026-10-02T20:11:20
3168,AVG10,Person A,Toe_Pressure,4095.00,2731.80,0.00,3980.80,31.94,2026-10-02T20:11:20
3169,RAW,Person A,Toe_Pressure,4095,2369,0,3598,31.94,2026-10-02T20:11:21
3170,RAW,Person A,Toe_Pressure,4095,542,0,0,31.94,2026-10-02T20:11:22
3171,RAW,Person A,Toe_Pressure,4095,2538,0,4091,31.94,2026-10-02T20:11:23
3172,RAW,Person A,Toe_Pressure,4095,1777,0,346,31.94,2026-10-02T20:11:24
3173,RAW,Person A,Toe_Pressure,4095,3306,0,4095,31.94,2026-10-02T20:11:25
3174,RAW,Person A,Toe_Pressure,4095,1294,0,2665,31.94,2026-10-02T20:11:26
3175,RAW,Person A,Toe_Pressure,4095,2542,0,3984,31.94,2026-10-02T20:11:27
3176,RAW,Person A,Toe_Pressure,4095,1901,0,4095,31.94,2026-10-02T20:11:28
3177,RAW,Person A,Toe_Pressure,4095,3269,0,4095,31.94,2026-10-02T20:11:29
3178,RAW,Person A,Toe_Pressure,4095,3024,0,4095,31.94,2026-10-02T20:11:30
3179,AVG10,Person A,Toe_Pressure,4095.00,2256.20,0.00,3106.40,31.94,2026-10-02T20:11:30
3180,RAW,Person A,Toe_Pressure,4095,2211,0,4095,31.94,2026-10-02T20:11:31
3181,RAW,Person A,Toe_Pressure,4095,1535,0,4095,31.94,2026-10-02T20:11:32
3182,RAW,Person A,Toe_Pressure,4095,902,0,3895,31.94,2026-10-02T20:11:33
3183,RAW,Person A,Toe_Pressure,0,3888,0,4095,31.94,2026-10-02T20:11:34
3184,RAW,Person A,Toe_Pressure,4095,3099,0,4095,31.94,2026-10-02T20:11:35
3185,RAW,Person A,Toe_Pressure,4095,3087,0,4095,31.94,2026-10-02T20:11:36
3186,RAW,Person A,Toe_Pressure,4095,2845,0,4095,31.94,2026-10-02T20:11:37
3187,RAW,Person A,Toe_Pressure,4095,2279,0,4095,31.94,2026-10-02T20:11:38
3188,RAW,Person A,Toe_Pressure,4095,2941,0,4095,31.94,2026-10-02T20:11:39
3189,RAW,Person A,Toe_Pressure,4095,483,0,3697,31.94,2026-10-02T20:11:40
3190,AVG10,Person A,Toe_Pressure,3685.50,2327.00,0.00,4035.20,31.94,2026-10-02T20:11:40
3191,RAW,Person A,Toe_Pressure,4095,2915,0,4095,31.94,2026-10-02T20:11:41
3192,RAW,Person A,Toe_Pressure,4095,2651,0,0,31.94,2026-10-02T20:11:42
3193,RAW,Person A,Toe_Pressure,4095,2522,0,4095,31.94,2026-10-02T20:11:43
3194,RAW,Person A,Toe_Pressure,4095,485,0,4095,31.94,2026-10-02T20:11:44
3195,RAW,Person A,Toe_Pressure,4095,0,0,4095,31.94,2026-10-02T20:11:45
3196,RAW,Person A,Toe_Pressure,4095,2247,0,4095,31.94,2026-10-02T20:11:46
3197,RAW,Person A,Toe_Pressure,4095,2523,0,4095,31.94,2026-10-02T20:11:47
3198,RAW,Person A,Toe_Pressure,4095,1034,0,0,31.94,2026-10-02T20:11:48
3199,RAW,Person A,Toe_Pressure,3923,3402,0,4095,31.94,2026-10-02T20:11:49
3200,RAW,Person A,Toe_Pressure,4057,3383,0,4095,31.94,2026-10-02T20:11:50
3201,AVG10,Person A,Toe_Pressure,4074.00,2116.20,0.00,3276.00,31.94,2026-10-02T20:11:50
3202,RAW,Person A,Toe_Pressure,4095,3329,0,4095,31.94,2026-10-02T20:11:51
3203,RAW,Person A,Toe_Pressure,4095,3305,0,4095,31.94,2026-10-02T20:11:52
3204,RAW,Person A,Toe_Pressure,4095,3210,0,4095,31.94,2026-10-02T20:11:53
3205,RAW,Person A,Toe_Pressure,4095,3299,0,4095,31.94,2026-10-02T20:11:54
3206,RAW,Person A,Toe_Pressure,4095,3307,0,4095,31.94,2026-10-02T20:11:55
3207,RAW,Person A,Toe_Pressure,3998,3195,0,4095,31.94,2026-10-02T20:11:56
3208,RAW,Person A,Toe_Pressure,4095,3233,0,4095,31.94,2026-10-02T20:11:57
3209,RAW,Person A,Toe_Pressure,4095,3338,0,4095,31.94,2026-10-02T20:11:58
3210,RAW,Person A,Toe_Pressure,4095,3345,0,4095,31.94,2026-10-02T20:11:59
3211,RAW,Person A,Toe_Pressure,4095,3328,0,4095,31.94,2026-10-02T20:12:00
3212,AVG10,Person A,Toe_Pressure,4085.30,3288.90,0.00,4095.00,31.94,2026-10-02T20:12:00
3213,RAW,Person A,Toe_Pressure,4095,3071,0,4095,31.94,2026-10-02T20:12:01
3214,RAW,Person A,Toe_Pressure,4095,3212,0,4095,31.94,2026-10-02T20:12:02
3215,RAW,Person A,Toe_Pressure,4095,3119,0,4095,31.94,2026-10-02T20:12:03
3216,RAW,Person A,Toe_Pressure,4095,2611,0,4095,31.94,2026-10-02T20:12:04
3217,RAW,Person A,Toe_Pressure,3919,3130,0,4095,31.94,2026-10-02T20:12:05
3218,RAW,Person A,Toe_Pressure,4081,2992,0,4095,31.94,2026-10-02T20:12:06
3219,RAW,Person A,Toe_Pressure,4095,3006,0,4095,31.94,2026-10-02T20:12:07
3220,RAW,Person A,Toe_Pressure,4095,3060,0,4095,31.94,2026-10-02T20:12:08
3221,RAW,Person A,Toe_Pressure,4095,2864,0,4095,31.94,2026-10-02T20:12:09
3222,RAW,Person A,Toe_Pressure,4095,3071,0,4095,31.94,2026-10-02T20:12:10
3223,AVG10,Person A,Toe_Pressure,4076.00,3013.60,0.00,4095.00,31.94,2026-10-02T20:12:10
3224,RAW,Person A,Toe_Pressure,4095,2992,0,4095,31.94,2026-10-02T20:12:11
3225,RAW,Person A,Toe_Pressure,4095,3071,0,4095,31.94,2026-10-02T20:12:12
3226,RAW,Person A,Toe_Pressure,4095,2826,0,4095,31.94,2026-10-02T20:12:13
3227,RAW,Person A,Toe_Pressure,4095,3035,0,4095,31.94,2026-10-02T20:12:14
3228,RAW,Person A,Toe_Pressure,4095,2928,0,4095,31.94,2026-10-02T20:12:15
3229,RAW,Person A,Toe_Pressure,4095,3408,0,4084,32.00,2026-10-02T20:12:16
3230,RAW,Person A,Toe_Pressure,4095,2455,0,0,31.94,2026-10-02T20:12:17
3231,RAW,Person A,Toe_Pressure,4095,2523,0,4095,32.00,2026-10-02T20:12:18
3232,RAW,Person A,Toe_Pressure,4095,2604,0,4095,31.94,2026-10-02T20:12:19
3233,RAW,Person A,Toe_Pressure,4095,2630,0,4095,31.94,2026-10-02T20:12:20
3234,AVG10,Person A,Toe_Pressure,4095.00,2847.20,0.00,3684.40,31.95,2026-10-02T20:12:20
3235,RAW,Person A,Toe_Pressure,4095,2484,0,4095,31.94,2026-10-02T20:12:21
3236,RAW,Person A,Toe_Pressure,4095,2551,0,4095,31.94,2026-10-02T20:12:22
3237,RAW,Person A,Toe_Pressure,4095,0,0,2709,31.94,2026-10-02T20:12:23
3238,RAW,Person A,Toe_Pressure,4095,3715,0,4095,32.00,2026-10-02T20:12:24
3239,RAW,Person A,Toe_Pressure,4095,2267,0,4095,31.94,2026-10-02T20:12:25
3240,RAW,Person A,Toe_Pressure,4095,3136,0,3826,31.94,2026-10-02T20:12:26
3241,RAW,Person A,Toe_Pressure,4095,3154,0,0,31.94,2026-10-02T20:12:27
3242,RAW,Person A,Toe_Pressure,3981,0,0,0,31.94,2026-10-02T20:12:28
3243,RAW,Person A,Toe_Pressure,4061,0,0,0,31.94,2026-10-02T20:12:29
3244,RAW,Person A,Toe_Pressure,3993,0,0,0,31.94,2026-10-02T20:12:30
3245,AVG10,Person A,Toe_Pressure,4070.00,1730.70,0.00,2291.50,31.94,2026-10-02T20:12:30
3246,RAW,Person A,Toe_Pressure,0,3098,0,4095,31.94,2026-10-02T20:12:31
3247,RAW,Person A,Toe_Pressure,2832,3280,0,2800,31.94,2026-10-02T20:12:32
3248,RAW,Person A,Toe_Pressure,2559,3712,0,4095,31.94,2026-10-02T20:12:33
3249,RAW,Person A,Toe_Pressure,4075,3521,0,4017,31.94,2026-10-02T20:12:34
3250,RAW,Person A,Toe_Pressure,4095,3303,0,4095,31.94,2026-10-02T20:12:35
3251,RAW,Person A,Toe_Pressure,4095,3543,0,4095,32.00,2026-10-02T20:12:36
3252,RAW,Person A,Toe_Pressure,4095,3186,0,4095,31.94,2026-10-02T20:12:37
3253,RAW,Person A,Toe_Pressure,4095,3065,0,4095,31.94,2026-10-02T20:12:38
3254,RAW,Person A,Toe_Pressure,4095,3275,0,4095,32.00,2026-10-02T20:12:39
3255,RAW,Person A,Toe_Pressure,4095,3061,0,4095,31.94,2026-10-02T20:12:40
3256,AVG10,Person A,Toe_Pressure,3403.60,3304.40,0.00,3957.70,31.95,2026-10-02T20:12:40
3257,RAW,Person A,Toe_Pressure,4095,3277,0,4095,32.00,2026-10-02T20:12:41
3258,RAW,Person A,Toe_Pressure,4095,3333,0,4095,32.00,2026-10-02T20:12:42
3259,RAW,Person A,Toe_Pressure,4095,3264,0,4095,31.94,2026-10-02T20:12:43
3260,RAW,Person A,Toe_Pressure,4095,3361,0,4095,31.94,2026-10-02T20:12:44
3261,RAW,Person A,Toe_Pressure,4095,3056,0,4095,31.94,2026-10-02T20:12:45
3262,RAW,Person A,Toe_Pressure,4095,3280,0,4095,31.94,2026-10-02T20:12:46
3263,RAW,Person A,Toe_Pressure,4095,3267,0,4095,32.00,2026-10-02T20:12:47
3264,RAW,Person A,Toe_Pressure,4095,3445,0,4095,32.00,2026-10-02T20:12:48
3265,RAW,Person A,Toe_Pressure,4095,3299,0,4095,32.00,2026-10-02T20:12:49
3266,RAW,Person A,Toe_Pressure,4095,3238,0,4095,32.00,2026-10-02T20:12:50
3267,AVG10,Person A,Toe_Pressure,4095.00,3282.00,0.00,4095.00,31.98,2026-10-02T20:12:50
3268,RAW,Person A,Toe_Pressure,4095,3266,0,4095,31.94,2026-10-02T20:12:51
3269,RAW,Person A,Toe_Pressure,4095,3299,0,4095,32.00,2026-10-02T20:12:52
3270,RAW,Person A,Toe_Pressure,4095,3463,0,4095,32.00,2026-10-02T20:12:53
3271,RAW,Person A,Toe_Pressure,4095,3326,0,4095,31.94,2026-10-02T20:12:54
3272,RAW,Person A,Toe_Pressure,4095,3489,0,4095,31.94,2026-10-02T20:12:55
3273,RAW,Person A,Toe_Pressure,4095,3411,0,4095,31.94,2026-10-02T20:12:56
3274,RAW,Person A,Toe_Pressure,4095,3301,0,4095,32.00,2026-10-02T20:12:57
3275,RAW,Person A,Toe_Pressure,4085,3386,0,4080,32.00,2026-10-02T20:12:58
3276,RAW,Person A,Toe_Pressure,4095,3333,0,4095,31.94,2026-10-02T20:12:59
3277,RAW,Person A,Toe_Pressure,4095,3394,0,4095,31.94,2026-10-02T20:13:00
3278,AVG10,Person A,Toe_Pressure,4094.00,3366.80,0.00,4093.50,31.96,2026-10-02T20:13:00
3279,RAW,Person A,Toe_Pressure,4095,3459,0,4095,31.94,2026-10-02T20:13:01
3280,RAW,Person A,Toe_Pressure,4095,3423,0,4095,32.00,2026-10-02T20:13:02
3281,RAW,Person A,Toe_Pressure,4095,3451,0,4095,32.00,2026-10-02T20:13:03
3282,RAW,Person A,Toe_Pressure,4095,3471,0,4095,32.00,2026-10-02T20:13:04
3283,RAW,Person A,Toe_Pressure,4095,3469,0,4095,32.00,2026-10-02T20:13:05
3284,RAW,Person A,Toe_Pressure,4095,3479,0,4095,32.00,2026-10-02T20:13:06
3285,RAW,Person A,Toe_Pressure,4095,3440,0,4095,32.00,2026-10-02T20:13:07
3286,RAW,Person A,Toe_Pressure,4095,3541,0,4095,32.00,2026-10-02T20:13:08
3287,RAW,Person A,Toe_Pressure,4095,3563,0,4095,31.94,2026-10-02T20:13:09
3288,RAW,Person A,Toe_Pressure,4095,3632,0,4095,32.00,2026-10-02T20:13:10
3289,AVG10,Person A,Toe_Pressure,4095.00,3492.80,0.00,4095.00,31.99,2026-10-02T20:13:10
3290,RAW,Person A,Toe_Pressure,4095,3551,0,4095,32.00,2026-10-02T20:13:11
3291,RAW,Person A,Toe_Pressure,4095,3520,0,4095,32.00,2026-10-02T20:13:12
3292,RAW,Person A,Toe_Pressure,4095,3622,0,4095,32.00,2026-10-02T20:13:13
3293,RAW,Person A,Toe_Pressure,4095,3696,0,4095,32.00,2026-10-02T20:13:14
3294,RAW,Person A,Toe_Pressure,4095,3636,0,4095,32.00,2026-10-02T20:13:15
3295,RAW,Person A,Toe_Pressure,4095,3645,0,4095,32.00,2026-10-02T20:13:16
3296,RAW,Person A,Toe_Pressure,4095,3653,0,4095,32.00,2026-10-02T20:13:17
3297,RAW,Person A,Toe_Pressure,4095,3647,0,4095,32.00,2026-10-02T20:13:18
3298,RAW,Person A,Toe_Pressure,4095,3632,0,4095,32.00,2026-10-02T20:13:19
3299,RAW,Person A,Toe_Pressure,4095,3655,0,4095,32.00,2026-10-02T20:13:20
3300,AVG10,Person A,Toe_Pressure,4095.00,3625.70,0.00,4095.00,32.00,2026-10-02T20:13:20
3323,RAW,Person A,Heel_Pressure,0,0,4095,0,31.87,2026-10-02T20:13:41
3324,RAW,Person A,Heel_Pressure,0,0,4095,0,31.81,2026-10-02T20:13:42
3325,RAW,Person A,Heel_Pressure,0,0,4095,0,31.87,2026-10-02T20:13:43
3326,RAW,Person A,Heel_Pressure,0,0,4095,0,31.81,2026-10-02T20:13:44
3327,RAW,Person A,Heel_Pressure,0,0,4095,0,31.81,2026-10-02T20:13:45
3328,RAW,Person A,Heel_Pressure,0,0,4095,0,31.81,2026-10-02T20:13:46
3329,RAW,Person A,Heel_Pressure,0,0,4095,0,31.81,2026-10-02T20:13:47
3330,RAW,Person A,Heel_Pressure,847,0,4095,0,31.81,2026-10-02T20:13:48
3331,RAW,Person A,Heel_Pressure,1646,0,4095,0,31.81,2026-10-02T20:13:49
3332,RAW,Person A,Heel_Pressure,52,0,4095,0,31.81,2026-10-02T20:13:50
3333,AVG10,Person A,Heel_Pressure,254.50,0.00,4095.00,0.00,31.83,2026-10-02T20:13:50
3334,RAW,Person A,Heel_Pressure,0,0,4095,0,31.75,2026-10-02T20:13:51
3335,RAW,Person A,Heel_Pressure,0,0,4095,0,31.81,2026-10-02T20:13:52
3336,RAW,Person A,Heel_Pressure,0,0,4095,0,31.75,2026-10-02T20:13:53
3337,RAW,Person A,Heel_Pressure,0,0,4095,0,31.75,2026-10-02T20:13:54
3338,RAW,Person A,Heel_Pressure,0,0,4095,0,31.75,2026-10-02T20:13:55
3339,RAW,Person A,Heel_Pressure,0,0,4095,0,31.75,2026-10-02T20:13:56
3340,RAW,Person A,Heel_Pressure,0,0,4095,0,31.75,2026-10-02T20:13:57
3341,RAW,Person A,Heel_Pressure,0,0,4095,0,31.75,2026-10-02T20:13:58
3342,RAW,Person A,Heel_Pressure,0,1702,4095,0,31.69,2026-10-02T20:13:59
3343,RAW,Person A,Heel_Pressure,0,0,4095,0,31.75,2026-10-02T20:14:00
3344,AVG10,Person A,Heel_Pressure,0.00,170.20,4095.00,0.00,31.75,2026-10-02T20:14:00
3345,RAW,Person A,Heel_Pressure,0,0,4095,0,31.75,2026-10-02T20:14:01
3346,RAW,Person A,Heel_Pressure,0,208,4095,0,31.75,2026-10-02T20:14:02
3347,RAW,Person A,Heel_Pressure,0,0,4095,0,31.69,2026-10-02T20:14:03
3348,RAW,Person A,Heel_Pressure,0,66,4095,0,31.75,2026-10-02T20:14:04
3349,RAW,Person A,Heel_Pressure,0,0,4095,0,31.69,2026-10-02T20:14:05
3350,RAW,Person A,Heel_Pressure,0,0,4095,0,31.75,2026-10-02T20:14:06
3351,RAW,Person A,Heel_Pressure,0,0,4095,0,31.75,2026-10-02T20:14:07
3352,RAW,Person A,Heel_Pressure,0,0,4095,0,31.75,2026-10-02T20:14:08
3353,RAW,Person A,Heel_Pressure,0,0,4095,0,31.75,2026-10-02T20:14:09
3354,RAW,Person A,Heel_Pressure,0,0,4095,0,31.69,2026-10-02T20:14:10
3355,AVG10,Person A,Heel_Pressure,0.00,27.40,4095.00,0.00,31.73,2026-10-02T20:14:10
3356,RAW,Person A,Heel_Pressure,0,0,4095,0,31.75,2026-10-02T20:14:11
3357,RAW,Person A,Heel_Pressure,0,0,4095,0,31.69,2026-10-02T20:14:12
3358,RAW,Person A,Heel_Pressure,263,0,4095,0,31.75,2026-10-02T20:14:13
3359,RAW,Person A,Heel_Pressure,52,0,4095,0,31.69,2026-10-02T20:14:14
3360,RAW,Person A,Heel_Pressure,0,0,4095,0,31.69,2026-10-02T20:14:15
3361,RAW,Person A,Heel_Pressure,2067,0,4095,0,31.75,2026-10-02T20:14:16
3362,RAW,Person A,Heel_Pressure,1896,0,4095,0,31.69,2026-10-02T20:14:17
3363,RAW,Person A,Heel_Pressure,1761,0,4095,0,31.75,2026-10-02T20:14:18
3364,RAW,Person A,Heel_Pressure,2787,0,4095,0,31.75,2026-10-02T20:14:19
3365,RAW,Person A,Heel_Pressure,0,0,4095,0,31.69,2026-10-02T20:14:20
3366,AVG10,Person A,Heel_Pressure,882.60,0.00,4095.00,0.00,31.72,2026-10-02T20:14:20
3367,RAW,Person A,Heel_Pressure,4079,0,0,0,31.75,2026-10-02T20:14:21
3368,RAW,Person A,Heel_Pressure,0,0,4095,0,31.69,2026-10-02T20:14:22
3369,RAW,Person A,Heel_Pressure,0,0,4095,0,31.75,2026-10-02T20:14:23
3370,RAW,Person A,Heel_Pressure,2381,0,4095,0,31.69,2026-10-02T20:14:24
3371,RAW,Person A,Heel_Pressure,1577,0,4095,0,31.69,2026-10-02T20:14:25
3372,RAW,Person A,Heel_Pressure,0,0,4095,0,31.69,2026-10-02T20:14:26
3373,RAW,Person A,Heel_Pressure,0,0,4095,0,31.69,2026-10-02T20:14:27
3374,RAW,Person A,Heel_Pressure,1183,0,4095,0,31.69,2026-10-02T20:14:28
3375,RAW,Person A,Heel_Pressure,0,0,4095,0,31.69,2026-10-02T20:14:29
3376,RAW,Person A,Heel_Pressure,2465,0,4095,0,31.69,2026-10-02T20:14:30
3377,AVG10,Person A,Heel_Pressure,1168.50,0.00,3685.50,0.00,31.70,2026-10-02T20:14:30
3378,RAW,Person A,Heel_Pressure,0,0,4095,0,31.69,2026-10-02T20:14:31
3379,RAW,Person A,Heel_Pressure,656,0,4095,0,31.69,2026-10-02T20:14:32
3380,RAW,Person A,Heel_Pressure,2336,0,4095,0,31.62,2026-10-02T20:14:33
3381,RAW,Person A,Heel_Pressure,2477,0,4095,0,31.62,2026-10-02T20:14:34
3382,RAW,Person A,Heel_Pressure,2443,0,4095,0,31.62,2026-10-02T20:14:35
3383,RAW,Person A,Heel_Pressure,2687,0,4095,0,31.62,2026-10-02T20:14:36
3384,RAW,Person A,Heel_Pressure,2688,0,4095,0,31.69,2026-10-02T20:14:37
3385,RAW,Person A,Heel_Pressure,2556,0,4095,0,31.62,2026-10-02T20:14:38
3386,RAW,Person A,Heel_Pressure,2157,0,4095,0,31.62,2026-10-02T20:14:39
3387,RAW,Person A,Heel_Pressure,2623,0,4095,0,31.62,2026-10-02T20:14:40
3388,AVG10,Person A,Heel_Pressure,2062.30,0.00,4095.00,0.00,31.64,2026-10-02T20:14:40
3389,RAW,Person A,Heel_Pressure,2689,0,4095,0,31.62,2026-10-02T20:14:41
3390,RAW,Person A,Heel_Pressure,2559,0,4095,0,31.62,2026-10-02T20:14:42
3391,RAW,Person A,Heel_Pressure,2883,0,4095,0,31.62,2026-10-02T20:14:43
3392,RAW,Person A,Heel_Pressure,2672,0,4095,0,31.56,2026-10-02T20:14:44
3393,RAW,Person A,Heel_Pressure,2943,0,4095,0,31.62,2026-10-02T20:14:45
3394,RAW,Person A,Heel_Pressure,3056,0,4095,0,31.62,2026-10-02T20:14:46
3395,RAW,Person A,Heel_Pressure,3133,0,4095,0,31.56,2026-10-02T20:14:47
3396,RAW,Person A,Heel_Pressure,3152,0,4095,0,31.62,2026-10-02T20:14:48
3397,RAW,Person A,Heel_Pressure,3089,0,4095,0,31.56,2026-10-02T20:14:49
3398,RAW,Person A,Heel_Pressure,3097,0,4095,0,31.56,2026-10-02T20:14:50
3399,AVG10,Person A,Heel_Pressure,2927.30,0.00,4095.00,0.00,31.60,2026-10-02T20:14:50
3400,RAW,Person A,Heel_Pressure,1746,0,4095,0,31.56,2026-10-02T20:14:51
3401,RAW,Person A,Heel_Pressure,2139,0,4095,0,31.56,2026-10-02T20:14:52
3402,RAW,Person A,Heel_Pressure,3216,0,4095,0,31.56,2026-10-02T20:14:53
3403,RAW,Person A,Heel_Pressure,2422,0,4095,0,31.56,2026-10-02T20:14:54
3404,RAW,Person A,Heel_Pressure,2795,0,4095,0,31.56,2026-10-02T20:14:55
3405,RAW,Person A,Heel_Pressure,0,0,4095,0,31.50,2026-10-02T20:14:56
3406,RAW,Person A,Heel_Pressure,3059,0,4095,0,31.56,2026-10-02T20:14:57
3407,RAW,Person A,Heel_Pressure,2294,0,4095,0,31.50,2026-10-02T20:14:58
3408,RAW,Person A,Heel_Pressure,3527,0,4095,0,31.50,2026-10-02T20:14:59
3409,RAW,Person A,Heel_Pressure,3495,0,4095,0,31.50,2026-10-02T20:15:00
3410,AVG10,Person A,Heel_Pressure,2469.30,0.00,4095.00,0.00,31.54,2026-10-02T20:15:00
3411,RAW,Person A,Heel_Pressure,3380,0,4095,0,31.56,2026-10-02T20:15:01
3412,RAW,Person A,Heel_Pressure,3266,0,4095,0,31.50,2026-10-02T20:15:02
3413,RAW,Person A,Heel_Pressure,2763,0,4095,0,31.50,2026-10-02T20:15:03
3414,RAW,Person A,Heel_Pressure,3456,0,4095,0,31.50,2026-10-02T20:15:04
3415,RAW,Person A,Heel_Pressure,0,0,4095,0,31.50,2026-10-02T20:15:05
3416,RAW,Person A,Heel_Pressure,0,0,4095,0,31.50,2026-10-02T20:15:06
3417,RAW,Person A,Heel_Pressure,0,0,4095,0,31.50,2026-10-02T20:15:07
3418,RAW,Person A,Heel_Pressure,0,0,4095,0,31.50,2026-10-02T20:15:08
3419,RAW,Person A,Heel_Pressure,0,0,4095,0,31.50,2026-10-02T20:15:09
3420,RAW,Person A,Heel_Pressure,0,0,4095,0,31.50,2026-10-02T20:15:10
3421,AVG10,Person A,Heel_Pressure,1286.50,0.00,4095.00,0.00,31.51,2026-10-02T20:15:10
3422,RAW,Person A,Heel_Pressure,0,0,4095,0,31.50,2026-10-02T20:15:11
3423,RAW,Person A,Heel_Pressure,0,0,4095,0,31.50,2026-10-02T20:15:12
3424,RAW,Person A,Heel_Pressure,976,0,4095,0,31.50,2026-10-02T20:15:13
3425,RAW,Person A,Heel_Pressure,1687,0,4095,0,31.44,2026-10-02T20:15:14
3426,RAW,Person A,Heel_Pressure,702,0,4095,0,31.50,2026-10-02T20:15:15
3427,RAW,Person A,Heel_Pressure,0,0,4095,0,31.50,2026-10-02T20:15:16
3428,RAW,Person A,Heel_Pressure,0,0,4095,0,31.44,2026-10-02T20:15:17
3429,RAW,Person A,Heel_Pressure,0,0,4095,0,31.50,2026-10-02T20:15:18
3430,RAW,Person A,Heel_Pressure,0,0,4095,0,31.44,2026-10-02T20:15:19
3431,RAW,Person A,Heel_Pressure,0,0,4095,0,31.44,2026-10-02T20:15:20
3432,AVG10,Person A,Heel_Pressure,336.50,0.00,4095.00,0.00,31.48,2026-10-02T20:15:20
3433,RAW,Person A,Heel_Pressure,208,0,4095,0,31.44,2026-10-02T20:15:21
3434,RAW,Person A,Heel_Pressure,0,0,4095,0,31.44,2026-10-02T20:15:22
3435,RAW,Person A,Heel_Pressure,0,0,4095,0,31.44,2026-10-02T20:15:23
3436,RAW,Person A,Heel_Pressure,525,0,4095,0,31.44,2026-10-02T20:15:24
3437,RAW,Person A,Heel_Pressure,0,0,4095,0,31.44,2026-10-02T20:15:25
3438,RAW,Person A,Heel_Pressure,0,0,4095,0,31.44,2026-10-02T20:15:26
3439,RAW,Person A,Heel_Pressure,0,0,4095,0,31.44,2026-10-02T20:15:27
3440,RAW,Person A,Heel_Pressure,0,0,4095,0,31.44,2026-10-02T20:15:28
3441,RAW,Person A,Heel_Pressure,0,0,4095,0,31.44,2026-10-02T20:15:29
3442,RAW,Person A,Heel_Pressure,0,0,4095,0,31.37,2026-10-02T20:15:30
3443,AVG10,Person A,Heel_Pressure,73.30,0.00,4095.00,0.00,31.43,2026-10-02T20:15:30
3444,RAW,Person A,Heel_Pressure,0,0,4095,0,31.44,2026-10-02T20:15:31
3445,RAW,Person A,Heel_Pressure,0,0,4095,0,31.44,2026-10-02T20:15:32
3446,RAW,Person A,Heel_Pressure,0,0,4095,0,31.37,2026-10-02T20:15:33
3447,RAW,Person A,Heel_Pressure,0,0,4095,0,31.37,2026-10-02T20:15:34
3448,RAW,Person A,Heel_Pressure,624,0,4095,0,31.37,2026-10-02T20:15:35
3449,RAW,Person A,Heel_Pressure,0,0,4095,0,31.37,2026-10-02T20:15:36
3450,RAW,Person A,Heel_Pressure,1283,0,4095,0,31.37,2026-10-02T20:15:37
3451,RAW,Person A,Heel_Pressure,2530,0,4095,0,31.37,2026-10-02T20:15:38
3452,RAW,Person A,Heel_Pressure,2559,0,4095,0,31.37,2026-10-02T20:15:39
3453,RAW,Person A,Heel_Pressure,2251,0,4095,0,31.37,2026-10-02T20:15:40
3454,AVG10,Person A,Heel_Pressure,924.70,0.00,4095.00,0.00,31.39,2026-10-02T20:15:40
3455,RAW,Person A,Heel_Pressure,2656,0,4095,0,31.37,2026-10-02T20:15:41
3456,RAW,Person A,Heel_Pressure,2730,0,4095,0,31.31,2026-10-02T20:15:42
3457,RAW,Person A,Heel_Pressure,2610,0,4095,0,31.37,2026-10-02T20:15:43
3458,RAW,Person A,Heel_Pressure,2709,0,4095,0,31.37,2026-10-02T20:15:44
3459,RAW,Person A,Heel_Pressure,2534,0,4095,0,31.31,2026-10-02T20:15:45
3460,RAW,Person A,Heel_Pressure,0,0,4095,0,31.37,2026-10-02T20:15:46
3461,RAW,Person A,Heel_Pressure,0,0,4095,0,31.37,2026-10-02T20:15:47
3462,RAW,Person A,Heel_Pressure,2808,0,4095,0,31.37,2026-10-02T20:15:48
3463,RAW,Person A,Heel_Pressure,1959,0,4095,0,31.31,2026-10-02T20:15:49
3464,RAW,Person A,Heel_Pressure,1952,0,4095,0,31.31,2026-10-02T20:15:50
3465,AVG10,Person A,Heel_Pressure,1995.80,0.00,4095.00,0.00,31.35,2026-10-02T20:15:50
3466,RAW,Person A,Heel_Pressure,0,0,4095,0,31.31,2026-10-02T20:15:51
3467,RAW,Person A,Heel_Pressure,0,0,4095,0,31.37,2026-10-02T20:15:52
3468,RAW,Person A,Heel_Pressure,0,0,4095,0,31.31,2026-10-02T20:15:53
3469,RAW,Person A,Heel_Pressure,0,0,4095,0,31.37,2026-10-02T20:15:54
3470,RAW,Person A,Heel_Pressure,1535,0,4095,0,31.37,2026-10-02T20:15:55
3471,RAW,Person A,Heel_Pressure,1011,0,4095,0,31.31,2026-10-02T20:15:56
3472,RAW,Person A,Heel_Pressure,1775,0,4095,0,31.31,2026-10-02T20:15:57
3473,RAW,Person A,Heel_Pressure,0,0,4095,0,31.31,2026-10-02T20:15:58
3474,RAW,Person A,Heel_Pressure,619,0,4095,0,31.31,2026-10-02T20:15:59
3475,RAW,Person A,Heel_Pressure,2368,0,4095,0,31.31,2026-10-02T20:16:00
3476,AVG10,Person A,Heel_Pressure,730.80,0.00,4095.00,0.00,31.33,2026-10-02T20:16:00
3477,RAW,Person A,Heel_Pressure,2321,0,4095,0,31.31,2026-10-02T20:16:01
3478,RAW,Person A,Heel_Pressure,2559,0,4095,0,31.31,2026-10-02T20:16:02
3479,RAW,Person A,Heel_Pressure,586,0,4095,0,31.31,2026-10-02T20:16:03
3480,RAW,Person A,Heel_Pressure,1840,0,4095,0,31.31,2026-10-02T20:16:04
3481,RAW,Person A,Heel_Pressure,2805,0,4095,0,31.31,2026-10-02T20:16:05
3482,RAW,Person A,Heel_Pressure,2835,0,4095,0,31.31,2026-10-02T20:16:06
3483,RAW,Person A,Heel_Pressure,2860,0,4095,0,31.31,2026-10-02T20:16:07
3484,RAW,Person A,Heel_Pressure,3023,0,4095,0,31.31,2026-10-02T20:16:08
3485,RAW,Person A,Heel_Pressure,3038,0,4095,0,31.31,2026-10-02T20:16:09
3486,RAW,Person A,Heel_Pressure,3119,0,4095,0,31.31,2026-10-02T20:16:10
3487,AVG10,Person A,Heel_Pressure,2498.60,0.00,4095.00,0.00,31.31,2026-10-02T20:16:10
3488,RAW,Person A,Heel_Pressure,3115,0,4095,0,31.31,2026-10-02T20:16:11
3489,RAW,Person A,Heel_Pressure,3139,0,4095,0,31.31,2026-10-02T20:16:12
3490,RAW,Person A,Heel_Pressure,3483,0,4095,0,31.31,2026-10-02T20:16:13
3491,RAW,Person A,Heel_Pressure,0,0,4095,0,31.31,2026-10-02T20:16:14
3492,RAW,Person A,Heel_Pressure,3065,0,4095,0,31.31,2026-10-02T20:16:15
3493,RAW,Person A,Heel_Pressure,3221,0,4095,0,31.31,2026-10-02T20:16:16
3494,RAW,Person A,Heel_Pressure,3254,0,4095,0,31.31,2026-10-02T20:16:17
3495,RAW,Person A,Heel_Pressure,3467,0,4095,0,31.31,2026-10-02T20:16:18
3496,RAW,Person A,Heel_Pressure,3543,0,4095,0,31.31,2026-10-02T20:16:19
3497,RAW,Person A,Heel_Pressure,3602,0,4095,0,31.31,2026-10-02T20:16:20
3498,AVG10,Person A,Heel_Pressure,2988.90,0.00,4095.00,0.00,31.31,2026-10-02T20:16:20
3499,RAW,Person A,Heel_Pressure,3612,0,4095,0,31.31,2026-10-02T20:16:21
3500,RAW,Person A,Heel_Pressure,3575,0,4095,0,31.31,2026-10-02T20:16:22
3501,RAW,Person A,Heel_Pressure,3583,0,4095,0,31.31,2026-10-02T20:16:23
3502,RAW,Person A,Heel_Pressure,3670,0,4095,0,31.31,2026-10-02T20:16:24
3503,RAW,Person A,Heel_Pressure,3638,0,4095,0,31.31,2026-10-02T20:16:25
3504,RAW,Person A,Heel_Pressure,3669,0,4095,0,31.31,2026-10-02T20:16:26
3505,RAW,Person A,Heel_Pressure,3648,0,4095,0,31.31,2026-10-02T20:16:27
3506,RAW,Person A,Heel_Pressure,3642,0,4095,0,31.31,2026-10-02T20:16:28
3507,RAW,Person A,Heel_Pressure,3676,0,4095,0,31.37,2026-10-02T20:16:29
3508,RAW,Person A,Heel_Pressure,3685,0,4095,0,31.31,2026-10-02T20:16:303509,AVG10,Person A,Heel_Pressure,3639.80,0.00,4095.00,0.00,31.32,2026-10-02T20:16:30
3510,RAW,Person A,Heel_Pressure,3195,0,4095,0,31.31,2026-10-02T20:16:31
3511,RAW,Person A,Heel_Pressure,2213,0,4095,0,31.37,2026-10-02T20:16:32
3512,RAW,Person A,Heel_Pressure,0,0,4095,0,31.37,2026-10-02T20:16:33
3513,RAW,Person A,Heel_Pressure,0,0,4095,0,31.37,2026-10-02T20:16:34
3514,RAW,Person A,Heel_Pressure,0,0,4095,0,31.37,2026-10-02T20:16:35
3515,RAW,Person A,Heel_Pressure,0,0,4095,0,31.37,2026-10-02T20:16:36
3516,RAW,Person A,Heel_Pressure,0,0,4095,0,31.37,2026-10-02T20:16:37
3517,RAW,Person A,Heel_Pressure,0,0,4095,0,31.37,2026-10-02T20:16:38
3518,RAW,Person A,Heel_Pressure,0,0,4095,0,31.37,2026-10-02T20:16:39
3519,RAW,Person A,Heel_Pressure,0,0,4095,0,31.37,2026-10-02T20:16:40
3520,AVG10,Person A,Heel_Pressure,540.80,0.00,4095.00,0.00,31.37,2026-10-02T20:16:40
3521,RAW,Person A,Heel_Pressure,0,0,4095,0,31.37,2026-10-02T20:16:41
3522,RAW,Person A,Heel_Pressure,0,0,4095,0,31.37,2026-10-02T20:16:42
3523,RAW,Person A,Heel_Pressure,0,0,4095,0,31.37,2026-10-02T20:16:43
3524,RAW,Person A,Heel_Pressure,0,0,4095,0,31.37,2026-10-02T20:16:44
3525,RAW,Person A,Heel_Pressure,0,0,4095,0,31.37,2026-10-02T20:16:45
3526,RAW,Person A,Heel_Pressure,0,0,4095,0,31.37,2026-10-02T20:16:46
3527,RAW,Person A,Heel_Pressure,0,0,4095,0,31.37,2026-10-02T20:16:47
3528,RAW,Person A,Heel_Pressure,0,0,4095,0,31.37,2026-10-02T20:16:48
3529,RAW,Person A,Heel_Pressure,0,0,4095,0,31.37,2026-10-02T20:16:49
3530,RAW,Person A,Heel_Pressure,91,0,4095,0,31.37,2026-10-02T20:16:50
3531,AVG10,Person A,Heel_Pressure,9.10,0.00,4095.00,0.00,31.37,2026-10-02T20:16:50
3532,RAW,Person A,Heel_Pressure,0,0,4095,0,31.44,2026-10-02T20:16:51
3533,RAW,Person A,Heel_Pressure,0,0,4095,0,31.37,2026-10-02T20:16:52
3534,RAW,Person A,Heel_Pressure,2032,0,4095,0,31.37,2026-10-02T20:16:53
3535,RAW,Person A,Heel_Pressure,0,0,4095,0,31.37,2026-10-02T20:16:54
3536,RAW,Person A,Heel_Pressure,0,0,4095,0,31.37,2026-10-02T20:16:55
3537,RAW,Person A,Heel_Pressure,1132,0,4095,0,31.37,2026-10-02T20:16:56
3538,RAW,Person A,Heel_Pressure,0,0,4095,0,31.37,2026-10-02T20:16:57
3539,RAW,Person A,Heel_Pressure,0,0,4095,0,31.37,2026-10-02T20:16:58
3540,RAW,Person A,Heel_Pressure,64,0,4095,0,31.37,2026-10-02T20:16:59
3541,RAW,Person A,Heel_Pressure,278,0,4095,0,31.37,2026-10-02T20:17:00
3542,AVG10,Person A,Heel_Pressure,350.60,0.00,4095.00,0.00,31.38,2026-10-02T20:17:00
3543,RAW,Person A,Heel_Pressure,0,0,4095,0,31.37,2026-10-02T20:17:01
3544,RAW,Person A,Heel_Pressure,0,0,4095,0,31.37,2026-10-02T20:17:02
3545,RAW,Person A,Heel_Pressure,0,0,4095,0,31.37,2026-10-02T20:17:03
3546,RAW,Person A,Heel_Pressure,0,0,4095,0,31.37,2026-10-02T20:17:04
3547,RAW,Person A,Heel_Pressure,0,0,4095,0,31.37,2026-10-02T20:17:05
3548,RAW,Person A,Heel_Pressure,0,0,4095,0,31.37,2026-10-02T20:17:06
3549,RAW,Person A,Heel_Pressure,0,0,4095,0,31.37,2026-10-02T20:17:07
3550,RAW,Person A,Heel_Pressure,0,0,4095,0,31.37,2026-10-02T20:17:08
3551,RAW,Person A,Heel_Pressure,2265,0,4095,0,31.37,2026-10-02T20:17:09
3552,RAW,Person A,Heel_Pressure,0,0,4095,0,31.37,2026-10-02T20:17:10
3553,AVG10,Person A,Heel_Pressure,226.50,0.00,4095.00,0.00,31.37,2026-10-02T20:17:10
3554,RAW,Person A,Heel_Pressure,2251,0,4095,0,31.37,2026-10-02T20:17:11
3555,RAW,Person A,Heel_Pressure,1311,0,4095,0,31.37,2026-10-02T20:17:12
3556,RAW,Person A,Heel_Pressure,2315,0,4095,0,31.37,2026-10-02T20:17:13
3557,RAW,Person A,Heel_Pressure,2338,0,4095,0,31.37,2026-10-02T20:17:14
3558,RAW,Person A,Heel_Pressure,2482,0,4095,0,31.37,2026-10-02T20:17:15
3559,RAW,Person A,Heel_Pressure,0,0,4095,0,31.37,2026-10-02T20:17:16
3560,RAW,Person A,Heel_Pressure,0,3369,4095,0,31.31,2026-10-02T20:17:17
3561,RAW,Person A,Heel_Pressure,4095,3423,4073,0,31.37,2026-10-02T20:17:18
3562,RAW,Person A,Heel_Pressure,0,0,4095,0,31.37,2026-10-02T20:17:19
3563,RAW,Person A,Heel_Pressure,0,0,4095,0,31.37,2026-10-02T20:17:20
3564,AVG10,Person A,Heel_Pressure,1479.20,679.20,4092.80,0.00,31.37,2026-10-02T20:17:20
3565,RAW,Person A,Heel_Pressure,1603,0,4095,0,31.37,2026-10-02T20:17:21
3566,RAW,Person A,Heel_Pressure,2558,0,4095,0,31.37,2026-10-02T20:17:22
3567,RAW,Person A,Heel_Pressure,1822,0,4095,0,31.37,2026-10-02T20:17:23
3568,RAW,Person A,Heel_Pressure,2736,0,4095,0,31.37,2026-10-02T20:17:24
3569,RAW,Person A,Heel_Pressure,1925,0,4095,0,31.37,2026-10-02T20:17:25
3570,RAW,Person A,Heel_Pressure,3467,0,4095,0,31.37,2026-10-02T20:17:26
3571,RAW,Person A,Heel_Pressure,0,0,0,0,31.37,2026-10-02T20:17:27
3572,RAW,Person A,Heel_Pressure,4095,0,0,0,31.37,2026-10-02T20:17:28
3573,RAW,Person A,Heel_Pressure,4095,0,0,0,31.37,2026-10-02T20:17:29
3574,RAW,Person A,Heel_Pressure,1138,0,4095,0,31.37,2026-10-02T20:17:30
3575,AVG10,Person A,Heel_Pressure,2343.90,0.00,2866.50,0.00,31.37,2026-10-02T20:17:30
3576,RAW,Person A,Heel_Pressure,0,0,4095,0,31.37,2026-10-02T20:17:31
3577,RAW,Person A,Heel_Pressure,0,0,4095,0,31.37,2026-10-02T20:17:32
3578,RAW,Person A,Heel_Pressure,0,0,4095,0,31.37,2026-10-02T20:17:33
3579,RAW,Person A,Heel_Pressure,1936,0,4095,0,31.37,2026-10-02T20:17:34
3580,RAW,Person A,Heel_Pressure,2320,0,4095,0,31.37,2026-10-02T20:17:35
3581,RAW,Person A,Heel_Pressure,0,0,4095,0,31.37,2026-10-02T20:17:36
3582,RAW,Person A,Heel_Pressure,0,0,4095,0,31.37,2026-10-02T20:17:37
3583,RAW,Person A,Heel_Pressure,1116,0,4095,0,31.37,2026-10-02T20:17:38
3584,RAW,Person A,Heel_Pressure,1584,0,4095,0,31.44,2026-10-02T20:17:39
3585,RAW,Person A,Heel_Pressure,1616,0,4095,0,31.37,2026-10-02T20:17:40
3586,AVG10,Person A,Heel_Pressure,857.20,0.00,4095.00,0.00,31.38,2026-10-02T20:17:40
3587,RAW,Person A,Heel_Pressure,2365,0,4095,0,31.37,2026-10-02T20:17:41
3588,RAW,Person A,Heel_Pressure,778,0,4095,0,31.37,2026-10-02T20:17:42
3589,RAW,Person A,Heel_Pressure,1535,0,4095,0,31.37,2026-10-02T20:17:43
3590,RAW,Person A,Heel_Pressure,1553,0,4095,0,31.37,2026-10-02T20:17:44
3591,RAW,Person A,Heel_Pressure,2220,0,4095,0,31.37,2026-10-02T20:17:45
3592,RAW,Person A,Heel_Pressure,0,0,4095,0,31.37,2026-10-02T20:17:46
3593,RAW,Person A,Heel_Pressure,0,0,4095,0,31.37,2026-10-02T20:17:47
3594,RAW,Person A,Heel_Pressure,0,0,4095,0,31.37,2026-10-02T20:17:48
3595,RAW,Person A,Heel_Pressure,0,0,4095,0,31.37,2026-10-02T20:17:49
3596,RAW,Person A,Heel_Pressure,388,0,4095,0,31.37,2026-10-02T20:17:50
3597,AVG10,Person A,Heel_Pressure,883.90,0.00,4095.00,0.00,31.37,2026-10-02T20:17:50
3598,RAW,Person A,Heel_Pressure,449,0,4095,0,31.37,2026-10-02T20:17:51
3599,RAW,Person A,Heel_Pressure,528,0,4095,0,31.37,2026-10-02T20:17:52
3600,RAW,Person A,Heel_Pressure,0,0,4095,0,31.37,2026-10-02T20:17:53
3601,RAW,Person A,Heel_Pressure,0,0,4095,0,31.37,2026-10-02T20:17:54
3602,RAW,Person A,Heel_Pressure,245,0,4095,0,31.37,2026-10-02T20:17:55
3603,RAW,Person A,Heel_Pressure,1023,0,4095,0,31.37,2026-10-02T20:17:56
3604,RAW,Person A,Heel_Pressure,0,0,4095,0,31.37,2026-10-02T20:17:57
3605,RAW,Person A,Heel_Pressure,0,0,4095,0,31.37,2026-10-02T20:17:58
3606,RAW,Person A,Heel_Pressure,0,0,4095,0,31.31,2026-10-02T20:17:59
3607,RAW,Person A,Heel_Pressure,1147,0,4095,0,31.37,2026-10-02T20:18:00
3608,AVG10,Person A,Heel_Pressure,339.20,0.00,4095.00,0.00,31.37,2026-10-02T20:18:00
3609,RAW,Person A,Heel_Pressure,2494,0,4095,0,31.37,2026-10-02T20:18:01
3610,RAW,Person A,Heel_Pressure,2291,0,4095,0,31.31,2026-10-02T20:18:02
3611,RAW,Person A,Heel_Pressure,0,0,4095,0,31.37,2026-10-02T20:18:03
3612,RAW,Person A,Heel_Pressure,4095,2851,0,2772,31.31,2026-10-02T20:18:04
3613,RAW,Person A,Heel_Pressure,4095,3180,4095,0,31.31,2026-10-02T20:18:05
3614,RAW,Person A,Heel_Pressure,0,0,4095,0,31.37,2026-10-02T20:18:06
3615,RAW,Person A,Heel_Pressure,1285,0,4095,0,31.37,2026-10-02T20:18:07
3616,RAW,Person A,Heel_Pressure,0,0,4095,0,31.37,2026-10-02T20:18:08
3617,RAW,Person A,Heel_Pressure,0,0,4095,0,31.37,2026-10-02T20:18:09
3618,RAW,Person A,Heel_Pressure,237,0,4095,0,31.37,2026-10-02T20:18:10
3619,AVG10,Person A,Heel_Pressure,1449.70,603.10,3685.50,277.20,31.36,2026-10-02T20:18:10
3620,RAW,Person A,Heel_Pressure,2183,0,4095,0,31.37,2026-10-02T20:18:11
3621,RAW,Person A,Heel_Pressure,0,0,4095,0,31.37,2026-10-02T20:18:12
3622,RAW,Person A,Heel_Pressure,0,0,4095,0,31.37,2026-10-02T20:18:13
3623,RAW,Person A,Heel_Pressure,0,0,4095,0,31.37,2026-10-02T20:18:14
3624,RAW,Person A,Heel_Pressure,0,0,4095,0,31.37,2026-10-02T20:18:15
3625,RAW,Person A,Heel_Pressure,0,0,4095,0,31.37,2026-10-02T20:18:16
3626,RAW,Person A,Heel_Pressure,0,0,4095,0,31.37,2026-10-02T20:18:17
3627,RAW,Person A,Heel_Pressure,0,0,4095,0,31.37,2026-10-02T20:18:18
3628,RAW,Person A,Heel_Pressure,0,0,4095,0,31.37,2026-10-02T20:18:19
3629,RAW,Person A,Heel_Pressure,0,0,4095,0,31.37,2026-10-02T20:18:20
3630,AVG10,Person A,Heel_Pressure,218.30,0.00,4095.00,0.00,31.37,2026-10-02T20:18:20
3631,RAW,Person A,Heel_Pressure,0,0,4095,0,31.37,2026-10-02T20:18:21
3632,RAW,Person A,Heel_Pressure,0,0,4095,0,31.37,2026-10-02T20:18:22
3633,RAW,Person A,Heel_Pressure,0,0,4095,0,31.37,2026-10-02T20:18:23
3634,RAW,Person A,Heel_Pressure,0,0,4095,0,31.37,2026-10-02T20:18:24
3635,RAW,Person A,Heel_Pressure,0,0,4095,0,31.37,2026-10-02T20:18:25
3636,RAW,Person A,Heel_Pressure,0,0,4095,0,31.37,2026-10-02T20:18:26
3637,RAW,Person A,Heel_Pressure,0,0,4095,0,31.37,2026-10-02T20:18:27
3638,RAW,Person A,Heel_Pressure,799,0,4095,0,31.37,2026-10-02T20:18:28
3639,RAW,Person A,Heel_Pressure,0,0,4095,0,31.37,2026-10-02T20:18:29
3640,RAW,Person A,Heel_Pressure,0,0,4095,0,31.37,2026-10-02T20:18:30
3641,AVG10,Person A,Heel_Pressure,79.90,0.00,4095.00,0.00,31.37,2026-10-02T20:18:30
3642,RAW,Person A,Heel_Pressure,0,0,4095,0,31.37,2026-10-02T20:18:31
3643,RAW,Person A,Heel_Pressure,0,0,4095,0,31.37,2026-10-02T20:18:32
3644,RAW,Person A,Heel_Pressure,3825,2507,4095,3867,31.37,2026-10-02T20:18:33
3645,RAW,Person A,Heel_Pressure,0,0,4095,0,31.37,2026-10-02T20:18:34
3646,RAW,Person A,Heel_Pressure,0,0,4095,0,31.37,2026-10-02T20:18:35
3647,RAW,Person A,Heel_Pressure,0,0,4095,0,31.37,2026-10-02T20:18:36
3648,RAW,Person A,Heel_Pressure,0,0,4095,0,31.37,2026-10-02T20:18:37
3649,RAW,Person A,Heel_Pressure,0,0,4095,0,31.37,2026-10-02T20:18:38
3650,RAW,Person A,Heel_Pressure,0,0,4095,0,31.37,2026-10-02T20:18:39
3651,RAW,Person A,Heel_Pressure,293,0,4095,0,31.37,2026-10-02T20:18:40
3652,AVG10,Person A,Heel_Pressure,411.80,250.70,4095.00,386.70,31.37,2026-10-02T20:18:40
3671,RAW,Person A,High_Pressure,4095,3856,4095,4095,31.50,2026-10-02T20:18:58
3672,RAW,Person A,High_Pressure,4095,4048,4095,4095,31.50,2026-10-02T20:18:59
3673,RAW,Person A,High_Pressure,4095,3955,4095,4095,31.56,2026-10-02T20:19:00
3674,AVG10,Person A,High_Pressure,4081.10,3836.20,4095.00,3276.00,31.48,2026-10-02T20:19:00
3675,RAW,Person A,High_Pressure,4095,3927,4095,4095,31.56,2026-10-02T20:19:01
3676,RAW,Person A,High_Pressure,4095,3902,4095,4095,31.56,2026-10-02T20:19:02
3677,RAW,Person A,High_Pressure,4095,3914,4095,4095,31.56,2026-10-02T20:19:03
3678,RAW,Person A,High_Pressure,4095,3909,4095,4095,31.62,2026-10-02T20:19:04
3679,RAW,Person A,High_Pressure,4095,3906,4095,4095,31.56,2026-10-02T20:19:05
3680,RAW,Person A,High_Pressure,4095,3877,4095,4095,31.56,2026-10-02T20:19:06
3681,RAW,Person A,High_Pressure,3574,3154,4095,0,31.62,2026-10-02T20:19:07
3682,RAW,Person A,High_Pressure,4095,3746,4095,4095,31.62,2026-10-02T20:19:08
3683,RAW,Person A,High_Pressure,4095,3730,4095,4095,31.62,2026-10-02T20:19:09
3684,RAW,Person A,High_Pressure,4095,3908,4095,4095,31.62,2026-10-02T20:19:10
3685,AVG10,Person A,High_Pressure,4042.90,3797.30,4095.00,3685.50,31.59,2026-10-02T20:19:10
3686,RAW,Person A,High_Pressure,4095,3968,4095,4095,31.62,2026-10-02T20:19:11
3687,RAW,Person A,High_Pressure,4095,3824,4095,4095,31.62,2026-10-02T20:19:12
3688,RAW,Person A,High_Pressure,4095,3869,4095,4095,31.69,2026-10-02T20:19:13
3689,RAW,Person A,High_Pressure,4095,3897,4095,4095,31.69,2026-10-02T20:19:14
3690,RAW,Person A,High_Pressure,4095,3854,4095,4095,31.69,2026-10-02T20:19:15
3691,RAW,Person A,High_Pressure,4095,3876,4095,4095,31.69,2026-10-02T20:19:16
3692,RAW,Person A,High_Pressure,4095,3883,4095,4095,31.69,2026-10-02T20:19:17
3693,RAW,Person A,High_Pressure,4095,3867,4095,4095,31.69,2026-10-02T20:19:18
3694,RAW,Person A,High_Pressure,4095,3873,4095,4095,31.75,2026-10-02T20:19:19
3695,RAW,Person A,High_Pressure,4095,3875,4095,4095,31.75,2026-10-02T20:19:20
3696,AVG10,Person A,High_Pressure,4095.00,3878.60,4095.00,4095.00,31.69,2026-10-02T20:19:20
3697,RAW,Person A,High_Pressure,4095,3844,4095,4095,31.75,2026-10-02T20:19:21
3698,RAW,Person A,High_Pressure,4095,3874,4095,4095,31.75,2026-10-02T20:19:22
3699,RAW,Person A,High_Pressure,4095,3877,4095,4095,31.75,2026-10-02T20:19:23
3700,RAW,Person A,High_Pressure,4095,3855,4095,4095,31.75,2026-10-02T20:19:24
3701,RAW,Person A,High_Pressure,4095,3839,4095,4095,31.75,2026-10-02T20:19:25
3702,RAW,Person A,High_Pressure,4095,3787,4095,4095,31.75,2026-10-02T20:19:26
3703,RAW,Person A,High_Pressure,4095,3768,4095,4095,31.75,2026-10-02T20:19:27
3704,RAW,Person A,High_Pressure,4095,3792,4095,4095,31.81,2026-10-02T20:19:28
3705,RAW,Person A,High_Pressure,4095,3802,4095,4095,31.81,2026-10-02T20:19:29
3706,RAW,Person A,High_Pressure,4095,3799,4095,4095,31.81,2026-10-02T20:19:30
3707,AVG10,Person A,High_Pressure,4095.00,3823.70,4095.00,4095.00,31.77,2026-10-02T20:19:30
3708,RAW,Person A,High_Pressure,4095,3819,4095,4095,31.81,2026-10-02T20:19:31
3709,RAW,Person A,High_Pressure,4095,3783,4095,4095,31.81,2026-10-02T20:19:32
3710,RAW,Person A,High_Pressure,4095,3819,4095,4095,31.81,2026-10-02T20:19:33
3711,RAW,Person A,High_Pressure,4095,3818,4095,4095,31.81,2026-10-02T20:19:34
3712,RAW,Person A,High_Pressure,4095,3828,4095,4095,31.87,2026-10-02T20:19:35
3713,RAW,Person A,High_Pressure,4095,3819,4095,4095,31.81,2026-10-02T20:19:36
3714,RAW,Person A,High_Pressure,4095,3814,4095,4095,31.87,2026-10-02T20:19:37
3715,RAW,Person A,High_Pressure,4095,3834,4095,4095,31.87,2026-10-02T20:19:38
3716,RAW,Person A,High_Pressure,4095,3838,4095,4095,31.87,2026-10-02T20:19:39
3717,RAW,Person A,High_Pressure,4095,3823,4095,4095,31.87,2026-10-02T20:19:40
3718,AVG10,Person A,High_Pressure,4095.00,3819.50,4095.00,4095.00,31.84,2026-10-02T20:19:40
3719,RAW,Person A,High_Pressure,4095,3780,4095,4095,31.87,2026-10-02T20:19:41
3720,RAW,Person A,High_Pressure,4095,3780,4095,4095,31.87,2026-10-02T20:19:42
3721,RAW,Person A,High_Pressure,4095,3768,4095,4095,31.87,2026-10-02T20:19:43
3722,RAW,Person A,High_Pressure,4095,3794,4095,4095,31.87,2026-10-02T20:19:44
3723,RAW,Person A,High_Pressure,4095,3839,4095,4095,31.94,2026-10-02T20:19:45
3724,RAW,Person A,High_Pressure,4095,2979,4095,4047,31.87,2026-10-02T20:19:46
3725,RAW,Person A,High_Pressure,4095,2548,4095,3694,31.87,2026-10-02T20:19:47
3726,RAW,Person A,High_Pressure,4095,4017,4095,4095,31.87,2026-10-02T20:19:48
3727,RAW,Person A,High_Pressure,4095,4049,4095,4095,31.87,2026-10-02T20:19:49
3728,RAW,Person A,High_Pressure,4095,3845,4095,4095,31.94,2026-10-02T20:19:50
3729,AVG10,Person A,High_Pressure,4095.00,3639.90,4095.00,4050.10,31.89,2026-10-02T20:19:50
3730,RAW,Person A,High_Pressure,4095,3792,4095,4095,31.94,2026-10-02T20:19:51
3731,RAW,Person A,High_Pressure,4095,3748,4095,4095,31.94,2026-10-02T20:19:52
3732,RAW,Person A,High_Pressure,4095,3705,4095,4095,31.94,2026-10-02T20:19:53
3733,RAW,Person A,High_Pressure,4095,3870,4095,4095,31.94,2026-10-02T20:19:54
3734,RAW,Person A,High_Pressure,4095,3933,4095,4095,31.94,2026-10-02T20:19:55
3735,RAW,Person A,High_Pressure,4095,3967,4095,4095,31.94,2026-10-02T20:19:56
3736,RAW,Person A,High_Pressure,4095,3927,4095,4095,31.94,2026-10-02T20:19:57
3737,RAW,Person A,High_Pressure,4095,3917,4095,4095,31.94,2026-10-02T20:19:58
3738,RAW,Person A,High_Pressure,4095,3888,4095,4095,31.94,2026-10-02T20:19:59
3739,RAW,Person A,High_Pressure,4095,3899,4095,4095,31.94,2026-10-02T20:20:00
3740,AVG10,Person A,High_Pressure,4095.00,3864.60,4095.00,4095.00,31.94,2026-10-02T20:20:00
3741,RAW,Person A,High_Pressure,4095,3847,4095,4095,31.94,2026-10-02T20:20:01
3742,RAW,Person A,High_Pressure,4095,3863,4095,4095,31.94,2026-10-02T20:20:02
3743,RAW,Person A,High_Pressure,4095,3833,4095,4095,32.00,2026-10-02T20:20:03
3744,RAW,Person A,High_Pressure,4095,3858,4095,4095,31.94,2026-10-02T20:20:04
3745,RAW,Person A,High_Pressure,4095,3855,4095,4095,32.00,2026-10-02T20:20:05
3746,RAW,Person A,High_Pressure,4095,3787,4095,4095,31.94,2026-10-02T20:20:06
3747,RAW,Person A,High_Pressure,4095,3841,4095,4095,31.94,2026-10-02T20:20:07
3748,RAW,Person A,High_Pressure,4095,3820,4095,4095,31.94,2026-10-02T20:20:08
3749,RAW,Person A,High_Pressure,4095,3829,4095,4095,32.00,2026-10-02T20:20:09
3750,RAW,Person A,High_Pressure,4095,3875,4095,4095,32.00,2026-10-02T20:20:10
3751,AVG10,Person A,High_Pressure,4095.00,3840.80,4095.00,4095.00,31.96,2026-10-02T20:20:10
3752,RAW,Person A,High_Pressure,4095,3813,4095,4095,32.00,2026-10-02T20:20:11
3753,RAW,Person A,High_Pressure,4095,3835,4095,4095,32.00,2026-10-02T20:20:12
3754,RAW,Person A,High_Pressure,4095,3827,4095,4095,32.00,2026-10-02T20:20:13
3755,RAW,Person A,High_Pressure,4095,3819,4095,4095,32.00,2026-10-02T20:20:14
3756,RAW,Person A,High_Pressure,4095,3809,4095,4095,32.00,2026-10-02T20:20:15
3757,RAW,Person A,High_Pressure,4095,3747,4095,4095,32.00,2026-10-02T20:20:16
3758,RAW,Person A,High_Pressure,4095,3712,4095,4095,32.00,2026-10-02T20:20:17
3759,RAW,Person A,High_Pressure,4095,3737,4095,4095,32.00,2026-10-02T20:20:18
3760,RAW,Person A,High_Pressure,4095,3728,4095,4095,32.00,2026-10-02T20:20:19
3761,RAW,Person A,High_Pressure,4095,3754,4095,4095,32.00,2026-10-02T20:20:20
3762,AVG10,Person A,High_Pressure,4095.00,3778.10,4095.00,4095.00,32.00,2026-10-02T20:20:20
3763,RAW,Person A,High_Pressure,4095,3791,4095,4095,32.00,2026-10-02T20:20:21
3764,RAW,Person A,High_Pressure,4095,3767,4095,4095,32.00,2026-10-02T20:20:22
3765,RAW,Person A,High_Pressure,4095,3742,4095,4095,32.00,2026-10-02T20:20:23
3766,RAW,Person A,High_Pressure,4095,3761,4095,4095,32.00,2026-10-02T20:20:24
3767,RAW,Person A,High_Pressure,4095,3757,4095,4095,32.00,2026-10-02T20:20:25
3768,RAW,Person A,High_Pressure,4095,3759,4095,4095,32.00,2026-10-02T20:20:26
3769,RAW,Person A,High_Pressure,4095,3726,4095,4095,32.00,2026-10-02T20:20:27
3770,RAW,Person A,High_Pressure,4095,3787,4095,4095,32.00,2026-10-02T20:20:28
3771,RAW,Person A,High_Pressure,4095,3803,4095,4095,32.06,2026-10-02T20:20:29
3772,RAW,Person A,High_Pressure,4095,3767,4095,4095,32.00,2026-10-02T20:20:30
3773,AVG10,Person A,High_Pressure,4095.00,3766.00,4095.00,4095.00,32.01,2026-10-02T20:20:30
3774,RAW,Person A,High_Pressure,4095,3737,4095,4095,32.00,2026-10-02T20:20:31
3775,RAW,Person A,High_Pressure,4095,3792,4095,4095,32.00,2026-10-02T20:20:32
3776,RAW,Person A,High_Pressure,4095,3830,4095,4095,32.00,2026-10-02T20:20:33
3777,RAW,Person A,High_Pressure,4095,3732,4095,4095,32.06,2026-10-02T20:20:34
3778,RAW,Person A,High_Pressure,4095,3760,4095,4095,32.06,2026-10-02T20:20:35
3779,RAW,Person A,High_Pressure,4095,3774,4095,4095,32.00,2026-10-02T20:20:36
3780,RAW,Person A,High_Pressure,4095,3744,4095,4095,32.06,2026-10-02T20:20:37
3781,RAW,Person A,High_Pressure,4095,3745,4095,4095,32.06,2026-10-02T20:20:38
3782,RAW,Person A,High_Pressure,4095,3760,4095,4095,32.00,2026-10-02T20:20:39
3783,RAW,Person A,High_Pressure,4095,3893,4095,4095,32.06,2026-10-02T20:20:40
3784,AVG10,Person A,High_Pressure,4095.00,3776.70,4095.00,4095.00,32.03,2026-10-02T20:20:40
3785,RAW,Person A,High_Pressure,4095,3728,4095,4095,32.06,2026-10-02T20:20:41
3786,RAW,Person A,High_Pressure,4095,3735,4095,4095,32.06,2026-10-02T20:20:42
3787,RAW,Person A,High_Pressure,4095,3861,4095,4095,32.06,2026-10-02T20:20:43
3788,RAW,Person A,High_Pressure,4095,3906,4095,4095,32.06,2026-10-02T20:20:44
3789,RAW,Person A,High_Pressure,4095,3851,4095,4095,32.06,2026-10-02T20:20:45
3790,RAW,Person A,High_Pressure,4095,3831,4095,4095,32.06,2026-10-02T20:20:46
3791,RAW,Person A,High_Pressure,4095,3942,4095,4095,32.06,2026-10-02T20:20:47
3792,RAW,Person A,High_Pressure,4095,3742,4095,4095,32.06,2026-10-02T20:20:48
3793,RAW,Person A,High_Pressure,4095,3966,4095,4095,32.06,2026-10-02T20:20:49
3794,RAW,Person A,High_Pressure,4095,4010,4095,4095,32.06,2026-10-02T20:20:50
3795,AVG10,Person A,High_Pressure,4095.00,3857.20,4095.00,4095.00,32.06,2026-10-02T20:20:50
3796,RAW,Person A,High_Pressure,4095,3999,4095,4095,32.06,2026-10-02T20:20:51
3797,RAW,Person A,High_Pressure,4095,4009,4095,4095,32.06,2026-10-02T20:20:52
3798,RAW,Person A,High_Pressure,4095,3925,4095,4095,32.06,2026-10-02T20:20:53
3799,RAW,Person A,High_Pressure,4095,3919,4095,4095,32.06,2026-10-02T20:20:54
3800,RAW,Person A,High_Pressure,4095,3920,4095,4095,32.06,2026-10-02T20:20:55
3801,RAW,Person A,High_Pressure,4095,3946,4095,4095,32.06,2026-10-02T20:20:56
3802,RAW,Person A,High_Pressure,4095,3931,4095,4095,32.06,2026-10-02T20:20:57
3803,RAW,Person A,High_Pressure,4095,3927,4095,4095,32.06,2026-10-02T20:20:58
3804,RAW,Person A,High_Pressure,4095,3942,4095,4095,32.06,2026-10-02T20:20:59
3805,RAW,Person A,High_Pressure,4095,3929,4095,4095,32.06,2026-10-02T20:21:00
3806,AVG10,Person A,High_Pressure,4095.00,3944.70,4095.00,4095.00,32.06,2026-10-02T20:21:00
3807,RAW,Person A,High_Pressure,4095,3916,4095,4095,32.06,2026-10-02T20:21:01
3808,RAW,Person A,High_Pressure,4095,3929,4095,4095,32.13,2026-10-02T20:21:02
3809,RAW,Person A,High_Pressure,4095,3937,4095,4095,32.13,2026-10-02T20:21:03
3810,RAW,Person A,High_Pressure,4095,3829,4095,4090,32.13,2026-10-02T20:21:04
3811,RAW,Person A,High_Pressure,4095,3931,4095,4095,32.06,2026-10-02T20:21:05
3812,RAW,Person A,High_Pressure,4095,3944,4095,4095,32.06,2026-10-02T20:21:06
3813,RAW,Person A,High_Pressure,4095,3946,4095,4095,32.06,2026-10-02T20:21:07
3814,RAW,Person A,High_Pressure,4095,3916,4095,4095,32.13,2026-10-02T20:21:08
3815,RAW,Person A,High_Pressure,4095,3900,4095,4095,32.13,2026-10-02T20:21:09
3816,RAW,Person A,High_Pressure,4095,3952,4095,4095,32.06,2026-10-02T20:21:10
3817,AVG10,Person A,High_Pressure,4095.00,3920.00,4095.00,4094.50,32.09,2026-10-02T20:21:10
3818,RAW,Person A,High_Pressure,4095,3939,4095,4095,32.06,2026-10-02T20:21:11
3819,RAW,Person A,High_Pressure,4095,3927,4095,4095,32.06,2026-10-02T20:21:12
3820,RAW,Person A,High_Pressure,4095,3843,4095,4001,32.06,2026-10-02T20:21:13
3821,RAW,Person A,High_Pressure,4095,3887,4095,3903,32.06,2026-10-02T20:21:14
3822,RAW,Person A,High_Pressure,4095,3945,4095,4095,32.06,2026-10-02T20:21:15
3823,RAW,Person A,High_Pressure,4095,3950,4095,4095,32.06,2026-10-02T20:21:16
3824,RAW,Person A,High_Pressure,4095,4011,4095,4095,32.13,2026-10-02T20:21:17
3825,RAW,Person A,High_Pressure,4095,3926,4095,4095,32.06,2026-10-02T20:21:18
3826,RAW,Person A,High_Pressure,4095,3686,4095,3376,32.13,2026-10-02T20:21:19
3827,RAW,Person A,High_Pressure,4095,3695,4095,3771,32.06,2026-10-02T20:21:20
3828,AVG10,Person A,High_Pressure,4095.00,3880.90,4095.00,3962.10,32.08,2026-10-02T20:21:20
3829,RAW,Person A,High_Pressure,4095,3933,4095,4095,32.13,2026-10-02T20:21:21
3830,RAW,Person A,High_Pressure,4095,3917,4095,4095,32.13,2026-10-02T20:21:22
3831,RAW,Person A,High_Pressure,4095,3908,4095,4095,32.06,2026-10-02T20:21:23
3832,RAW,Person A,High_Pressure,4095,3954,4095,4095,32.06,2026-10-02T20:21:24
3833,RAW,Person A,High_Pressure,4095,3905,4095,4095,32.13,2026-10-02T20:21:25
3834,RAW,Person A,High_Pressure,4095,3941,4095,4095,32.06,2026-10-02T20:21:26
3835,RAW,Person A,High_Pressure,4095,3899,4095,4095,32.06,2026-10-02T20:21:27
3836,RAW,Person A,High_Pressure,4095,3904,4095,4095,32.13,2026-10-02T20:21:28
3837,RAW,Person A,High_Pressure,4095,3967,4095,4095,32.13,2026-10-02T20:21:29
3838,RAW,Person A,High_Pressure,4095,3892,4095,4095,32.06,2026-10-02T20:21:30
3839,AVG10,Person A,High_Pressure,4095.00,3922.00,4095.00,4095.00,32.09,2026-10-02T20:21:30
3840,RAW,Person A,High_Pressure,4095,3951,4095,4095,32.13,2026-10-02T20:21:31
3841,RAW,Person A,High_Pressure,4095,3978,4095,4095,32.13,2026-10-02T20:21:32
3842,RAW,Person A,High_Pressure,4095,4009,4095,4095,32.13,2026-10-02T20:21:33
3843,RAW,Person A,High_Pressure,4095,3952,4095,4095,32.13,2026-10-02T20:21:34
3844,RAW,Person A,High_Pressure,4095,3836,4095,4095,32.13,2026-10-02T20:21:35
3845,RAW,Person A,High_Pressure,4095,3856,4095,4095,32.13,2026-10-02T20:21:36
3846,RAW,Person A,High_Pressure,4095,3986,4095,4095,32.13,2026-10-02T20:21:37
3847,RAW,Person A,High_Pressure,4095,3674,4095,3795,32.13,2026-10-02T20:21:38
3848,RAW,Person A,High_Pressure,4095,3813,4095,4095,32.13,2026-10-02T20:21:39
3849,RAW,Person A,High_Pressure,4095,3920,4095,4095,32.13,2026-10-02T20:21:40
3850,AVG10,Person A,High_Pressure,4095.00,3897.50,4095.00,4065.00,32.13,2026-10-02T20:21:40
3851,RAW,Person A,High_Pressure,4095,3959,4095,4095,32.13,2026-10-02T20:21:41
3852,RAW,Person A,High_Pressure,4095,3901,4095,4095,32.13,2026-10-02T20:21:42
3853,RAW,Person A,High_Pressure,4095,3955,4095,4095,32.13,2026-10-02T20:21:43
3854,RAW,Person A,High_Pressure,4095,3881,4095,3659,32.13,2026-10-02T20:21:44
3855,RAW,Person A,High_Pressure,4095,3870,4095,2739,32.13,2026-10-02T20:21:45
3856,RAW,Person A,High_Pressure,4095,3749,4095,3975,32.06,2026-10-02T20:21:46
3857,RAW,Person A,High_Pressure,4095,3836,4095,4045,32.13,2026-10-02T20:21:47
3858,RAW,Person A,High_Pressure,4095,3813,4095,4095,32.13,2026-10-02T20:21:48
3859,RAW,Person A,High_Pressure,4095,3853,4095,4095,32.13,2026-10-02T20:21:49
3860,RAW,Person A,High_Pressure,4095,3852,4095,4095,32.13,2026-10-02T20:21:50
3861,AVG10,Person A,High_Pressure,4095.00,3866.90,4095.00,3898.80,32.12,2026-10-02T20:21:50
3862,RAW,Person A,High_Pressure,4095,3918,4095,4095,32.13,2026-10-02T20:21:51
3863,RAW,Person A,High_Pressure,4095,3901,4095,4095,32.13,2026-10-02T20:21:52
3864,RAW,Person A,High_Pressure,4095,3939,4095,4095,32.13,2026-10-02T20:21:53
3865,RAW,Person A,High_Pressure,4095,3905,4095,4095,32.13,2026-10-02T20:21:54
3866,RAW,Person A,High_Pressure,4095,3907,4095,4095,32.13,2026-10-02T20:21:55
3867,RAW,Person A,High_Pressure,4095,3899,4095,4095,32.13,2026-10-02T20:21:56
3868,RAW,Person A,High_Pressure,4095,3878,4095,4095,32.13,2026-10-02T20:21:57
3869,RAW,Person A,High_Pressure,4095,3890,4095,4095,32.13,2026-10-02T20:21:58
3870,RAW,Person A,High_Pressure,4095,3942,4095,4095,32.13,2026-10-02T20:21:59
3871,RAW,Person A,High_Pressure,4095,3941,4095,4095,32.13,2026-10-02T20:22:00
3872,AVG10,Person A,High_Pressure,4095.00,3912.00,4095.00,4095.00,32.13,2026-10-02T20:22:00
3873,RAW,Person A,High_Pressure,4095,3900,4095,4095,32.13,2026-10-02T20:22:01
3874,RAW,Person A,High_Pressure,4095,3895,4095,4095,32.13,2026-10-02T20:22:02
3875,RAW,Person A,High_Pressure,4095,3906,4095,4095,32.13,2026-10-02T20:22:03
3876,RAW,Person A,High_Pressure,4095,3883,4095,4095,32.13,2026-10-02T20:22:04
3877,RAW,Person A,High_Pressure,4095,3873,4095,4095,32.13,2026-10-02T20:22:05
3878,RAW,Person A,High_Pressure,4095,3888,4095,4095,32.13,2026-10-02T20:22:06
3879,RAW,Person A,High_Pressure,4095,3963,4095,4095,32.13,2026-10-02T20:22:07
3880,RAW,Person A,High_Pressure,4095,3998,4095,4095,32.13,2026-10-02T20:22:08
3881,RAW,Person A,High_Pressure,4095,3947,4095,4095,32.13,2026-10-02T20:22:09
3882,RAW,Person A,High_Pressure,4095,3974,4095,4095,32.13,2026-10-02T20:22:10
3883,AVG10,Person A,High_Pressure,4095.00,3922.70,4095.00,4095.00,32.13,2026-10-02T20:22:10
3884,RAW,Person A,High_Pressure,4095,3792,4095,4095,32.13,2026-10-02T20:22:11
3885,RAW,Person A,High_Pressure,4095,3853,4095,4095,32.13,2026-10-02T20:22:12
3886,RAW,Person A,High_Pressure,4095,3967,4095,4095,32.13,2026-10-02T20:22:13
3887,RAW,Person A,High_Pressure,4095,3916,4095,4095,32.13,2026-10-02T20:22:14
3888,RAW,Person A,High_Pressure,4095,3951,4095,4095,32.13,2026-10-02T20:22:15
3889,RAW,Person A,High_Pressure,4095,3917,4095,4095,32.13,2026-10-02T20:22:16
3890,RAW,Person A,High_Pressure,4095,3985,4095,4095,32.13,2026-10-02T20:22:17
3891,RAW,Person A,High_Pressure,4095,3987,4095,4095,32.13,2026-10-02T20:22:18
3892,RAW,Person A,High_Pressure,4095,3707,4095,4095,32.13,2026-10-02T20:22:19
3893,RAW,Person A,High_Pressure,4095,3824,4095,4095,32.13,2026-10-02T20:22:20
3894,AVG10,Person A,High_Pressure,4095.00,3889.90,4095.00,4095.00,32.13,2026-10-02T20:22:20
3895,RAW,Person A,High_Pressure,4095,3918,4095,4095,32.13,2026-10-02T20:22:21
3896,RAW,Person A,High_Pressure,4095,3904,4095,4095,32.13,2026-10-02T20:22:22
3897,RAW,Person A,High_Pressure,4095,3966,4095,4095,32.13,2026-10-02T20:22:23
3898,RAW,Person A,High_Pressure,4095,4015,4095,4095,32.13,2026-10-02T20:22:24
3899,RAW,Person A,High_Pressure,4095,3952,4095,4095,32.13,2026-10-02T20:22:25
3900,RAW,Person A,High_Pressure,4095,3664,4095,3922,32.13,2026-10-02T20:22:26
3901,RAW,Person A,High_Pressure,4095,3745,4095,4095,32.13,2026-10-02T20:22:27
3902,RAW,Person A,High_Pressure,4095,3957,4095,4095,32.13,2026-10-02T20:22:28
3903,RAW,Person A,High_Pressure,4095,3887,4095,4095,32.13,2026-10-02T20:22:29
3904,RAW,Person A,High_Pressure,4095,3892,4095,4095,32.13,2026-10-02T20:22:30
3905,AVG10,Person A,High_Pressure,4095.00,3890.00,4095.00,4077.70,32.13,2026-10-02T20:22:30
3906,RAW,Person A,High_Pressure,4095,3933,4095,4095,32.13,2026-10-02T20:22:31
3907,RAW,Person A,High_Pressure,4095,3902,4095,4095,32.13,2026-10-02T20:22:32
3908,RAW,Person A,High_Pressure,4095,3904,4095,4095,32.13,2026-10-02T20:22:33
3909,RAW,Person A,High_Pressure,4095,3989,4095,4095,32.13,2026-10-02T20:22:34
3910,RAW,Person A,High_Pressure,4095,3853,4095,4011,32.13,2026-10-02T20:22:35
3911,RAW,Person A,High_Pressure,4095,3915,4095,4095,32.13,2026-10-02T20:22:36
3912,RAW,Person A,High_Pressure,4095,3923,4095,4095,32.13,2026-10-02T20:22:37
3913,RAW,Person A,High_Pressure,4095,3993,4095,4095,32.13,2026-10-02T20:22:38
3914,RAW,Person A,High_Pressure,4095,3984,4095,4095,32.13,2026-10-02T20:22:39
3915,RAW,Person A,High_Pressure,4095,3897,4095,4095,32.13,2026-10-02T20:22:40
3916,AVG10,Person A,High_Pressure,4095.00,3929.30,4095.00,4086.60,32.13,2026-10-02T20:22:40
3917,RAW,Person A,High_Pressure,4095,3952,4095,4095,32.13,2026-10-02T20:22:41
3918,RAW,Person A,High_Pressure,4095,3900,4095,4095,32.13,2026-10-02T20:22:42
3919,RAW,Person A,High_Pressure,4095,3910,4095,4095,32.13,2026-10-02T20:22:43
3920,RAW,Person A,High_Pressure,4095,3913,4095,4095,32.13,2026-10-02T20:22:44
3921,RAW,Person A,High_Pressure,4095,3735,4095,4016,32.13,2026-10-02T20:22:45
3922,RAW,Person A,High_Pressure,4095,3874,4095,4095,32.13,2026-10-02T20:22:46
3923,RAW,Person A,High_Pressure,4095,3951,4095,4095,32.13,2026-10-02T20:22:47
3924,RAW,Person A,High_Pressure,4095,3969,4095,4095,32.13,2026-10-02T20:22:48
3925,RAW,Person A,High_Pressure,4095,3965,4095,4095,32.13,2026-10-02T20:22:49
3926,RAW,Person A,High_Pressure,4095,4002,4095,4095,32.13,2026-10-02T20:22:50
3927,AVG10,Person A,High_Pressure,4095.00,3917.10,4095.00,4087.10,32.13,2026-10-02T20:22:50
3928,RAW,Person A,High_Pressure,4095,3873,4095,4095,32.13,2026-10-02T20:22:51
3929,RAW,Person A,High_Pressure,4095,3881,4095,4095,32.13,2026-10-02T20:22:52
3930,RAW,Person A,High_Pressure,4095,3977,4095,4095,32.13,2026-10-02T20:22:53
3931,RAW,Person A,High_Pressure,4095,3926,4095,4095,32.13,2026-10-02T20:22:54
3932,RAW,Person A,High_Pressure,4095,3904,4095,4095,32.13,2026-10-02T20:22:55
3933,RAW,Person A,High_Pressure,4095,3895,4095,4095,32.13,2026-10-02T20:22:56
3934,RAW,Person A,High_Pressure,4095,3917,4095,4095,32.13,2026-10-02T20:22:57
3935,RAW,Person A,High_Pressure,4095,3888,4095,4095,32.13,2026-10-02T20:22:58
3936,RAW,Person A,High_Pressure,4095,3908,4095,4095,32.13,2026-10-02T20:22:59
3937,RAW,Person A,High_Pressure,4095,3875,4095,4095,32.13,2026-10-02T20:23:00
3938,AVG10,Person A,High_Pressure,4095.00,3904.40,4095.00,4095.00,32.13,2026-10-02T20:23:00
3939,RAW,Person A,High_Pressure,4095,3935,4095,4095,32.13,2026-10-02T20:23:01
3940,RAW,Person A,High_Pressure,4095,3888,4095,4095,32.13,2026-10-02T20:23:02
3941,RAW,Person A,High_Pressure,4095,3796,4095,4095,32.13,2026-10-02T20:23:03
3942,RAW,Person A,High_Pressure,4095,3889,4095,4095,32.13,2026-10-02T20:23:04
3943,RAW,Person A,High_Pressure,4095,3850,4095,4095,32.13,2026-10-02T20:23:05
3944,RAW,Person A,High_Pressure,4095,3855,4095,4095,32.13,2026-10-02T20:23:06
3945,RAW,Person A,High_Pressure,4095,3952,4095,4095,32.13,2026-10-02T20:23:07
3946,RAW,Person A,High_Pressure,4095,3871,4095,4095,32.13,2026-10-02T20:23:08
3947,RAW,Person A,High_Pressure,4095,3873,4095,4095,32.13,2026-10-02T20:23:09
3948,RAW,Person A,High_Pressure,4095,3856,4095,4095,32.13,2026-10-02T20:23:10
3949,AVG10,Person A,High_Pressure,4095.00,3876.50,4095.00,4095.00,32.13,2026-10-02T20:23:10
3950,RAW,Person A,High_Pressure,4095,3973,4095,4095,32.13,2026-10-02T20:23:11
3951,RAW,Person A,High_Pressure,4095,3959,4095,4095,32.13,2026-10-02T20:23:12
3952,RAW,Person A,High_Pressure,4095,3974,4095,4095,32.13,2026-10-02T20:23:13
3953,RAW,Person A,High_Pressure,4095,3980,4095,4095,32.13,2026-10-02T20:23:14
3954,RAW,Person A,High_Pressure,4095,3982,4095,4095,32.13,2026-10-02T20:23:15
3955,RAW,Person A,High_Pressure,4095,3984,4095,4095,32.13,2026-10-02T20:23:16
3956,RAW,Person A,High_Pressure,4095,3984,4095,4095,32.13,2026-10-02T20:23:17
3957,RAW,Person A,High_Pressure,4095,3988,4095,4095,32.13,2026-10-02T20:23:18
3958,RAW,Person A,High_Pressure,4095,3981,4095,4095,32.13,2026-10-02T20:23:19
3959,RAW,Person A,High_Pressure,4095,3984,4095,4095,32.13,2026-10-02T20:23:20
3960,AVG10,Person A,High_Pressure,4095.00,3978.90,4095.00,4095.00,32.13,2026-10-02T20:23:20
3961,RAW,Person A,High_Pressure,4095,3977,4095,4095,32.13,2026-10-02T20:23:21
3962,RAW,Person A,High_Pressure,4095,3974,4095,4095,32.13,2026-10-02T20:23:22
3963,RAW,Person A,High_Pressure,4095,3985,4095,4095,32.13,2026-10-02T20:23:23
3964,RAW,Person A,High_Pressure,4095,3980,4095,4095,32.13,2026-10-02T20:23:24
3965,RAW,Person A,High_Pressure,4095,3984,4095,4095,32.13,2026-10-02T20:23:25
3966,RAW,Person A,High_Pressure,4095,3975,4095,4095,32.13,2026-10-02T20:23:26
3967,RAW,Person A,High_Pressure,4095,3968,4095,4095,32.13,2026-10-02T20:23:27
3968,RAW,Person A,High_Pressure,4095,3974,4095,4095,32.13,2026-10-02T20:23:28
3969,RAW,Person A,High_Pressure,4095,3983,4095,4095,32.13,2026-10-02T20:23:29
3970,RAW,Person A,High_Pressure,4095,3971,4095,4095,32.13,2026-10-02T20:23:30
3971,AVG10,Person A,High_Pressure,4095.00,3977.10,4095.00,4095.00,32.13,2026-10-02T20:23:30
3972,RAW,Person A,High_Pressure,4095,3975,4095,4095,32.13,2026-10-02T20:23:31
3973,RAW,Person A,High_Pressure,4095,3970,4095,4095,32.13,2026-10-02T20:23:32
3974,RAW,Person A,High_Pressure,4095,3969,4095,4095,32.13,2026-10-02T20:23:33
3975,RAW,Person A,High_Pressure,4095,3965,4095,4095,32.13,2026-10-02T20:23:34
3976,RAW,Person A,High_Pressure,4095,3949,4095,4095,32.13,2026-10-02T20:23:35
3977,RAW,Person A,High_Pressure,4095,3938,4095,4095,32.13,2026-10-02T20:23:36
3978,RAW,Person A,High_Pressure,4095,3951,4095,4095,32.13,2026-10-02T20:23:37
3979,RAW,Person A,High_Pressure,4095,3963,4095,4095,32.13,2026-10-02T20:23:38
3980,RAW,Person A,High_Pressure,4095,3960,4095,4095,32.13,2026-10-02T20:23:39
3981,RAW,Person A,High_Pressure,4095,3967,4095,4095,32.13,2026-10-02T20:23:40
3982,AVG10,Person A,High_Pressure,4095.00,3960.70,4095.00,4095.00,32.13,2026-10-02T20:23:40
3983,RAW,Person A,High_Pressure,4095,3952,4095,4095,32.13,2026-10-02T20:23:41
3984,RAW,Person A,High_Pressure,4095,3952,4095,4095,32.13,2026-10-02T20:23:42
3985,RAW,Person A,High_Pressure,4095,3963,4095,4095,32.13,2026-10-02T20:23:43
3986,RAW,Person A,High_Pressure,4095,3967,4095,4095,32.13,2026-10-02T20:23:44
3987,RAW,Person A,High_Pressure,4095,3952,4095,4095,32.13,2026-10-02T20:23:45
3988,RAW,Person A,High_Pressure,4095,3920,4095,4095,32.13,2026-10-02T20:23:46
3989,RAW,Person A,High_Pressure,4095,3901,4095,4095,32.13,2026-10-02T20:23:47
3990,RAW,Person A,High_Pressure,4095,3862,4095,4095,32.13,2026-10-02T20:23:48
3991,RAW,Person A,High_Pressure,4095,3888,4095,4095,32.13,2026-10-02T20:23:49
3992,RAW,Person A,High_Pressure,4095,3925,4095,4095,32.13,2026-10-02T20:23:50
3993,AVG10,Person A,High_Pressure,4095.00,3928.20,4095.00,4095.00,32.13,2026-10-02T20:23:50
3994,RAW,Person A,High_Pressure,4095,3952,4095,4095,32.13,2026-10-02T20:23:51
3995,RAW,Person A,High_Pressure,4095,3950,4095,4095,32.13,2026-10-02T20:23:52
3996,RAW,Person A,High_Pressure,4095,3921,4095,4095,32.13,2026-10-02T20:23:53
3997,RAW,Person A,High_Pressure,4095,3926,4095,4095,32.13,2026-10-02T20:23:54
3998,RAW,Person A,High_Pressure,4095,3910,4095,4095,32.13,2026-10-02T20:23:55
3999,RAW,Person A,High_Pressure,4095,3920,4095,4095,32.19,2026-10-02T20:23:56
4000,RAW,Person A,High_Pressure,4095,3916,4095,4095,32.13,2026-10-02T20:23:57
4027,RAW,Person A,Right_Shift,4095,0,1837,0,32.00,2026-10-02T20:24:21
4028,RAW,Person A,Right_Shift,4095,0,3457,0,32.00,2026-10-02T20:24:22
4029,RAW,Person A,Right_Shift,4095,0,2498,0,31.94,2026-10-02T20:24:23
4030,RAW,Person A,Right_Shift,4095,0,4095,0,31.94,2026-10-02T20:24:24
4031,RAW,Person A,Right_Shift,4095,2787,0,0,31.94,2026-10-02T20:24:25
4032,RAW,Person A,Right_Shift,4095,0,4095,0,31.94,2026-10-02T20:24:26
4033,RAW,Person A,Right_Shift,4095,0,4095,0,31.94,2026-10-02T20:24:27
4034,RAW,Person A,Right_Shift,3598,0,4095,0,31.94,2026-10-02T20:24:28
4035,RAW,Person A,Right_Shift,4095,0,0,0,31.94,2026-10-02T20:24:29
4036,RAW,Person A,Right_Shift,3934,0,0,0,31.94,2026-10-02T20:24:30
4037,AVG10,Person A,Right_Shift,4029.20,278.70,2417.20,0.00,31.95,2026-10-02T20:24:30
4038,RAW,Person A,Right_Shift,4050,0,0,0,31.94,2026-10-02T20:24:31
4039,RAW,Person A,Right_Shift,4059,0,0,0,31.87,2026-10-02T20:24:32
4040,RAW,Person A,Right_Shift,4053,0,0,0,31.94,2026-10-02T20:24:33
4041,RAW,Person A,Right_Shift,4095,0,3598,0,31.87,2026-10-02T20:24:34
4042,RAW,Person A,Right_Shift,4095,0,1663,0,31.87,2026-10-02T20:24:35
4043,RAW,Person A,Right_Shift,4095,0,2411,0,31.87,2026-10-02T20:24:36
4044,RAW,Person A,Right_Shift,4095,0,0,0,31.87,2026-10-02T20:24:37
4045,RAW,Person A,Right_Shift,4095,0,0,0,31.87,2026-10-02T20:24:38
4046,RAW,Person A,Right_Shift,4095,0,0,0,31.87,2026-10-02T20:24:39
4047,RAW,Person A,Right_Shift,4079,0,4095,0,31.87,2026-10-02T20:24:40
4048,AVG10,Person A,Right_Shift,4081.10,0.00,1176.70,0.00,31.89,2026-10-02T20:24:40
4049,RAW,Person A,Right_Shift,4095,0,2735,0,31.87,2026-10-02T20:24:41
4050,RAW,Person A,Right_Shift,4095,0,4048,0,31.87,2026-10-02T20:24:42
4051,RAW,Person A,Right_Shift,3901,0,3856,0,31.81,2026-10-02T20:24:43
4052,RAW,Person A,Right_Shift,4048,0,4095,0,31.87,2026-10-02T20:24:44
4053,RAW,Person A,Right_Shift,4095,0,4095,0,31.81,2026-10-02T20:24:45
4054,RAW,Person A,Right_Shift,4095,0,4095,0,31.87,2026-10-02T20:24:46
4055,RAW,Person A,Right_Shift,4095,0,4095,0,31.81,2026-10-02T20:24:47
4056,RAW,Person A,Right_Shift,4095,0,4095,0,31.87,2026-10-02T20:24:48
4057,RAW,Person A,Right_Shift,4095,0,4095,0,31.81,2026-10-02T20:24:49
4058,RAW,Person A,Right_Shift,4095,0,4010,0,31.87,2026-10-02T20:24:50
4059,AVG10,Person A,Right_Shift,4070.90,0.00,3921.90,0.00,31.85,2026-10-02T20:24:50
4060,RAW,Person A,Right_Shift,4029,0,4095,0,31.87,2026-10-02T20:24:51
4061,RAW,Person A,Right_Shift,3950,0,4095,0,31.87,2026-10-02T20:24:52
4062,RAW,Person A,Right_Shift,3631,0,4095,0,31.87,2026-10-02T20:24:53
4063,RAW,Person A,Right_Shift,3749,0,4095,0,31.87,2026-10-02T20:24:54
4064,RAW,Person A,Right_Shift,4095,0,4095,0,31.87,2026-10-02T20:24:55
4065,RAW,Person A,Right_Shift,4058,0,4095,0,31.87,2026-10-02T20:24:56
4066,RAW,Person A,Right_Shift,4095,0,4095,0,31.87,2026-10-02T20:24:57
4067,RAW,Person A,Right_Shift,3920,0,4095,0,31.87,2026-10-02T20:24:58
4068,RAW,Person A,Right_Shift,4095,0,4095,0,31.87,2026-10-02T20:24:59
4069,RAW,Person A,Right_Shift,4095,0,4095,0,31.87,2026-10-02T20:25:00
4070,AVG10,Person A,Right_Shift,3971.70,0.00,4095.00,0.00,31.87,2026-10-02T20:25:00
4071,RAW,Person A,Right_Shift,4066,0,3879,0,31.87,2026-10-02T20:25:01
4072,RAW,Person A,Right_Shift,4095,0,4095,0,31.87,2026-10-02T20:25:02
4073,RAW,Person A,Right_Shift,4095,0,4095,0,31.94,2026-10-02T20:25:03
4074,RAW,Person A,Right_Shift,3811,0,4095,0,31.94,2026-10-02T20:25:04
4075,RAW,Person A,Right_Shift,3743,0,0,0,31.94,2026-10-02T20:25:05
4076,RAW,Person A,Right_Shift,4095,0,4095,0,31.94,2026-10-02T20:25:06
4077,RAW,Person A,Right_Shift,4095,0,4095,0,31.94,2026-10-02T20:25:07
4078,RAW,Person A,Right_Shift,3877,0,4095,0,31.94,2026-10-02T20:25:08
4079,RAW,Person A,Right_Shift,3857,0,4095,0,31.94,2026-10-02T20:25:09
4080,RAW,Person A,Right_Shift,2419,0,4095,0,31.94,2026-10-02T20:25:10
4081,AVG10,Person A,Right_Shift,3815.30,0.00,3663.90,0.00,31.92,2026-10-02T20:25:10
4082,RAW,Person A,Right_Shift,4095,0,4095,0,31.94,2026-10-02T20:25:11
4083,RAW,Person A,Right_Shift,4095,0,4095,0,32.00,2026-10-02T20:25:12
4084,RAW,Person A,Right_Shift,923,0,0,0,31.94,2026-10-02T20:25:13
4085,RAW,Person A,Right_Shift,4095,0,4095,0,32.00,2026-10-02T20:25:14
4086,RAW,Person A,Right_Shift,4095,0,4095,0,32.00,2026-10-02T20:25:15
4087,RAW,Person A,Right_Shift,4095,0,4095,0,32.00,2026-10-02T20:25:16
4088,RAW,Person A,Right_Shift,3995,0,3706,0,32.00,2026-10-02T20:25:17
4089,RAW,Person A,Right_Shift,3376,0,3338,0,32.00,2026-10-02T20:25:18
4090,RAW,Person A,Right_Shift,4095,0,4095,0,32.00,2026-10-02T20:25:19
4091,RAW,Person A,Right_Shift,4048,0,4095,0,32.00,2026-10-02T20:25:20
4092,AVG10,Person A,Right_Shift,3691.20,0.00,3570.90,0.00,31.99,2026-10-02T20:25:20
4093,RAW,Person A,Right_Shift,4095,0,0,0,32.00,2026-10-02T20:25:21
4094,RAW,Person A,Right_Shift,4095,0,4095,0,32.06,2026-10-02T20:25:22
4095,RAW,Person A,Right_Shift,4095,0,4095,0,32.06,2026-10-02T20:25:23
4096,RAW,Person A,Right_Shift,4095,0,4095,0,32.06,2026-10-02T20:25:24
4097,RAW,Person A,Right_Shift,2657,0,3875,0,32.06,2026-10-02T20:25:25
4098,RAW,Person A,Right_Shift,2288,0,4095,0,32.13,2026-10-02T20:25:26
4099,RAW,Person A,Right_Shift,4095,0,4095,0,32.06,2026-10-02T20:25:27
4100,RAW,Person A,Right_Shift,4095,0,4095,0,32.06,2026-10-02T20:25:28
4101,RAW,Person A,Right_Shift,3790,0,0,0,32.13,2026-10-02T20:25:29
4102,RAW,Person A,Right_Shift,3568,0,0,0,32.06,2026-10-02T20:25:30
4103,AVG10,Person A,Right_Shift,3687.30,0.00,2844.50,0.00,32.07,2026-10-02T20:25:30
4104,RAW,Person A,Right_Shift,4095,0,4095,0,32.06,2026-10-02T20:25:31
4105,RAW,Person A,Right_Shift,0,0,0,0,32.13,2026-10-02T20:25:32
4106,RAW,Person A,Right_Shift,3696,0,4095,0,32.13,2026-10-02T20:25:33
4107,RAW,Person A,Right_Shift,4095,0,4095,0,32.13,2026-10-02T20:25:34
4108,RAW,Person A,Right_Shift,4095,0,4095,0,32.13,2026-10-02T20:25:35
4109,RAW,Person A,Right_Shift,4064,0,3868,0,32.19,2026-10-02T20:25:36
4110,RAW,Person A,Right_Shift,4095,0,0,0,32.19,2026-10-02T20:25:37
4111,RAW,Person A,Right_Shift,3791,0,3847,0,32.19,2026-10-02T20:25:38
4112,RAW,Person A,Right_Shift,2209,0,0,0,32.19,2026-10-02T20:25:39
4113,RAW,Person A,Right_Shift,4095,0,4095,0,32.19,2026-10-02T20:25:40
4114,AVG10,Person A,Right_Shift,3423.50,0.00,2819.00,0.00,32.15,2026-10-02T20:25:40
4115,RAW,Person A,Right_Shift,4095,0,4095,0,32.25,2026-10-02T20:25:41
4116,RAW,Person A,Right_Shift,4095,0,4095,0,32.25,2026-10-02T20:25:42
4117,RAW,Person A,Right_Shift,4095,0,4095,0,32.19,2026-10-02T20:25:43
4118,RAW,Person A,Right_Shift,4095,0,4095,0,32.25,2026-10-02T20:25:44
4119,RAW,Person A,Right_Shift,4095,0,0,0,32.25,2026-10-02T20:25:45
4120,RAW,Person A,Right_Shift,4095,0,0,4016,32.25,2026-10-02T20:25:46
4121,RAW,Person A,Right_Shift,4095,0,0,0,32.25,2026-10-02T20:25:47
4122,RAW,Person A,Right_Shift,3119,0,4095,0,32.31,2026-10-02T20:25:48
4123,RAW,Person A,Right_Shift,4095,0,4095,0,32.25,2026-10-02T20:25:49
4124,RAW,Person A,Right_Shift,4095,0,4095,0,32.25,2026-10-02T20:25:50
4125,AVG10,Person A,Right_Shift,3997.40,0.00,2866.50,401.60,32.25,2026-10-02T20:25:50
4126,RAW,Person A,Right_Shift,4095,0,4095,0,32.31,2026-10-02T20:25:51
4127,RAW,Person A,Right_Shift,4095,0,4095,0,32.31,2026-10-02T20:25:52
4128,RAW,Person A,Right_Shift,3451,0,0,0,32.31,2026-10-02T20:25:53
4129,RAW,Person A,Right_Shift,4095,0,4095,0,32.31,2026-10-02T20:25:54
4130,RAW,Person A,Right_Shift,4095,0,4095,0,32.31,2026-10-02T20:25:55
4131,RAW,Person A,Right_Shift,4095,0,4095,0,32.38,2026-10-02T20:25:56
4132,RAW,Person A,Right_Shift,4095,0,4095,0,32.38,2026-10-02T20:25:57
4133,RAW,Person A,Right_Shift,4095,0,4095,0,32.38,2026-10-02T20:25:58
4134,RAW,Person A,Right_Shift,3920,0,4095,0,32.38,2026-10-02T20:25:59
4135,RAW,Person A,Right_Shift,2624,0,0,0,32.38,2026-10-02T20:26:00
4136,AVG10,Person A,Right_Shift,3866.00,0.00,3276.00,0.00,32.34,2026-10-02T20:26:00
4137,RAW,Person A,Right_Shift,4095,0,4095,0,32.38,2026-10-02T20:26:01
4138,RAW,Person A,Right_Shift,2211,0,0,0,32.38,2026-10-02T20:26:02
4139,RAW,Person A,Right_Shift,4095,0,4095,0,32.38,2026-10-02T20:26:03
4140,RAW,Person A,Right_Shift,4095,0,4095,0,32.38,2026-10-02T20:26:04
4141,RAW,Person A,Right_Shift,0,0,0,0,32.44,2026-10-02T20:26:05
4142,RAW,Person A,Right_Shift,2231,0,4095,0,32.38,2026-10-02T20:26:06
4143,RAW,Person A,Right_Shift,4095,0,4095,0,32.38,2026-10-02T20:26:07
4144,RAW,Person A,Right_Shift,0,0,0,0,32.38,2026-10-02T20:26:08
4145,RAW,Person A,Right_Shift,3820,0,4095,0,32.38,2026-10-02T20:26:09
4146,RAW,Person A,Right_Shift,4095,0,4095,0,32.38,2026-10-02T20:26:10
4147,AVG10,Person A,Right_Shift,2873.70,0.00,2866.50,0.00,32.38,2026-10-02T20:26:10
4148,RAW,Person A,Right_Shift,4016,0,4095,0,32.44,2026-10-02T20:26:11
4149,RAW,Person A,Right_Shift,591,0,0,0,32.38,2026-10-02T20:26:12
4150,RAW,Person A,Right_Shift,4095,0,4095,0,32.38,2026-10-02T20:26:13
4151,RAW,Person A,Right_Shift,4095,0,4095,0,32.38,2026-10-02T20:26:14
4152,RAW,Person A,Right_Shift,4095,0,0,0,32.44,2026-10-02T20:26:15
4153,RAW,Person A,Right_Shift,3334,0,4095,0,32.38,2026-10-02T20:26:16
4154,RAW,Person A,Right_Shift,4095,0,4095,0,32.44,2026-10-02T20:26:17
4155,RAW,Person A,Right_Shift,4095,0,4095,0,32.44,2026-10-02T20:26:18
4156,RAW,Person A,Right_Shift,3952,0,3311,0,32.44,2026-10-02T20:26:19
4157,RAW,Person A,Right_Shift,3429,0,0,0,32.44,2026-10-02T20:26:20
4158,AVG10,Person A,Right_Shift,3579.70,0.00,2788.10,0.00,32.41,2026-10-02T20:26:20
4159,RAW,Person A,Right_Shift,3565,0,0,0,32.44,2026-10-02T20:26:21
4160,RAW,Person A,Right_Shift,4095,0,4095,0,32.44,2026-10-02T20:26:22
4161,RAW,Person A,Right_Shift,3845,0,4095,0,32.44,2026-10-02T20:26:23
4162,RAW,Person A,Right_Shift,3879,0,4095,0,32.44,2026-10-02T20:26:24
4163,RAW,Person A,Right_Shift,1970,0,0,0,32.44,2026-10-02T20:26:25
4164,RAW,Person A,Right_Shift,0,0,0,0,32.44,2026-10-02T20:26:26
4165,RAW,Person A,Right_Shift,0,0,0,0,32.50,2026-10-02T20:26:27
4166,RAW,Person A,Right_Shift,3313,0,0,0,32.50,2026-10-02T20:26:28
4167,RAW,Person A,Right_Shift,3838,0,0,0,32.50,2026-10-02T20:26:29
4168,RAW,Person A,Right_Shift,4085,0,4095,0,32.50,2026-10-02T20:26:30
4169,AVG10,Person A,Right_Shift,2859.00,0.00,1638.00,0.00,32.46,2026-10-02T20:26:30
4170,RAW,Person A,Right_Shift,4095,0,4095,0,32.50,2026-10-02T20:26:31
4171,RAW,Person A,Right_Shift,4095,0,4095,0,32.50,2026-10-02T20:26:32
4172,RAW,Person A,Right_Shift,4095,0,4095,0,32.50,2026-10-02T20:26:33
4173,RAW,Person A,Right_Shift,4095,0,4095,0,32.56,2026-10-02T20:26:34
4174,RAW,Person A,Right_Shift,4095,0,4095,0,32.50,2026-10-02T20:26:35
4175,RAW,Person A,Right_Shift,4095,0,4095,0,32.50,2026-10-02T20:26:36
4176,RAW,Person A,Right_Shift,4095,0,4095,0,32.56,2026-10-02T20:26:37
4177,RAW,Person A,Right_Shift,4095,0,4095,0,32.56,2026-10-02T20:26:38
4178,RAW,Person A,Right_Shift,4095,0,4095,0,32.56,2026-10-02T20:26:39
4179,RAW,Person A,Right_Shift,4095,0,4095,0,32.56,2026-10-02T20:26:40
4180,AVG10,Person A,Right_Shift,4095.00,0.00,4095.00,0.00,32.53,2026-10-02T20:26:40
4181,RAW,Person A,Right_Shift,4095,0,4095,0,32.56,2026-10-02T20:26:41
4182,RAW,Person A,Right_Shift,3917,0,4095,0,32.56,2026-10-02T20:26:42
4183,RAW,Person A,Right_Shift,4095,0,4095,0,32.56,2026-10-02T20:26:43
4184,RAW,Person A,Right_Shift,4095,0,4095,0,32.56,2026-10-02T20:26:44
4185,RAW,Person A,Right_Shift,4083,0,4095,0,32.56,2026-10-02T20:26:45
4186,RAW,Person A,Right_Shift,4091,0,4095,0,32.56,2026-10-02T20:26:46
4187,RAW,Person A,Right_Shift,4049,0,4095,0,32.63,2026-10-02T20:26:47
4188,RAW,Person A,Right_Shift,4095,0,4095,0,32.63,2026-10-02T20:26:48
4189,RAW,Person A,Right_Shift,3977,0,4095,0,32.63,2026-10-02T20:26:49
4190,RAW,Person A,Right_Shift,4000,0,3666,0,32.63,2026-10-02T20:26:50
4191,AVG10,Person A,Right_Shift,4049.70,0.00,4052.10,0.00,32.59,2026-10-02T20:26:50
4192,RAW,Person A,Right_Shift,4095,0,4095,0,32.63,2026-10-02T20:26:51
4193,RAW,Person A,Right_Shift,4087,669,4095,0,32.63,2026-10-02T20:26:52
4194,RAW,Person A,Right_Shift,3958,0,4095,0,32.63,2026-10-02T20:26:53
4195,RAW,Person A,Right_Shift,4095,0,4095,0,32.63,2026-10-02T20:26:54
4196,RAW,Person A,Right_Shift,4055,0,4095,0,32.63,2026-10-02T20:26:55
4197,RAW,Person A,Right_Shift,4095,0,0,0,32.63,2026-10-02T20:26:56
4198,RAW,Person A,Right_Shift,3920,0,4095,0,32.63,2026-10-02T20:26:57
4199,RAW,Person A,Right_Shift,3712,0,0,0,32.69,2026-10-02T20:26:58
4200,RAW,Person A,Right_Shift,0,0,0,0,32.63,2026-10-02T20:26:59
4201,RAW,Person A,Right_Shift,2127,0,0,0,32.63,2026-10-02T20:27:00
4202,AVG10,Person A,Right_Shift,3414.40,66.90,2457.00,0.00,32.63,2026-10-02T20:27:00
4203,RAW,Person A,Right_Shift,1893,0,0,0,32.69,2026-10-02T20:27:01
4204,RAW,Person A,Right_Shift,0,0,0,0,32.63,2026-10-02T20:27:02
4205,RAW,Person A,Right_Shift,1302,0,0,0,32.63,2026-10-02T20:27:03
4206,RAW,Person A,Right_Shift,3519,0,0,0,32.63,2026-10-02T20:27:04
4207,RAW,Person A,Right_Shift,4031,0,0,0,32.63,2026-10-02T20:27:05
4208,RAW,Person A,Right_Shift,2581,0,0,0,32.63,2026-10-02T20:27:06
4209,RAW,Person A,Right_Shift,0,0,0,0,32.69,2026-10-02T20:27:07
4210,RAW,Person A,Right_Shift,0,0,0,0,32.69,2026-10-02T20:27:08
4211,RAW,Person A,Right_Shift,1326,0,0,0,32.69,2026-10-02T20:27:09
4212,RAW,Person A,Right_Shift,2550,0,0,0,32.69,2026-10-02T20:27:10
4213,AVG10,Person A,Right_Shift,1720.20,0.00,0.00,0.00,32.66,2026-10-02T20:27:10
4214,RAW,Person A,Right_Shift,3459,0,0,0,32.69,2026-10-02T20:27:11
4215,RAW,Person A,Right_Shift,3306,0,0,0,32.69,2026-10-02T20:27:12
4216,RAW,Person A,Right_Shift,0,0,0,0,32.69,2026-10-02T20:27:13
4217,RAW,Person A,Right_Shift,0,0,0,0,32.69,2026-10-02T20:27:14
4218,RAW,Person A,Right_Shift,3888,0,0,0,32.69,2026-10-02T20:27:15
4219,RAW,Person A,Right_Shift,1482,0,0,0,32.69,2026-10-02T20:27:16
4220,RAW,Person A,Right_Shift,995,0,0,0,32.69,2026-10-02T20:27:17
4221,RAW,Person A,Right_Shift,0,0,0,0,32.69,2026-10-02T20:27:18
4222,RAW,Person A,Right_Shift,4095,1481,4095,0,32.69,2026-10-02T20:27:19
4223,RAW,Person A,Right_Shift,4095,0,4095,0,32.69,2026-10-02T20:27:20
4224,AVG10,Person A,Right_Shift,2132.00,148.10,819.00,0.00,32.69,2026-10-02T20:27:20
4225,RAW,Person A,Right_Shift,4070,0,4095,0,32.69,2026-10-02T20:27:21
4226,RAW,Person A,Right_Shift,3811,0,4007,0,32.69,2026-10-02T20:27:22
4227,RAW,Person A,Right_Shift,4095,0,4095,0,32.69,2026-10-02T20:27:23
4228,RAW,Person A,Right_Shift,4095,0,4095,0,32.69,2026-10-02T20:27:24
4229,RAW,Person A,Right_Shift,4095,0,0,0,32.69,2026-10-02T20:27:25
4230,RAW,Person A,Right_Shift,4049,0,4095,0,32.75,2026-10-02T20:27:26
4231,RAW,Person A,Right_Shift,3913,0,4095,0,32.69,2026-10-02T20:27:27
4232,RAW,Person A,Right_Shift,3873,0,4095,0,32.69,2026-10-02T20:27:28
4233,RAW,Person A,Right_Shift,4095,0,4095,0,32.69,2026-10-02T20:27:29
4234,RAW,Person A,Right_Shift,4095,0,4095,0,32.69,2026-10-02T20:27:30
4235,AVG10,Person A,Right_Shift,4019.10,0.00,3676.70,0.00,32.69,2026-10-02T20:27:30
4236,RAW,Person A,Right_Shift,4095,0,4095,0,32.69,2026-10-02T20:27:31
4237,RAW,Person A,Right_Shift,4095,0,4095,0,32.69,2026-10-02T20:27:32
4238,RAW,Person A,Right_Shift,4095,0,4095,0,32.69,2026-10-02T20:27:33
4239,RAW,Person A,Right_Shift,4095,0,3575,0,32.69,2026-10-02T20:27:34
4240,RAW,Person A,Right_Shift,4095,0,3988,0,32.69,2026-10-02T20:27:35
4241,RAW,Person A,Right_Shift,4095,0,4095,0,32.69,2026-10-02T20:27:36
4242,RAW,Person A,Right_Shift,4049,0,0,0,32.69,2026-10-02T20:27:37
4243,RAW,Person A,Right_Shift,3938,0,0,0,32.69,2026-10-02T20:27:38
4244,RAW,Person A,Right_Shift,2630,0,4095,0,32.69,2026-10-02T20:27:39
4245,RAW,Person A,Right_Shift,1217,0,0,0,32.69,2026-10-02T20:27:40
4246,AVG10,Person A,Right_Shift,3640.40,0.00,2803.80,0.00,32.69,2026-10-02T20:27:40
4247,RAW,Person A,Right_Shift,4095,0,0,0,32.69,2026-10-02T20:27:41
4248,RAW,Person A,Right_Shift,4062,0,3856,0,32.69,2026-10-02T20:27:42
4249,RAW,Person A,Right_Shift,4095,0,4095,0,32.69,2026-10-02T20:27:43
4250,RAW,Person A,Right_Shift,4095,0,4095,0,32.69,2026-10-02T20:27:44
4251,RAW,Person A,Right_Shift,3691,0,2209,0,32.69,2026-10-02T20:27:45
4252,RAW,Person A,Right_Shift,3974,0,3728,0,32.69,2026-10-02T20:27:46
4253,RAW,Person A,Right_Shift,4026,0,3870,0,32.69,2026-10-02T20:27:47
4254,RAW,Person A,Right_Shift,4047,0,3858,0,32.69,2026-10-02T20:27:48
4255,RAW,Person A,Right_Shift,4020,0,3973,0,32.69,2026-10-02T20:27:49
4256,RAW,Person A,Right_Shift,4010,0,3919,0,32.69,2026-10-02T20:27:50
4257,AVG10,Person A,Right_Shift,4011.50,0.00,3360.30,0.00,32.69,2026-10-02T20:27:50
4258,RAW,Person A,Right_Shift,4003,0,3979,0,32.69,2026-10-02T20:27:51
4259,RAW,Person A,Right_Shift,4020,0,4049,0,32.69,2026-10-02T20:27:52
4260,RAW,Person A,Right_Shift,4095,0,4095,0,32.69,2026-10-02T20:27:53
4261,RAW,Person A,Right_Shift,4095,0,4095,0,32.69,2026-10-02T20:27:54
4262,RAW,Person A,Right_Shift,4095,0,4095,0,32.69,2026-10-02T20:27:55
4263,RAW,Person A,Right_Shift,4095,0,4095,0,32.69,2026-10-02T20:27:56
4264,RAW,Person A,Right_Shift,4061,0,694,0,32.69,2026-10-02T20:27:57
4265,RAW,Person A,Right_Shift,4057,0,0,0,32.69,2026-10-02T20:27:58
4266,RAW,Person A,Right_Shift,2871,0,0,0,32.69,2026-10-02T20:27:59
4267,RAW,Person A,Right_Shift,4095,0,4095,0,32.63,2026-10-02T20:28:00
4268,AVG10,Person A,Right_Shift,3948.70,0.00,2919.70,0.00,32.68,2026-10-02T20:28:00
4269,RAW,Person A,Right_Shift,4095,0,4095,0,32.63,2026-10-02T20:28:01
4270,RAW,Person A,Right_Shift,4095,0,0,0,32.69,2026-10-02T20:28:02
4271,RAW,Person A,Right_Shift,4095,0,3763,0,32.69,2026-10-02T20:28:03
4272,RAW,Person A,Right_Shift,4095,0,4095,0,32.69,2026-10-02T20:28:04
4273,RAW,Person A,Right_Shift,4095,0,4095,0,32.69,2026-10-02T20:28:05
4274,RAW,Person A,Right_Shift,4095,0,4095,0,32.69,2026-10-02T20:28:06
4275,RAW,Person A,Right_Shift,4095,0,0,0,32.69,2026-10-02T20:28:07
4276,RAW,Person A,Right_Shift,4095,0,3600,0,32.69,2026-10-02T20:28:08
4277,RAW,Person A,Right_Shift,2813,0,0,0,32.69,2026-10-02T20:28:09
4278,RAW,Person A,Right_Shift,4095,0,4095,0,32.69,2026-10-02T20:28:10
4279,AVG10,Person A,Right_Shift,3966.80,0.00,2783.80,0.00,32.68,2026-10-02T20:28:10
4280,RAW,Person A,Right_Shift,4095,0,4095,0,32.69,2026-10-02T20:28:11
4281,RAW,Person A,Right_Shift,0,4045,4095,0,32.69,2026-10-02T20:28:12
4282,RAW,Person A,Right_Shift,3901,0,3629,0,32.69,2026-10-02T20:28:13
4283,RAW,Person A,Right_Shift,4095,0,4095,0,32.69,2026-10-02T20:28:14
4284,RAW,Person A,Right_Shift,4095,0,4095,0,32.69,2026-10-02T20:28:15
4285,RAW,Person A,Right_Shift,4095,0,3908,0,32.69,2026-10-02T20:28:16
4286,RAW,Person A,Right_Shift,4095,0,3029,0,32.69,2026-10-02T20:28:17
4287,RAW,Person A,Right_Shift,4095,0,4095,0,32.69,2026-10-02T20:28:18
4288,RAW,Person A,Right_Shift,4095,0,4095,0,32.69,2026-10-02T20:28:19
4289,RAW,Person A,Right_Shift,4095,1802,4095,0,32.69,2026-10-02T20:28:20
4290,AVG10,Person A,Right_Shift,3666.10,584.70,3923.10,0.00,32.69,2026-10-02T20:28:20
4291,RAW,Person A,Right_Shift,3983,0,0,0,32.69,2026-10-02T20:28:21
4292,RAW,Person A,Right_Shift,4095,1173,4095,0,32.75,2026-10-02T20:28:22
4293,RAW,Person A,Right_Shift,4095,0,4077,0,32.75,2026-10-02T20:28:23
4294,RAW,Person A,Right_Shift,4095,0,4095,0,32.69,2026-10-02T20:28:24
4295,RAW,Person A,Right_Shift,4095,0,4095,0,32.69,2026-10-02T20:28:25
4296,RAW,Person A,Right_Shift,4095,0,4095,0,32.69,2026-10-02T20:28:26
4297,RAW,Person A,Right_Shift,4095,0,4095,0,32.69,2026-10-02T20:28:27
4298,RAW,Person A,Right_Shift,4082,0,4095,0,32.69,2026-10-02T20:28:28
4299,RAW,Person A,Right_Shift,4095,0,4048,0,32.69,2026-10-02T20:28:29
4300,RAW,Person A,Right_Shift,4095,0,4095,0,32.69,2026-10-02T20:28:30
4301,AVG10,Person A,Right_Shift,4082.50,117.30,3679.00,0.00,32.70,2026-10-02T20:28:30
4302,RAW,Person A,Right_Shift,4095,0,4095,0,32.69,2026-10-02T20:28:31
4303,RAW,Person A,Right_Shift,4095,0,4095,0,32.69,2026-10-02T20:28:32
4304,RAW,Person A,Right_Shift,4095,0,4095,0,32.69,2026-10-02T20:28:33
4305,RAW,Person A,Right_Shift,4095,0,3396,0,32.69,2026-10-02T20:28:34
4306,RAW,Person A,Right_Shift,4095,0,2751,0,32.69,2026-10-02T20:28:35
4307,RAW,Person A,Right_Shift,4095,0,4095,0,32.69,2026-10-02T20:28:36
4308,RAW,Person A,Right_Shift,4095,0,4095,0,32.69,2026-10-02T20:28:37
4309,RAW,Person A,Right_Shift,4095,0,0,0,32.69,2026-10-02T20:28:38
4310,RAW,Person A,Right_Shift,4095,0,2624,0,32.69,2026-10-02T20:28:39
4311,RAW,Person A,Right_Shift,3992,0,0,0,32.69,2026-10-02T20:28:40
4312,AVG10,Person A,Right_Shift,4084.70,0.00,2924.60,0.00,32.69,2026-10-02T20:28:40
4313,RAW,Person A,Right_Shift,4095,0,3472,0,32.69,2026-10-02T20:28:41
4314,RAW,Person A,Right_Shift,4095,0,3801,0,32.69,2026-10-02T20:28:42
4315,RAW,Person A,Right_Shift,3935,0,0,0,32.63,2026-10-02T20:28:43
4316,RAW,Person A,Right_Shift,4095,0,4032,0,32.69,2026-10-02T20:28:44
4317,RAW,Person A,Right_Shift,4088,0,0,0,32.69,2026-10-02T20:28:45
4318,RAW,Person A,Right_Shift,4095,0,2949,0,32.69,2026-10-02T20:28:46
4319,RAW,Person A,Right_Shift,4095,0,2491,0,32.69,2026-10-02T20:28:47
4320,RAW,Person A,Right_Shift,4095,0,0,0,32.63,2026-10-02T20:28:48
4321,RAW,Person A,Right_Shift,4095,0,4095,0,32.63,2026-10-02T20:28:49
4322,RAW,Person A,Right_Shift,4095,0,0,0,32.63,2026-10-02T20:28:50
4323,AVG10,Person A,Right_Shift,4078.30,0.00,2084.00,0.00,32.66,2026-10-02T20:28:50
4324,RAW,Person A,Right_Shift,4095,0,4095,0,32.63,2026-10-02T20:28:51
4325,RAW,Person A,Right_Shift,3996,0,0,0,32.63,2026-10-02T20:28:52
4326,RAW,Person A,Right_Shift,4095,0,3265,0,32.63,2026-10-02T20:28:53
4327,RAW,Person A,Right_Shift,4095,0,3483,0,32.63,2026-10-02T20:28:54
4328,RAW,Person A,Right_Shift,4095,0,3427,0,32.63,2026-10-02T20:28:55
4329,RAW,Person A,Right_Shift,4054,0,0,0,32.63,2026-10-02T20:28:56
4330,RAW,Person A,Right_Shift,4095,0,4095,0,32.63,2026-10-02T20:28:57
4331,RAW,Person A,Right_Shift,4003,0,0,0,32.56,2026-10-02T20:28:58
4332,RAW,Person A,Right_Shift,4095,0,4095,0,32.56,2026-10-02T20:28:59
4333,RAW,Person A,Right_Shift,3697,0,0,0,32.56,2026-10-02T20:29:00
4334,AVG10,Person A,Right_Shift,4032.00,0.00,2246.00,0.00,32.61,2026-10-02T20:29:00
4335,RAW,Person A,Right_Shift,4095,0,4095,0,32.56,2026-10-02T20:29:01
4336,RAW,Person A,Right_Shift,4000,0,0,0,32.56,2026-10-02T20:29:02
4337,RAW,Person A,Right_Shift,4095,0,4095,0,32.56,2026-10-02T20:29:03
4338,RAW,Person A,Right_Shift,3988,0,0,0,32.56,2026-10-02T20:29:04
4339,RAW,Person A,Right_Shift,4095,0,4095,0,32.56,2026-10-02T20:29:05
4340,RAW,Person A,Right_Shift,4095,0,4053,0,32.56,2026-10-02T20:29:06
4341,RAW,Person A,Right_Shift,4095,0,0,0,32.56,2026-10-02T20:29:07
4342,RAW,Person A,Right_Shift,4095,0,4095,0,32.56,2026-10-02T20:29:08
4343,RAW,Person A,Right_Shift,4095,0,3748,0,32.56,2026-10-02T20:29:09
4344,RAW,Person A,Right_Shift,4095,0,4095,0,32.56,2026-10-02T20:29:10
4345,AVG10,Person A,Right_Shift,4074.80,0.00,2827.60,0.00,32.56,2026-10-02T20:29:10
4346,RAW,Person A,Right_Shift,4065,0,0,0,32.56,2026-10-02T20:29:11
4347,RAW,Person A,Right_Shift,4095,0,3051,0,32.56,2026-10-02T20:29:12
4348,RAW,Person A,Right_Shift,4026,0,0,0,32.50,2026-10-02T20:29:13
4349,RAW,Person A,Right_Shift,4095,0,3927,0,32.56,2026-10-02T20:29:14
4350,RAW,Person A,Right_Shift,4095,0,3776,0,32.50,2026-10-02T20:29:15
4351,RAW,Person A,Right_Shift,4095,0,0,0,32.50,2026-10-02T20:29:16
4352,RAW,Person A,Right_Shift,4095,0,4095,0,32.50,2026-10-02T20:29:17
4353,RAW,Person A,Right_Shift,4095,0,0,0,32.50,2026-10-02T20:29:18
4354,RAW,Person A,Right_Shift,4095,0,3890,0,32.50,2026-10-02T20:29:19
4355,RAW,Person A,Right_Shift,4095,0,4042,0,32.50,2026-10-02T20:29:20
4356,AVG10,Person A,Right_Shift,4085.10,0.00,2278.10,0.00,32.52,2026-10-02T20:29:20
4369,RAW,Person A,Left_Shift,0,4037,4095,0,32.50,2026-10-02T20:29:32
4370,RAW,Person A,Left_Shift,0,3978,4095,0,32.56,2026-10-02T20:29:33
4371,RAW,Person A,Left_Shift,0,4000,4095,4036,32.50,2026-10-02T20:29:34
4372,RAW,Person A,Left_Shift,0,3984,0,4095,32.50,2026-10-02T20:29:35
4373,RAW,Person A,Left_Shift,0,3887,4095,4095,32.50,2026-10-02T20:29:36
4374,RAW,Person A,Left_Shift,0,3851,4095,4095,32.50,2026-10-02T20:29:37
4375,RAW,Person A,Left_Shift,0,3845,4095,4078,32.50,2026-10-02T20:29:38
4376,RAW,Person A,Left_Shift,0,3772,4095,4095,32.56,2026-10-02T20:29:39
4377,RAW,Person A,Left_Shift,0,3617,4095,4095,32.56,2026-10-02T20:29:40
4378,AVG10,Person A,Left_Shift,0.00,3899.60,3685.50,3268.40,32.52,2026-10-02T20:29:40
4379,RAW,Person A,Left_Shift,0,3477,4095,4095,32.56,2026-10-02T20:29:41
4380,RAW,Person A,Left_Shift,0,3438,4095,4095,32.56,2026-10-02T20:29:42
4381,RAW,Person A,Left_Shift,0,3657,4095,4095,32.56,2026-10-02T20:29:43
4382,RAW,Person A,Left_Shift,0,3630,4095,4095,32.63,2026-10-02T20:29:44
4383,RAW,Person A,Left_Shift,0,3408,4095,3982,32.56,2026-10-02T20:29:45
4384,RAW,Person A,Left_Shift,0,3696,4095,4095,32.56,2026-10-02T20:29:46
4385,RAW,Person A,Left_Shift,0,3583,4095,4095,32.63,2026-10-02T20:29:47
4386,RAW,Person A,Left_Shift,0,3311,4095,4056,32.56,2026-10-02T20:29:48
4387,RAW,Person A,Left_Shift,2689,3278,4095,3979,32.63,2026-10-02T20:29:49
4388,RAW,Person A,Left_Shift,0,3395,4095,4095,32.63,2026-10-02T20:29:50
4389,AVG10,Person A,Left_Shift,268.90,3487.30,4095.00,4068.20,32.59,2026-10-02T20:29:50
4390,RAW,Person A,Left_Shift,0,3597,4095,4095,32.63,2026-10-02T20:29:51
4391,RAW,Person A,Left_Shift,0,3370,4095,4095,32.63,2026-10-02T20:29:52
4392,RAW,Person A,Left_Shift,0,3791,4095,4095,32.63,2026-10-02T20:29:53
4393,RAW,Person A,Left_Shift,0,3647,4095,4095,32.63,2026-10-02T20:29:54
4394,RAW,Person A,Left_Shift,0,3600,4095,4095,32.63,2026-10-02T20:29:55
4395,RAW,Person A,Left_Shift,0,3767,4095,3670,32.63,2026-10-02T20:29:56
4396,RAW,Person A,Left_Shift,0,3785,4095,4095,32.63,2026-10-02T20:29:57
4397,RAW,Person A,Left_Shift,0,3722,4095,4095,32.63,2026-10-02T20:29:58
4398,RAW,Person A,Left_Shift,0,3531,4095,4095,32.63,2026-10-02T20:29:59
4399,RAW,Person A,Left_Shift,315,3412,4095,4095,32.63,2026-10-02T20:30:00
4400,AVG10,Person A,Left_Shift,31.50,3622.20,4095.00,4052.50,32.63,2026-10-02T20:30:00
4401,RAW,Person A,Left_Shift,0,3232,4095,4095,32.69,2026-10-02T20:30:01
4402,RAW,Person A,Left_Shift,0,3136,4095,4095,32.69,2026-10-02T20:30:02
4403,RAW,Person A,Left_Shift,0,3262,4095,269,32.69,2026-10-02T20:30:03
4404,RAW,Person A,Left_Shift,0,3428,4095,4095,32.69,2026-10-02T20:30:04
4405,RAW,Person A,Left_Shift,0,3557,4095,4095,32.69,2026-10-02T20:30:05
4406,RAW,Person A,Left_Shift,0,3306,4095,3504,32.69,2026-10-02T20:30:06
4407,RAW,Person A,Left_Shift,0,3299,4095,4095,32.69,2026-10-02T20:30:07
4408,RAW,Person A,Left_Shift,0,3399,4095,0,32.69,2026-10-02T20:30:08
4409,RAW,Person A,Left_Shift,0,3216,4095,3825,32.69,2026-10-02T20:30:09
4410,RAW,Person A,Left_Shift,0,3302,4095,0,32.69,2026-10-02T20:30:10
4411,AVG10,Person A,Left_Shift,0.00,3313.70,4095.00,2807.30,32.69,2026-10-02T20:30:10
4412,RAW,Person A,Left_Shift,0,3193,4095,2932,32.69,2026-10-02T20:30:11
4413,RAW,Person A,Left_Shift,0,3386,4095,4095,32.69,2026-10-02T20:30:12
4414,RAW,Person A,Left_Shift,0,3266,4095,4095,32.75,2026-10-02T20:30:13
4415,RAW,Person A,Left_Shift,0,3566,4095,4095,32.69,2026-10-02T20:30:14
4416,RAW,Person A,Left_Shift,0,3536,4095,4093,32.69,2026-10-02T20:30:15
4417,RAW,Person A,Left_Shift,0,3567,4095,4095,32.69,2026-10-02T20:30:16
4418,RAW,Person A,Left_Shift,0,3425,4095,4095,32.75,2026-10-02T20:30:17
4419,RAW,Person A,Left_Shift,0,3466,4095,3881,32.75,2026-10-02T20:30:18
4420,RAW,Person A,Left_Shift,0,3390,4095,4047,32.75,2026-10-02T20:30:19
4421,RAW,Person A,Left_Shift,0,3395,4095,3722,32.75,2026-10-02T20:30:20
4422,AVG10,Person A,Left_Shift,0.00,3419.00,4095.00,3915.00,32.72,2026-10-02T20:30:20
4423,RAW,Person A,Left_Shift,0,3369,4095,0,32.75,2026-10-02T20:30:21
4424,RAW,Person A,Left_Shift,0,3049,4095,2065,32.75,2026-10-02T20:30:22
4425,RAW,Person A,Left_Shift,0,2736,4095,0,32.69,2026-10-02T20:30:23
4426,RAW,Person A,Left_Shift,0,3504,4095,4029,32.75,2026-10-02T20:30:24
4427,RAW,Person A,Left_Shift,0,3153,4095,0,32.75,2026-10-02T20:30:25
4428,RAW,Person A,Left_Shift,0,3333,4095,0,32.75,2026-10-02T20:30:26
4429,RAW,Person A,Left_Shift,0,3136,4095,0,32.75,2026-10-02T20:30:27
4430,RAW,Person A,Left_Shift,0,2717,4095,0,32.75,2026-10-02T20:30:28
4431,RAW,Person A,Left_Shift,0,3479,4095,3600,32.75,2026-10-02T20:30:29
4432,RAW,Person A,Left_Shift,1636,3779,4095,4095,32.75,2026-10-02T20:30:30
4433,AVG10,Person A,Left_Shift,163.60,3225.50,4095.00,1378.90,32.74,2026-10-02T20:30:30
4434,RAW,Person A,Left_Shift,0,3723,4095,4095,32.75,2026-10-02T20:30:31
4435,RAW,Person A,Left_Shift,0,3550,4095,4034,32.75,2026-10-02T20:30:32
4436,RAW,Person A,Left_Shift,0,3613,4095,4095,32.75,2026-10-02T20:30:33
4437,RAW,Person A,Left_Shift,0,3239,4095,3901,32.75,2026-10-02T20:30:34
4438,RAW,Person A,Left_Shift,0,3359,4095,3511,32.75,2026-10-02T20:30:35
4439,RAW,Person A,Left_Shift,0,3301,4095,4095,32.75,2026-10-02T20:30:36
4440,RAW,Person A,Left_Shift,0,3579,4095,4095,32.75,2026-10-02T20:30:37
4441,RAW,Person A,Left_Shift,0,3731,3931,4079,32.81,2026-10-02T20:30:38
4442,RAW,Person A,Left_Shift,0,3509,4095,4095,32.75,2026-10-02T20:30:39
4443,RAW,Person A,Left_Shift,0,3338,4095,4095,32.75,2026-10-02T20:30:40
4444,AVG10,Person A,Left_Shift,0.00,3494.20,4078.60,4009.50,32.76,2026-10-02T20:30:40
4445,RAW,Person A,Left_Shift,0,3359,4095,4095,32.81,2026-10-02T20:30:41
4446,RAW,Person A,Left_Shift,180,3405,4095,4095,32.75,2026-10-02T20:30:42
4447,RAW,Person A,Left_Shift,1072,3304,4095,4069,32.75,2026-10-02T20:30:43
4448,RAW,Person A,Left_Shift,4034,3460,0,3858,32.75,2026-10-02T20:30:44
4449,RAW,Person A,Left_Shift,0,3798,2589,0,32.81,2026-10-02T20:30:45
4450,RAW,Person A,Left_Shift,0,3728,4095,4095,32.81,2026-10-02T20:30:46
4451,RAW,Person A,Left_Shift,0,3472,4095,4095,32.81,2026-10-02T20:30:47
4452,RAW,Person A,Left_Shift,0,3259,4095,3936,32.81,2026-10-02T20:30:48
4453,RAW,Person A,Left_Shift,0,3551,4095,4095,32.81,2026-10-02T20:30:49
4454,RAW,Person A,Left_Shift,0,3202,4095,4095,32.81,2026-10-02T20:30:50
4455,AVG10,Person A,Left_Shift,528.60,3453.80,3534.90,3643.30,32.79,2026-10-02T20:30:50
4456,RAW,Person A,Left_Shift,0,3546,4095,4095,32.81,2026-10-02T20:30:51
4457,RAW,Person A,Left_Shift,0,3473,4095,4095,32.81,2026-10-02T20:30:52
4458,RAW,Person A,Left_Shift,0,3479,4095,4095,32.81,2026-10-02T20:30:53
4459,RAW,Person A,Left_Shift,0,3182,4095,4095,32.81,2026-10-02T20:30:54
4460,RAW,Person A,Left_Shift,0,3435,4095,4095,32.81,2026-10-02T20:30:55
4461,RAW,Person A,Left_Shift,0,3373,4095,4095,32.81,2026-10-02T20:30:56
4462,RAW,Person A,Left_Shift,0,3357,4095,4095,32.81,2026-10-02T20:30:57
4463,RAW,Person A,Left_Shift,826,3455,4095,4095,32.81,2026-10-02T20:30:58
4464,RAW,Person A,Left_Shift,0,3461,4095,4095,32.81,2026-10-02T20:30:59
4465,RAW,Person A,Left_Shift,1221,3540,4095,4095,32.81,2026-10-02T20:31:00
4466,AVG10,Person A,Left_Shift,204.70,3430.10,4095.00,4095.00,32.81,2026-10-02T20:31:00
4467,RAW,Person A,Left_Shift,0,3509,4095,4095,32.81,2026-10-02T20:31:01
4468,RAW,Person A,Left_Shift,865,3395,4095,4095,32.81,2026-10-02T20:31:02
4469,RAW,Person A,Left_Shift,1200,3498,4095,4095,32.81,2026-10-02T20:31:03
4470,RAW,Person A,Left_Shift,650,3495,4095,4095,32.81,2026-10-02T20:31:04
4471,RAW,Person A,Left_Shift,942,3537,4095,4095,32.81,2026-10-02T20:31:05
4472,RAW,Person A,Left_Shift,3464,3445,4095,4095,32.81,2026-10-02T20:31:06
4473,RAW,Person A,Left_Shift,0,3477,4095,4095,32.81,2026-10-02T20:31:07
4474,RAW,Person A,Left_Shift,0,3398,4095,4095,32.81,2026-10-02T20:31:08
4475,RAW,Person A,Left_Shift,737,3504,4095,4095,32.88,2026-10-02T20:31:09
4476,RAW,Person A,Left_Shift,0,3735,4095,4095,32.88,2026-10-02T20:31:10
4477,AVG10,Person A,Left_Shift,785.80,3499.30,4095.00,4095.00,32.83,2026-10-02T20:31:10
4478,RAW,Person A,Left_Shift,0,3744,4095,4095,32.81,2026-10-02T20:31:11
4479,RAW,Person A,Left_Shift,0,3835,4095,4095,32.88,2026-10-02T20:31:12
4480,RAW,Person A,Left_Shift,0,3781,4095,4095,32.81,2026-10-02T20:31:13
4481,RAW,Person A,Left_Shift,0,3623,4095,4095,32.88,2026-10-02T20:31:14
4482,RAW,Person A,Left_Shift,0,3856,4095,4095,32.81,2026-10-02T20:31:15
4483,RAW,Person A,Left_Shift,0,3738,4095,4095,32.88,2026-10-02T20:31:16
4484,RAW,Person A,Left_Shift,0,3893,4095,4095,32.81,2026-10-02T20:31:17
4485,RAW,Person A,Left_Shift,0,3823,4095,3555,32.81,2026-10-02T20:31:18
4486,RAW,Person A,Left_Shift,0,3657,4095,3687,32.81,2026-10-02T20:31:19
4487,RAW,Person A,Left_Shift,662,3537,4095,3780,32.88,2026-10-02T20:31:20
4488,AVG10,Person A,Left_Shift,66.20,3748.70,4095.00,3968.70,32.84,2026-10-02T20:31:20
4489,RAW,Person A,Left_Shift,0,3542,4095,0,32.88,2026-10-02T20:31:21
4490,RAW,Person A,Left_Shift,0,3583,4095,118,32.88,2026-10-02T20:31:22
4491,RAW,Person A,Left_Shift,0,3447,4095,4095,32.88,2026-10-02T20:31:23
4492,RAW,Person A,Left_Shift,0,3699,4095,4095,32.88,2026-10-02T20:31:24
4493,RAW,Person A,Left_Shift,0,3740,4095,4095,32.88,2026-10-02T20:31:25
4494,RAW,Person A,Left_Shift,0,3750,4095,4095,32.88,2026-10-02T20:31:26
4495,RAW,Person A,Left_Shift,0,3631,4095,4095,32.88,2026-10-02T20:31:27
4496,RAW,Person A,Left_Shift,0,3613,4095,4095,32.81,2026-10-02T20:31:28
4497,RAW,Person A,Left_Shift,0,3559,4095,3901,32.88,2026-10-02T20:31:29
4498,RAW,Person A,Left_Shift,0,3568,4095,4095,32.88,2026-10-02T20:31:30
4499,AVG10,Person A,Left_Shift,0.00,3613.20,4095.00,3268.40,32.87,2026-10-02T20:31:30
4500,RAW,Person A,Left_Shift,0,3792,4095,4095,32.88,2026-10-02T20:31:31
4501,RAW,Person A,Left_Shift,0,3753,4095,4095,32.88,2026-10-02T20:31:32
4502,RAW,Person A,Left_Shift,0,3853,4095,4095,32.81,2026-10-02T20:31:33
4503,RAW,Person A,Left_Shift,0,3773,4095,4095,32.88,2026-10-02T20:31:34
4504,RAW,Person A,Left_Shift,0,3887,4095,4095,32.88,2026-10-02T20:31:35
4505,RAW,Person A,Left_Shift,0,3837,4095,4095,32.88,2026-10-02T20:31:36
4506,RAW,Person A,Left_Shift,0,3902,4095,4095,32.81,2026-10-02T20:31:37
4507,RAW,Person A,Left_Shift,0,3737,4095,4095,32.88,2026-10-02T20:31:38
4508,RAW,Person A,Left_Shift,0,3625,4095,3995,32.88,2026-10-02T20:31:39
4509,RAW,Person A,Left_Shift,0,3734,4095,4095,32.88,2026-10-02T20:31:40
4510,AVG10,Person A,Left_Shift,0.00,3789.30,4095.00,4085.00,32.86,2026-10-02T20:31:40
4511,RAW,Person A,Left_Shift,0,3599,4095,4095,32.88,2026-10-02T20:31:41
4512,RAW,Person A,Left_Shift,0,3697,4095,4095,32.88,2026-10-02T20:31:42
4513,RAW,Person A,Left_Shift,0,3785,4095,4095,32.88,2026-10-02T20:31:43
4514,RAW,Person A,Left_Shift,0,3747,4095,4095,32.88,2026-10-02T20:31:44
4515,RAW,Person A,Left_Shift,0,3743,4095,4095,32.88,2026-10-02T20:31:45
4516,RAW,Person A,Left_Shift,0,3623,4095,4095,32.88,2026-10-02T20:31:46
4517,RAW,Person A,Left_Shift,0,3568,4095,4095,32.88,2026-10-02T20:31:47
4518,RAW,Person A,Left_Shift,0,3570,4095,4095,32.88,2026-10-02T20:31:48
4519,RAW,Person A,Left_Shift,0,3469,4095,4095,32.88,2026-10-02T20:31:49
4520,RAW,Person A,Left_Shift,0,3597,4095,4095,32.88,2026-10-02T20:31:50
4521,AVG10,Person A,Left_Shift,0.00,3639.80,4095.00,4095.00,32.88,2026-10-02T20:31:50
4522,RAW,Person A,Left_Shift,0,3575,4095,4095,32.88,2026-10-02T20:31:51
4523,RAW,Person A,Left_Shift,0,3561,4095,4095,32.88,2026-10-02T20:31:52
4524,RAW,Person A,Left_Shift,0,3776,4095,4095,32.88,2026-10-02T20:31:53
4525,RAW,Person A,Left_Shift,0,3707,4095,4095,32.88,2026-10-02T20:31:54
4526,RAW,Person A,Left_Shift,0,3653,4095,4095,32.88,2026-10-02T20:31:55
4527,RAW,Person A,Left_Shift,0,3642,4095,4095,32.88,2026-10-02T20:31:56
4528,RAW,Person A,Left_Shift,0,3674,4095,4095,32.88,2026-10-02T20:31:57
4529,RAW,Person A,Left_Shift,0,3645,4095,4095,32.88,2026-10-02T20:31:58
4530,RAW,Person A,Left_Shift,0,3661,4095,4095,32.88,2026-10-02T20:31:59
4531,RAW,Person A,Left_Shift,0,3633,4095,4095,32.88,2026-10-02T20:32:00
4532,AVG10,Person A,Left_Shift,0.00,3652.70,4095.00,4095.00,32.88,2026-10-02T20:32:00
4533,RAW,Person A,Left_Shift,0,3623,4095,4095,32.88,2026-10-02T20:32:01
4534,RAW,Person A,Left_Shift,0,3617,4095,4055,32.88,2026-10-02T20:32:02
4535,RAW,Person A,Left_Shift,0,3533,4095,3947,32.88,2026-10-02T20:32:03
4536,RAW,Person A,Left_Shift,0,3550,4095,4095,32.94,2026-10-02T20:32:04
4537,RAW,Person A,Left_Shift,0,3650,4095,4095,32.88,2026-10-02T20:32:05
4538,RAW,Person A,Left_Shift,0,3763,4095,4095,32.88,2026-10-02T20:32:06
4539,RAW,Person A,Left_Shift,0,3605,4095,4095,32.94,2026-10-02T20:32:07
4540,RAW,Person A,Left_Shift,0,3771,4095,4095,32.88,2026-10-02T20:32:08
4541,RAW,Person A,Left_Shift,0,3583,4095,4095,32.88,2026-10-02T20:32:09
4542,RAW,Person A,Left_Shift,0,3638,4095,3699,32.88,2026-10-02T20:32:10
4543,AVG10,Person A,Left_Shift,0.00,3633.30,4095.00,4036.60,32.89,2026-10-02T20:32:10
4544,RAW,Person A,Left_Shift,0,3670,4095,4095,32.94,2026-10-02T20:32:11
4545,RAW,Person A,Left_Shift,0,3601,4095,3842,32.88,2026-10-02T20:32:12
4546,RAW,Person A,Left_Shift,0,3632,4095,4021,32.94,2026-10-02T20:32:13
4547,RAW,Person A,Left_Shift,0,3689,4095,4095,32.94,2026-10-02T20:32:14
4548,RAW,Person A,Left_Shift,0,3723,4095,4095,32.94,2026-10-02T20:32:15
4549,RAW,Person A,Left_Shift,0,3437,4095,1822,32.94,2026-10-02T20:32:16
4550,RAW,Person A,Left_Shift,0,3664,4095,4095,32.94,2026-10-02T20:32:17
4551,RAW,Person A,Left_Shift,0,3520,4095,4048,32.94,2026-10-02T20:32:18
4552,RAW,Person A,Left_Shift,0,3251,4095,0,32.94,2026-10-02T20:32:19
4553,RAW,Person A,Left_Shift,0,3829,4095,4095,32.94,2026-10-02T20:32:20
4554,AVG10,Person A,Left_Shift,0.00,3601.60,4095.00,3420.80,32.93,2026-10-02T20:32:20
4555,RAW,Person A,Left_Shift,0,3554,4095,3967,32.94,2026-10-02T20:32:21
4556,RAW,Person A,Left_Shift,0,4000,4095,2752,32.94,2026-10-02T20:32:22
4557,RAW,Person A,Left_Shift,0,3933,4095,4037,32.94,2026-10-02T20:32:23
4558,RAW,Person A,Left_Shift,0,3951,4095,4095,32.94,2026-10-02T20:32:24
4559,RAW,Person A,Left_Shift,0,3884,4095,4095,32.94,2026-10-02T20:32:25
4560,RAW,Person A,Left_Shift,0,3838,4095,4095,32.94,2026-10-02T20:32:26
4561,RAW,Person A,Left_Shift,0,3831,4095,4095,32.94,2026-10-02T20:32:27
4562,RAW,Person A,Left_Shift,0,3911,4095,4011,32.94,2026-10-02T20:32:28
4563,RAW,Person A,Left_Shift,0,3936,4095,4095,32.94,2026-10-02T20:32:29
4564,RAW,Person A,Left_Shift,0,3897,4095,4095,32.94,2026-10-02T20:32:304565,AVG10,Person A,Left_Shift,0.00,3873.50,4095.00,3933.70,32.94,2026-10-02T20:32:30
4566,RAW,Person A,Left_Shift,0,3812,4095,4095,32.94,2026-10-02T20:32:31
4567,RAW,Person A,Left_Shift,0,3639,4095,4095,32.94,2026-10-02T20:32:32
4568,RAW,Person A,Left_Shift,0,3659,4095,4095,32.94,2026-10-02T20:32:33
4569,RAW,Person A,Left_Shift,0,3610,4095,4095,32.94,2026-10-02T20:32:34
4570,RAW,Person A,Left_Shift,0,3739,4095,4095,32.94,2026-10-02T20:32:35
4571,RAW,Person A,Left_Shift,0,3855,4095,3726,32.94,2026-10-02T20:32:36
4572,RAW,Person A,Left_Shift,0,3917,4095,4095,32.94,2026-10-02T20:32:37
4573,RAW,Person A,Left_Shift,0,3904,4095,3872,32.94,2026-10-02T20:32:38
4574,RAW,Person A,Left_Shift,0,3949,4095,3838,32.88,2026-10-02T20:32:39
4575,RAW,Person A,Left_Shift,0,3937,4095,4074,32.94,2026-10-02T20:32:40
4576,AVG10,Person A,Left_Shift,0.00,3802.10,4095.00,4008.00,32.93,2026-10-02T20:32:40
4577,RAW,Person A,Left_Shift,0,3911,4095,4095,32.88,2026-10-02T20:32:41
4578,RAW,Person A,Left_Shift,0,3767,4095,3793,32.88,2026-10-02T20:32:42
4579,RAW,Person A,Left_Shift,0,3696,4095,3374,32.88,2026-10-02T20:32:43
4580,RAW,Person A,Left_Shift,0,3698,4095,2109,32.88,2026-10-02T20:32:44
4581,RAW,Person A,Left_Shift,0,3548,4095,0,32.88,2026-10-02T20:32:45
4582,RAW,Person A,Left_Shift,0,3551,4095,0,32.94,2026-10-02T20:32:46
4583,RAW,Person A,Left_Shift,0,3879,4095,4095,32.88,2026-10-02T20:32:47
4584,RAW,Person A,Left_Shift,0,3813,4095,0,32.88,2026-10-02T20:32:48
4585,RAW,Person A,Left_Shift,0,3957,4095,4095,32.88,2026-10-02T20:32:49
4586,RAW,Person A,Left_Shift,0,3902,4095,4095,32.88,2026-10-02T20:32:50
4587,AVG10,Person A,Left_Shift,0.00,3772.20,4095.00,2565.60,32.88,2026-10-02T20:32:50
4588,RAW,Person A,Left_Shift,0,3894,4095,4095,32.88,2026-10-02T20:32:51
4589,RAW,Person A,Left_Shift,0,3706,4095,0,32.88,2026-10-02T20:32:52
4590,RAW,Person A,Left_Shift,0,3813,4095,0,32.88,2026-10-02T20:32:53
4591,RAW,Person A,Left_Shift,0,3882,4095,3889,32.88,2026-10-02T20:32:54
4592,RAW,Person A,Left_Shift,0,3776,4095,3463,32.88,2026-10-02T20:32:55
4593,RAW,Person A,Left_Shift,0,3818,4095,0,32.88,2026-10-02T20:32:56
4594,RAW,Person A,Left_Shift,0,3679,4095,3802,32.88,2026-10-02T20:32:57
4595,RAW,Person A,Left_Shift,0,3687,4095,3839,32.88,2026-10-02T20:32:58
4596,RAW,Person A,Left_Shift,0,3669,4095,3948,32.88,2026-10-02T20:32:59
4597,RAW,Person A,Left_Shift,0,3664,4095,3548,32.88,2026-10-02T20:33:00
4598,AVG10,Person A,Left_Shift,0.00,3758.80,4095.00,2658.40,32.88,2026-10-02T20:33:00
4599,RAW,Person A,Left_Shift,0,3574,4095,0,32.88,2026-10-02T20:33:01
4600,RAW,Person A,Left_Shift,0,3889,4095,0,32.88,2026-10-02T20:33:02
4601,RAW,Person A,Left_Shift,0,3771,4095,2992,32.88,2026-10-02T20:33:03
4602,RAW,Person A,Left_Shift,0,3904,4095,0,32.88,2026-10-02T20:33:04
4603,RAW,Person A,Left_Shift,0,3673,4095,3714,32.81,2026-10-02T20:33:05
4604,RAW,Person A,Left_Shift,0,3934,4095,0,32.88,2026-10-02T20:33:06
4605,RAW,Person A,Left_Shift,0,3792,4095,3665,32.88,2026-10-02T20:33:07
4606,RAW,Person A,Left_Shift,0,3969,4095,4095,32.88,2026-10-02T20:33:08
4607,RAW,Person A,Left_Shift,0,3920,4095,4095,32.88,2026-10-02T20:33:09
4608,RAW,Person A,Left_Shift,0,3779,4095,3842,32.88,2026-10-02T20:33:10
4609,AVG10,Person A,Left_Shift,0.00,3820.50,4095.00,2240.30,32.87,2026-10-02T20:33:10
4610,RAW,Person A,Left_Shift,0,3699,4095,3826,32.88,2026-10-02T20:33:11
4611,RAW,Person A,Left_Shift,0,3810,4095,3623,32.88,2026-10-02T20:33:12
4612,RAW,Person A,Left_Shift,0,4027,4095,3773,32.88,2026-10-02T20:33:13
4613,RAW,Person A,Left_Shift,0,3946,4095,4095,32.88,2026-10-02T20:33:14
4614,RAW,Person A,Left_Shift,0,3919,4095,4095,32.88,2026-10-02T20:33:15
4615,RAW,Person A,Left_Shift,0,3888,4095,4029,32.81,2026-10-02T20:33:16
4616,RAW,Person A,Left_Shift,0,3743,4095,4095,32.88,2026-10-02T20:33:17
4617,RAW,Person A,Left_Shift,0,3888,4095,4095,32.88,2026-10-02T20:33:18
4618,RAW,Person A,Left_Shift,0,3792,4095,4095,32.88,2026-10-02T20:33:19
4619,RAW,Person A,Left_Shift,0,3984,4095,4095,32.88,2026-10-02T20:33:20
4620,AVG10,Person A,Left_Shift,0.00,3869.60,4095.00,3982.10,32.87,2026-10-02T20:33:20
4621,RAW,Person A,Left_Shift,0,3791,4095,4095,32.88,2026-10-02T20:33:21
4622,RAW,Person A,Left_Shift,0,3952,0,4095,32.88,2026-10-02T20:33:22
4623,RAW,Person A,Left_Shift,0,3847,4095,4095,32.81,2026-10-02T20:33:23
4624,RAW,Person A,Left_Shift,0,3815,4095,4095,32.88,2026-10-02T20:33:24
4625,RAW,Person A,Left_Shift,0,3478,4095,2082,32.88,2026-10-02T20:33:25
4626,RAW,Person A,Left_Shift,0,3551,4095,4095,32.81,2026-10-02T20:33:26
4627,RAW,Person A,Left_Shift,0,3607,4095,4095,32.81,2026-10-02T20:33:27
4628,RAW,Person A,Left_Shift,0,3427,4095,3997,32.81,2026-10-02T20:33:28
4629,RAW,Person A,Left_Shift,0,3471,4095,4079,32.88,2026-10-02T20:33:29
4630,RAW,Person A,Left_Shift,0,3419,4095,4095,32.88,2026-10-02T20:33:30
4631,AVG10,Person A,Left_Shift,0.00,3635.80,3685.50,3882.30,32.85,2026-10-02T20:33:30
4632,RAW,Person A,Left_Shift,0,3797,4095,4095,32.81,2026-10-02T20:33:31
4633,RAW,Person A,Left_Shift,0,3668,4095,4095,32.81,2026-10-02T20:33:32
4634,RAW,Person A,Left_Shift,0,3433,4095,4095,32.88,2026-10-02T20:33:33
4635,RAW,Person A,Left_Shift,0,3650,4095,4095,32.88,2026-10-02T20:33:34
4636,RAW,Person A,Left_Shift,0,3551,4095,4095,32.81,2026-10-02T20:33:35
4637,RAW,Person A,Left_Shift,0,3641,4095,4095,32.88,2026-10-02T20:33:36
4638,RAW,Person A,Left_Shift,0,3615,4095,4095,32.81,2026-10-02T20:33:37
4639,RAW,Person A,Left_Shift,0,3456,4095,4095,32.81,2026-10-02T20:33:38
4640,RAW,Person A,Left_Shift,0,3733,4095,4095,32.81,2026-10-02T20:33:39
4641,RAW,Person A,Left_Shift,0,3737,4095,4095,32.81,2026-10-02T20:33:40
4642,AVG10,Person A,Left_Shift,0.00,3628.10,4095.00,4095.00,32.83,2026-10-02T20:33:40
4643,RAW,Person A,Left_Shift,0,3770,4095,4095,32.81,2026-10-02T20:33:41
4644,RAW,Person A,Left_Shift,0,3643,4095,4095,32.88,2026-10-02T20:33:42
4645,RAW,Person A,Left_Shift,0,3472,4095,4095,32.81,2026-10-02T20:33:43
4646,RAW,Person A,Left_Shift,0,3679,4095,4095,32.81,2026-10-02T20:33:44
4647,RAW,Person A,Left_Shift,0,3792,4095,4095,32.81,2026-10-02T20:33:45
4648,RAW,Person A,Left_Shift,0,3408,4095,4095,32.88,2026-10-02T20:33:46
4649,RAW,Person A,Left_Shift,0,3479,4095,4095,32.81,2026-10-02T20:33:47
4650,RAW,Person A,Left_Shift,0,3697,4095,4095,32.81,2026-10-02T20:33:48
4651,RAW,Person A,Left_Shift,0,3764,4095,4095,32.88,2026-10-02T20:33:49
4652,RAW,Person A,Left_Shift,0,3653,4095,4095,32.81,2026-10-02T20:33:50
4653,AVG10,Person A,Left_Shift,0.00,3635.70,4095.00,4095.00,32.83,2026-10-02T20:33:50
4654,RAW,Person A,Left_Shift,0,3504,4095,4095,32.88,2026-10-02T20:33:51
4655,RAW,Person A,Left_Shift,0,3786,4095,4095,32.88,2026-10-02T20:33:52
4656,RAW,Person A,Left_Shift,0,3376,4095,4095,32.81,2026-10-02T20:33:53
4657,RAW,Person A,Left_Shift,0,3664,4095,4095,32.81,2026-10-02T20:33:54
4658,RAW,Person A,Left_Shift,0,3856,4095,4095,32.81,2026-10-02T20:33:55
4659,RAW,Person A,Left_Shift,0,3652,4095,4095,32.81,2026-10-02T20:33:56
4660,RAW,Person A,Left_Shift,0,3706,4095,4095,32.81,2026-10-02T20:33:57
4661,RAW,Person A,Left_Shift,0,3773,4095,4095,32.81,2026-10-02T20:33:58
4662,RAW,Person A,Left_Shift,0,3809,4095,4095,32.81,2026-10-02T20:33:59
4663,RAW,Person A,Left_Shift,0,3613,4095,4095,32.88,2026-10-02T20:34:00
4664,AVG10,Person A,Left_Shift,0.00,3673.90,4095.00,4095.00,32.83,2026-10-02T20:34:00
4665,RAW,Person A,Left_Shift,0,3817,4095,4095,32.81,2026-10-02T20:34:01
4666,RAW,Person A,Left_Shift,0,3811,4095,4095,32.81,2026-10-02T20:34:02
4667,RAW,Person A,Left_Shift,0,3675,4095,4095,32.81,2026-10-02T20:34:03
4668,RAW,Person A,Left_Shift,0,3468,4095,4095,32.81,2026-10-02T20:34:04
4669,RAW,Person A,Left_Shift,0,3798,4095,4095,32.81,2026-10-02T20:34:05
4670,RAW,Person A,Left_Shift,0,3523,4095,4095,32.81,2026-10-02T20:34:06
4671,RAW,Person A,Left_Shift,0,3807,4095,4095,32.81,2026-10-02T20:34:07
4672,RAW,Person A,Left_Shift,0,3812,4095,4095,32.81,2026-10-02T20:34:08
4673,RAW,Person A,Left_Shift,0,3723,4095,4095,32.81,2026-10-02T20:34:09
4674,RAW,Person A,Left_Shift,0,3601,4095,4095,32.81,2026-10-02T20:34:10
4675,AVG10,Person A,Left_Shift,0.00,3703.50,4095.00,4095.00,32.81,2026-10-02T20:34:10
4676,RAW,Person A,Left_Shift,0,3582,4095,4095,32.81,2026-10-02T20:34:11
4677,RAW,Person A,Left_Shift,0,3721,4095,4095,32.81,2026-10-02T20:34:12
4678,RAW,Person A,Left_Shift,0,3797,4095,4095,32.81,2026-10-02T20:34:13
4679,RAW,Person A,Left_Shift,0,3782,4095,4095,32.81,2026-10-02T20:34:14
4680,RAW,Person A,Left_Shift,0,3611,4095,4095,32.88,2026-10-02T20:34:15
4681,RAW,Person A,Left_Shift,0,3824,4095,4095,32.81,2026-10-02T20:34:16
4682,RAW,Person A,Left_Shift,0,3932,4095,4095,32.81,2026-10-02T20:34:17
4683,RAW,Person A,Left_Shift,0,3918,4095,4095,32.81,2026-10-02T20:34:18
4684,RAW,Person A,Left_Shift,0,3957,4095,4089,32.81,2026-10-02T20:34:19
4685,RAW,Person A,Left_Shift,0,3838,2117,0,32.81,2026-10-02T20:34:20
4686,AVG10,Person A,Left_Shift,0.00,3796.20,3897.20,3684.90,32.82,2026-10-02T20:34:20
4687,RAW,Person A,Left_Shift,0,3845,4095,4095,32.81,2026-10-02T20:34:21
4688,RAW,Person A,Left_Shift,0,3955,4095,4095,32.81,2026-10-02T20:34:22
4689,RAW,Person A,Left_Shift,0,3775,4095,4095,32.88,2026-10-02T20:34:23
4690,RAW,Person A,Left_Shift,0,3568,4095,0,32.81,2026-10-02T20:34:24
4691,RAW,Person A,Left_Shift,0,3943,4095,4095,32.81,2026-10-02T20:34:25
4692,RAW,Person A,Left_Shift,0,3959,4095,4095,32.88,2026-10-02T20:34:26
4693,RAW,Person A,Left_Shift,0,3634,4095,4095,32.81,2026-10-02T20:34:27
4694,RAW,Person A,Left_Shift,0,3919,4095,4095,32.88,2026-10-02T20:34:28
4695,RAW,Person A,Left_Shift,0,3089,4095,0,32.81,2026-10-02T20:34:29
4696,RAW,Person A,Left_Shift,0,3931,4095,4095,32.88,2026-10-02T20:34:30
4697,AVG10,Person A,Left_Shift,0.00,3761.80,4095.00,3276.00,32.84,2026-10-02T20:34:30
4698,RAW,Person A,Left_Shift,0,3601,4095,2273,32.88,2026-10-02T20:34:31
5260,RAW,Person B,Standing,4095,3122,4095,4095,29.87,2026-10-03T15:41:57
5261,RAW,Person B,Standing,4095,3135,4095,4095,29.87,2026-10-03T15:41:58
5262,RAW,Person B,Standing,4095,3147,4095,4095,29.87,2026-10-03T15:41:59
5263,RAW,Person B,Standing,4095,3184,4095,4095,29.94,2026-10-03T15:42:00
5264,RAW,Person B,Standing,4095,3187,4095,4095,29.94,2026-10-03T15:42:01
5265,RAW,Person B,Standing,4095,3226,4095,4095,30.00,2026-10-03T15:42:02
5266,RAW,Person B,Standing,4095,3084,4095,4095,30.00,2026-10-03T15:42:03
5267,RAW,Person B,Standing,4095,3443,4095,4095,30.06,2026-10-03T15:42:04
5268,RAW,Person B,Standing,4091,2007,4095,4095,30.12,2026-10-03T15:42:05
5269,AVG10,Person B,Standing,4094.60,3066.90,4095.00,4095.00,29.96,2026-10-03T15:42:05
5270,RAW,Person B,Standing,4095,3472,4095,4095,30.12,2026-10-03T15:42:06
5271,RAW,Person B,Standing,4095,3263,4095,4095,30.12,2026-10-03T15:42:07
5272,RAW,Person B,Standing,4095,3280,4095,4095,30.12,2026-10-03T15:42:08
5273,RAW,Person B,Standing,4095,3111,4095,4095,30.12,2026-10-03T15:42:09
5274,RAW,Person B,Standing,4095,2987,4095,4095,30.19,2026-10-03T15:42:10
5275,RAW,Person B,Standing,4095,3280,4095,4095,30.25,2026-10-03T15:42:11
5276,RAW,Person B,Standing,4095,3344,4095,4095,30.25,2026-10-03T15:42:12
5277,RAW,Person B,Standing,4095,3378,4095,4095,30.25,2026-10-03T15:42:13
5278,RAW,Person B,Standing,4095,3350,4095,4095,30.31,2026-10-03T15:42:14
5279,RAW,Person B,Standing,4095,3375,4095,4095,30.31,2026-10-03T15:42:15
5280,AVG10,Person B,Standing,4095.00,3284.00,4095.00,4095.00,30.21,2026-10-03T15:42:15
5281,RAW,Person B,Standing,4095,3351,4095,4095,30.31,2026-10-03T15:42:16
5282,RAW,Person B,Standing,4095,3281,4095,4095,30.31,2026-10-03T15:42:17
5283,RAW,Person B,Standing,4095,3291,4095,4095,30.37,2026-10-03T15:42:18
5284,RAW,Person B,Standing,4095,3186,4095,4095,30.37,2026-10-03T15:42:19
5285,RAW,Person B,Standing,4095,3233,4095,4095,30.44,2026-10-03T15:42:20
5286,RAW,Person B,Standing,4095,3270,4095,4095,30.44,2026-10-03T15:42:21
5287,RAW,Person B,Standing,4095,3190,4095,4095,30.44,2026-10-03T15:42:22
5288,RAW,Person B,Standing,4095,3312,4095,4095,30.44,2026-10-03T15:42:23
5289,RAW,Person B,Standing,4095,3327,4095,4095,30.50,2026-10-03T15:42:24
5290,RAW,Person B,Standing,4095,3318,4095,4095,30.50,2026-10-03T15:42:25
5291,AVG10,Person B,Standing,4095.00,3275.90,4095.00,4095.00,30.41,2026-10-03T15:42:25
5292,RAW,Person B,Standing,4095,3391,4095,4095,30.50,2026-10-03T15:42:26
5293,RAW,Person B,Standing,4095,3456,4095,4095,30.56,2026-10-03T15:42:27
5294,RAW,Person B,Standing,4095,3405,4095,4095,30.56,2026-10-03T15:42:28
5295,RAW,Person B,Standing,4095,3362,4095,4095,30.56,2026-10-03T15:42:29
5296,RAW,Person B,Standing,4095,3397,4095,4095,30.56,2026-10-03T15:42:30
5297,RAW,Person B,Standing,4095,3185,4095,4095,30.56,2026-10-03T15:42:31
5298,RAW,Person B,Standing,4095,3255,4095,4095,30.62,2026-10-03T15:42:32
5299,RAW,Person B,Standing,4095,3223,4095,4095,30.62,2026-10-03T15:42:33
5300,RAW,Person B,Standing,4095,3293,4095,4095,30.62,2026-10-03T15:42:34
5301,RAW,Person B,Standing,4095,3234,4095,4095,30.69,2026-10-03T15:42:35
5302,AVG10,Person B,Standing,4095.00,3320.10,4095.00,4095.00,30.59,2026-10-03T15:42:35
5303,RAW,Person B,Standing,4095,3317,4095,4095,30.69,2026-10-03T15:42:36
5304,RAW,Person B,Standing,4095,3408,4095,4095,30.69,2026-10-03T15:42:37
5305,RAW,Person B,Standing,4095,3413,4095,4095,30.69,2026-10-03T15:42:38
5306,RAW,Person B,Standing,4095,3367,4095,4095,30.75,2026-10-03T15:42:39
5307,RAW,Person B,Standing,4095,3424,4095,4095,30.75,2026-10-03T15:42:40
5308,RAW,Person B,Standing,4095,3401,4095,4095,30.75,2026-10-03T15:42:41
5309,RAW,Person B,Standing,4095,3382,4095,4095,30.75,2026-10-03T15:42:42
5310,RAW,Person B,Standing,4095,3427,4095,4095,30.81,2026-10-03T15:42:43
5311,RAW,Person B,Standing,4095,3424,4095,4095,30.81,2026-10-03T15:42:44
5312,RAW,Person B,Standing,4095,3407,4095,4095,30.81,2026-10-03T15:42:45
5313,AVG10,Person B,Standing,4095.00,3397.00,4095.00,4095.00,30.75,2026-10-03T15:42:45
5314,RAW,Person B,Standing,4095,3427,4095,4095,30.81,2026-10-03T15:42:46
5315,RAW,Person B,Standing,4095,3427,4095,4095,30.87,2026-10-03T15:42:47
5316,RAW,Person B,Standing,4095,3435,4095,4095,30.87,2026-10-03T15:42:48
5317,RAW,Person B,Standing,4095,3460,4095,4095,30.87,2026-10-03T15:42:49
5318,RAW,Person B,Standing,4095,3366,4095,4095,30.87,2026-10-03T15:42:50
5319,RAW,Person B,Standing,4095,3363,4095,4095,30.87,2026-10-03T15:42:51
5320,RAW,Person B,Standing,4095,3410,4095,4095,30.87,2026-10-03T15:42:52
5321,RAW,Person B,Standing,4095,3408,4095,4095,30.94,2026-10-03T15:42:53
5322,RAW,Person B,Standing,4095,3397,4095,4095,30.94,2026-10-03T15:42:54
5323,RAW,Person B,Standing,4095,3408,4095,4095,30.94,2026-10-03T15:42:55
5324,AVG10,Person B,Standing,4095.00,3410.10,4095.00,4095.00,30.89,2026-10-03T15:42:55
5325,RAW,Person B,Standing,4095,3482,4095,4095,30.94,2026-10-03T15:42:56
5326,RAW,Person B,Standing,4095,3469,4095,4095,30.94,2026-10-03T15:42:57
5327,RAW,Person B,Standing,4095,3402,4095,4095,31.00,2026-10-03T15:42:58
5328,RAW,Person B,Standing,4095,3391,4095,4095,31.00,2026-10-03T15:42:59
5329,RAW,Person B,Standing,4095,3457,4095,4095,31.00,2026-10-03T15:43:00
5330,RAW,Person B,Standing,4095,3472,4095,4095,31.00,2026-10-03T15:43:01
5331,RAW,Person B,Standing,4095,3487,4095,4095,31.06,2026-10-03T15:43:02
5332,RAW,Person B,Standing,4095,3469,4095,4095,31.06,2026-10-03T15:43:03
5333,RAW,Person B,Standing,4095,3483,4095,4095,31.06,2026-10-03T15:43:04
5334,RAW,Person B,Standing,4095,3525,4095,4095,31.06,2026-10-03T15:43:05
5335,AVG10,Person B,Standing,4095.00,3463.70,4095.00,4095.00,31.01,2026-10-03T15:43:05
5336,RAW,Person B,Standing,4095,3547,4095,4095,31.06,2026-10-03T15:43:06
5337,RAW,Person B,Standing,4095,3499,4095,4095,31.06,2026-10-03T15:43:07
5338,RAW,Person B,Standing,4095,3497,4095,4095,31.12,2026-10-03T15:43:08
5339,RAW,Person B,Standing,4095,3473,4095,4095,31.12,2026-10-03T15:43:09
5340,RAW,Person B,Standing,4095,3423,4095,4095,31.12,2026-10-03T15:43:10
5341,RAW,Person B,Standing,4095,3327,4095,4095,31.19,2026-10-03T15:43:11
5342,RAW,Person B,Standing,4095,3465,4095,4095,31.12,2026-10-03T15:43:12
5343,RAW,Person B,Standing,4095,3493,4095,4095,31.19,2026-10-03T15:43:13
5344,RAW,Person B,Standing,4095,3506,4095,4095,31.19,2026-10-03T15:43:14
5345,RAW,Person B,Standing,4095,3482,4095,4095,31.19,2026-10-03T15:43:15
5346,AVG10,Person B,Standing,4095.00,3471.20,4095.00,4095.00,31.14,2026-10-03T15:43:15
5347,RAW,Person B,Standing,4095,3431,4095,4095,31.19,2026-10-03T15:43:16
5348,RAW,Person B,Standing,4095,3429,4095,4095,31.19,2026-10-03T15:43:17
5349,RAW,Person B,Standing,4095,3481,4095,4095,31.19,2026-10-03T15:43:18
5350,RAW,Person B,Standing,4095,3487,4095,4095,31.19,2026-10-03T15:43:19
5351,RAW,Person B,Standing,4095,3498,4095,4095,31.25,2026-10-03T15:43:20
5352,RAW,Person B,Standing,4095,3437,4095,4095,31.25,2026-10-03T15:43:21
5353,RAW,Person B,Standing,4095,3488,4095,4095,31.25,2026-10-03T15:43:22
5354,RAW,Person B,Standing,4095,3450,4095,4095,31.25,2026-10-03T15:43:23
5355,RAW,Person B,Standing,4095,3395,4095,4095,31.25,2026-10-03T15:43:24
5356,RAW,Person B,Standing,4095,3443,4095,4095,31.25,2026-10-03T15:43:25
5357,AVG10,Person B,Standing,4095.00,3453.90,4095.00,4095.00,31.23,2026-10-03T15:43:25
5358,RAW,Person B,Standing,4095,3539,4095,4095,31.31,2026-10-03T15:43:26
5359,RAW,Person B,Standing,4095,3472,4095,4095,31.31,2026-10-03T15:43:27
5360,RAW,Person B,Standing,4095,3440,4095,4095,31.25,2026-10-03T15:43:28
5361,RAW,Person B,Standing,4095,3502,4095,4095,31.31,2026-10-03T15:43:29
5362,RAW,Person B,Standing,4095,3488,4095,4095,31.31,2026-10-03T15:43:30
5363,RAW,Person B,Standing,4095,3440,4095,4095,31.31,2026-10-03T15:43:31
5364,RAW,Person B,Standing,4095,3495,4095,4095,31.31,2026-10-03T15:43:32
5365,RAW,Person B,Standing,4095,3499,4095,4095,31.31,2026-10-03T15:43:33
5366,RAW,Person B,Standing,4095,3501,4095,4095,31.37,2026-10-03T15:43:34
5367,RAW,Person B,Standing,4095,3472,4095,4095,31.31,2026-10-03T15:43:35
5368,AVG10,Person B,Standing,4095.00,3484.80,4095.00,4095.00,31.31,2026-10-03T15:43:35
5369,RAW,Person B,Standing,4095,3499,4095,4095,31.37,2026-10-03T15:43:36
5370,RAW,Person B,Standing,4095,3446,4095,4095,31.37,2026-10-03T15:43:37
5371,RAW,Person B,Standing,4095,3431,4095,4095,31.37,2026-10-03T15:43:38
5372,RAW,Person B,Standing,4095,3489,4095,4095,31.37,2026-10-03T15:43:39
5373,RAW,Person B,Standing,4095,3513,4095,4095,31.37,2026-10-03T15:43:40
5374,RAW,Person B,Standing,4095,3503,4095,4095,31.37,2026-10-03T15:43:41
5375,RAW,Person B,Standing,4095,3434,4095,4095,31.37,2026-10-03T15:43:42
5376,RAW,Person B,Standing,4095,3430,4095,4095,31.44,2026-10-03T15:43:43
5377,RAW,Person B,Standing,4095,3305,4095,4095,31.44,2026-10-03T15:43:44
5378,RAW,Person B,Standing,4095,3405,4095,4095,31.44,2026-10-03T15:43:45
5379,AVG10,Person B,Standing,4095.00,3445.50,4095.00,4095.00,31.39,2026-10-03T15:43:45
5380,RAW,Person B,Standing,4095,3531,4095,4095,31.44,2026-10-03T15:43:46
5381,RAW,Person B,Standing,4095,3439,4095,4095,31.44,2026-10-03T15:43:47
5382,RAW,Person B,Standing,4095,3433,4095,4095,31.44,2026-10-03T15:43:48
5383,RAW,Person B,Standing,4095,3431,4095,4095,31.44,2026-10-03T15:43:49
5384,RAW,Person B,Standing,4095,3499,4095,4095,31.44,2026-10-03T15:43:50
5385,RAW,Person B,Standing,4095,3501,4095,4095,31.44,2026-10-03T15:43:51
5386,RAW,Person B,Standing,4095,3454,4095,4095,31.44,2026-10-03T15:43:52
5387,RAW,Person B,Standing,4095,3463,4095,4095,31.50,2026-10-03T15:43:53
5388,RAW,Person B,Standing,4095,3440,4095,4095,31.50,2026-10-03T15:43:54
5389,RAW,Person B,Standing,4095,3426,4095,4095,31.50,2026-10-03T15:43:55
5390,AVG10,Person B,Standing,4095.00,3461.70,4095.00,4095.00,31.46,2026-10-03T15:43:55
5391,RAW,Person B,Standing,4095,3455,4095,4095,31.50,2026-10-03T15:43:56
5392,RAW,Person B,Standing,4095,3491,4095,4095,31.50,2026-10-03T15:43:57
5393,RAW,Person B,Standing,4095,3504,4095,4095,31.50,2026-10-03T15:43:58
5394,RAW,Person B,Standing,4095,3499,4095,4095,31.50,2026-10-03T15:43:59
5395,RAW,Person B,Standing,4095,3514,4095,4095,31.50,2026-10-03T15:44:00
5396,RAW,Person B,Standing,4095,3338,4095,4095,31.56,2026-10-03T15:44:01
5397,RAW,Person B,Standing,4095,3413,4095,4095,31.50,2026-10-03T15:44:02
5398,RAW,Person B,Standing,4095,3415,4095,4095,31.50,2026-10-03T15:44:03
5399,RAW,Person B,Standing,4095,3419,4095,4095,31.56,2026-10-03T15:44:04
5400,RAW,Person B,Standing,4095,3440,4095,4095,31.56,2026-10-03T15:44:05
5401,AVG10,Person B,Standing,4095.00,3448.80,4095.00,4095.00,31.52,2026-10-03T15:44:05
5402,RAW,Person B,Standing,4095,3426,4095,4095,31.56,2026-10-03T15:44:06
5403,RAW,Person B,Standing,4095,3392,4095,4095,31.56,2026-10-03T15:44:07
5404,RAW,Person B,Standing,4095,3245,4095,4095,31.56,2026-10-03T15:44:08
5405,RAW,Person B,Standing,4095,3320,4095,4095,31.56,2026-10-03T15:44:09
5406,RAW,Person B,Standing,4095,3211,4095,4095,31.62,2026-10-03T15:44:10
5407,RAW,Person B,Standing,4095,3069,4095,4095,31.56,2026-10-03T15:44:11
5408,RAW,Person B,Standing,4095,3100,4095,4095,31.62,2026-10-03T15:44:12
5409,RAW,Person B,Standing,4095,3476,4095,4095,31.62,2026-10-03T15:44:13
5410,RAW,Person B,Standing,4095,3559,4095,4095,31.56,2026-10-03T15:44:14
5411,RAW,Person B,Standing,4095,3536,4095,4095,31.62,2026-10-03T15:44:15
5412,AVG10,Person B,Standing,4095.00,3333.40,4095.00,4095.00,31.59,2026-10-03T15:44:15
5413,RAW,Person B,Standing,4095,3551,4095,4095,31.62,2026-10-03T15:44:16
5414,RAW,Person B,Standing,4095,3549,4095,4095,31.62,2026-10-03T15:44:17
5415,RAW,Person B,Standing,4095,3530,4095,4095,31.62,2026-10-03T15:44:18
5416,RAW,Person B,Standing,4095,3522,4095,4095,31.62,2026-10-03T15:44:19
5417,RAW,Person B,Standing,4095,3547,4095,4095,31.62,2026-10-03T15:44:20
5418,RAW,Person B,Standing,4095,3535,4095,4095,31.62,2026-10-03T15:44:21
5419,RAW,Person B,Standing,4095,3520,4095,4095,31.62,2026-10-03T15:44:22
5420,RAW,Person B,Standing,4095,3511,4095,4095,31.62,2026-10-03T15:44:23
5421,RAW,Person B,Standing,4095,3531,4095,4095,31.62,2026-10-03T15:44:24
5422,RAW,Person B,Standing,4095,3520,4095,4095,31.69,2026-10-03T15:44:25
5423,AVG10,Person B,Standing,4095.00,3531.60,4095.00,4095.00,31.63,2026-10-03T15:44:25
5424,RAW,Person B,Standing,4095,3530,4095,4095,31.69,2026-10-03T15:44:26
5425,RAW,Person B,Standing,4095,3525,4095,4095,31.69,2026-10-03T15:44:27
5426,RAW,Person B,Standing,4095,3527,4095,4095,31.69,2026-10-03T15:44:28
5427,RAW,Person B,Standing,4095,3520,4095,4095,31.69,2026-10-03T15:44:29
5428,RAW,Person B,Standing,4095,3521,4095,4095,31.69,2026-10-03T15:44:30
5429,RAW,Person B,Standing,4095,3523,4095,4095,31.69,2026-10-03T15:44:31
5430,RAW,Person B,Standing,4095,3521,4095,4095,31.69,2026-10-03T15:44:32
5431,RAW,Person B,Standing,4095,3542,4095,4095,31.69,2026-10-03T15:44:33
5432,RAW,Person B,Standing,4095,3494,4095,4095,31.75,2026-10-03T15:44:34
5433,RAW,Person B,Standing,4095,3440,4095,4095,31.75,2026-10-03T15:44:35
5434,AVG10,Person B,Standing,4095.00,3514.30,4095.00,4095.00,31.70,2026-10-03T15:44:35
5435,RAW,Person B,Standing,4095,3507,4095,4095,31.75,2026-10-03T15:44:36
5436,RAW,Person B,Standing,4095,3447,4095,4095,31.75,2026-10-03T15:44:37
5437,RAW,Person B,Standing,4095,3520,4095,4095,31.75,2026-10-03T15:44:38
5438,RAW,Person B,Standing,4095,3509,4095,4095,31.69,2026-10-03T15:44:39
5439,RAW,Person B,Standing,4095,3513,4095,4095,31.75,2026-10-03T15:44:40
5440,RAW,Person B,Standing,4095,3505,4095,4095,31.75,2026-10-03T15:44:41
5441,RAW,Person B,Standing,4095,3541,4095,4095,31.75,2026-10-03T15:44:42
5442,RAW,Person B,Standing,4095,3530,4095,4095,31.75,2026-10-03T15:44:43
5443,RAW,Person B,Standing,4095,3543,4095,4095,31.75,2026-10-03T15:44:44
5444,RAW,Person B,Standing,4095,3533,4095,4095,31.75,2026-10-03T15:44:45
5445,AVG10,Person B,Standing,4095.00,3514.80,4095.00,4095.00,31.74,2026-10-03T15:44:45
5446,RAW,Person B,Standing,4095,3530,4095,4095,31.75,2026-10-03T15:44:46
5447,RAW,Person B,Standing,4095,3531,4095,4095,31.75,2026-10-03T15:44:47
5448,RAW,Person B,Standing,4095,3518,4095,4095,31.75,2026-10-03T15:44:48
5449,RAW,Person B,Standing,4095,3482,4095,4095,31.75,2026-10-03T15:44:49
5450,RAW,Person B,Standing,4095,3553,4095,4095,31.75,2026-10-03T15:44:50
5451,RAW,Person B,Standing,4095,3551,4095,4095,31.75,2026-10-03T15:44:51
5452,RAW,Person B,Standing,4095,3564,4095,4095,31.75,2026-10-03T15:44:52
5453,RAW,Person B,Standing,4095,3513,4095,4095,31.81,2026-10-03T15:44:53
5454,RAW,Person B,Standing,4095,3494,4095,4095,31.81,2026-10-03T15:44:54
5455,RAW,Person B,Standing,4095,3549,4095,4095,31.81,2026-10-03T15:44:55
5456,AVG10,Person B,Standing,4095.00,3528.50,4095.00,4095.00,31.77,2026-10-03T15:44:55
5457,RAW,Person B,Standing,4095,3547,4095,4095,31.81,2026-10-03T15:44:56
5458,RAW,Person B,Standing,4095,3524,4095,4095,31.81,2026-10-03T15:44:57
5459,RAW,Person B,Standing,4095,3527,4095,4095,31.81,2026-10-03T15:44:58
5460,RAW,Person B,Standing,4095,3548,4095,4095,31.81,2026-10-03T15:44:59
5461,RAW,Person B,Standing,4095,3540,4095,4095,31.81,2026-10-03T15:45:00
5462,RAW,Person B,Standing,4095,3531,4095,4095,31.81,2026-10-03T15:45:01
5463,RAW,Person B,Standing,4095,3536,4095,4095,31.81,2026-10-03T15:45:02
5464,RAW,Person B,Standing,4095,3555,4095,4095,31.81,2026-10-03T15:45:03
5465,RAW,Person B,Standing,4095,3493,4095,4095,31.81,2026-10-03T15:45:04
5466,RAW,Person B,Standing,4095,3517,4095,4095,31.81,2026-10-03T15:45:05
5467,AVG10,Person B,Standing,4095.00,3531.80,4095.00,4095.00,31.81,2026-10-03T15:45:05
5468,RAW,Person B,Standing,4095,3527,4095,4095,31.81,2026-10-03T15:45:06
5469,RAW,Person B,Standing,4095,3483,4095,4095,31.81,2026-10-03T15:45:07
5470,RAW,Person B,Standing,4095,3463,4095,4095,31.87,2026-10-03T15:45:08
5471,RAW,Person B,Standing,4095,3536,4095,4095,31.81,2026-10-03T15:45:09
5472,RAW,Person B,Standing,4095,3536,4095,4095,31.87,2026-10-03T15:45:10
5473,RAW,Person B,Standing,4095,3499,4095,4095,31.87,2026-10-03T15:45:11
5474,RAW,Person B,Standing,4095,3513,4095,4095,31.87,2026-10-03T15:45:12
5475,RAW,Person B,Standing,4095,3535,4095,4095,31.87,2026-10-03T15:45:13
5476,RAW,Person B,Standing,4095,3503,4095,4095,31.87,2026-10-03T15:45:14
5477,RAW,Person B,Standing,4095,3515,4095,4095,31.87,2026-10-03T15:45:15
5478,AVG10,Person B,Standing,4095.00,3511.00,4095.00,4095.00,31.86,2026-10-03T15:45:15
5479,RAW,Person B,Standing,4095,3503,4095,4095,31.87,2026-10-03T15:45:16
5480,RAW,Person B,Standing,4095,3520,4095,4095,31.87,2026-10-03T15:45:17
5481,RAW,Person B,Standing,4095,3515,4095,4095,31.87,2026-10-03T15:45:18
5482,RAW,Person B,Standing,4095,3550,4095,4095,31.87,2026-10-03T15:45:19
5483,RAW,Person B,Standing,4095,3545,4095,4095,31.94,2026-10-03T15:45:20
5484,RAW,Person B,Standing,4095,3488,4095,4095,31.87,2026-10-03T15:45:21
5485,RAW,Person B,Standing,4095,3474,4095,4095,31.87,2026-10-03T15:45:22
5486,RAW,Person B,Standing,4095,3423,4095,4095,31.87,2026-10-03T15:45:23
5487,RAW,Person B,Standing,4095,3471,4095,4095,31.87,2026-10-03T15:45:24
5488,RAW,Person B,Standing,4095,3533,4095,4095,31.87,2026-10-03T15:45:25
5489,AVG10,Person B,Standing,4095.00,3502.20,4095.00,4095.00,31.88,2026-10-03T15:45:25
5490,RAW,Person B,Standing,4095,3532,4095,4095,31.87,2026-10-03T15:45:26
5491,RAW,Person B,Standing,4095,3508,4095,4095,31.87,2026-10-03T15:45:27
5492,RAW,Person B,Standing,4095,3534,4095,4095,31.87,2026-10-03T15:45:28
5493,RAW,Person B,Standing,4095,3541,4095,4095,31.87,2026-10-03T15:45:29
5494,RAW,Person B,Standing,4095,3525,4095,4095,31.87,2026-10-03T15:45:30
5495,RAW,Person B,Standing,4095,3505,4095,4095,31.94,2026-10-03T15:45:31
5496,RAW,Person B,Standing,4095,3431,4095,4095,31.94,2026-10-03T15:45:32
5497,RAW,Person B,Standing,4095,3524,4095,4095,31.94,2026-10-03T15:45:33
5498,RAW,Person B,Standing,4095,3517,4095,4095,31.94,2026-10-03T15:45:34
5499,RAW,Person B,Standing,4095,3533,4095,4095,31.94,2026-10-03T15:45:35
5500,AVG10,Person B,Standing,4095.00,3515.00,4095.00,4095.00,31.91,2026-10-03T15:45:35
5501,RAW,Person B,Standing,4095,3531,4095,4095,31.94,2026-10-03T15:45:36
5502,RAW,Person B,Standing,4095,3424,4095,4095,31.94,2026-10-03T15:45:37
5503,RAW,Person B,Standing,4095,3467,4095,4095,31.94,2026-10-03T15:45:38
5504,RAW,Person B,Standing,4095,3519,4095,4095,31.94,2026-10-03T15:45:39
5505,RAW,Person B,Standing,4095,3532,4095,4095,31.94,2026-10-03T15:45:40
5506,RAW,Person B,Standing,4095,3523,4095,4095,31.94,2026-10-03T15:45:41
5507,RAW,Person B,Standing,4095,3536,4095,4095,31.94,2026-10-03T15:45:42
5508,RAW,Person B,Standing,4095,3552,4095,4095,31.94,2026-10-03T15:45:43
5509,RAW,Person B,Standing,4095,3519,4095,4095,31.94,2026-10-03T15:45:44
5510,RAW,Person B,Standing,4095,3535,4095,4095,31.94,2026-10-03T15:45:45
5511,AVG10,Person B,Standing,4095.00,3513.80,4095.00,4095.00,31.94,2026-10-03T15:45:45
5512,RAW,Person B,Standing,4095,3527,4095,4095,31.94,2026-10-03T15:45:46
5513,RAW,Person B,Standing,4095,3433,4095,4095,31.94,2026-10-03T15:45:47
5514,RAW,Person B,Standing,4095,3493,4095,4095,32.00,2026-10-03T15:45:48
5515,RAW,Person B,Standing,4095,3565,4095,4095,32.00,2026-10-03T15:45:49
5516,RAW,Person B,Standing,4095,3531,4095,4095,32.00,2026-10-03T15:45:50
5517,RAW,Person B,Standing,4095,3343,4095,4095,32.00,2026-10-03T15:45:51
5518,RAW,Person B,Standing,4095,3191,4095,4095,32.00,2026-10-03T15:45:52
5519,RAW,Person B,Standing,4095,3322,4095,4095,32.00,2026-10-03T15:45:53
5520,RAW,Person B,Standing,4095,3520,4095,4095,32.00,2026-10-03T15:45:54
5521,RAW,Person B,Standing,4095,3532,4095,4095,32.00,2026-10-03T15:45:55
5522,AVG10,Person B,Standing,4095.00,3445.70,4095.00,4095.00,31.99,2026-10-03T15:45:55
5523,RAW,Person B,Standing,4095,3525,4095,4095,32.00,2026-10-03T15:45:56
5524,RAW,Person B,Standing,4095,3520,4095,4095,32.00,2026-10-03T15:45:57
5525,RAW,Person B,Standing,4095,3501,4095,4095,32.00,2026-10-03T15:45:58
5526,RAW,Person B,Standing,4095,3568,4095,4095,32.00,2026-10-03T15:45:59
5527,RAW,Person B,Standing,4095,3553,4095,4095,32.00,2026-10-03T15:46:00
5528,RAW,Person B,Standing,4095,3566,4095,4095,32.00,2026-10-03T15:46:01
5529,RAW,Person B,Standing,4095,3565,4095,4095,32.00,2026-10-03T15:46:02
5530,RAW,Person B,Standing,4095,3523,4095,4095,32.00,2026-10-03T15:46:03
5531,RAW,Person B,Standing,4095,3566,4095,4095,32.00,2026-10-03T15:46:04
5532,RAW,Person B,Standing,4095,3513,4095,4095,32.00,2026-10-03T15:46:05
5533,AVG10,Person B,Standing,4095.00,3540.00,4095.00,4095.00,32.00,2026-10-03T15:46:05
5534,RAW,Person B,Standing,4095,3600,4095,4095,32.00,2026-10-03T15:46:06
5535,RAW,Person B,Standing,4095,3538,4095,4095,32.00,2026-10-03T15:46:07
5536,RAW,Person B,Standing,4095,3568,4095,4095,32.06,2026-10-03T15:46:08
5537,RAW,Person B,Standing,4095,3581,4095,4095,32.06,2026-10-03T15:46:09
5538,RAW,Person B,Standing,4095,3566,4095,4095,32.00,2026-10-03T15:46:10
5539,RAW,Person B,Standing,4095,3577,4095,4095,32.06,2026-10-03T15:46:11
5540,RAW,Person B,Standing,4095,3535,4095,4095,32.06,2026-10-03T15:46:12
5541,RAW,Person B,Standing,4095,3571,4095,4095,32.06,2026-10-03T15:46:13
5542,RAW,Person B,Standing,4095,3616,4095,4095,32.06,2026-10-03T15:46:14
5543,RAW,Person B,Standing,4095,3535,4095,4095,32.06,2026-10-03T15:46:15
5544,AVG10,Person B,Standing,4095.00,3568.70,4095.00,4095.00,32.04,2026-10-03T15:46:15
5545,RAW,Person B,Standing,4095,3598,4095,4095,32.06,2026-10-03T15:46:16
5546,RAW,Person B,Standing,4095,3581,4095,4095,32.06,2026-10-03T15:46:17
5547,RAW,Person B,Standing,4095,3542,4095,4095,32.06,2026-10-03T15:46:18
5548,RAW,Person B,Standing,4095,3505,4095,4095,32.06,2026-10-03T15:46:19
5549,RAW,Person B,Standing,4095,3527,4095,4095,32.06,2026-10-03T15:46:20
5550,RAW,Person B,Standing,4095,3583,4095,4095,32.06,2026-10-03T15:46:21
5551,RAW,Person B,Standing,4095,3565,4095,4095,32.06,2026-10-03T15:46:22
5552,RAW,Person B,Standing,4095,3621,4095,4095,32.06,2026-10-03T15:46:23
5553,RAW,Person B,Standing,4095,3534,4095,4095,32.06,2026-10-03T15:46:24
5554,RAW,Person B,Standing,4095,2939,4095,4095,32.06,2026-10-03T15:46:25
5555,AVG10,Person B,Standing,4095.00,3499.50,4095.00,4095.00,32.06,2026-10-03T15:46:25
5556,RAW,Person B,Standing,4095,2830,4095,4095,32.06,2026-10-03T15:46:26
5557,RAW,Person B,Standing,4095,2896,4095,4095,32.06,2026-10-03T15:46:27
5558,RAW,Person B,Standing,4095,3307,4095,4095,32.06,2026-10-03T15:46:28
5559,RAW,Person B,Standing,4095,3420,4095,4095,32.13,2026-10-03T15:46:29
5560,RAW,Person B,Standing,4095,3468,4095,4095,32.13,2026-10-03T15:46:30
5561,RAW,Person B,Standing,4095,3394,4095,4095,32.13,2026-10-03T15:46:31
5562,RAW,Person B,Standing,4095,3482,4095,4095,32.13,2026-10-03T15:46:32
5563,RAW,Person B,Standing,4095,3443,4095,4095,32.13,2026-10-03T15:46:33
5564,RAW,Person B,Standing,4095,3536,4095,4095,32.13,2026-10-03T15:46:34
5565,RAW,Person B,Standing,4095,3489,4095,4095,32.13,2026-10-03T15:46:35
5566,AVG10,Person B,Standing,4095.00,3326.50,4095.00,4095.00,32.11,2026-10-03T15:46:35
5567,RAW,Person B,Standing,4095,3491,4095,4095,32.13,2026-10-03T15:46:36
5568,RAW,Person B,Standing,4095,3537,4095,4095,32.13,2026-10-03T15:46:37
5569,RAW,Person B,Standing,4095,3428,4095,4095,32.13,2026-10-03T15:46:38
5570,RAW,Person B,Standing,4095,3431,4095,4095,32.13,2026-10-03T15:46:39
5571,RAW,Person B,Standing,4095,3375,4095,4095,32.19,2026-10-03T15:46:40
5572,RAW,Person B,Standing,4095,3379,4095,4095,32.13,2026-10-03T15:46:41
5573,RAW,Person B,Standing,4095,3345,4095,4095,32.19,2026-10-03T15:46:42
5574,RAW,Person B,Standing,4095,3440,4095,4095,32.13,2026-10-03T15:46:43
5575,RAW,Person B,Standing,4095,3457,4095,4095,32.13,2026-10-03T15:46:44
5576,RAW,Person B,Standing,4095,3455,4095,4095,32.13,2026-10-03T15:46:45
5577,AVG10,Person B,Standing,4095.00,3433.80,4095.00,4095.00,32.14,2026-10-03T15:46:45
5578,RAW,Person B,Standing,4095,3415,4095,4095,32.13,2026-10-03T15:46:46
5579,RAW,Person B,Standing,4095,3489,4095,4095,32.13,2026-10-03T15:46:47
5580,RAW,Person B,Standing,4095,3491,4095,4095,32.13,2026-10-03T15:46:48
5581,RAW,Person B,Standing,4095,3065,4095,4095,32.19,2026-10-03T15:46:49
5582,RAW,Person B,Standing,4095,3363,4095,4095,32.13,2026-10-03T15:46:50
5583,RAW,Person B,Standing,4095,3392,4095,4095,32.19,2026-10-03T15:46:51
5584,RAW,Person B,Standing,4095,3531,4095,4095,32.19,2026-10-03T15:46:52
5585,RAW,Person B,Standing,4095,3512,4095,4095,32.13,2026-10-03T15:46:53
5586,RAW,Person B,Standing,4095,3407,4095,4095,32.19,2026-10-03T15:46:54
5587,RAW,Person B,Standing,4095,3393,4095,4095,32.19,2026-10-03T15:46:55
5588,AVG10,Person B,Standing,4095.00,3405.80,4095.00,4095.00,32.16,2026-10-03T15:46:55
5589,RAW,Person B,Standing,4095,3531,4095,4095,32.19,2026-10-03T15:46:56
5612,RAW,Person B,No_Load,0,0,0,0,32.00,2026-10-03T15:47:17
5613,RAW,Person B,No_Load,0,0,0,0,32.00,2026-10-03T15:47:18
5614,RAW,Person B,No_Load,0,0,0,0,31.94,2026-10-03T15:47:19
5615,RAW,Person B,No_Load,0,0,0,0,31.94,2026-10-03T15:47:20
5616,RAW,Person B,No_Load,0,0,0,0,31.94,2026-10-03T15:47:21
5617,RAW,Person B,No_Load,0,0,0,0,31.87,2026-10-03T15:47:22
5618,RAW,Person B,No_Load,0,0,0,0,31.87,2026-10-03T15:47:23
5619,RAW,Person B,No_Load,0,0,0,0,31.87,2026-10-03T15:47:24
5620,RAW,Person B,No_Load,0,0,0,0,31.87,2026-10-03T15:47:25
5621,AVG10,Person B,No_Load,0.00,0.00,0.00,0.00,31.93,2026-10-03T15:47:25
5622,RAW,Person B,No_Load,0,0,0,0,31.81,2026-10-03T15:47:26
5623,RAW,Person B,No_Load,0,0,0,0,31.81,2026-10-03T15:47:27
5624,RAW,Person B,No_Load,0,0,0,0,31.81,2026-10-03T15:47:28
5625,RAW,Person B,No_Load,0,0,0,0,31.75,2026-10-03T15:47:29
5626,RAW,Person B,No_Load,0,0,0,0,31.75,2026-10-03T15:47:30
5627,RAW,Person B,No_Load,0,0,0,0,31.75,2026-10-03T15:47:31
5628,RAW,Person B,No_Load,0,0,0,0,31.75,2026-10-03T15:47:32
5629,RAW,Person B,No_Load,0,0,0,0,31.69,2026-10-03T15:47:33
5630,RAW,Person B,No_Load,0,0,0,0,31.69,2026-10-03T15:47:34
5631,RAW,Person B,No_Load,0,0,0,0,31.69,2026-10-03T15:47:35
5632,AVG10,Person B,No_Load,0.00,0.00,0.00,0.00,31.75,2026-10-03T15:47:35
5633,RAW,Person B,No_Load,0,0,0,0,31.62,2026-10-03T15:47:36
5634,RAW,Person B,No_Load,0,0,0,0,31.62,2026-10-03T15:47:37
5635,RAW,Person B,No_Load,0,0,0,0,31.62,2026-10-03T15:47:38
5636,RAW,Person B,No_Load,0,0,0,0,31.56,2026-10-03T15:47:39
5637,RAW,Person B,No_Load,0,0,0,0,31.56,2026-10-03T15:47:40
5638,RAW,Person B,No_Load,0,0,0,0,31.56,2026-10-03T15:47:41
5639,RAW,Person B,No_Load,0,0,0,0,31.50,2026-10-03T15:47:42
5640,RAW,Person B,No_Load,0,0,0,0,31.50,2026-10-03T15:47:43
5641,RAW,Person B,No_Load,0,0,0,0,31.50,2026-10-03T15:47:44
5642,RAW,Person B,No_Load,0,0,0,0,31.44,2026-10-03T15:47:45
5643,AVG10,Person B,No_Load,0.00,0.00,0.00,0.00,31.55,2026-10-03T15:47:45
5644,RAW,Person B,No_Load,0,0,0,0,31.44,2026-10-03T15:47:46
5645,RAW,Person B,No_Load,0,0,0,0,31.44,2026-10-03T15:47:47
5646,RAW,Person B,No_Load,0,0,0,0,31.37,2026-10-03T15:47:48
5647,RAW,Person B,No_Load,0,0,0,0,31.37,2026-10-03T15:47:49
5648,RAW,Person B,No_Load,0,0,0,0,31.37,2026-10-03T15:47:50
5649,RAW,Person B,No_Load,0,0,0,0,31.37,2026-10-03T15:47:51
5650,RAW,Person B,No_Load,0,0,0,0,31.31,2026-10-03T15:47:52
5651,RAW,Person B,No_Load,0,0,0,0,31.31,2026-10-03T15:47:53
5652,RAW,Person B,No_Load,0,0,0,0,31.31,2026-10-03T15:47:54
5653,RAW,Person B,No_Load,0,0,0,0,31.25,2026-10-03T15:47:55
5654,AVG10,Person B,No_Load,0.00,0.00,0.00,0.00,31.36,2026-10-03T15:47:55
5655,RAW,Person B,No_Load,0,0,0,0,31.25,2026-10-03T15:47:56
5656,RAW,Person B,No_Load,0,0,0,0,31.25,2026-10-03T15:47:57
5657,RAW,Person B,No_Load,0,0,0,0,31.25,2026-10-03T15:47:58
5658,RAW,Person B,No_Load,0,0,0,0,31.25,2026-10-03T15:47:59
5659,RAW,Person B,No_Load,0,0,0,0,31.19,2026-10-03T15:48:00
5660,RAW,Person B,No_Load,0,0,0,0,31.19,2026-10-03T15:48:01
5661,RAW,Person B,No_Load,0,0,0,0,31.19,2026-10-03T15:48:02
5662,RAW,Person B,No_Load,0,0,0,0,31.19,2026-10-03T15:48:03
5663,RAW,Person B,No_Load,0,0,0,0,31.19,2026-10-03T15:48:04
5664,RAW,Person B,No_Load,0,0,0,0,31.12,2026-10-03T15:48:05
5665,AVG10,Person B,No_Load,0.00,0.00,0.00,0.00,31.21,2026-10-03T15:48:05
5666,RAW,Person B,No_Load,0,0,0,0,31.12,2026-10-03T15:48:06
5667,RAW,Person B,No_Load,0,0,0,0,31.12,2026-10-03T15:48:07
5668,RAW,Person B,No_Load,0,0,0,0,31.12,2026-10-03T15:48:08
5669,RAW,Person B,No_Load,0,0,0,0,31.06,2026-10-03T15:48:09
5670,RAW,Person B,No_Load,0,0,0,0,31.06,2026-10-03T15:48:10
5671,RAW,Person B,No_Load,0,0,0,0,31.06,2026-10-03T15:48:11
5672,RAW,Person B,No_Load,0,0,0,0,31.00,2026-10-03T15:48:12
5673,RAW,Person B,No_Load,0,0,0,0,31.06,2026-10-03T15:48:13
5674,RAW,Person B,No_Load,0,0,0,0,31.00,2026-10-03T15:48:14
5675,RAW,Person B,No_Load,0,0,0,0,31.00,2026-10-03T15:48:15
5676,AVG10,Person B,No_Load,0.00,0.00,0.00,0.00,31.06,2026-10-03T15:48:15
5677,RAW,Person B,No_Load,0,0,0,0,31.00,2026-10-03T15:48:16
5678,RAW,Person B,No_Load,0,0,0,0,30.94,2026-10-03T15:48:17
5679,RAW,Person B,No_Load,0,0,0,0,31.00,2026-10-03T15:48:18
5680,RAW,Person B,No_Load,0,0,0,0,30.94,2026-10-03T15:48:19
5681,RAW,Person B,No_Load,0,0,0,0,30.94,2026-10-03T15:48:20
5682,RAW,Person B,No_Load,0,0,0,0,30.94,2026-10-03T15:48:21
5683,RAW,Person B,No_Load,0,0,0,0,30.87,2026-10-03T15:48:22
5684,RAW,Person B,No_Load,0,0,0,0,30.87,2026-10-03T15:48:23
5685,RAW,Person B,No_Load,0,0,0,0,30.87,2026-10-03T15:48:24
5686,RAW,Person B,No_Load,0,0,0,0,30.87,2026-10-03T15:48:25
5687,AVG10,Person B,No_Load,0.00,0.00,0.00,0.00,30.92,2026-10-03T15:48:25
5688,RAW,Person B,No_Load,0,0,0,0,30.87,2026-10-03T15:48:26
5689,RAW,Person B,No_Load,0,0,0,0,30.81,2026-10-03T15:48:27
5690,RAW,Person B,No_Load,0,0,0,0,30.81,2026-10-03T15:48:28
5691,RAW,Person B,No_Load,0,0,0,0,30.81,2026-10-03T15:48:29
5692,RAW,Person B,No_Load,0,0,0,0,30.75,2026-10-03T15:48:30
5693,RAW,Person B,No_Load,0,0,0,0,30.75,2026-10-03T15:48:31
5694,RAW,Person B,No_Load,0,0,0,0,30.75,2026-10-03T15:48:32
5695,RAW,Person B,No_Load,0,0,0,0,30.75,2026-10-03T15:48:33
5696,RAW,Person B,No_Load,0,0,0,0,30.75,2026-10-03T15:48:34
5697,RAW,Person B,No_Load,0,0,0,0,30.69,2026-10-03T15:48:35
5698,AVG10,Person B,No_Load,0.00,0.00,0.00,0.00,30.77,2026-10-03T15:48:35
5699,RAW,Person B,No_Load,0,0,0,0,30.69,2026-10-03T15:48:36
5700,RAW,Person B,No_Load,0,0,0,0,30.69,2026-10-03T15:48:37
5701,RAW,Person B,No_Load,0,0,0,0,30.69,2026-10-03T15:48:38
5702,RAW,Person B,No_Load,0,0,0,0,30.62,2026-10-03T15:48:39
5703,RAW,Person B,No_Load,0,0,0,0,30.62,2026-10-03T15:48:40
5704,RAW,Person B,No_Load,0,0,0,0,30.62,2026-10-03T15:48:41
5705,RAW,Person B,No_Load,0,0,0,0,30.62,2026-10-03T15:48:42
5706,RAW,Person B,No_Load,0,0,0,0,30.62,2026-10-03T15:48:43
5707,RAW,Person B,No_Load,0,0,0,0,30.62,2026-10-03T15:48:44
5708,RAW,Person B,No_Load,0,0,0,0,30.56,2026-10-03T15:48:45
5709,AVG10,Person B,No_Load,0.00,0.00,0.00,0.00,30.64,2026-10-03T15:48:45
5710,RAW,Person B,No_Load,0,0,0,0,30.56,2026-10-03T15:48:46
5711,RAW,Person B,No_Load,0,0,0,0,30.56,2026-10-03T15:48:47
5712,RAW,Person B,No_Load,0,0,0,0,30.56,2026-10-03T15:48:48
5713,RAW,Person B,No_Load,0,0,0,0,30.50,2026-10-03T15:48:49
5714,RAW,Person B,No_Load,0,0,0,0,30.56,2026-10-03T15:48:50
5715,RAW,Person B,No_Load,0,0,0,0,30.50,2026-10-03T15:48:51
5716,RAW,Person B,No_Load,0,0,0,0,30.50,2026-10-03T15:48:52
5717,RAW,Person B,No_Load,0,0,0,0,30.50,2026-10-03T15:48:53
5718,RAW,Person B,No_Load,0,0,0,0,30.44,2026-10-03T15:48:54
5719,RAW,Person B,No_Load,0,0,0,0,30.50,2026-10-03T15:48:55
5720,AVG10,Person B,No_Load,0.00,0.00,0.00,0.00,30.52,2026-10-03T15:48:55
5721,RAW,Person B,No_Load,0,0,0,0,30.44,2026-10-03T15:48:56
5722,RAW,Person B,No_Load,0,0,0,0,30.44,2026-10-03T15:48:57
5723,RAW,Person B,No_Load,0,0,0,0,30.44,2026-10-03T15:48:58
5724,RAW,Person B,No_Load,0,0,0,0,30.44,2026-10-03T15:48:59
5725,RAW,Person B,No_Load,0,0,0,0,30.44,2026-10-03T15:49:00
5726,RAW,Person B,No_Load,0,0,0,0,30.37,2026-10-03T15:49:01
5727,RAW,Person B,No_Load,0,0,0,0,30.37,2026-10-03T15:49:02
5728,RAW,Person B,No_Load,0,0,0,0,30.37,2026-10-03T15:49:03
5729,RAW,Person B,No_Load,0,0,0,0,30.37,2026-10-03T15:49:04
5730,RAW,Person B,No_Load,0,0,0,0,30.37,2026-10-03T15:49:05
5731,AVG10,Person B,No_Load,0.00,0.00,0.00,0.00,30.41,2026-10-03T15:49:05
5732,RAW,Person B,No_Load,0,0,0,0,30.37,2026-10-03T15:49:06
5733,RAW,Person B,No_Load,0,0,0,0,30.31,2026-10-03T15:49:07
5734,RAW,Person B,No_Load,0,0,0,0,30.31,2026-10-03T15:49:08
5735,RAW,Person B,No_Load,0,0,0,0,30.31,2026-10-03T15:49:09
5736,RAW,Person B,No_Load,0,0,0,0,30.31,2026-10-03T15:49:10
5737,RAW,Person B,No_Load,0,0,0,0,30.31,2026-10-03T15:49:11
5738,RAW,Person B,No_Load,0,0,0,0,30.25,2026-10-03T15:49:12
5739,RAW,Person B,No_Load,0,0,0,0,30.25,2026-10-03T15:49:13
5740,RAW,Person B,No_Load,0,0,0,0,30.25,2026-10-03T15:49:14
5741,RAW,Person B,No_Load,0,0,0,0,30.25,2026-10-03T15:49:15
5742,AVG10,Person B,No_Load,0.00,0.00,0.00,0.00,30.29,2026-10-03T15:49:15
5743,RAW,Person B,No_Load,0,0,0,0,30.25,2026-10-03T15:49:16
5744,RAW,Person B,No_Load,0,0,0,0,30.25,2026-10-03T15:49:17
5745,RAW,Person B,No_Load,0,0,0,0,30.19,2026-10-03T15:49:18
5746,RAW,Person B,No_Load,0,0,0,0,30.19,2026-10-03T15:49:19
5747,RAW,Person B,No_Load,0,0,0,0,30.19,2026-10-03T15:49:20
5748,RAW,Person B,No_Load,0,0,0,0,30.19,2026-10-03T15:49:21
5749,RAW,Person B,No_Load,0,0,0,0,30.19,2026-10-03T15:49:22
5750,RAW,Person B,No_Load,0,0,0,0,30.12,2026-10-03T15:49:23
5751,RAW,Person B,No_Load,0,0,0,0,30.12,2026-10-03T15:49:24
5752,RAW,Person B,No_Load,0,0,0,0,30.19,2026-10-03T15:49:25
5753,AVG10,Person B,No_Load,0.00,0.00,0.00,0.00,30.19,2026-10-03T15:49:25
5754,RAW,Person B,No_Load,0,0,0,0,30.12,2026-10-03T15:49:26
5755,RAW,Person B,No_Load,0,0,0,0,30.12,2026-10-03T15:49:27
5756,RAW,Person B,No_Load,0,0,0,0,30.12,2026-10-03T15:49:28
5757,RAW,Person B,No_Load,0,0,0,0,30.12,2026-10-03T15:49:29
5758,RAW,Person B,No_Load,0,0,0,0,30.06,2026-10-03T15:49:30
5759,RAW,Person B,No_Load,0,0,0,0,30.06,2026-10-03T15:49:31
5760,RAW,Person B,No_Load,0,0,0,0,30.12,2026-10-03T15:49:32
5761,RAW,Person B,No_Load,0,0,0,0,30.06,2026-10-03T15:49:33
5762,RAW,Person B,No_Load,0,0,0,0,30.06,2026-10-03T15:49:34
5763,RAW,Person B,No_Load,0,0,0,0,30.06,2026-10-03T15:49:35
5764,AVG10,Person B,No_Load,0.00,0.00,0.00,0.00,30.09,2026-10-03T15:49:35
5765,RAW,Person B,No_Load,0,0,0,0,30.00,2026-10-03T15:49:36
5766,RAW,Person B,No_Load,0,0,0,0,30.00,2026-10-03T15:49:37
5767,RAW,Person B,No_Load,0,0,0,0,30.00,2026-10-03T15:49:38
5768,RAW,Person B,No_Load,0,0,0,0,30.00,2026-10-03T15:49:39
5769,RAW,Person B,No_Load,0,0,0,0,30.00,2026-10-03T15:49:40
5770,RAW,Person B,No_Load,0,0,0,0,30.00,2026-10-03T15:49:41
5771,RAW,Person B,No_Load,0,0,0,0,30.00,2026-10-03T15:49:42
5772,RAW,Person B,No_Load,0,0,0,0,30.00,2026-10-03T15:49:43
5773,RAW,Person B,No_Load,0,0,0,0,29.94,2026-10-03T15:49:44
5774,RAW,Person B,No_Load,0,0,0,0,30.00,2026-10-03T15:49:45
5775,AVG10,Person B,No_Load,0.00,0.00,0.00,0.00,29.99,2026-10-03T15:49:45
5776,RAW,Person B,No_Load,0,0,0,0,29.94,2026-10-03T15:49:46
5777,RAW,Person B,No_Load,0,0,0,0,29.94,2026-10-03T15:49:47
5778,RAW,Person B,No_Load,0,0,0,0,29.94,2026-10-03T15:49:48
5779,RAW,Person B,No_Load,0,0,0,0,29.94,2026-10-03T15:49:49
5780,RAW,Person B,No_Load,0,0,0,0,29.94,2026-10-03T15:49:50
5781,RAW,Person B,No_Load,0,0,0,0,29.87,2026-10-03T15:49:51
5782,RAW,Person B,No_Load,0,0,0,0,29.87,2026-10-03T15:49:52
5783,RAW,Person B,No_Load,0,0,0,0,29.87,2026-10-03T15:49:53
5784,RAW,Person B,No_Load,0,0,0,0,29.87,2026-10-03T15:49:54
5785,RAW,Person B,No_Load,0,0,0,0,29.87,2026-10-03T15:49:55
5786,AVG10,Person B,No_Load,0.00,0.00,0.00,0.00,29.91,2026-10-03T15:49:55
5787,RAW,Person B,No_Load,0,0,0,0,29.81,2026-10-03T15:49:56
5788,RAW,Person B,No_Load,0,0,0,0,29.87,2026-10-03T15:49:57
5789,RAW,Person B,No_Load,0,0,0,0,29.87,2026-10-03T15:49:58
5790,RAW,Person B,No_Load,0,0,0,0,29.81,2026-10-03T15:49:59
5791,RAW,Person B,No_Load,0,0,0,0,29.81,2026-10-03T15:50:00
5792,RAW,Person B,No_Load,0,0,0,0,29.81,2026-10-03T15:50:01
5793,RAW,Person B,No_Load,0,0,0,0,29.81,2026-10-03T15:50:02
5794,RAW,Person B,No_Load,0,0,0,0,29.81,2026-10-03T15:50:03
5795,RAW,Person B,No_Load,0,0,0,0,29.81,2026-10-03T15:50:04
5796,RAW,Person B,No_Load,0,0,0,0,29.81,2026-10-03T15:50:05
5797,AVG10,Person B,No_Load,0.00,0.00,0.00,0.00,29.83,2026-10-03T15:50:05
5798,RAW,Person B,No_Load,0,0,0,0,29.75,2026-10-03T15:50:06
5799,RAW,Person B,No_Load,0,0,0,0,29.75,2026-10-03T15:50:07
5800,RAW,Person B,No_Load,0,0,0,0,29.75,2026-10-03T15:50:08
5801,RAW,Person B,No_Load,0,0,0,0,29.75,2026-10-03T15:50:09
5802,RAW,Person B,No_Load,0,0,0,0,29.75,2026-10-03T15:50:10
5803,RAW,Person B,No_Load,0,0,0,0,29.75,2026-10-03T15:50:11
5804,RAW,Person B,No_Load,0,0,0,0,29.75,2026-10-03T15:50:12
5805,RAW,Person B,No_Load,0,0,0,0,29.75,2026-10-03T15:50:13
5806,RAW,Person B,No_Load,0,0,0,0,29.75,2026-10-03T15:50:14
5807,RAW,Person B,No_Load,0,0,0,0,29.69,2026-10-03T15:50:15
5808,AVG10,Person B,No_Load,0.00,0.00,0.00,0.00,29.74,2026-10-03T15:50:15
5809,RAW,Person B,No_Load,0,0,0,0,29.69,2026-10-03T15:50:16
5810,RAW,Person B,No_Load,0,0,0,0,29.69,2026-10-03T15:50:17
5811,RAW,Person B,No_Load,0,0,0,0,29.69,2026-10-03T15:50:18
5812,RAW,Person B,No_Load,0,0,0,0,29.69,2026-10-03T15:50:19
5813,RAW,Person B,No_Load,0,0,0,0,29.69,2026-10-03T15:50:20
5814,RAW,Person B,No_Load,0,0,0,0,29.69,2026-10-03T15:50:21
5815,RAW,Person B,No_Load,0,0,0,0,29.69,2026-10-03T15:50:22
5816,RAW,Person B,No_Load,0,0,0,0,29.62,2026-10-03T15:50:23
5817,RAW,Person B,No_Load,0,0,0,0,29.69,2026-10-03T15:50:24
5818,RAW,Person B,No_Load,0,0,0,0,29.62,2026-10-03T15:50:25
5819,AVG10,Person B,No_Load,0.00,0.00,0.00,0.00,29.67,2026-10-03T15:50:25
5820,RAW,Person B,No_Load,0,0,0,0,29.62,2026-10-03T15:50:26
5821,RAW,Person B,No_Load,0,0,0,0,29.62,2026-10-03T15:50:27
5822,RAW,Person B,No_Load,0,0,0,0,29.62,2026-10-03T15:50:28
5823,RAW,Person B,No_Load,0,0,0,0,29.62,2026-10-03T15:50:29
5824,RAW,Person B,No_Load,0,0,0,0,29.62,2026-10-03T15:50:30
5825,RAW,Person B,No_Load,0,0,0,0,29.62,2026-10-03T15:50:31
5826,RAW,Person B,No_Load,0,0,0,0,29.62,2026-10-03T15:50:32
5827,RAW,Person B,No_Load,0,0,0,0,29.62,2026-10-03T15:50:33
5828,RAW,Person B,No_Load,0,0,0,0,29.56,2026-10-03T15:50:34
5829,RAW,Person B,No_Load,0,0,0,0,29.56,2026-10-03T15:50:35
5830,AVG10,Person B,No_Load,0.00,0.00,0.00,0.00,29.61,2026-10-03T15:50:35
5831,RAW,Person B,No_Load,0,0,0,0,29.62,2026-10-03T15:50:36
5832,RAW,Person B,No_Load,0,0,0,0,29.56,2026-10-03T15:50:37
5833,RAW,Person B,No_Load,0,0,0,0,29.56,2026-10-03T15:50:38
5834,RAW,Person B,No_Load,0,0,0,0,29.56,2026-10-03T15:50:39
5835,RAW,Person B,No_Load,0,0,0,0,29.56,2026-10-03T15:50:40
5836,RAW,Person B,No_Load,0,0,0,0,29.56,2026-10-03T15:50:41
5837,RAW,Person B,No_Load,0,0,0,0,29.50,2026-10-03T15:50:42
5838,RAW,Person B,No_Load,0,0,0,0,29.50,2026-10-03T15:50:43
5839,RAW,Person B,No_Load,0,0,0,0,29.50,2026-10-03T15:50:44
5840,RAW,Person B,No_Load,0,0,0,0,29.50,2026-10-03T15:50:45
5841,AVG10,Person B,No_Load,0.00,0.00,0.00,0.00,29.54,2026-10-03T15:50:45
5842,RAW,Person B,No_Load,0,0,0,0,29.50,2026-10-03T15:50:46
5843,RAW,Person B,No_Load,0,0,0,0,29.50,2026-10-03T15:50:47
5844,RAW,Person B,No_Load,0,0,0,0,29.50,2026-10-03T15:50:48
5845,RAW,Person B,No_Load,0,0,0,0,29.50,2026-10-03T15:50:49
5846,RAW,Person B,No_Load,0,0,0,0,29.50,2026-10-03T15:50:50
5847,RAW,Person B,No_Load,0,0,0,0,29.50,2026-10-03T15:50:51
5848,RAW,Person B,No_Load,0,0,0,0,29.50,2026-10-03T15:50:52
5849,RAW,Person B,No_Load,0,0,0,0,29.50,2026-10-03T15:50:53
5850,RAW,Person B,No_Load,0,0,0,0,29.50,2026-10-03T15:50:54
5851,RAW,Person B,No_Load,0,0,0,0,29.44,2026-10-03T15:50:55
5852,AVG10,Person B,No_Load,0.00,0.00,0.00,0.00,29.49,2026-10-03T15:50:55
5853,RAW,Person B,No_Load,0,0,0,0,29.44,2026-10-03T15:50:56
5854,RAW,Person B,No_Load,0,0,0,0,29.50,2026-10-03T15:50:57
5855,RAW,Person B,No_Load,0,0,0,0,29.44,2026-10-03T15:50:58
5856,RAW,Person B,No_Load,0,0,0,0,29.44,2026-10-03T15:50:59
5857,RAW,Person B,No_Load,0,0,0,0,29.44,2026-10-03T15:51:00
5858,RAW,Person B,No_Load,0,0,0,0,29.44,2026-10-03T15:51:01
5859,RAW,Person B,No_Load,0,0,0,0,29.44,2026-10-03T15:51:02
5860,RAW,Person B,No_Load,0,0,0,0,29.44,2026-10-03T15:51:03
5861,RAW,Person B,No_Load,0,0,0,0,29.37,2026-10-03T15:51:04
5862,RAW,Person B,No_Load,0,0,0,0,29.44,2026-10-03T15:51:05
5863,AVG10,Person B,No_Load,0.00,0.00,0.00,0.00,29.44,2026-10-03T15:51:05
5864,RAW,Person B,No_Load,0,0,0,0,29.44,2026-10-03T15:51:06
5865,RAW,Person B,No_Load,0,0,0,0,29.37,2026-10-03T15:51:07
5866,RAW,Person B,No_Load,0,0,0,0,29.37,2026-10-03T15:51:08
5867,RAW,Person B,No_Load,0,0,0,0,29.37,2026-10-03T15:51:09
5868,RAW,Person B,No_Load,0,0,0,0,29.37,2026-10-03T15:51:10
5869,RAW,Person B,No_Load,0,0,0,0,29.37,2026-10-03T15:51:11
5870,RAW,Person B,No_Load,0,0,0,0,29.37,2026-10-03T15:51:12
5871,RAW,Person B,No_Load,0,0,0,0,29.31,2026-10-03T15:51:13
5872,RAW,Person B,No_Load,0,0,0,0,29.37,2026-10-03T15:51:14
5873,RAW,Person B,No_Load,0,0,0,0,29.37,2026-10-03T15:51:15
5874,AVG10,Person B,No_Load,0.00,0.00,0.00,0.00,29.37,2026-10-03T15:51:15
5875,RAW,Person B,No_Load,0,0,0,0,29.37,2026-10-03T15:51:16
5876,RAW,Person B,No_Load,0,0,0,0,29.37,2026-10-03T15:51:17
5877,RAW,Person B,No_Load,0,0,0,0,29.37,2026-10-03T15:51:18
5878,RAW,Person B,No_Load,0,0,0,0,29.31,2026-10-03T15:51:19
5879,RAW,Person B,No_Load,0,0,0,0,29.37,2026-10-03T15:51:20
5880,RAW,Person B,No_Load,0,0,0,0,29.31,2026-10-03T15:51:21
5881,RAW,Person B,No_Load,0,0,0,0,29.31,2026-10-03T15:51:22
5882,RAW,Person B,No_Load,0,0,0,0,29.31,2026-10-03T15:51:23
5883,RAW,Person B,No_Load,0,0,0,0,29.31,2026-10-03T15:51:24
5884,RAW,Person B,No_Load,0,0,0,0,29.31,2026-10-03T15:51:25
5885,AVG10,Person B,No_Load,0.00,0.00,0.00,0.00,29.34,2026-10-03T15:51:25
5886,RAW,Person B,No_Load,0,0,0,0,29.31,2026-10-03T15:51:26
5887,RAW,Person B,No_Load,0,0,0,0,29.31,2026-10-03T15:51:27
5888,RAW,Person B,No_Load,0,0,0,0,29.31,2026-10-03T15:51:28
5889,RAW,Person B,No_Load,0,0,0,0,29.31,2026-10-03T15:51:29
5890,RAW,Person B,No_Load,0,0,0,0,29.31,2026-10-03T15:51:30
5891,RAW,Person B,No_Load,0,0,0,0,29.31,2026-10-03T15:51:31
5892,RAW,Person B,No_Load,0,0,0,0,29.25,2026-10-03T15:51:32
5893,RAW,Person B,No_Load,0,0,0,0,29.25,2026-10-03T15:51:33
5894,RAW,Person B,No_Load,0,0,0,0,29.25,2026-10-03T15:51:34
5895,RAW,Person B,No_Load,0,0,0,0,29.25,2026-10-03T15:51:35
5896,AVG10,Person B,No_Load,0.00,0.00,0.00,0.00,29.29,2026-10-03T15:51:35
5897,RAW,Person B,No_Load,0,0,0,0,29.25,2026-10-03T15:51:36
5898,RAW,Person B,No_Load,0,0,0,0,29.25,2026-10-03T15:51:37
5899,RAW,Person B,No_Load,0,0,0,0,29.25,2026-10-03T15:51:38
5900,RAW,Person B,No_Load,0,0,0,0,29.25,2026-10-03T15:51:39
5901,RAW,Person B,No_Load,0,0,0,0,29.25,2026-10-03T15:51:40
5902,RAW,Person B,No_Load,0,0,0,0,29.25,2026-10-03T15:51:41
5903,RAW,Person B,No_Load,0,0,0,0,29.25,2026-10-03T15:51:42
5904,RAW,Person B,No_Load,0,0,0,0,29.25,2026-10-03T15:51:43
5905,RAW,Person B,No_Load,0,0,0,0,29.19,2026-10-03T15:51:44
5906,RAW,Person B,No_Load,0,0,0,0,29.19,2026-10-03T15:51:45
5907,AVG10,Person B,No_Load,0.00,0.00,0.00,0.00,29.24,2026-10-03T15:51:45
5908,RAW,Person B,No_Load,0,0,0,0,29.25,2026-10-03T15:51:46
5909,RAW,Person B,No_Load,0,0,0,0,29.19,2026-10-03T15:51:47
5910,RAW,Person B,No_Load,0,0,0,0,29.19,2026-10-03T15:51:48
5911,RAW,Person B,No_Load,0,0,0,0,29.25,2026-10-03T15:51:49
5912,RAW,Person B,No_Load,0,0,0,0,29.19,2026-10-03T15:51:50
5913,RAW,Person B,No_Load,0,0,0,0,29.19,2026-10-03T15:51:51
5914,RAW,Person B,No_Load,0,0,0,0,29.19,2026-10-03T15:51:52
5915,RAW,Person B,No_Load,0,0,0,0,29.19,2026-10-03T15:51:53
5916,RAW,Person B,No_Load,0,0,0,0,29.19,2026-10-03T15:51:54
5917,RAW,Person B,No_Load,0,0,0,0,29.19,2026-10-03T15:51:55
5918,AVG10,Person B,No_Load,0.00,0.00,0.00,0.00,29.20,2026-10-03T15:51:55
5919,RAW,Person B,No_Load,0,0,0,0,29.12,2026-10-03T15:51:56
5920,RAW,Person B,No_Load,0,0,0,0,29.19,2026-10-03T15:51:57
5921,RAW,Person B,No_Load,0,0,0,0,29.12,2026-10-03T15:51:58
5922,RAW,Person B,No_Load,0,0,0,0,29.12,2026-10-03T15:51:59
5923,RAW,Person B,No_Load,0,0,0,0,29.19,2026-10-03T15:52:00
5924,RAW,Person B,No_Load,0,0,0,0,29.19,2026-10-03T15:52:01
5925,RAW,Person B,No_Load,0,0,0,0,29.19,2026-10-03T15:52:02
5926,RAW,Person B,No_Load,0,0,0,0,29.19,2026-10-03T15:52:03
5927,RAW,Person B,No_Load,0,0,0,0,29.12,2026-10-03T15:52:04
5928,RAW,Person B,No_Load,0,0,0,0,29.19,2026-10-03T15:52:05
5929,AVG10,Person B,No_Load,0.00,0.00,0.00,0.00,29.16,2026-10-03T15:52:05
5930,RAW,Person B,No_Load,0,0,0,0,29.12,2026-10-03T15:52:06
5931,RAW,Person B,No_Load,0,0,0,0,29.12,2026-10-03T15:52:07
5932,RAW,Person B,No_Load,0,0,0,0,29.12,2026-10-03T15:52:08
5933,RAW,Person B,No_Load,0,0,0,0,29.12,2026-10-03T15:52:09
5934,RAW,Person B,No_Load,0,0,0,0,29.12,2026-10-03T15:52:10
5935,RAW,Person B,No_Load,0,0,0,0,29.12,2026-10-03T15:52:11
5936,RAW,Person B,No_Load,0,0,0,0,29.12,2026-10-03T15:52:12
5937,RAW,Person B,No_Load,0,0,0,0,29.12,2026-10-03T15:52:13
5938,RAW,Person B,No_Load,0,0,0,0,29.12,2026-10-03T15:52:14
5939,RAW,Person B,No_Load,0,0,0,0,29.12,2026-10-03T15:52:15
5940,AVG10,Person B,No_Load,0.00,0.00,0.00,0.00,29.12,2026-10-03T15:52:15
5941,RAW,Person B,No_Load,0,0,0,0,29.12,2026-10-03T15:52:16
6150,RAW,Person B,High_Pressure,4095,3765,4095,3984,28.69,2026-10-03T15:55:26
6151,RAW,Person B,High_Pressure,4095,3853,4095,4095,28.75,2026-10-03T15:55:27
6152,RAW,Person B,High_Pressure,4095,3878,4095,4095,28.75,2026-10-03T15:55:28
6153,RAW,Person B,High_Pressure,4095,3919,4095,4095,28.75,2026-10-03T15:55:29
6154,RAW,Person B,High_Pressure,4095,3958,4095,4095,28.75,2026-10-03T15:55:30
6155,RAW,Person B,High_Pressure,4095,3982,4095,4095,28.75,2026-10-03T15:55:31
6156,RAW,Person B,High_Pressure,4095,3960,4095,4095,28.75,2026-10-03T15:55:32
6157,RAW,Person B,High_Pressure,4095,3991,4095,4095,28.75,2026-10-03T15:55:33
6158,RAW,Person B,High_Pressure,4095,3975,4095,4095,28.75,2026-10-03T15:55:34
6159,RAW,Person B,High_Pressure,4095,3970,4095,4095,28.75,2026-10-03T15:55:35
6160,AVG10,Person B,High_Pressure,4095.00,3925.10,4095.00,4083.90,28.74,2026-10-03T15:55:35
6161,RAW,Person B,High_Pressure,4095,3980,4095,4095,28.75,2026-10-03T15:55:36
6162,RAW,Person B,High_Pressure,4095,3919,4095,4095,28.75,2026-10-03T15:55:37
6163,RAW,Person B,High_Pressure,4095,3970,4095,4095,28.75,2026-10-03T15:55:38
6164,RAW,Person B,High_Pressure,4095,3981,4095,4095,28.75,2026-10-03T15:55:39
6165,RAW,Person B,High_Pressure,4095,3955,4095,4095,28.75,2026-10-03T15:55:40
6166,RAW,Person B,High_Pressure,4095,3980,4095,4095,28.81,2026-10-03T15:55:41
6167,RAW,Person B,High_Pressure,4095,3977,4095,4095,28.81,2026-10-03T15:55:42
6168,RAW,Person B,High_Pressure,4095,3968,4095,4095,28.75,2026-10-03T15:55:43
6169,RAW,Person B,High_Pressure,4095,3920,4095,4095,28.81,2026-10-03T15:55:44
6170,RAW,Person B,High_Pressure,4095,3995,4095,4095,28.81,2026-10-03T15:55:45
6171,AVG10,Person B,High_Pressure,4095.00,3964.50,4095.00,4095.00,28.77,2026-10-03T15:55:45
6172,RAW,Person B,High_Pressure,4095,4075,4095,4095,28.81,2026-10-03T15:55:46
6173,RAW,Person B,High_Pressure,4095,4007,4095,4095,28.81,2026-10-03T15:55:47
6174,RAW,Person B,High_Pressure,4095,4049,4095,4095,28.81,2026-10-03T15:55:48
6175,RAW,Person B,High_Pressure,4095,3949,4095,4095,28.81,2026-10-03T15:55:49
6176,RAW,Person B,High_Pressure,4095,3979,4095,4095,28.81,2026-10-03T15:55:50
6177,RAW,Person B,High_Pressure,4095,4016,4095,4095,28.81,2026-10-03T15:55:51
6178,RAW,Person B,High_Pressure,4095,4080,4095,4095,28.87,2026-10-03T15:55:52
6179,RAW,Person B,High_Pressure,4095,4048,4095,4095,28.87,2026-10-03T15:55:53
6180,RAW,Person B,High_Pressure,4095,4030,4095,4095,28.87,2026-10-03T15:55:54
6181,RAW,Person B,High_Pressure,4095,3983,4095,4095,28.87,2026-10-03T15:55:55
6182,AVG10,Person B,High_Pressure,4095.00,4021.60,4095.00,4095.00,28.84,2026-10-03T15:55:55
6183,RAW,Person B,High_Pressure,4095,3963,4095,4095,28.87,2026-10-03T15:55:56
6184,RAW,Person B,High_Pressure,4095,3985,4095,4095,28.87,2026-10-03T15:55:57
6185,RAW,Person B,High_Pressure,4095,4059,4095,4095,28.87,2026-10-03T15:55:58
6186,RAW,Person B,High_Pressure,4095,4039,4095,4095,28.87,2026-10-03T15:55:59
6187,RAW,Person B,High_Pressure,4095,3984,4095,4095,28.94,2026-10-03T15:56:00
6188,RAW,Person B,High_Pressure,4095,4074,4095,4095,28.94,2026-10-03T15:56:01
6189,RAW,Person B,High_Pressure,4095,3915,4095,4095,28.94,2026-10-03T15:56:02
6190,RAW,Person B,High_Pressure,4095,4007,4095,4095,28.94,2026-10-03T15:56:03
6191,RAW,Person B,High_Pressure,4095,3799,4095,3776,28.94,2026-10-03T15:56:04
6192,RAW,Person B,High_Pressure,4095,3827,4095,3698,28.94,2026-10-03T15:56:05
6193,AVG10,Person B,High_Pressure,4095.00,3965.20,4095.00,4023.40,28.91,2026-10-03T15:56:05
6194,RAW,Person B,High_Pressure,4095,3917,4095,4086,29.00,2026-10-03T15:56:06
6195,RAW,Person B,High_Pressure,4095,3983,4095,4095,28.94,2026-10-03T15:56:07
6196,RAW,Person B,High_Pressure,4095,3954,4095,4095,28.94,2026-10-03T15:56:08
6197,RAW,Person B,High_Pressure,4095,4057,4095,4095,29.00,2026-10-03T15:56:09
6198,RAW,Person B,High_Pressure,4095,3926,4095,4095,29.00,2026-10-03T15:56:10
6199,RAW,Person B,High_Pressure,4095,3995,4095,4095,29.00,2026-10-03T15:56:11
6200,RAW,Person B,High_Pressure,4095,3980,4095,4095,29.00,2026-10-03T15:56:12
6201,RAW,Person B,High_Pressure,4095,3543,4095,4062,29.00,2026-10-03T15:56:13
6202,RAW,Person B,High_Pressure,4095,3971,4095,4095,29.00,2026-10-03T15:56:14
6203,RAW,Person B,High_Pressure,4095,4031,4095,4095,29.00,2026-10-03T15:56:15
6204,AVG10,Person B,High_Pressure,4095.00,3935.70,4095.00,4090.80,28.99,2026-10-03T15:56:15
6205,RAW,Person B,High_Pressure,4095,4021,4095,4095,29.00,2026-10-03T15:56:16
6206,RAW,Person B,High_Pressure,4095,4058,4095,4095,29.00,2026-10-03T15:56:17
6207,RAW,Person B,High_Pressure,4095,3921,4095,4095,29.06,2026-10-03T15:56:18
6208,RAW,Person B,High_Pressure,4095,3943,4095,4095,29.06,2026-10-03T15:56:19
6209,RAW,Person B,High_Pressure,4095,3842,4095,4095,29.06,2026-10-03T15:56:20
6210,RAW,Person B,High_Pressure,4095,3940,4095,4095,29.06,2026-10-03T15:56:21
6211,RAW,Person B,High_Pressure,4095,3963,4095,4095,29.06,2026-10-03T15:56:22
6212,RAW,Person B,High_Pressure,4095,4016,4095,4095,29.06,2026-10-03T15:56:23
6213,RAW,Person B,High_Pressure,4095,4009,4095,4095,29.06,2026-10-03T15:56:24
6214,RAW,Person B,High_Pressure,4095,3987,4095,4095,29.06,2026-10-03T15:56:25
6215,AVG10,Person B,High_Pressure,4095.00,3970.00,4095.00,4095.00,29.05,2026-10-03T15:56:25
6216,RAW,Person B,High_Pressure,4095,3981,4095,4095,29.12,2026-10-03T15:56:26
6217,RAW,Person B,High_Pressure,4095,3916,4095,4095,29.12,2026-10-03T15:56:27
6218,RAW,Person B,High_Pressure,4095,3922,4095,4095,29.12,2026-10-03T15:56:28
6219,RAW,Person B,High_Pressure,4095,3943,4095,4095,29.12,2026-10-03T15:56:29
6220,RAW,Person B,High_Pressure,4095,3965,4095,4095,29.12,2026-10-03T15:56:30
6221,RAW,Person B,High_Pressure,4095,4016,4095,4095,29.12,2026-10-03T15:56:31
6222,RAW,Person B,High_Pressure,4095,4050,4095,4095,29.12,2026-10-03T15:56:32
6223,RAW,Person B,High_Pressure,4095,4002,4095,4095,29.12,2026-10-03T15:56:33
6224,RAW,Person B,High_Pressure,4095,3943,4095,4095,29.19,2026-10-03T15:56:34
6225,RAW,Person B,High_Pressure,4095,3996,4095,4095,29.19,2026-10-03T15:56:35
6226,AVG10,Person B,High_Pressure,4095.00,3973.40,4095.00,4095.00,29.14,2026-10-03T15:56:35
6227,RAW,Person B,High_Pressure,4095,3991,4095,4095,29.12,2026-10-03T15:56:36
6228,RAW,Person B,High_Pressure,4095,3993,4095,4095,29.19,2026-10-03T15:56:37
6229,RAW,Person B,High_Pressure,4095,3957,4095,4095,29.19,2026-10-03T15:56:38
6230,RAW,Person B,High_Pressure,4095,3931,4095,4095,29.19,2026-10-03T15:56:39
6231,RAW,Person B,High_Pressure,4095,3935,4095,4095,29.19,2026-10-03T15:56:40
6232,RAW,Person B,High_Pressure,4095,3937,4095,4095,29.19,2026-10-03T15:56:41
6233,RAW,Person B,High_Pressure,4095,3969,4095,4095,29.19,2026-10-03T15:56:42
6234,RAW,Person B,High_Pressure,4095,3985,4095,4095,29.19,2026-10-03T15:56:43
6235,RAW,Person B,High_Pressure,4095,4003,4095,4095,29.19,2026-10-03T15:56:44
6236,RAW,Person B,High_Pressure,4095,3987,4095,4095,29.19,2026-10-03T15:56:45
6237,AVG10,Person B,High_Pressure,4095.00,3968.80,4095.00,4095.00,29.18,2026-10-03T15:56:45
6238,RAW,Person B,High_Pressure,4095,4009,4095,4095,29.25,2026-10-03T15:56:46
6239,RAW,Person B,High_Pressure,4095,3999,4095,4095,29.19,2026-10-03T15:56:47
6240,RAW,Person B,High_Pressure,4095,3952,4095,4095,29.25,2026-10-03T15:56:48
6241,RAW,Person B,High_Pressure,4095,3934,4095,4095,29.25,2026-10-03T15:56:49
6242,RAW,Person B,High_Pressure,4095,3947,4095,4095,29.25,2026-10-03T15:56:50
6243,RAW,Person B,High_Pressure,4095,3949,4095,4095,29.25,2026-10-03T15:56:51
6244,RAW,Person B,High_Pressure,4095,3989,4095,4095,29.25,2026-10-03T15:56:52
6245,RAW,Person B,High_Pressure,4095,3952,4095,4095,29.25,2026-10-03T15:56:53
6246,RAW,Person B,High_Pressure,4095,3987,4095,4095,29.31,2026-10-03T15:56:54
6247,RAW,Person B,High_Pressure,4095,3990,4095,4095,29.25,2026-10-03T15:56:55
6248,AVG10,Person B,High_Pressure,4095.00,3970.80,4095.00,4095.00,29.25,2026-10-03T15:56:55
6249,RAW,Person B,High_Pressure,4095,3981,4095,4095,29.25,2026-10-03T15:56:56
6250,RAW,Person B,High_Pressure,4095,3997,4095,4095,29.31,2026-10-03T15:56:57
6251,RAW,Person B,High_Pressure,4095,3991,4095,4095,29.31,2026-10-03T15:56:58
6252,RAW,Person B,High_Pressure,4095,4023,4095,4095,29.31,2026-10-03T15:56:59
6253,RAW,Person B,High_Pressure,4095,3961,4095,3984,29.31,2026-10-03T15:57:00
6254,RAW,Person B,High_Pressure,4095,4016,4095,4095,29.31,2026-10-03T15:57:01
6255,RAW,Person B,High_Pressure,4095,4023,4095,4095,29.31,2026-10-03T15:57:02
6256,RAW,Person B,High_Pressure,4095,4010,4095,4095,29.31,2026-10-03T15:57:03
6257,RAW,Person B,High_Pressure,4095,4045,4095,4095,29.37,2026-10-03T15:57:04
6258,RAW,Person B,High_Pressure,4095,3997,4095,4095,29.37,2026-10-03T15:57:05
6259,AVG10,Person B,High_Pressure,4095.00,4004.40,4095.00,4083.90,29.32,2026-10-03T15:57:05
6260,RAW,Person B,High_Pressure,4095,4019,4095,4095,29.31,2026-10-03T15:57:06
6261,RAW,Person B,High_Pressure,4095,4003,4095,4095,29.37,2026-10-03T15:57:07
6262,RAW,Person B,High_Pressure,4095,4015,4095,4095,29.37,2026-10-03T15:57:08
6263,RAW,Person B,High_Pressure,4095,4022,4095,4095,29.37,2026-10-03T15:57:09
6264,RAW,Person B,High_Pressure,4095,4007,4095,4095,29.37,2026-10-03T15:57:10
6265,RAW,Person B,High_Pressure,4095,4015,4095,4095,29.37,2026-10-03T15:57:11
6266,RAW,Person B,High_Pressure,4095,4009,4095,4095,29.37,2026-10-03T15:57:12
6267,RAW,Person B,High_Pressure,4095,4021,4095,4095,29.37,2026-10-03T15:57:13
6268,RAW,Person B,High_Pressure,4095,3998,4095,4095,29.37,2026-10-03T15:57:14
6269,RAW,Person B,High_Pressure,4095,3990,4095,4095,29.37,2026-10-03T15:57:15
6270,AVG10,Person B,High_Pressure,4095.00,4009.90,4095.00,4095.00,29.37,2026-10-03T15:57:15
6271,RAW,Person B,High_Pressure,4095,4007,4095,4095,29.37,2026-10-03T15:57:16
6272,RAW,Person B,High_Pressure,4095,4003,4095,4095,29.37,2026-10-03T15:57:17
6273,RAW,Person B,High_Pressure,4095,3997,4095,4095,29.44,2026-10-03T15:57:18
6274,RAW,Person B,High_Pressure,4095,4027,4095,4095,29.44,2026-10-03T15:57:19
6275,RAW,Person B,High_Pressure,4095,3829,4095,4095,29.44,2026-10-03T15:57:20
6276,RAW,Person B,High_Pressure,4095,3912,4095,4095,29.44,2026-10-03T15:57:21
6277,RAW,Person B,High_Pressure,4095,3941,4095,4095,29.44,2026-10-03T15:57:22
6278,RAW,Person B,High_Pressure,4095,3860,4095,4095,29.44,2026-10-03T15:57:23
6279,RAW,Person B,High_Pressure,4095,3946,4095,4095,29.44,2026-10-03T15:57:24
6280,RAW,Person B,High_Pressure,4095,3920,4095,4095,29.44,2026-10-03T15:57:25
6281,AVG10,Person B,High_Pressure,4095.00,3944.20,4095.00,4095.00,29.42,2026-10-03T15:57:25
6282,RAW,Person B,High_Pressure,4095,3909,4095,4095,29.44,2026-10-03T15:57:26
6283,RAW,Person B,High_Pressure,4095,3889,4095,4095,29.44,2026-10-03T15:57:27
6284,RAW,Person B,High_Pressure,4095,3932,4095,4095,29.44,2026-10-03T15:57:28
6285,RAW,Person B,High_Pressure,4095,3988,4095,4095,29.44,2026-10-03T15:57:29
6286,RAW,Person B,High_Pressure,4095,4021,4095,4095,29.50,2026-10-03T15:57:30
6287,RAW,Person B,High_Pressure,4095,3993,4095,4095,29.50,2026-10-03T15:57:31
6288,RAW,Person B,High_Pressure,4095,3978,4095,4095,29.50,2026-10-03T15:57:32
6289,RAW,Person B,High_Pressure,4095,3924,4095,4095,29.50,2026-10-03T15:57:33
6290,RAW,Person B,High_Pressure,4095,3902,4095,4095,29.50,2026-10-03T15:57:34
6291,RAW,Person B,High_Pressure,4095,3846,4095,4095,29.50,2026-10-03T15:57:35
6292,AVG10,Person B,High_Pressure,4095.00,3938.20,4095.00,4095.00,29.48,2026-10-03T15:57:35
6293,RAW,Person B,High_Pressure,4095,3906,4095,4095,29.50,2026-10-03T15:57:36
6294,RAW,Person B,High_Pressure,4095,3949,4095,4095,29.50,2026-10-03T15:57:37
6295,RAW,Person B,High_Pressure,4095,3942,4095,4095,29.50,2026-10-03T15:57:38
6296,RAW,Person B,High_Pressure,4095,3985,4095,4095,29.50,2026-10-03T15:57:39
6297,RAW,Person B,High_Pressure,4095,4081,4095,4095,29.50,2026-10-03T15:57:40
6298,RAW,Person B,High_Pressure,4095,4067,4095,4095,29.50,2026-10-03T15:57:41
6299,RAW,Person B,High_Pressure,4095,3998,4095,4095,29.50,2026-10-03T15:57:42
6300,RAW,Person B,High_Pressure,4095,3943,4095,4095,29.50,2026-10-03T15:57:43
6301,RAW,Person B,High_Pressure,4095,4005,4095,4095,29.50,2026-10-03T15:57:44
6302,RAW,Person B,High_Pressure,4095,3999,4095,4095,29.50,2026-10-03T15:57:45
6303,AVG10,Person B,High_Pressure,4095.00,3987.50,4095.00,4095.00,29.50,2026-10-03T15:57:45
6304,RAW,Person B,High_Pressure,4095,3952,4095,4095,29.56,2026-10-03T15:57:46
6305,RAW,Person B,High_Pressure,4095,3831,4095,4095,29.56,2026-10-03T15:57:47
6306,RAW,Person B,High_Pressure,4095,3989,4095,4095,29.50,2026-10-03T15:57:48
6307,RAW,Person B,High_Pressure,4095,3955,4095,4095,29.56,2026-10-03T15:57:49
6308,RAW,Person B,High_Pressure,4095,3993,4095,4095,29.56,2026-10-03T15:57:50
6309,RAW,Person B,High_Pressure,4095,4001,4095,4095,29.56,2026-10-03T15:57:51
6310,RAW,Person B,High_Pressure,4095,4017,4095,4095,29.56,2026-10-03T15:57:52
6311,RAW,Person B,High_Pressure,4095,4015,4095,4095,29.56,2026-10-03T15:57:53
6312,RAW,Person B,High_Pressure,4095,3987,4095,4095,29.56,2026-10-03T15:57:54
6313,RAW,Person B,High_Pressure,4095,3977,4095,4095,29.56,2026-10-03T15:57:55
6314,AVG10,Person B,High_Pressure,4095.00,3971.70,4095.00,4095.00,29.56,2026-10-03T15:57:55
6315,RAW,Person B,High_Pressure,4095,3991,4095,4095,29.56,2026-10-03T15:57:56
6316,RAW,Person B,High_Pressure,4095,4010,4095,4095,29.56,2026-10-03T15:57:57
6317,RAW,Person B,High_Pressure,4095,3952,4095,4095,29.56,2026-10-03T15:57:58
6318,RAW,Person B,High_Pressure,4095,3997,4095,4095,29.56,2026-10-03T15:57:59
6319,RAW,Person B,High_Pressure,4095,4011,4095,4095,29.56,2026-10-03T15:58:00
6320,RAW,Person B,High_Pressure,4095,3966,4095,4095,29.56,2026-10-03T15:58:01
6321,RAW,Person B,High_Pressure,4095,3998,4095,4095,29.56,2026-10-03T15:58:02
6322,RAW,Person B,High_Pressure,4095,3984,4095,4095,29.56,2026-10-03T15:58:03
6323,RAW,Person B,High_Pressure,4095,3964,4095,4095,29.56,2026-10-03T15:58:04
6324,RAW,Person B,High_Pressure,4095,3934,4095,4095,29.62,2026-10-03T15:58:05
6325,AVG10,Person B,High_Pressure,4095.00,3980.70,4095.00,4095.00,29.57,2026-10-03T15:58:05
6326,RAW,Person B,High_Pressure,4095,3941,4095,4095,29.56,2026-10-03T15:58:06
6327,RAW,Person B,High_Pressure,4095,3955,4095,4095,29.62,2026-10-03T15:58:07
6328,RAW,Person B,High_Pressure,4095,3943,4095,4095,29.62,2026-10-03T15:58:08
6329,RAW,Person B,High_Pressure,4095,3983,4095,4095,29.62,2026-10-03T15:58:09
6330,RAW,Person B,High_Pressure,4095,3991,4095,4095,29.62,2026-10-03T15:58:10
6331,RAW,Person B,High_Pressure,4095,3985,4095,4095,29.62,2026-10-03T15:58:11
6332,RAW,Person B,High_Pressure,4095,4013,4095,4095,29.62,2026-10-03T15:58:12
6333,RAW,Person B,High_Pressure,4095,4001,4095,4095,29.62,2026-10-03T15:58:13
6334,RAW,Person B,High_Pressure,4095,4011,4095,4095,29.62,2026-10-03T15:58:14
6335,RAW,Person B,High_Pressure,4095,4009,4095,4095,29.62,2026-10-03T15:58:15
6336,AVG10,Person B,High_Pressure,4095.00,3983.20,4095.00,4095.00,29.62,2026-10-03T15:58:15
6337,RAW,Person B,High_Pressure,4095,4021,4095,4095,29.62,2026-10-03T15:58:16
6338,RAW,Person B,High_Pressure,4095,3999,4095,4095,29.62,2026-10-03T15:58:17
6339,RAW,Person B,High_Pressure,4095,3991,4095,4095,29.62,2026-10-03T15:58:18
6340,RAW,Person B,High_Pressure,4095,4009,4095,4095,29.62,2026-10-03T15:58:19
6341,RAW,Person B,High_Pressure,4095,3962,4095,4095,29.62,2026-10-03T15:58:20
6342,RAW,Person B,High_Pressure,4095,3936,4095,4095,29.62,2026-10-03T15:58:21
6343,RAW,Person B,High_Pressure,4095,3918,4095,4095,29.62,2026-10-03T15:58:22
6344,RAW,Person B,High_Pressure,4095,3942,4095,4095,29.62,2026-10-03T15:58:23
6345,RAW,Person B,High_Pressure,4095,3927,4095,4095,29.69,2026-10-03T15:58:24
6346,RAW,Person B,High_Pressure,4095,3895,4095,4095,29.62,2026-10-03T15:58:25
6347,AVG10,Person B,High_Pressure,4095.00,3960.00,4095.00,4095.00,29.63,2026-10-03T15:58:25
6348,RAW,Person B,High_Pressure,4095,3951,4095,4095,29.69,2026-10-03T15:58:26
6349,RAW,Person B,High_Pressure,4095,3993,4095,4095,29.69,2026-10-03T15:58:27
6350,RAW,Person B,High_Pressure,4095,3942,4095,4095,29.69,2026-10-03T15:58:28
6351,RAW,Person B,High_Pressure,4095,3891,4095,4095,29.69,2026-10-03T15:58:29
6352,RAW,Person B,High_Pressure,4095,4006,4095,4095,29.69,2026-10-03T15:58:30
6353,RAW,Person B,High_Pressure,4095,3977,4095,4095,29.69,2026-10-03T15:58:31
6354,RAW,Person B,High_Pressure,4095,3972,4095,4095,29.69,2026-10-03T15:58:32
6355,RAW,Person B,High_Pressure,4095,4018,4095,4095,29.69,2026-10-03T15:58:336356,RAW,Person B,High_Pressure,4095,3941,4095,4095,29.69,2026-10-03T15:58:34
6357,RAW,Person B,High_Pressure,4095,3952,4095,4095,29.69,2026-10-03T15:58:35
6358,AVG10,Person B,High_Pressure,4095.00,3964.30,4095.00,4095.00,29.69,2026-10-03T15:58:35
6359,RAW,Person B,High_Pressure,4095,3959,4095,4095,29.69,2026-10-03T15:58:36
6360,RAW,Person B,High_Pressure,4095,3977,4095,4095,29.69,2026-10-03T15:58:37
6361,RAW,Person B,High_Pressure,4095,3957,4095,4095,29.69,2026-10-03T15:58:38
6362,RAW,Person B,High_Pressure,4095,3951,4095,4095,29.69,2026-10-03T15:58:39
6363,RAW,Person B,High_Pressure,4095,3952,4095,4095,29.69,2026-10-03T15:58:40
6364,RAW,Person B,High_Pressure,4095,3955,4095,4095,29.69,2026-10-03T15:58:41
6365,RAW,Person B,High_Pressure,4095,3952,4095,4095,29.69,2026-10-03T15:58:42
6366,RAW,Person B,High_Pressure,4095,3953,4095,4095,29.69,2026-10-03T15:58:43
6367,RAW,Person B,High_Pressure,4095,3951,4095,4095,29.69,2026-10-03T15:58:44
6368,RAW,Person B,High_Pressure,4095,3990,4095,4095,29.69,2026-10-03T15:58:45
6369,AVG10,Person B,High_Pressure,4095.00,3959.70,4095.00,4095.00,29.69,2026-10-03T15:58:45
6370,RAW,Person B,High_Pressure,4095,3984,4095,4095,29.75,2026-10-03T15:58:46
6371,RAW,Person B,High_Pressure,4095,3967,4095,4095,29.69,2026-10-03T15:58:47
6372,RAW,Person B,High_Pressure,4095,3947,4095,4095,29.75,2026-10-03T15:58:48
6373,RAW,Person B,High_Pressure,4095,3931,4095,4095,29.75,2026-10-03T15:58:49
6374,RAW,Person B,High_Pressure,4095,3943,4095,4095,29.69,2026-10-03T15:58:50
6375,RAW,Person B,High_Pressure,4095,3920,4095,4095,29.75,2026-10-03T15:58:51
6376,RAW,Person B,High_Pressure,4095,3949,4095,4095,29.75,2026-10-03T15:58:52
6377,RAW,Person B,High_Pressure,4095,3903,4095,4095,29.75,2026-10-03T15:58:53
6378,RAW,Person B,High_Pressure,4095,3919,4095,4095,29.75,2026-10-03T15:58:54
6379,RAW,Person B,High_Pressure,4095,3911,4095,4095,29.75,2026-10-03T15:58:55
6380,AVG10,Person B,High_Pressure,4095.00,3937.40,4095.00,4095.00,29.74,2026-10-03T15:58:55
6381,RAW,Person B,High_Pressure,4095,3930,4095,4095,29.75,2026-10-03T15:58:56
6382,RAW,Person B,High_Pressure,4095,3929,4095,4095,29.75,2026-10-03T15:58:57
6383,RAW,Person B,High_Pressure,4095,3920,4095,4095,29.75,2026-10-03T15:58:58
6384,RAW,Person B,High_Pressure,4095,3824,4095,4095,29.75,2026-10-03T15:58:59
6385,RAW,Person B,High_Pressure,4095,3570,4095,4095,29.75,2026-10-03T15:59:00
6386,RAW,Person B,High_Pressure,4095,3669,4095,4095,29.75,2026-10-03T15:59:01
6387,RAW,Person B,High_Pressure,4095,3723,4095,4095,29.75,2026-10-03T15:59:02
6388,RAW,Person B,High_Pressure,4095,3712,4095,4095,29.81,2026-10-03T15:59:03
6389,RAW,Person B,High_Pressure,4095,3852,4095,4095,29.75,2026-10-03T15:59:04
6390,RAW,Person B,High_Pressure,4095,3888,4095,4095,29.75,2026-10-03T15:59:05
6391,AVG10,Person B,High_Pressure,4095.00,3801.70,4095.00,4095.00,29.76,2026-10-03T15:59:05
6392,RAW,Person B,High_Pressure,4095,3870,4095,4095,29.75,2026-10-03T15:59:06
6393,RAW,Person B,High_Pressure,4095,3851,4095,4095,29.75,2026-10-03T15:59:07
6394,RAW,Person B,High_Pressure,4095,3750,4095,4095,29.75,2026-10-03T15:59:08
6395,RAW,Person B,High_Pressure,4095,3792,4095,4095,29.75,2026-10-03T15:59:09
6396,RAW,Person B,High_Pressure,4095,3901,4095,4095,29.75,2026-10-03T15:59:10
6397,RAW,Person B,High_Pressure,4095,3957,4095,4095,29.75,2026-10-03T15:59:11
6398,RAW,Person B,High_Pressure,3787,3476,4095,4095,29.81,2026-10-03T15:59:12
6399,RAW,Person B,High_Pressure,4095,3995,4095,4095,29.81,2026-10-03T15:59:13
6400,RAW,Person B,High_Pressure,4095,3966,4095,4095,29.81,2026-10-03T15:59:14
6401,RAW,Person B,High_Pressure,4095,3941,4095,4095,29.81,2026-10-03T15:59:15
6402,AVG10,Person B,High_Pressure,4064.20,3849.90,4095.00,4095.00,29.77,2026-10-03T15:59:15
6403,RAW,Person B,High_Pressure,4095,3947,4095,4095,29.81,2026-10-03T15:59:16
6404,RAW,Person B,High_Pressure,4095,3984,4095,4095,29.75,2026-10-03T15:59:17
6405,RAW,Person B,High_Pressure,4095,3933,4095,4095,29.81,2026-10-03T15:59:18
6406,RAW,Person B,High_Pressure,4095,3953,4095,4095,29.81,2026-10-03T15:59:19
6407,RAW,Person B,High_Pressure,4095,3959,4095,4095,29.81,2026-10-03T15:59:20
6408,RAW,Person B,High_Pressure,4095,3941,4095,4095,29.75,2026-10-03T15:59:21
6409,RAW,Person B,High_Pressure,4095,3941,4095,4095,29.81,2026-10-03T15:59:22
6410,RAW,Person B,High_Pressure,4095,3920,4095,4095,29.81,2026-10-03T15:59:23
6411,RAW,Person B,High_Pressure,4095,3941,4095,4095,29.81,2026-10-03T15:59:24
6412,RAW,Person B,High_Pressure,4095,3959,4095,4095,29.81,2026-10-03T15:59:25
6413,AVG10,Person B,High_Pressure,4095.00,3947.80,4095.00,4095.00,29.80,2026-10-03T15:59:25
6414,RAW,Person B,High_Pressure,4095,3920,4095,4095,29.81,2026-10-03T15:59:26
6415,RAW,Person B,High_Pressure,4095,3903,4095,4095,29.81,2026-10-03T15:59:27
6416,RAW,Person B,High_Pressure,4095,3916,4095,4095,29.81,2026-10-03T15:59:28
6417,RAW,Person B,High_Pressure,4095,3915,4095,4095,29.81,2026-10-03T15:59:29
6418,RAW,Person B,High_Pressure,4095,3919,4095,4095,29.81,2026-10-03T15:59:30
6419,RAW,Person B,High_Pressure,4095,3920,4095,4095,29.81,2026-10-03T15:59:31
6420,RAW,Person B,High_Pressure,4095,3932,4095,4095,29.81,2026-10-03T15:59:32
6421,RAW,Person B,High_Pressure,4095,3943,4095,4095,29.81,2026-10-03T15:59:33
6422,RAW,Person B,High_Pressure,4095,3936,4095,4095,29.81,2026-10-03T15:59:34
6423,RAW,Person B,High_Pressure,4095,3939,4095,4095,29.81,2026-10-03T15:59:35
6424,AVG10,Person B,High_Pressure,4095.00,3924.30,4095.00,4095.00,29.81,2026-10-03T15:59:35
6425,RAW,Person B,High_Pressure,4095,3950,4095,4095,29.81,2026-10-03T15:59:36
6426,RAW,Person B,High_Pressure,4095,3942,4095,4095,29.81,2026-10-03T15:59:37
6427,RAW,Person B,High_Pressure,4095,3941,4095,4095,29.81,2026-10-03T15:59:38
6428,RAW,Person B,High_Pressure,4095,3958,4095,4095,29.81,2026-10-03T15:59:39
6429,RAW,Person B,High_Pressure,4095,3949,4095,4095,29.81,2026-10-03T15:59:40
6430,RAW,Person B,High_Pressure,4095,3935,4095,4095,29.81,2026-10-03T15:59:41
6431,RAW,Person B,High_Pressure,4095,3914,4095,4095,29.87,2026-10-03T15:59:42
6432,RAW,Person B,High_Pressure,4095,3927,4095,4095,29.87,2026-10-03T15:59:43
6433,RAW,Person B,High_Pressure,4095,3933,4095,4095,29.81,2026-10-03T15:59:44
6434,RAW,Person B,High_Pressure,4095,3921,4095,4095,29.87,2026-10-03T15:59:45
6435,AVG10,Person B,High_Pressure,4095.00,3937.00,4095.00,4095.00,29.83,2026-10-03T15:59:45
6436,RAW,Person B,High_Pressure,4095,4026,4095,4095,29.81,2026-10-03T15:59:46
6437,RAW,Person B,High_Pressure,4095,3873,4095,4095,29.87,2026-10-03T15:59:47
6438,RAW,Person B,High_Pressure,272,3963,4095,4095,29.87,2026-10-03T15:59:48
6439,RAW,Person B,High_Pressure,4095,0,4095,51,29.87,2026-10-03T15:59:49
6440,RAW,Person B,High_Pressure,190,3883,1559,4095,29.87,2026-10-03T15:59:50
6441,RAW,Person B,High_Pressure,4095,3984,4095,4095,29.87,2026-10-03T15:59:51
6442,RAW,Person B,High_Pressure,3919,3054,4095,3926,29.87,2026-10-03T15:59:52
6443,RAW,Person B,High_Pressure,4046,3945,4095,4095,29.87,2026-10-03T15:59:53
6444,RAW,Person B,High_Pressure,4095,3778,4095,3942,29.87,2026-10-03T15:59:54
6445,RAW,Person B,High_Pressure,4095,3808,4095,4095,29.87,2026-10-03T15:59:55
6446,AVG10,Person B,High_Pressure,3299.70,3431.40,3841.40,3658.40,29.87,2026-10-03T15:59:55
6447,RAW,Person B,High_Pressure,4095,3689,4095,3984,29.87,2026-10-03T15:59:56
6448,RAW,Person B,High_Pressure,4095,3846,4095,4095,29.87,2026-10-03T15:59:57
6449,RAW,Person B,High_Pressure,3958,3988,4095,4095,29.87,2026-10-03T15:59:58
6450,RAW,Person B,High_Pressure,4095,3935,4095,4095,29.87,2026-10-03T15:59:59
6451,RAW,Person B,High_Pressure,4095,3983,4095,4095,29.87,2026-10-03T16:00:00
6452,RAW,Person B,High_Pressure,4095,3850,4095,4095,29.87,2026-10-03T16:00:01
6453,RAW,Person B,High_Pressure,4091,3923,4095,4095,29.87,2026-10-03T16:00:02
6454,RAW,Person B,High_Pressure,3952,3905,4095,4095,29.87,2026-10-03T16:00:03
6455,RAW,Person B,High_Pressure,4095,4075,4095,4095,29.87,2026-10-03T16:00:04
6456,RAW,Person B,High_Pressure,4095,4041,4095,4095,29.87,2026-10-03T16:00:05
6457,AVG10,Person B,High_Pressure,4066.60,3923.50,4095.00,4083.90,29.87,2026-10-03T16:00:05
6458,RAW,Person B,High_Pressure,4095,4003,4095,4095,29.87,2026-10-03T16:00:06
6459,RAW,Person B,High_Pressure,4095,3974,4095,4095,29.87,2026-10-03T16:00:07
6460,RAW,Person B,High_Pressure,4095,3989,4095,4095,29.87,2026-10-03T16:00:08
6461,RAW,Person B,High_Pressure,4095,3959,4095,4095,29.87,2026-10-03T16:00:09
6462,RAW,Person B,High_Pressure,4095,3984,4095,4095,29.87,2026-10-03T16:00:10
6463,RAW,Person B,High_Pressure,4095,3946,4095,4095,29.87,2026-10-03T16:00:11
6464,RAW,Person B,High_Pressure,4095,3991,4095,4095,29.87,2026-10-03T16:00:12
6465,RAW,Person B,High_Pressure,4095,3941,4095,4095,29.87,2026-10-03T16:00:13
6466,RAW,Person B,High_Pressure,4095,4005,4095,4095,29.94,2026-10-03T16:00:14
6467,RAW,Person B,High_Pressure,4095,3921,4095,4095,29.87,2026-10-03T16:00:15
6468,AVG10,Person B,High_Pressure,4095.00,3971.30,4095.00,4095.00,29.88,2026-10-03T16:00:15
6469,RAW,Person B,High_Pressure,4095,3918,4095,4095,29.87,2026-10-03T16:00:16
6470,RAW,Person B,High_Pressure,4095,3856,4095,4095,29.87,2026-10-03T16:00:17
6471,RAW,Person B,High_Pressure,4095,3953,4095,4095,29.94,2026-10-03T16:00:18
6472,RAW,Person B,High_Pressure,4095,3888,4095,4095,29.94,2026-10-03T16:00:19
6473,RAW,Person B,High_Pressure,4095,3884,4095,4095,29.87,2026-10-03T16:00:20
6474,RAW,Person B,High_Pressure,4095,3813,4095,4095,29.94,2026-10-03T16:00:21
6475,RAW,Person B,High_Pressure,4095,3911,4095,4095,29.94,2026-10-03T16:00:22
6476,RAW,Person B,High_Pressure,4095,3839,4095,4095,29.94,2026-10-03T16:00:23
6477,RAW,Person B,High_Pressure,4095,3913,4095,4095,29.94,2026-10-03T16:00:24
6478,RAW,Person B,High_Pressure,4095,3913,4095,4095,29.94,2026-10-03T16:00:25
6479,AVG10,Person B,High_Pressure,4095.00,3888.80,4095.00,4095.00,29.92,2026-10-03T16:00:25
6539,RAW,Person B,Sitting,3748,0,4095,3671,29.69,2026-10-03T16:01:20
6540,RAW,Person B,Sitting,3760,0,4095,3686,29.69,2026-10-03T16:01:21
6541,RAW,Person B,Sitting,3744,0,4095,3748,29.75,2026-10-03T16:01:22
6542,RAW,Person B,Sitting,3756,0,4095,3776,29.81,2026-10-03T16:01:23
6543,RAW,Person B,Sitting,3751,0,4095,3793,29.87,2026-10-03T16:01:24
6544,RAW,Person B,Sitting,3327,0,4095,4095,29.87,2026-10-03T16:01:25
6545,AVG10,Person B,Sitting,3713.90,0.00,4095.00,3681.60,29.71,2026-10-03T16:01:25
6546,RAW,Person B,Sitting,2928,0,4095,4095,29.94,2026-10-03T16:01:26
6547,RAW,Person B,Sitting,3189,0,4095,4095,29.94,2026-10-03T16:01:27
6548,RAW,Person B,Sitting,3289,0,4095,4095,30.00,2026-10-03T16:01:28
6549,RAW,Person B,Sitting,3415,0,4095,4095,30.06,2026-10-03T16:01:29
6550,RAW,Person B,Sitting,3419,0,4095,4095,30.06,2026-10-03T16:01:30
6551,RAW,Person B,Sitting,3447,0,4095,4095,30.12,2026-10-03T16:01:31
6552,RAW,Person B,Sitting,3391,0,4095,4095,30.19,2026-10-03T16:01:32
6553,RAW,Person B,Sitting,3383,0,4095,4095,30.19,2026-10-03T16:01:33
6554,RAW,Person B,Sitting,3490,0,4095,4095,30.25,2026-10-03T16:01:34
6555,RAW,Person B,Sitting,3792,0,4095,4095,30.31,2026-10-03T16:01:35
6556,AVG10,Person B,Sitting,3374.30,0.00,4095.00,4095.00,30.11,2026-10-03T16:01:35
6557,RAW,Person B,Sitting,3875,799,4087,4095,30.31,2026-10-03T16:01:36
6558,RAW,Person B,Sitting,3662,0,4095,4095,30.37,2026-10-03T16:01:37
6559,RAW,Person B,Sitting,3755,0,4095,4095,30.44,2026-10-03T16:01:38
6560,RAW,Person B,Sitting,3522,0,4095,4095,30.44,2026-10-03T16:01:39
6561,RAW,Person B,Sitting,3239,0,4095,4095,30.50,2026-10-03T16:01:40
6562,RAW,Person B,Sitting,3643,0,4095,4095,30.56,2026-10-03T16:01:41
6563,RAW,Person B,Sitting,3696,0,4095,4095,30.62,2026-10-03T16:01:42
6564,RAW,Person B,Sitting,3538,0,4095,4095,30.62,2026-10-03T16:01:43
6565,RAW,Person B,Sitting,3454,0,4095,4095,30.69,2026-10-03T16:01:44
6566,RAW,Person B,Sitting,3538,0,4095,4095,30.75,2026-10-03T16:01:45
6567,AVG10,Person B,Sitting,3592.20,79.90,4094.20,4095.00,30.53,2026-10-03T16:01:45
6568,RAW,Person B,Sitting,3553,0,4095,4095,30.75,2026-10-03T16:01:46
6569,RAW,Person B,Sitting,3646,0,4095,4095,30.81,2026-10-03T16:01:47
6570,RAW,Person B,Sitting,3307,1681,4095,4095,30.81,2026-10-03T16:01:48
6571,RAW,Person B,Sitting,3461,381,4095,4095,30.87,2026-10-03T16:01:49
6572,RAW,Person B,Sitting,3519,363,4095,4095,30.94,2026-10-03T16:01:50
6573,RAW,Person B,Sitting,3326,1043,4095,4095,31.00,2026-10-03T16:01:51
6574,RAW,Person B,Sitting,3680,0,4095,4095,31.00,2026-10-03T16:01:52
6575,RAW,Person B,Sitting,3174,1645,4095,4095,31.06,2026-10-03T16:01:53
6576,RAW,Person B,Sitting,3429,1446,4095,4095,31.06,2026-10-03T16:01:54
6577,RAW,Person B,Sitting,3439,1433,4095,4095,31.12,2026-10-03T16:01:55
6578,AVG10,Person B,Sitting,3453.40,799.20,4095.00,4095.00,30.94,2026-10-03T16:01:55
6579,RAW,Person B,Sitting,3486,1296,4095,4095,31.19,2026-10-03T16:01:56
6580,RAW,Person B,Sitting,3440,1456,4095,4095,31.19,2026-10-03T16:01:57
6581,RAW,Person B,Sitting,3440,1555,4095,4095,31.25,2026-10-03T16:01:58
6582,RAW,Person B,Sitting,3454,1600,4095,4095,31.25,2026-10-03T16:01:59
6583,RAW,Person B,Sitting,3422,1673,4095,4095,31.31,2026-10-03T16:02:00
6584,RAW,Person B,Sitting,3446,1606,4095,4095,31.37,2026-10-03T16:02:01
6585,RAW,Person B,Sitting,3440,1589,4095,4095,31.37,2026-10-03T16:02:02
6586,RAW,Person B,Sitting,3438,1600,4095,4095,31.44,2026-10-03T16:02:03
6587,RAW,Person B,Sitting,3500,1606,4095,4095,31.44,2026-10-03T16:02:04
6588,RAW,Person B,Sitting,3514,1585,4095,4095,31.50,2026-10-03T16:02:05
6589,AVG10,Person B,Sitting,3458.00,1556.60,4095.00,4095.00,31.33,2026-10-03T16:02:05
6590,RAW,Person B,Sitting,3453,1535,4095,4095,31.50,2026-10-03T16:02:06
6591,RAW,Person B,Sitting,3410,1705,4095,4095,31.50,2026-10-03T16:02:07
6592,RAW,Person B,Sitting,3634,2134,4095,4095,31.56,2026-10-03T16:02:08
6593,RAW,Person B,Sitting,3502,1794,4095,4095,31.62,2026-10-03T16:02:09
6594,RAW,Person B,Sitting,2502,2211,4095,4095,31.69,2026-10-03T16:02:10
6595,RAW,Person B,Sitting,3583,1744,4095,4095,31.69,2026-10-03T16:02:11
6596,RAW,Person B,Sitting,3638,1392,4095,4095,31.75,2026-10-03T16:02:12
6597,RAW,Person B,Sitting,3629,1642,4095,4095,31.75,2026-10-03T16:02:13
6598,RAW,Person B,Sitting,3549,1630,4095,4095,31.81,2026-10-03T16:02:14
6599,RAW,Person B,Sitting,3538,1625,4095,4095,31.81,2026-10-03T16:02:15
6600,AVG10,Person B,Sitting,3443.80,1741.20,4095.00,4095.00,31.67,2026-10-03T16:02:15
6601,RAW,Person B,Sitting,3654,1680,4095,4095,31.81,2026-10-03T16:02:16
6602,RAW,Person B,Sitting,3659,1663,4095,4095,31.87,2026-10-03T16:02:17
6603,RAW,Person B,Sitting,3642,1664,4095,4095,31.94,2026-10-03T16:02:18
6604,RAW,Person B,Sitting,3638,1630,4095,4095,31.94,2026-10-03T16:02:19
6605,RAW,Person B,Sitting,3619,1639,4095,4095,31.94,2026-10-03T16:02:20
6606,RAW,Person B,Sitting,3597,1650,4095,4095,32.00,2026-10-03T16:02:21
6607,RAW,Person B,Sitting,3647,1648,4095,4095,32.00,2026-10-03T16:02:22
6608,RAW,Person B,Sitting,3580,1654,4095,4095,32.06,2026-10-03T16:02:23
6609,RAW,Person B,Sitting,3632,1658,4095,4095,32.06,2026-10-03T16:02:24
6610,RAW,Person B,Sitting,3583,1661,4095,4095,32.13,2026-10-03T16:02:25
6611,AVG10,Person B,Sitting,3625.10,1654.70,4095.00,4095.00,31.98,2026-10-03T16:02:25
6612,RAW,Person B,Sitting,3579,1652,4095,4095,32.13,2026-10-03T16:02:26
6613,RAW,Person B,Sitting,3559,1647,4095,4095,32.19,2026-10-03T16:02:27
6614,RAW,Person B,Sitting,3600,1647,4095,4095,32.19,2026-10-03T16:02:28
6615,RAW,Person B,Sitting,3509,1648,4095,4095,32.25,2026-10-03T16:02:29
6616,RAW,Person B,Sitting,3583,1648,4095,4095,32.25,2026-10-03T16:02:30
6617,RAW,Person B,Sitting,3583,1655,4095,4095,32.25,2026-10-03T16:02:31
6618,RAW,Person B,Sitting,3600,1616,4095,4095,32.31,2026-10-03T16:02:32
6619,RAW,Person B,Sitting,3650,1625,4095,4095,32.38,2026-10-03T16:02:33
6620,RAW,Person B,Sitting,3627,1614,4095,4095,32.38,2026-10-03T16:02:34
6621,RAW,Person B,Sitting,3610,1613,4095,4095,32.38,2026-10-03T16:02:35
6622,AVG10,Person B,Sitting,3590.00,1636.50,4095.00,4095.00,32.27,2026-10-03T16:02:35
6623,RAW,Person B,Sitting,3662,1130,4095,4095,32.38,2026-10-03T16:02:36
6624,RAW,Person B,Sitting,3660,1206,4095,4095,32.44,2026-10-03T16:02:37
6625,RAW,Person B,Sitting,3655,1114,4095,4095,32.44,2026-10-03T16:02:38
6626,RAW,Person B,Sitting,3659,1187,4095,4095,32.50,2026-10-03T16:02:39
6627,RAW,Person B,Sitting,3637,1397,4095,4095,32.50,2026-10-03T16:02:40
6628,RAW,Person B,Sitting,3644,1328,4095,4095,32.50,2026-10-03T16:02:41
6629,RAW,Person B,Sitting,3635,1507,4095,4095,32.56,2026-10-03T16:02:42
6630,RAW,Person B,Sitting,3634,1481,4095,4095,32.56,2026-10-03T16:02:43
6631,RAW,Person B,Sitting,3561,1410,4095,4095,32.63,2026-10-03T16:02:44
6632,RAW,Person B,Sitting,3634,1283,4095,4095,32.63,2026-10-03T16:02:45
6633,AVG10,Person B,Sitting,3638.10,1304.30,4095.00,4095.00,32.51,2026-10-03T16:02:45
6634,RAW,Person B,Sitting,3583,1361,4095,4095,32.63,2026-10-03T16:02:46
6635,RAW,Person B,Sitting,3598,1279,4095,4095,32.69,2026-10-03T16:02:47
6636,RAW,Person B,Sitting,3658,1141,4095,4095,32.69,2026-10-03T16:02:48
6637,RAW,Person B,Sitting,3440,1139,4095,4095,32.69,2026-10-03T16:02:49
6638,RAW,Person B,Sitting,3419,1009,4095,4095,32.75,2026-10-03T16:02:50
6639,RAW,Person B,Sitting,3451,0,4095,4095,32.75,2026-10-03T16:02:51
6640,RAW,Person B,Sitting,3690,0,4095,4095,32.75,2026-10-03T16:02:52
6641,RAW,Person B,Sitting,3705,0,4095,4095,32.75,2026-10-03T16:02:53
6642,RAW,Person B,Sitting,3675,0,4095,4095,32.81,2026-10-03T16:02:54
6643,RAW,Person B,Sitting,3682,0,4095,4095,32.81,2026-10-03T16:02:55
6644,AVG10,Person B,Sitting,3590.10,592.90,4095.00,4095.00,32.73,2026-10-03T16:02:55
6645,RAW,Person B,Sitting,3667,0,4095,4095,32.88,2026-10-03T16:02:56
6646,RAW,Person B,Sitting,3674,0,4095,4095,32.88,2026-10-03T16:02:57
6647,RAW,Person B,Sitting,3675,0,4095,4095,32.88,2026-10-03T16:02:58
6648,RAW,Person B,Sitting,3711,0,4095,4095,32.94,2026-10-03T16:02:59
6649,RAW,Person B,Sitting,3673,0,4095,4095,32.94,2026-10-03T16:03:00
6650,RAW,Person B,Sitting,3681,0,4095,4095,32.94,2026-10-03T16:03:01
6651,RAW,Person B,Sitting,3687,0,4095,4095,32.94,2026-10-03T16:03:02
6652,RAW,Person B,Sitting,3680,0,4095,4095,32.94,2026-10-03T16:03:03
6653,RAW,Person B,Sitting,3705,0,4095,4095,33.00,2026-10-03T16:03:04
6654,RAW,Person B,Sitting,3714,0,4095,4095,33.00,2026-10-03T16:03:05
6655,AVG10,Person B,Sitting,3686.70,0.00,4095.00,4095.00,32.93,2026-10-03T16:03:05
6656,RAW,Person B,Sitting,3707,0,4095,4095,33.06,2026-10-03T16:03:06
6657,RAW,Person B,Sitting,3722,0,4095,4095,33.00,2026-10-03T16:03:07
6658,RAW,Person B,Sitting,3726,0,4095,4095,33.06,2026-10-03T16:03:08
6659,RAW,Person B,Sitting,3728,0,4095,4095,33.06,2026-10-03T16:03:09
6660,RAW,Person B,Sitting,3727,0,4095,4095,33.06,2026-10-03T16:03:10
6661,RAW,Person B,Sitting,3730,0,4095,4095,33.13,2026-10-03T16:03:11
6662,RAW,Person B,Sitting,3732,0,4095,4095,33.13,2026-10-03T16:03:12
6663,RAW,Person B,Sitting,3725,0,4095,4095,33.13,2026-10-03T16:03:13
6664,RAW,Person B,Sitting,3728,0,4095,4095,33.13,2026-10-03T16:03:14
6665,RAW,Person B,Sitting,3685,0,4095,4095,33.19,2026-10-03T16:03:15
6666,AVG10,Person B,Sitting,3721.00,0.00,4095.00,4095.00,33.09,2026-10-03T16:03:15
6667,RAW,Person B,Sitting,3680,441,4095,4095,33.19,2026-10-03T16:03:16
6668,RAW,Person B,Sitting,3664,457,4095,4095,33.19,2026-10-03T16:03:17
6669,RAW,Person B,Sitting,3669,482,4095,4095,33.19,2026-10-03T16:03:18
6670,RAW,Person B,Sitting,3515,1015,4095,4095,33.25,2026-10-03T16:03:19
6671,RAW,Person B,Sitting,3745,1147,4095,4095,33.25,2026-10-03T16:03:20
6672,RAW,Person B,Sitting,3738,1392,4095,4095,33.25,2026-10-03T16:03:21
6673,RAW,Person B,Sitting,3747,1242,4095,4095,33.25,2026-10-03T16:03:22
6674,RAW,Person B,Sitting,3734,1232,4095,4095,33.25,2026-10-03T16:03:23
6675,RAW,Person B,Sitting,3732,1227,4095,4095,33.31,2026-10-03T16:03:24
6676,RAW,Person B,Sitting,3735,1216,4095,4095,33.31,2026-10-03T16:03:25
6677,AVG10,Person B,Sitting,3695.90,985.10,4095.00,4095.00,33.24,2026-10-03T16:03:25
6678,RAW,Person B,Sitting,3728,1205,4095,4095,33.31,2026-10-03T16:03:26
6679,RAW,Person B,Sitting,3670,1126,4095,4095,33.31,2026-10-03T16:03:27
6680,RAW,Person B,Sitting,3645,1117,4095,4095,33.31,2026-10-03T16:03:28
6681,RAW,Person B,Sitting,3723,1087,4095,4095,33.38,2026-10-03T16:03:29
6682,RAW,Person B,Sitting,3713,869,4095,4095,33.38,2026-10-03T16:03:30
6683,RAW,Person B,Sitting,3728,1113,4095,4095,33.38,2026-10-03T16:03:31
6684,RAW,Person B,Sitting,3727,1073,4095,4095,33.38,2026-10-03T16:03:32
6685,RAW,Person B,Sitting,3722,912,4095,4095,33.44,2026-10-03T16:03:33
6686,RAW,Person B,Sitting,3728,851,4095,4095,33.44,2026-10-03T16:03:34
6687,RAW,Person B,Sitting,3728,746,4095,4095,33.44,2026-10-03T16:03:35
6688,AVG10,Person B,Sitting,3711.20,1009.90,4095.00,4095.00,33.38,2026-10-03T16:03:35
6689,RAW,Person B,Sitting,3720,491,4095,4095,33.44,2026-10-03T16:03:36
6690,RAW,Person B,Sitting,3725,484,4095,4095,33.44,2026-10-03T16:03:37
6691,RAW,Person B,Sitting,3735,465,4095,4095,33.50,2026-10-03T16:03:38
6692,RAW,Person B,Sitting,3729,464,4095,4095,33.50,2026-10-03T16:03:39
6693,RAW,Person B,Sitting,3750,451,4095,4095,33.50,2026-10-03T16:03:40
6694,RAW,Person B,Sitting,3732,465,4095,4095,33.50,2026-10-03T16:03:41
6695,RAW,Person B,Sitting,3696,459,4095,4095,33.56,2026-10-03T16:03:42
6696,RAW,Person B,Sitting,3744,466,4095,4095,33.56,2026-10-03T16:03:43
6697,RAW,Person B,Sitting,3356,1155,4095,4095,33.56,2026-10-03T16:03:44
6698,RAW,Person B,Sitting,3575,1625,4095,4095,33.56,2026-10-03T16:03:45
6699,AVG10,Person B,Sitting,3676.20,652.50,4095.00,4095.00,33.51,2026-10-03T16:03:45
6700,RAW,Person B,Sitting,2429,965,4095,4095,33.56,2026-10-03T16:03:46
6701,RAW,Person B,Sitting,3039,1089,4095,4095,33.56,2026-10-03T16:03:47
6702,RAW,Person B,Sitting,3189,0,4095,4095,33.63,2026-10-03T16:03:48
6703,RAW,Person B,Sitting,3261,459,4095,4095,33.63,2026-10-03T16:03:49
6704,RAW,Person B,Sitting,3614,0,4095,4095,33.63,2026-10-03T16:03:50
6705,RAW,Person B,Sitting,3511,1007,4095,4095,33.63,2026-10-03T16:03:51
6706,RAW,Person B,Sitting,3635,434,4095,4095,33.63,2026-10-03T16:03:52
6707,RAW,Person B,Sitting,3678,311,4095,4095,33.63,2026-10-03T16:03:53
6708,RAW,Person B,Sitting,3699,0,4095,4095,33.63,2026-10-03T16:03:54
6709,RAW,Person B,Sitting,3703,0,4095,4095,33.69,2026-10-03T16:03:55
6710,AVG10,Person B,Sitting,3375.80,426.50,4095.00,4095.00,33.62,2026-10-03T16:03:55
6711,RAW,Person B,Sitting,3655,674,4095,4095,33.69,2026-10-03T16:03:56
6712,RAW,Person B,Sitting,3707,402,4095,4095,33.69,2026-10-03T16:03:57
6713,RAW,Person B,Sitting,3699,371,4095,4095,33.69,2026-10-03T16:03:58
6714,RAW,Person B,Sitting,3703,320,4095,4095,33.69,2026-10-03T16:03:59
6715,RAW,Person B,Sitting,3721,295,4095,4095,33.69,2026-10-03T16:04:00
6716,RAW,Person B,Sitting,3706,305,4095,4095,33.75,2026-10-03T16:04:01
6717,RAW,Person B,Sitting,3695,319,4095,4095,33.69,2026-10-03T16:04:02
6718,RAW,Person B,Sitting,3712,82,4095,4095,33.75,2026-10-03T16:04:03
6719,RAW,Person B,Sitting,3698,39,4095,4095,33.75,2026-10-03T16:04:04
6720,RAW,Person B,Sitting,3696,50,4095,4095,33.75,2026-10-03T16:04:05
6721,AVG10,Person B,Sitting,3699.20,285.70,4095.00,4095.00,33.71,2026-10-03T16:04:05
6722,RAW,Person B,Sitting,3715,0,4095,4095,33.75,2026-10-03T16:04:06
6723,RAW,Person B,Sitting,3712,0,4095,4095,33.75,2026-10-03T16:04:07
6724,RAW,Person B,Sitting,3708,0,4095,4095,33.75,2026-10-03T16:04:08
6725,RAW,Person B,Sitting,3716,0,4095,4095,33.81,2026-10-03T16:04:09
6726,RAW,Person B,Sitting,3706,0,4095,4095,33.81,2026-10-03T16:04:10
6727,RAW,Person B,Sitting,3735,0,4095,4095,33.81,2026-10-03T16:04:11
6728,RAW,Person B,Sitting,3719,0,4095,4095,33.81,2026-10-03T16:04:12
6729,RAW,Person B,Sitting,3728,0,4095,4095,33.81,2026-10-03T16:04:13
6730,RAW,Person B,Sitting,3721,64,4095,4095,33.81,2026-10-03T16:04:14
6731,RAW,Person B,Sitting,3722,0,4095,4095,33.81,2026-10-03T16:04:15
6732,AVG10,Person B,Sitting,3718.20,6.40,4095.00,4095.00,33.79,2026-10-03T16:04:15
6733,RAW,Person B,Sitting,3715,90,4095,4095,33.81,2026-10-03T16:04:16
6734,RAW,Person B,Sitting,3735,271,4095,4095,33.81,2026-10-03T16:04:17
6735,RAW,Person B,Sitting,3742,154,4095,4095,33.81,2026-10-03T16:04:18
6736,RAW,Person B,Sitting,3748,0,4095,4095,33.81,2026-10-03T16:04:19
6737,RAW,Person B,Sitting,3731,48,4095,4095,33.81,2026-10-03T16:04:20
6738,RAW,Person B,Sitting,3728,1135,4095,4095,33.88,2026-10-03T16:04:21
6739,RAW,Person B,Sitting,3730,1159,4095,4095,33.88,2026-10-03T16:04:22
6740,RAW,Person B,Sitting,3728,1228,4095,4095,33.88,2026-10-03T16:04:23
6741,RAW,Person B,Sitting,3728,1181,4095,4095,33.88,2026-10-03T16:04:24
6742,RAW,Person B,Sitting,3728,1175,4095,4095,33.88,2026-10-03T16:04:25
6743,AVG10,Person B,Sitting,3731.30,644.10,4095.00,4095.00,33.84,2026-10-03T16:04:25
6744,RAW,Person B,Sitting,3730,1161,4095,4095,33.88,2026-10-03T16:04:26
6745,RAW,Person B,Sitting,3729,1153,4095,4095,33.88,2026-10-03T16:04:27
6746,RAW,Person B,Sitting,3742,1218,4095,4095,33.94,2026-10-03T16:04:28
6747,RAW,Person B,Sitting,3472,1503,4095,4095,33.94,2026-10-03T16:04:29
6748,RAW,Person B,Sitting,3568,1283,4095,4095,33.94,2026-10-03T16:04:30
6749,RAW,Person B,Sitting,3581,1418,4095,4095,33.94,2026-10-03T16:04:31
6750,RAW,Person B,Sitting,3597,1489,4095,4095,33.94,2026-10-03T16:04:32
6751,RAW,Person B,Sitting,3667,1231,4095,4095,33.94,2026-10-03T16:04:33
6752,RAW,Person B,Sitting,3533,1485,4095,4095,33.94,2026-10-03T16:04:34
6753,RAW,Person B,Sitting,3569,1535,4095,4095,33.94,2026-10-03T16:04:35
6754,AVG10,Person B,Sitting,3618.80,1347.60,4095.00,4095.00,33.92,2026-10-03T16:04:35
6755,RAW,Person B,Sitting,3633,1295,4095,4095,33.94,2026-10-03T16:04:36
6756,RAW,Person B,Sitting,3571,1241,4095,4095,33.94,2026-10-03T16:04:37
6757,RAW,Person B,Sitting,3638,1088,4095,4095,33.94,2026-10-03T16:04:38
6758,RAW,Person B,Sitting,3744,1483,4095,4095,34.00,2026-10-03T16:04:39
6759,RAW,Person B,Sitting,3581,1788,4095,4095,33.94,2026-10-03T16:04:40
6760,RAW,Person B,Sitting,3652,1738,4095,4095,34.00,2026-10-03T16:04:41
6761,RAW,Person B,Sitting,3632,1726,4095,4095,34.00,2026-10-03T16:04:42
6762,RAW,Person B,Sitting,3633,1698,4095,4095,34.00,2026-10-03T16:04:43
6763,RAW,Person B,Sitting,3578,1694,4095,4095,34.00,2026-10-03T16:04:44
6764,RAW,Person B,Sitting,3693,1587,4095,4095,34.00,2026-10-03T16:04:45
6765,AVG10,Person B,Sitting,3635.50,1533.80,4095.00,4095.00,33.97,2026-10-03T16:04:45
6766,RAW,Person B,Sitting,3677,1596,4095,4095,34.00,2026-10-03T16:04:46
6767,RAW,Person B,Sitting,3696,1637,4095,4095,34.00,2026-10-03T16:04:47
6768,RAW,Person B,Sitting,3703,1630,4095,4095,34.00,2026-10-03T16:04:48
6769,RAW,Person B,Sitting,3718,1649,4095,4095,34.06,2026-10-03T16:04:49
6770,RAW,Person B,Sitting,3701,1646,4095,4095,34.06,2026-10-03T16:04:50
6771,RAW,Person B,Sitting,3696,1648,4095,4095,34.06,2026-10-03T16:04:51
6772,RAW,Person B,Sitting,3728,1653,4095,4095,34.06,2026-10-03T16:04:52
6773,RAW,Person B,Sitting,3703,1648,4095,4095,34.06,2026-10-03T16:04:53
6774,RAW,Person B,Sitting,3721,1658,4095,4095,34.06,2026-10-03T16:04:54
6775,RAW,Person B,Sitting,3713,1651,4095,4095,34.06,2026-10-03T16:04:55
6776,AVG10,Person B,Sitting,3705.60,1641.60,4095.00,4095.00,34.04,2026-10-03T16:04:55
6777,RAW,Person B,Sitting,3709,1662,4095,4095,34.06,2026-10-03T16:04:56
6778,RAW,Person B,Sitting,3725,1663,4095,4095,34.06,2026-10-03T16:04:57
6779,RAW,Person B,Sitting,3743,0,4095,4095,34.06,2026-10-03T16:04:58
6780,RAW,Person B,Sitting,3730,1535,4095,4095,34.06,2026-10-03T16:04:59
6781,RAW,Person B,Sitting,3610,1186,4095,4095,34.06,2026-10-03T16:05:00
6782,RAW,Person B,Sitting,3707,1634,4095,4095,34.13,2026-10-03T16:05:01
6783,RAW,Person B,Sitting,3757,1563,4095,4095,34.13,2026-10-03T16:05:02
6784,RAW,Person B,Sitting,3729,1645,4095,4095,34.13,2026-10-03T16:05:03
6785,RAW,Person B,Sitting,3740,1667,4095,4095,34.13,2026-10-03T16:05:04
6786,RAW,Person B,Sitting,3742,1654,4095,4095,34.13,2026-10-03T16:05:05
6787,AVG10,Person B,Sitting,3719.20,1420.90,4095.00,4095.00,34.09,2026-10-03T16:05:05
6788,RAW,Person B,Sitting,3734,1682,4095,4095,34.13,2026-10-03T16:05:06
6789,RAW,Person B,Sitting,3716,1685,4095,4095,34.13,2026-10-03T16:05:07
6790,RAW,Person B,Sitting,3734,1610,4095,4095,34.13,2026-10-03T16:05:08
6791,RAW,Person B,Sitting,3743,1605,4095,4095,34.13,2026-10-03T16:05:09
6792,RAW,Person B,Sitting,3799,1557,4095,4095,34.13,2026-10-03T16:05:10
6793,RAW,Person B,Sitting,3773,1682,4095,4095,34.19,2026-10-03T16:05:11
6794,RAW,Person B,Sitting,3617,2000,4095,4095,34.19,2026-10-03T16:05:12
6795,RAW,Person B,Sitting,3119,1424,4095,4095,34.19,2026-10-03T16:05:13
6796,RAW,Person B,Sitting,3641,430,4095,4095,34.19,2026-10-03T16:05:14
6797,RAW,Person B,Sitting,3556,1215,4095,4095,34.19,2026-10-03T16:05:15
6798,AVG10,Person B,Sitting,3643.20,1489.00,4095.00,4095.00,34.16,2026-10-03T16:05:15
6799,RAW,Person B,Sitting,3624,1262,4095,4095,34.19,2026-10-03T16:05:16
6800,RAW,Person B,Sitting,3598,1238,4095,4095,34.19,2026-10-03T16:05:17
6801,RAW,Person B,Sitting,3632,1286,4095,4095,34.19,2026-10-03T16:05:18
6802,RAW,Person B,Sitting,3489,1328,4095,4095,34.19,2026-10-03T16:05:19
6803,RAW,Person B,Sitting,3632,1453,4095,4095,34.19,2026-10-03T16:05:20
6804,RAW,Person B,Sitting,3504,1511,4095,4095,34.19,2026-10-03T16:05:21
6805,RAW,Person B,Sitting,3439,1104,4095,4095,34.19,2026-10-03T16:05:22
6806,RAW,Person B,Sitting,3632,1250,4095,4095,34.19,2026-10-03T16:05:23
6807,RAW,Person B,Sitting,3638,1072,4095,4095,34.25,2026-10-03T16:05:24
6808,RAW,Person B,Sitting,3517,1151,4095,4095,34.19,2026-10-03T16:05:25
6809,AVG10,Person B,Sitting,3570.50,1265.50,4095.00,4095.00,34.19,2026-10-03T16:05:25
6810,RAW,Person B,Sitting,3625,1621,4095,4095,34.25,2026-10-03T16:05:26
6811,RAW,Person B,Sitting,3693,1522,4095,4095,34.19,2026-10-03T16:05:27
6812,RAW,Person B,Sitting,3665,1565,4095,4095,34.25,2026-10-03T16:05:28
6813,RAW,Person B,Sitting,3699,1379,4095,4095,34.25,2026-10-03T16:05:29
6814,RAW,Person B,Sitting,3697,1535,4095,4095,34.25,2026-10-03T16:05:30
6815,RAW,Person B,Sitting,3760,2038,4095,4095,34.25,2026-10-03T16:05:31
6816,RAW,Person B,Sitting,3728,1731,4095,4095,34.25,2026-10-03T16:05:32
6817,RAW,Person B,Sitting,3728,1751,4095,4095,34.25,2026-10-03T16:05:33
6818,RAW,Person B,Sitting,3733,1782,4095,4095,34.25,2026-10-03T16:05:34
6819,RAW,Person B,Sitting,3754,2011,4095,4095,34.25,2026-10-03T16:05:35
6820,AVG10,Person B,Sitting,3708.20,1693.50,4095.00,4095.00,34.24,2026-10-03T16:05:35
6821,RAW,Person B,Sitting,3664,1535,4095,4095,34.31,2026-10-03T16:05:36
6822,RAW,Person B,Sitting,3680,1520,4095,4095,34.25,2026-10-03T16:05:37
6823,RAW,Person B,Sitting,3638,1478,4095,4095,34.31,2026-10-03T16:05:38
6824,RAW,Person B,Sitting,3415,1754,4095,4095,34.31,2026-10-03T16:05:39
6825,RAW,Person B,Sitting,3654,0,4095,4095,34.31,2026-10-03T16:05:40
6826,RAW,Person B,Sitting,3646,429,4095,4095,34.31,2026-10-03T16:05:41
6827,RAW,Person B,Sitting,3683,410,4095,4095,34.31,2026-10-03T16:05:42
6828,RAW,Person B,Sitting,3651,434,4095,4095,34.31,2026-10-03T16:05:43
6829,RAW,Person B,Sitting,3708,434,4095,4095,34.31,2026-10-03T16:05:44
6830,RAW,Person B,Sitting,3675,215,4095,4095,34.31,2026-10-03T16:05:45
6831,AVG10,Person B,Sitting,3641.40,820.90,4095.00,4095.00,34.31,2026-10-03T16:05:45
6832,RAW,Person B,Sitting,3686,0,4095,4095,34.31,2026-10-03T16:05:46
6833,RAW,Person B,Sitting,3712,0,4095,4095,34.38,2026-10-03T16:05:47
6834,RAW,Person B,Sitting,3507,0,4095,4095,34.31,2026-10-03T16:05:48
6835,RAW,Person B,Sitting,3647,0,4095,4095,34.31,2026-10-03T16:05:49
6836,RAW,Person B,Sitting,3577,985,4095,4095,34.31,2026-10-03T16:05:50
6837,RAW,Person B,Sitting,3569,1343,4095,4095,34.31,2026-10-03T16:05:51
6838,RAW,Person B,Sitting,3603,1222,4095,4095,34.31,2026-10-03T16:05:52
6839,RAW,Person B,Sitting,3655,1221,4095,4095,34.38,2026-10-03T16:05:53
6840,RAW,Person B,Sitting,3662,1226,4095,4095,34.38,2026-10-03T16:05:54
6841,RAW,Person B,Sitting,3679,1154,4095,4095,34.31,2026-10-03T16:05:55
6842,AVG10,Person B,Sitting,3629.70,715.10,4095.00,4095.00,34.33,2026-10-03T16:05:55
6843,RAW,Person B,Sitting,3653,534,4095,4095,34.38,2026-10-03T16:05:56
6844,RAW,Person B,Sitting,3691,1207,4095,4095,34.31,2026-10-03T16:05:57
6845,RAW,Person B,Sitting,3677,1314,4095,4095,34.38,2026-10-03T16:05:58
6846,RAW,Person B,Sitting,3641,1357,4095,4095,34.38,2026-10-03T16:05:59
6847,RAW,Person B,Sitting,3680,1217,4095,4095,34.38,2026-10-03T16:06:00
6848,RAW,Person B,Sitting,3646,1251,4095,4095,34.38,2026-10-03T16:06:01
6849,RAW,Person B,Sitting,3654,1215,4095,4095,34.38,2026-10-03T16:06:02
6850,RAW,Person B,Sitting,3598,1308,4095,4095,34.38,2026-10-03T16:06:03
6851,RAW,Person B,Sitting,3582,1322,4095,4095,34.38,2026-10-03T16:06:04
6852,RAW,Person B,Sitting,3677,1261,4095,4095,34.38,2026-10-03T16:06:05
6853,AVG10,Person B,Sitting,3649.90,1198.60,4095.00,4095.00,34.37,2026-10-03T16:06:05
6854,RAW,Person B,Sitting,3664,1234,4095,4095,34.38,2026-10-03T16:06:06
6855,RAW,Person B,Sitting,3664,1259,4095,4095,34.38,2026-10-03T16:06:07
6856,RAW,Person B,Sitting,3685,1241,4095,4095,34.38,2026-10-03T16:06:08
6857,RAW,Person B,Sitting,3628,1187,4095,4095,34.38,2026-10-03T16:06:09
6858,RAW,Person B,Sitting,3679,1265,4095,4095,34.38,2026-10-03T16:06:10
6859,RAW,Person B,Sitting,3583,1252,4095,4095,34.38,2026-10-03T16:06:11
6860,RAW,Person B,Sitting,3495,1246,4095,4095,34.38,2026-10-03T16:06:12
6861,RAW,Person B,Sitting,3653,1226,4095,4095,34.38,2026-10-03T16:06:13
6862,RAW,Person B,Sitting,3583,1222,4095,4095,34.44,2026-10-03T16:06:14
6863,RAW,Person B,Sitting,3599,1232,4095,4095,34.44,2026-10-03T16:06:15
6864,AVG10,Person B,Sitting,3623.30,1236.40,4095.00,4095.00,34.39,2026-10-03T16:06:15
6865,RAW,Person B,Sitting,3547,1105,4095,4095,34.44,2026-10-03T16:06:16
6866,RAW,Person B,Sitting,3580,1265,4095,4095,34.44,2026-10-03T16:06:17
6867,RAW,Person B,Sitting,3552,1258,4095,4095,34.44,2026-10-03T16:06:18
6868,RAW,Person B,Sitting,3653,1202,4095,4095,34.44,2026-10-03T16:06:19
7022,RAW,Person B,Walking,4095,3722,4095,4095,32.06,2026-10-03T16:08:39
7023,RAW,Person B,Walking,4015,3281,4095,3984,32.06,2026-10-03T16:08:40
7024,RAW,Person B,Walking,0,0,154,0,32.06,2026-10-03T16:08:41
7025,RAW,Person B,Walking,0,0,153,0,32.13,2026-10-03T16:08:42
7026,RAW,Person B,Walking,59,0,4095,0,32.13,2026-10-03T16:08:43
7027,RAW,Person B,Walking,4095,0,4095,4095,32.19,2026-10-03T16:08:44
7028,RAW,Person B,Walking,4095,3281,4095,4095,32.19,2026-10-03T16:08:45
7029,AVG10,Person B,Walking,2864.40,1863.90,3306.70,2855.40,32.08,2026-10-03T16:08:45
7030,RAW,Person B,Walking,4095,3358,4095,4095,32.19,2026-10-03T16:08:46
7031,RAW,Person B,Walking,3408,0,112,0,32.25,2026-10-03T16:08:47
7032,RAW,Person B,Walking,0,0,121,0,32.25,2026-10-03T16:08:48
7033,RAW,Person B,Walking,0,0,2651,3937,32.25,2026-10-03T16:08:49
7034,RAW,Person B,Walking,21,0,943,1211,32.25,2026-10-03T16:08:50
7035,RAW,Person B,Walking,4095,0,4095,0,32.31,2026-10-03T16:08:51
7036,RAW,Person B,Walking,4095,2970,4095,4095,32.31,2026-10-03T16:08:52
7037,RAW,Person B,Walking,4095,403,4095,4095,32.31,2026-10-03T16:08:53
7038,RAW,Person B,Walking,4095,2514,4095,4095,32.38,2026-10-03T16:08:54
7039,RAW,Person B,Walking,2559,0,201,4057,32.38,2026-10-03T16:08:55
7040,AVG10,Person B,Walking,2646.30,924.50,2450.30,2558.50,32.29,2026-10-03T16:08:55
7041,RAW,Person B,Walking,0,0,210,0,32.38,2026-10-03T16:08:56
7042,RAW,Person B,Walking,5,0,304,3312,32.38,2026-10-03T16:08:57
7043,RAW,Person B,Walking,4095,0,4095,2827,32.44,2026-10-03T16:08:58
7044,RAW,Person B,Walking,4095,2089,4095,4095,32.44,2026-10-03T16:08:59
7045,RAW,Person B,Walking,4095,2669,4095,4095,32.44,2026-10-03T16:09:00
7046,RAW,Person B,Walking,0,0,149,0,32.44,2026-10-03T16:09:01
7047,RAW,Person B,Walking,5,0,208,4086,32.44,2026-10-03T16:09:02
7048,RAW,Person B,Walking,4095,3465,4095,4095,32.44,2026-10-03T16:09:03
7049,RAW,Person B,Walking,4095,3767,4095,4095,32.50,2026-10-03T16:09:04
7050,RAW,Person B,Walking,0,0,112,0,32.50,2026-10-03T16:09:05
7051,AVG10,Person B,Walking,2048.50,1199.00,2145.80,2660.50,32.44,2026-10-03T16:09:05
7052,RAW,Person B,Walking,4095,0,4095,4022,32.50,2026-10-03T16:09:06
7053,RAW,Person B,Walking,4095,3844,4095,4095,32.50,2026-10-03T16:09:07
7054,RAW,Person B,Walking,0,0,95,0,32.56,2026-10-03T16:09:08
7055,RAW,Person B,Walking,0,0,137,0,32.56,2026-10-03T16:09:09
7056,RAW,Person B,Walking,4095,2672,4095,4095,32.56,2026-10-03T16:09:10
7057,RAW,Person B,Walking,4095,0,4095,0,32.63,2026-10-03T16:09:11
7058,RAW,Person B,Walking,4095,3184,4095,4095,32.63,2026-10-03T16:09:12
7059,RAW,Person B,Walking,0,0,95,4095,32.63,2026-10-03T16:09:13
7060,RAW,Person B,Walking,4095,3612,141,4095,32.63,2026-10-03T16:09:14
7061,RAW,Person B,Walking,4095,3544,4095,4095,32.63,2026-10-03T16:09:15
7062,AVG10,Person B,Walking,2866.50,1685.60,2503.80,2859.20,32.58,2026-10-03T16:09:15
7063,RAW,Person B,Walking,0,0,64,0,32.63,2026-10-03T16:09:16
7064,RAW,Person B,Walking,3,0,176,3947,32.69,2026-10-03T16:09:17
7065,RAW,Person B,Walking,4095,3866,4095,4095,32.69,2026-10-03T16:09:18
7066,RAW,Person B,Walking,4095,3205,4095,4095,32.69,2026-10-03T16:09:19
7067,RAW,Person B,Walking,3964,0,4095,4095,32.69,2026-10-03T16:09:20
7068,RAW,Person B,Walking,0,0,102,2790,32.69,2026-10-03T16:09:21
7069,RAW,Person B,Walking,6,0,196,4078,32.69,2026-10-03T16:09:22
7070,RAW,Person B,Walking,4095,3093,4095,4095,32.75,2026-10-03T16:09:23
7071,RAW,Person B,Walking,4095,3638,4095,0,32.75,2026-10-03T16:09:24
7072,RAW,Person B,Walking,0,0,81,0,32.75,2026-10-03T16:09:25
7073,AVG10,Person B,Walking,2035.30,1380.20,2109.40,2719.50,32.70,2026-10-03T16:09:25
7074,RAW,Person B,Walking,4095,3747,4095,4095,32.75,2026-10-03T16:09:26
7075,RAW,Person B,Walking,4095,3376,4095,4095,32.75,2026-10-03T16:09:27
7076,RAW,Person B,Walking,0,0,64,0,32.75,2026-10-03T16:09:28
7077,RAW,Person B,Walking,16,0,2829,4095,32.75,2026-10-03T16:09:29
7078,RAW,Person B,Walking,4095,3955,4095,4095,32.75,2026-10-03T16:09:30
7079,RAW,Person B,Walking,4095,1711,4095,4095,32.81,2026-10-03T16:09:31
7080,RAW,Person B,Walking,0,0,47,0,32.81,2026-10-03T16:09:32
7081,RAW,Person B,Walking,0,0,128,3250,32.81,2026-10-03T16:09:33
7082,RAW,Person B,Walking,4095,3619,4095,4095,32.81,2026-10-03T16:09:34
7083,RAW,Person B,Walking,4095,3918,4095,4095,32.81,2026-10-03T16:09:35
7084,AVG10,Person B,Walking,2458.60,2032.60,2763.80,3191.50,32.78,2026-10-03T16:09:35
7085,RAW,Person B,Walking,0,0,38,0,32.81,2026-10-03T16:09:36
7086,RAW,Person B,Walking,1776,0,4095,0,32.88,2026-10-03T16:09:37
7087,RAW,Person B,Walking,4095,3608,4095,4095,32.88,2026-10-03T16:09:38
7088,RAW,Person B,Walking,0,0,42,0,32.81,2026-10-03T16:09:39
7089,RAW,Person B,Walking,3991,0,4095,0,32.88,2026-10-03T16:09:40
7090,RAW,Person B,Walking,4095,3548,4095,4095,32.88,2026-10-03T16:09:41
7091,RAW,Person B,Walking,0,0,33,0,32.88,2026-10-03T16:09:42
7092,RAW,Person B,Walking,0,0,511,0,32.88,2026-10-03T16:09:43
7093,RAW,Person B,Walking,4095,3905,4095,4095,32.94,2026-10-03T16:09:44
7094,RAW,Person B,Walking,3601,2930,4095,4095,32.88,2026-10-03T16:09:45
7095,AVG10,Person B,Walking,2165.30,1399.10,2519.40,1638.00,32.87,2026-10-03T16:09:45
7096,RAW,Person B,Walking,0,0,47,3959,32.88,2026-10-03T16:09:46
7097,RAW,Person B,Walking,3,0,2651,2955,32.88,2026-10-03T16:09:47
7098,RAW,Person B,Walking,4095,2909,4095,4095,32.94,2026-10-03T16:09:48
7099,RAW,Person B,Walking,4095,0,4095,4095,32.94,2026-10-03T16:09:49
7100,RAW,Person B,Walking,0,0,98,2448,32.94,2026-10-03T16:09:50
7101,RAW,Person B,Walking,4095,3269,4095,4095,32.94,2026-10-03T16:09:51
7102,RAW,Person B,Walking,4095,3899,4095,4095,32.94,2026-10-03T16:09:52
7103,RAW,Person B,Walking,0,0,58,4095,33.00,2026-10-03T16:09:53
7104,RAW,Person B,Walking,3819,0,4095,2836,33.00,2026-10-03T16:09:54
7105,RAW,Person B,Walking,4095,2786,4095,4095,33.00,2026-10-03T16:09:55
7106,AVG10,Person B,Walking,2429.70,1286.30,2742.40,3676.80,32.94,2026-10-03T16:09:55
7107,RAW,Person B,Walking,0,0,44,4095,33.00,2026-10-03T16:09:56
7108,RAW,Person B,Walking,0,0,202,3874,33.00,2026-10-03T16:09:57
7109,RAW,Person B,Walking,4095,3837,4095,4095,33.00,2026-10-03T16:09:58
7110,RAW,Person B,Walking,4095,0,4095,4095,33.06,2026-10-03T16:09:59
7111,RAW,Person B,Walking,0,0,176,1001,33.00,2026-10-03T16:10:00
7112,RAW,Person B,Walking,4095,3671,4095,4095,33.00,2026-10-03T16:10:01
7113,RAW,Person B,Walking,4095,2721,4095,4095,33.06,2026-10-03T16:10:02
7114,RAW,Person B,Walking,0,0,159,0,33.06,2026-10-03T16:10:03
7115,RAW,Person B,Walking,4095,3745,4095,4095,33.06,2026-10-03T16:10:04
7116,RAW,Person B,Walking,4095,3174,4095,4095,33.06,2026-10-03T16:10:05
7117,AVG10,Person B,Walking,2457.00,1714.80,2515.10,3354.00,33.03,2026-10-03T16:10:05
7118,RAW,Person B,Walking,0,0,149,0,33.06,2026-10-03T16:10:06
7119,RAW,Person B,Walking,4095,3869,4095,4095,33.06,2026-10-03T16:10:07
7120,RAW,Person B,Walking,4095,3472,4095,4095,33.06,2026-10-03T16:10:08
7121,RAW,Person B,Walking,4095,1686,4095,3818,33.06,2026-10-03T16:10:09
7122,RAW,Person B,Walking,0,0,162,0,33.13,2026-10-03T16:10:10
7123,RAW,Person B,Walking,4095,717,4095,4095,33.13,2026-10-03T16:10:11
7124,RAW,Person B,Walking,4095,3551,4095,4095,33.13,2026-10-03T16:10:12
7125,RAW,Person B,Walking,0,0,84,0,33.13,2026-10-03T16:10:13
7126,RAW,Person B,Walking,8,0,739,0,33.13,2026-10-03T16:10:14
7127,RAW,Person B,Walking,4095,2416,4095,4095,33.13,2026-10-03T16:10:15
7128,AVG10,Person B,Walking,2457.80,1571.10,2570.40,2429.30,33.10,2026-10-03T16:10:15
7129,RAW,Person B,Walking,4095,2670,4095,4095,33.13,2026-10-03T16:10:16
7130,RAW,Person B,Walking,0,0,112,4095,33.19,2026-10-03T16:10:17
7131,RAW,Person B,Walking,4095,2323,4095,4095,33.19,2026-10-03T16:10:18
7132,RAW,Person B,Walking,4095,2955,4095,4095,33.19,2026-10-03T16:10:19
7133,RAW,Person B,Walking,0,0,83,0,33.19,2026-10-03T16:10:20
7134,RAW,Person B,Walking,0,0,337,0,33.19,2026-10-03T16:10:21
7135,RAW,Person B,Walking,4095,3838,4095,4095,33.25,2026-10-03T16:10:22
7136,RAW,Person B,Walking,4095,0,4095,3571,33.19,2026-10-03T16:10:23
7137,RAW,Person B,Walking,0,0,138,0,33.25,2026-10-03T16:10:24
7138,RAW,Person B,Walking,4095,3565,4095,4095,33.25,2026-10-03T16:10:25
7139,AVG10,Person B,Walking,2457.00,1535.10,2524.00,2814.10,33.20,2026-10-03T16:10:25
7140,RAW,Person B,Walking,4095,0,4095,3792,33.25,2026-10-03T16:10:26
7141,RAW,Person B,Walking,0,0,85,0,33.25,2026-10-03T16:10:27
7142,RAW,Person B,Walking,4095,3289,4095,4095,33.25,2026-10-03T16:10:28
7143,RAW,Person B,Walking,4095,3568,4095,4095,33.25,2026-10-03T16:10:29
7144,RAW,Person B,Walking,0,0,16,0,33.25,2026-10-03T16:10:30
7145,RAW,Person B,Walking,0,0,20,3044,33.25,2026-10-03T16:10:31
7146,RAW,Person B,Walking,4095,0,4095,4095,33.25,2026-10-03T16:10:32
7147,RAW,Person B,Walking,4095,3755,4095,0,33.25,2026-10-03T16:10:33
7148,RAW,Person B,Walking,0,0,45,0,33.25,2026-10-03T16:10:34
7149,RAW,Person B,Walking,0,0,138,0,33.31,2026-10-03T16:10:35
7150,AVG10,Person B,Walking,2047.50,1061.20,2077.90,1912.10,33.26,2026-10-03T16:10:35
7151,RAW,Person B,Walking,4095,3344,4095,4095,33.31,2026-10-03T16:10:36
7152,RAW,Person B,Walking,3971,1763,4095,4095,33.31,2026-10-03T16:10:37
7153,RAW,Person B,Walking,0,0,69,0,33.31,2026-10-03T16:10:38
7154,RAW,Person B,Walking,0,0,335,0,33.31,2026-10-03T16:10:39
7155,RAW,Person B,Walking,4095,3863,4095,4095,33.31,2026-10-03T16:10:40
7156,RAW,Person B,Walking,4095,2559,4095,2483,33.31,2026-10-03T16:10:41
7157,RAW,Person B,Walking,0,0,145,0,33.31,2026-10-03T16:10:42
7158,RAW,Person B,Walking,4095,1504,4095,4095,33.31,2026-10-03T16:10:43
7159,RAW,Person B,Walking,4095,3663,4095,0,33.31,2026-10-03T16:10:44
7160,RAW,Person B,Walking,0,0,108,0,33.31,2026-10-03T16:10:45
7161,AVG10,Person B,Walking,2444.60,1669.60,2522.70,1886.30,33.31,2026-10-03T16:10:45
7162,RAW,Person B,Walking,4095,0,4095,0,33.31,2026-10-03T16:10:46
7163,RAW,Person B,Walking,4095,3833,4095,4095,33.31,2026-10-03T16:10:47
7164,RAW,Person B,Walking,0,0,96,0,33.31,2026-10-03T16:10:48
7165,RAW,Person B,Walking,0,0,384,0,33.31,2026-10-03T16:10:49
7166,RAW,Person B,Walking,4095,3650,4095,4095,33.38,2026-10-03T16:10:50
7167,RAW,Person B,Walking,0,0,95,0,33.38,2026-10-03T16:10:51
7168,RAW,Person B,Walking,4095,3295,4095,0,33.38,2026-10-03T16:10:52
7169,RAW,Person B,Walking,4095,3859,4095,4095,33.38,2026-10-03T16:10:53
7170,RAW,Person B,Walking,0,0,112,0,33.38,2026-10-03T16:10:54
7171,RAW,Person B,Walking,4095,113,4095,835,33.38,2026-10-03T16:10:55
7172,AVG10,Person B,Walking,2457.00,1475.00,2525.70,1312.00,33.35,2026-10-03T16:10:55
7173,RAW,Person B,Walking,4095,3857,4095,4095,33.38,2026-10-03T16:10:56
7174,RAW,Person B,Walking,0,0,174,0,33.38,2026-10-03T16:10:57
7175,RAW,Person B,Walking,4095,3771,4095,4095,33.38,2026-10-03T16:10:58
7176,RAW,Person B,Walking,4095,3782,4095,4082,33.38,2026-10-03T16:10:59
7177,RAW,Person B,Walking,0,0,175,0,33.38,2026-10-03T16:11:00
7178,RAW,Person B,Walking,4095,4032,4095,4095,33.38,2026-10-03T16:11:01
7179,RAW,Person B,Walking,4095,0,111,4095,33.38,2026-10-03T16:11:02
7180,RAW,Person B,Walking,0,0,2955,2674,33.44,2026-10-03T16:11:03
7181,RAW,Person B,Walking,4095,3354,4095,0,33.44,2026-10-03T16:11:04
7182,RAW,Person B,Walking,3989,0,3702,4060,33.44,2026-10-03T16:11:05
7183,AVG10,Person B,Walking,2855.90,1879.60,2759.20,2719.60,33.39,2026-10-03T16:11:05
7184,RAW,Person B,Walking,0,0,144,0,33.44,2026-10-03T16:11:06
7185,RAW,Person B,Walking,4095,2531,4095,4095,33.44,2026-10-03T16:11:07
7186,RAW,Person B,Walking,4095,3039,4095,4095,33.38,2026-10-03T16:11:08
7187,RAW,Person B,Walking,0,0,122,0,33.38,2026-10-03T16:11:09
7188,RAW,Person B,Walking,0,0,567,0,33.44,2026-10-03T16:11:10
7189,RAW,Person B,Walking,4095,3387,4095,4095,33.44,2026-10-03T16:11:11
7190,RAW,Person B,Walking,4095,3477,4095,4095,33.44,2026-10-03T16:11:12
7191,RAW,Person B,Walking,0,0,135,4044,33.44,2026-10-03T16:11:13
7192,RAW,Person B,Walking,4095,0,4095,4095,33.44,2026-10-03T16:11:14
7193,RAW,Person B,Walking,4095,3873,4095,4095,33.44,2026-10-03T16:11:15
7194,AVG10,Person B,Walking,2457.00,1630.70,2553.80,2861.40,33.42,2026-10-03T16:11:15
7195,RAW,Person B,Walking,0,0,114,0,33.44,2026-10-03T16:11:16
7196,RAW,Person B,Walking,0,0,236,2018,33.44,2026-10-03T16:11:17
7197,RAW,Person B,Walking,4095,3354,4095,4095,33.44,2026-10-03T16:11:18
7198,RAW,Person B,Walking,4095,3457,4095,4095,33.44,2026-10-03T16:11:19
7199,RAW,Person B,Walking,0,0,129,1127,33.44,2026-10-03T16:11:20
7200,RAW,Person B,Walking,4095,3858,4095,4095,33.44,2026-10-03T16:11:21
7201,RAW,Person B,Walking,4095,3184,4095,3819,33.44,2026-10-03T16:11:22
7202,RAW,Person B,Walking,0,0,128,4095,33.44,2026-10-03T16:11:23
7203,RAW,Person B,Walking,4095,3540,4095,4095,33.44,2026-10-03T16:11:24
7204,RAW,Person B,Walking,4095,3839,4095,4095,33.44,2026-10-03T16:11:25
7205,AVG10,Person B,Walking,2457.00,2123.20,2517.70,3153.40,33.44,2026-10-03T16:11:25
7206,RAW,Person B,Walking,0,0,110,1872,33.44,2026-10-03T16:11:26
7207,RAW,Person B,Walking,4095,0,4095,3840,33.44,2026-10-03T16:11:27
7208,RAW,Person B,Walking,4095,3712,4095,4028,33.44,2026-10-03T16:11:28
7209,RAW,Person B,Walking,0,0,102,0,33.44,2026-10-03T16:11:29
7210,RAW,Person B,Walking,0,0,311,3856,33.44,2026-10-03T16:11:30
7211,RAW,Person B,Walking,4095,3727,4095,4095,33.44,2026-10-03T16:11:31
7212,RAW,Person B,Walking,3867,0,97,4095,33.50,2026-10-03T16:11:32
7213,RAW,Person B,Walking,0,0,110,3794,33.44,2026-10-03T16:11:33
7214,RAW,Person B,Walking,4095,3869,4095,4095,33.44,2026-10-03T16:11:34
7215,RAW,Person B,Walking,4095,3670,4095,0,33.44,2026-10-03T16:11:35
7216,AVG10,Person B,Walking,2434.20,1497.80,2120.50,2967.50,33.44,2026-10-03T16:11:35
7217,RAW,Person B,Walking,0,0,78,0,33.44,2026-10-03T16:11:36
7218,RAW,Person B,Walking,0,0,1209,4068,33.44,2026-10-03T16:11:37
7219,RAW,Person B,Walking,4095,3792,4095,4095,33.44,2026-10-03T16:11:38
7220,RAW,Person B,Walking,0,0,80,0,33.44,2026-10-03T16:11:39
7221,RAW,Person B,Walking,0,0,245,3017,33.44,2026-10-03T16:11:40
7222,RAW,Person B,Walking,4095,3855,4095,4095,33.50,2026-10-03T16:11:41
7223,RAW,Person B,Walking,2413,0,2737,4095,33.44,2026-10-03T16:11:42
7224,RAW,Person B,Walking,0,0,134,0,33.44,2026-10-03T16:11:43
7225,RAW,Person B,Walking,4095,3777,4095,4095,33.44,2026-10-03T16:11:44
7226,RAW,Person B,Walking,4095,3534,4095,0,33.44,2026-10-03T16:11:45
7227,AVG10,Person B,Walking,1879.30,1495.80,2086.30,2346.50,33.44,2026-10-03T16:11:45
7228,RAW,Person B,Walking,0,0,130,3698,33.50,2026-10-03T16:11:46
7229,RAW,Person B,Walking,0,0,269,4095,33.50,2026-10-03T16:11:47
7230,RAW,Person B,Walking,4095,3199,4095,4095,33.50,2026-10-03T16:11:48
7231,RAW,Person B,Walking,4095,3632,4095,334,33.50,2026-10-03T16:11:49
7232,RAW,Person B,Walking,0,0,127,2423,33.50,2026-10-03T16:11:50
7233,RAW,Person B,Walking,4095,3666,4095,4095,33.50,2026-10-03T16:11:51
7234,RAW,Person B,Walking,4095,3775,4095,3568,33.50,2026-10-03T16:11:52
7235,RAW,Person B,Walking,0,0,116,3866,33.44,2026-10-03T16:11:53
7236,RAW,Person B,Walking,4095,3381,4095,4095,33.50,2026-10-03T16:11:54
7237,RAW,Person B,Walking,4095,3618,4095,4095,33.50,2026-10-03T16:11:55
7238,AVG10,Person B,Walking,2457.00,2127.10,2521.20,3436.40,33.49,2026-10-03T16:11:55
7239,RAW,Person B,Walking,0,0,101,4095,33.50,2026-10-03T16:11:56
7240,RAW,Person B,Walking,4095,3835,4095,4095,33.50,2026-10-03T16:11:57
7241,RAW,Person B,Walking,4095,3762,4095,4095,33.50,2026-10-03T16:11:58
7242,RAW,Person B,Walking,0,0,69,4095,33.50,2026-10-03T16:11:59
7243,RAW,Person B,Walking,4095,1095,4095,4095,33.50,2026-10-03T16:12:00
7244,RAW,Person B,Walking,4095,3466,4095,4095,33.50,2026-10-03T16:12:01
7245,RAW,Person B,Walking,0,0,69,3137,33.50,2026-10-03T16:12:02
7246,RAW,Person B,Walking,4095,2097,4095,4095,33.50,2026-10-03T16:12:03
7247,RAW,Person B,Walking,4095,3773,4095,4095,33.50,2026-10-03T16:12:04
7248,RAW,Person B,Walking,0,0,81,4095,33.50,2026-10-03T16:12:05
7249,AVG10,Person B,Walking,2457.00,1802.80,2489.00,3999.20,33.50,2026-10-03T16:12:05
7250,RAW,Person B,Walking,3442,0,4042,4095,33.50,2026-10-03T16:12:06
7251,RAW,Person B,Walking,4095,3863,4095,4095,33.50,2026-10-03T16:12:07
7252,RAW,Person B,Walking,0,0,75,3583,33.50,2026-10-03T16:12:08
7253,RAW,Person B,Walking,0,0,4095,4095,33.50,2026-10-03T16:12:09
7254,RAW,Person B,Walking,4095,3938,4095,4095,33.50,2026-10-03T16:12:10
7255,RAW,Person B,Walking,0,0,71,0,33.50,2026-10-03T16:12:11
7256,RAW,Person B,Walking,3916,859,4095,4095,33.50,2026-10-03T16:12:12
7257,RAW,Person B,Walking,4095,3911,4095,4095,33.50,2026-10-03T16:12:13
7258,RAW,Person B,Walking,0,0,69,3604,33.50,2026-10-03T16:12:14
7259,RAW,Person B,Walking,0,0,221,4095,33.50,2026-10-03T16:12:15
7260,AVG10,Person B,Walking,1964.30,1257.10,2495.30,3585.20,33.50,2026-10-03T16:12:15
7261,RAW,Person B,Walking,4095,3706,4095,4095,33.50,2026-10-03T16:12:16
7262,RAW,Person B,Walking,4095,2903,4095,4095,33.50,2026-10-03T16:12:17
7263,RAW,Person B,Walking,0,0,111,3833,33.50,2026-10-03T16:12:18
7264,RAW,Person B,Walking,4095,0,4095,4051,33.50,2026-10-03T16:12:19
7265,RAW,Person B,Walking,4095,3861,4095,4095,33.50,2026-10-03T16:12:20
7266,RAW,Person B,Walking,4095,1584,4095,4095,33.50,2026-10-03T16:12:21
7267,RAW,Person B,Walking,0,0,151,3943,33.50,2026-10-03T16:12:22
7268,RAW,Person B,Walking,4095,3671,4095,4095,33.50,2026-10-03T16:12:23
7269,RAW,Person B,Walking,4095,3062,4095,4095,33.50,2026-10-03T16:12:24
7270,RAW,Person B,Walking,4095,0,4095,4095,33.50,2026-10-03T16:12:25
7271,AVG10,Person B,Walking,3276.00,1878.70,3302.20,4049.20,33.50,2026-10-03T16:12:25
7272,RAW,Person B,Walking,0,0,153,2831,33.50,2026-10-03T16:12:26
7273,RAW,Person B,Walking,4095,3820,4095,4095,33.50,2026-10-03T16:12:27
7274,RAW,Person B,Walking,4095,3620,4095,4095,33.50,2026-10-03T16:12:28
7275,RAW,Person B,Walking,0,0,143,0,33.50,2026-10-03T16:12:29
7276,RAW,Person B,Walking,4095,3728,4095,4095,33.50,2026-10-03T16:12:30
7277,RAW,Person B,Walking,4095,3571,4095,4095,33.50,2026-10-03T16:12:31
7278,RAW,Person B,Walking,0,0,107,0,33.50,2026-10-03T16:12:32
7279,RAW,Person B,Walking,4095,0,555,0,33.50,2026-10-03T16:12:33
7280,RAW,Person B,Walking,4095,2981,4095,3935,33.50,2026-10-03T16:12:34
7281,RAW,Person B,Walking,4095,3086,4095,3237,33.50,2026-10-03T16:12:35
7282,AVG10,Person B,Walking,2866.50,2080.60,2552.80,2638.30,33.50,2026-10-03T16:12:35
7283,RAW,Person B,Walking,0,0,372,4027,33.50,2026-10-03T16:12:36
7284,RAW,Person B,Walking,4095,3809,4095,4095,33.50,2026-10-03T16:12:37
7285,RAW,Person B,Walking,3939,925,4095,4095,33.50,2026-10-03T16:12:38
7286,RAW,Person B,Walking,0,0,258,4095,33.50,2026-10-03T16:12:39
7287,RAW,Person B,Walking,4095,1635,4095,4095,33.50,2026-10-03T16:12:40
7288,RAW,Person B,Walking,4095,3536,4095,4095,33.50,2026-10-03T16:12:41
7289,RAW,Person B,Walking,0,0,180,4095,33.50,2026-10-03T16:12:42
7290,RAW,Person B,Walking,4095,0,3911,4095,33.50,2026-10-03T16:12:43
7291,RAW,Person B,Walking,4095,3676,4095,4095,33.50,2026-10-03T16:12:44
7292,RAW,Person B,Walking,4095,3371,4095,3632,33.50,2026-10-03T16:12:45
7293,AVG10,Person B,Walking,2850.90,1695.20,2929.10,4041.90,33.50,2026-10-03T16:12:45
7294,RAW,Person B,Walking,0,0,234,3362,33.50,2026-10-03T16:12:46
7295,RAW,Person B,Walking,4095,3565,4095,4095,33.50,2026-10-03T16:12:47
7296,RAW,Person B,Walking,4095,3609,4095,2795,33.50,2026-10-03T16:12:48
7297,RAW,Person B,Walking,0,0,228,3735,33.50,2026-10-03T16:12:49
7298,RAW,Person B,Walking,0,0,589,4095,33.50,2026-10-03T16:12:50
7299,RAW,Person B,Walking,4095,3847,4095,4095,33.50,2026-10-03T16:12:51
7300,RAW,Person B,Walking,4095,2800,4095,4095,33.50,2026-10-03T16:12:52
7301,RAW,Person B,Walking,0,0,239,3519,33.50,2026-10-03T16:12:53
7302,RAW,Person B,Walking,0,0,906,3580,33.50,2026-10-03T16:12:54
7303,RAW,Person B,Walking,4095,3526,4095,4095,33.50,2026-10-03T16:12:55
7304,AVG10,Person B,Walking,2047.50,1734.70,2267.10,3746.60,33.50,2026-10-03T16:12:55
7305,RAW,Person B,Walking,4095,0,4095,3749,33.50,2026-10-03T16:12:56
7306,RAW,Person B,Walking,0,0,624,4023,33.50,2026-10-03T16:12:57
7307,RAW,Person B,Walking,4095,1472,4095,4095,33.50,2026-10-03T16:12:58
7308,RAW,Person B,Walking,4095,976,4095,4095,33.50,2026-10-03T16:12:59
7309,RAW,Person B,Walking,0,0,353,3179,33.50,2026-10-03T16:13:00
7310,RAW,Person B,Walking,0,0,1698,1385,33.50,2026-10-03T16:13:01
7311,RAW,Person B,Walking,4095,3088,4095,4095,33.50,2026-10-03T16:13:02
7312,RAW,Person B,Walking,4095,0,4095,4095,33.50,2026-10-03T16:13:03
7313,RAW,Person B,Walking,0,0,466,3104,33.50,2026-10-03T16:13:04
7314,RAW,Person B,Walking,4095,0,4095,4095,33.50,2026-10-03T16:13:05
7315,AVG10,Person B,Walking,2457.00,553.60,2771.10,3591.50,33.50,2026-10-03T16:13:05
7316,RAW,Person B,Walking,4095,1119,4095,4095,33.50,2026-10-03T16:13:06
7317,RAW,Person B,Walking,0,0,304,0,33.50,2026-10-03T16:13:07
7318,RAW,Person B,Walking,3522,0,1635,4095,33.44,2026-10-03T16:13:08
7319,RAW,Person B,Walking,4095,0,4095,4095,33.44,2026-10-03T16:13:09
7320,RAW,Person B,Walking,4085,0,4095,4095,33.44,2026-10-03T16:13:10
7321,RAW,Person B,Walking,0,0,1462,0,33.44,2026-10-03T16:13:11
7322,RAW,Person B,Walking,4095,3599,4095,4095,33.44,2026-10-03T16:13:12
7323,RAW,Person B,Walking,4095,1615,4095,4095,33.44,2026-10-03T16:13:13
7324,RAW,Person B,Walking,4095,1577,4095,0,33.44,2026-10-03T16:13:14
7325,RAW,Person B,Walking,0,0,625,3444,33.44,2026-10-03T16:13:15
7326,AVG10,Person B,Walking,2808.20,791.00,2859.60,2801.40,33.45,2026-10-03T16:13:15
7327,RAW,Person B,Walking,4095,2192,4095,4095,33.44,2026-10-03T16:13:16
7328,RAW,Person B,Walking,4095,2351,4095,4095,33.44,2026-10-03T16:13:17
7329,RAW,Person B,Walking,3211,0,298,4095,33.44,2026-10-03T16:13:18
7330,RAW,Person B,Walking,0,0,631,4095,33.44,2026-10-03T16:13:19
7331,RAW,Person B,Walking,4095,0,4095,4095,33.44,2026-10-03T16:13:20
7332,RAW,Person B,Walking,4095,3710,4095,4095,33.44,2026-10-03T16:13:21
7333,RAW,Person B,Walking,4095,733,4095,4095,33.44,2026-10-03T16:13:22
7334,RAW,Person B,Walking,0,0,384,3787,33.44,2026-10-03T16:13:23
7335,RAW,Person B,Walking,4095,2825,4095,4095,33.44,2026-10-03T16:13:24
7336,RAW,Person B,Walking,4095,3236,4095,4095,33.44,2026-10-03T16:13:25
7337,AVG10,Person B,Walking,3187.60,1504.70,2997.80,4064.20,33.44,2026-10-03T16:13:25
7338,RAW,Person B,Walking,4095,0,4095,4095,33.44,2026-10-03T16:13:26
7339,RAW,Person B,Walking,0,0,398,3997,33.44,2026-10-03T16:13:27
7340,RAW,Person B,Walking,3015,0,3616,4095,33.44,2026-10-03T16:13:28
7341,RAW,Person B,Walking,4095,1747,4095,4095,33.44,2026-10-03T16:13:29
7342,RAW,Person B,Walking,4095,0,4095,4095,33.44,2026-10-03T16:13:30
7343,RAW,Person B,Walking,0,0,347,3966,33.44,2026-10-03T16:13:31
7344,RAW,Person B,Walking,0,0,1179,3601,33.44,2026-10-03T16:13:32
7345,RAW,Person B,Walking,4095,3166,4095,4095,33.44,2026-10-03T16:13:33
7346,RAW,Person B,Walking,4095,963,4095,4095,33.44,2026-10-03T16:13:34
7347,RAW,Person B,Walking,3617,0,4095,0,33.44,2026-10-03T16:13:35
7348,AVG10,Person B,Walking,2710.70,587.60,3011.00,3613.40,33.44,2026-10-03T16:13:35
7349,RAW,Person B,Walking,0,0,401,0,33.44,2026-10-03T16:13:36
7350,RAW,Person B,Walking,4095,0,4095,4095,33.44,2026-10-03T16:13:37
7351,RAW,Person B,Walking,4095,3323,4095,4095,33.38,2026-10-03T16:13:38
8109,RAW,Person B,Toe_Pressure,4095,3216,0,4095,29.62,2026-10-03T16:25:07
8110,RAW,Person B,Toe_Pressure,4095,2201,0,4095,29.69,2026-10-03T16:25:08
8111,RAW,Person B,Toe_Pressure,4095,2987,0,4095,29.69,2026-10-03T16:25:09
8112,RAW,Person B,Toe_Pressure,4095,2908,0,4095,29.75,2026-10-03T16:25:10
8113,RAW,Person B,Toe_Pressure,4095,2703,0,4095,29.81,2026-10-03T16:25:11
8114,RAW,Person B,Toe_Pressure,4095,2163,0,4095,29.81,2026-10-03T16:25:12
8115,RAW,Person B,Toe_Pressure,4095,3367,0,4095,29.87,2026-10-03T16:25:13
8116,RAW,Person B,Toe_Pressure,4095,3024,0,4095,29.87,2026-10-03T16:25:14
8117,RAW,Person B,Toe_Pressure,4095,3280,0,4095,29.94,2026-10-03T16:25:15
8118,AVG10,Person B,Toe_Pressure,4095.00,2816.90,0.00,4095.00,29.77,2026-10-03T16:25:15
8119,RAW,Person B,Toe_Pressure,4095,2998,0,4095,29.94,2026-10-03T16:25:16
8120,RAW,Person B,Toe_Pressure,4095,2944,0,4095,30.00,2026-10-03T16:25:17
8121,RAW,Person B,Toe_Pressure,4095,3089,0,4095,30.00,2026-10-03T16:25:18
8122,RAW,Person B,Toe_Pressure,4095,3205,0,4095,30.00,2026-10-03T16:25:19
8123,RAW,Person B,Toe_Pressure,4095,3005,0,4095,30.06,2026-10-03T16:25:20
8124,RAW,Person B,Toe_Pressure,4095,2972,0,4095,30.12,2026-10-03T16:25:21
8125,RAW,Person B,Toe_Pressure,4095,2903,0,4095,30.12,2026-10-03T16:25:22
8126,RAW,Person B,Toe_Pressure,4095,2887,0,4095,30.19,2026-10-03T16:25:23
8127,RAW,Person B,Toe_Pressure,4095,2945,0,4095,30.19,2026-10-03T16:25:24
8128,RAW,Person B,Toe_Pressure,4095,3003,0,4095,30.25,2026-10-03T16:25:25
8129,AVG10,Person B,Toe_Pressure,4095.00,2995.10,0.00,4095.00,30.09,2026-10-03T16:25:25
8130,RAW,Person B,Toe_Pressure,4095,2966,0,4095,30.25,2026-10-03T16:25:26
8131,RAW,Person B,Toe_Pressure,4095,2929,0,4095,30.31,2026-10-03T16:25:27
8132,RAW,Person B,Toe_Pressure,4095,2894,0,4095,30.31,2026-10-03T16:25:28
8133,RAW,Person B,Toe_Pressure,4095,3023,0,4095,30.37,2026-10-03T16:25:29
8134,RAW,Person B,Toe_Pressure,4095,3005,0,4095,30.37,2026-10-03T16:25:30
8135,RAW,Person B,Toe_Pressure,4095,2651,0,4095,30.44,2026-10-03T16:25:31
8136,RAW,Person B,Toe_Pressure,4095,3289,0,4095,30.44,2026-10-03T16:25:32
8137,RAW,Person B,Toe_Pressure,4095,3063,0,4095,30.44,2026-10-03T16:25:33
8138,RAW,Person B,Toe_Pressure,4095,0,0,0,30.50,2026-10-03T16:25:34
8139,RAW,Person B,Toe_Pressure,4095,2813,0,4095,30.50,2026-10-03T16:25:35
8140,AVG10,Person B,Toe_Pressure,4095.00,2663.30,0.00,3685.50,30.39,2026-10-03T16:25:35
8141,RAW,Person B,Toe_Pressure,4095,3060,0,4095,30.50,2026-10-03T16:25:36
8142,RAW,Person B,Toe_Pressure,4095,3057,0,4095,30.56,2026-10-03T16:25:37
8143,RAW,Person B,Toe_Pressure,4095,3335,0,4095,30.56,2026-10-03T16:25:38
8144,RAW,Person B,Toe_Pressure,4095,3108,0,4095,30.62,2026-10-03T16:25:39
8145,RAW,Person B,Toe_Pressure,4095,3063,0,4095,30.62,2026-10-03T16:25:40
8146,RAW,Person B,Toe_Pressure,4095,3043,0,4095,30.62,2026-10-03T16:25:41
8147,RAW,Person B,Toe_Pressure,4095,3095,0,4095,30.69,2026-10-03T16:25:42
8148,RAW,Person B,Toe_Pressure,4095,2993,0,4095,30.69,2026-10-03T16:25:43
8149,RAW,Person B,Toe_Pressure,4095,2977,0,4095,30.69,2026-10-03T16:25:44
8150,RAW,Person B,Toe_Pressure,4095,2965,0,4095,30.75,2026-10-03T16:25:45
8151,AVG10,Person B,Toe_Pressure,4095.00,3069.60,0.00,4095.00,30.63,2026-10-03T16:25:45
8152,RAW,Person B,Toe_Pressure,4095,2849,0,4095,30.75,2026-10-03T16:25:46
8153,RAW,Person B,Toe_Pressure,4095,3392,0,4095,30.75,2026-10-03T16:25:47
8154,RAW,Person B,Toe_Pressure,4095,3441,0,4095,30.81,2026-10-03T16:25:48
8155,RAW,Person B,Toe_Pressure,4095,0,0,4095,30.81,2026-10-03T16:25:49
8156,RAW,Person B,Toe_Pressure,4095,3403,0,4095,30.81,2026-10-03T16:25:50
8157,RAW,Person B,Toe_Pressure,4095,2923,0,4095,30.87,2026-10-03T16:25:51
8158,RAW,Person B,Toe_Pressure,4095,2707,0,4095,30.87,2026-10-03T16:25:52
8159,RAW,Person B,Toe_Pressure,4095,2928,0,4095,30.94,2026-10-03T16:25:53
8160,RAW,Person B,Toe_Pressure,4095,3150,0,4095,30.94,2026-10-03T16:25:54
8161,RAW,Person B,Toe_Pressure,4095,3331,0,4095,30.94,2026-10-03T16:25:55
8162,AVG10,Person B,Toe_Pressure,4095.00,2812.40,0.00,4095.00,30.85,2026-10-03T16:25:55
8163,RAW,Person B,Toe_Pressure,4095,2541,0,4095,30.94,2026-10-03T16:25:56
8164,RAW,Person B,Toe_Pressure,4095,3309,0,4095,31.00,2026-10-03T16:25:57
8165,RAW,Person B,Toe_Pressure,4095,3202,0,4095,31.00,2026-10-03T16:25:58
8166,RAW,Person B,Toe_Pressure,4095,3212,0,4095,31.00,2026-10-03T16:25:59
8167,RAW,Person B,Toe_Pressure,4095,3172,0,4095,31.06,2026-10-03T16:26:00
8168,RAW,Person B,Toe_Pressure,4095,3201,0,4095,31.06,2026-10-03T16:26:01
8169,RAW,Person B,Toe_Pressure,4095,3379,0,4095,31.12,2026-10-03T16:26:02
8170,RAW,Person B,Toe_Pressure,4095,3184,0,4095,31.06,2026-10-03T16:26:03
8171,RAW,Person B,Toe_Pressure,4095,3105,0,4095,31.12,2026-10-03T16:26:04
8172,RAW,Person B,Toe_Pressure,4095,3242,0,4095,31.12,2026-10-03T16:26:05
8173,AVG10,Person B,Toe_Pressure,4095.00,3154.70,0.00,4095.00,31.05,2026-10-03T16:26:05
8174,RAW,Person B,Toe_Pressure,4095,3344,0,4095,31.12,2026-10-03T16:26:06
8175,RAW,Person B,Toe_Pressure,4095,3143,0,4095,31.12,2026-10-03T16:26:07
8176,RAW,Person B,Toe_Pressure,4095,2341,0,4095,31.19,2026-10-03T16:26:08
8177,RAW,Person B,Toe_Pressure,4095,2823,0,4095,31.19,2026-10-03T16:26:09
8178,RAW,Person B,Toe_Pressure,4095,2211,0,4095,31.25,2026-10-03T16:26:10
8179,RAW,Person B,Toe_Pressure,4095,2938,0,4095,31.25,2026-10-03T16:26:11
8180,RAW,Person B,Toe_Pressure,4095,2667,0,4095,31.25,2026-10-03T16:26:12
8181,RAW,Person B,Toe_Pressure,4095,3191,0,4095,31.25,2026-10-03T16:26:13
8182,RAW,Person B,Toe_Pressure,4095,2811,0,4095,31.25,2026-10-03T16:26:14
8183,RAW,Person B,Toe_Pressure,4095,3404,0,4095,31.31,2026-10-03T16:26:15
8184,AVG10,Person B,Toe_Pressure,4095.00,2887.30,0.00,4095.00,31.22,2026-10-03T16:26:15
8185,RAW,Person B,Toe_Pressure,4095,3485,0,4095,31.31,2026-10-03T16:26:16
8186,RAW,Person B,Toe_Pressure,4095,3390,0,4095,31.31,2026-10-03T16:26:17
8187,RAW,Person B,Toe_Pressure,4095,3351,0,4095,31.31,2026-10-03T16:26:18
8188,RAW,Person B,Toe_Pressure,4095,3423,0,4095,31.37,2026-10-03T16:26:19
8189,RAW,Person B,Toe_Pressure,4095,3312,0,4095,31.37,2026-10-03T16:26:20
8190,RAW,Person B,Toe_Pressure,4095,3152,0,4095,31.37,2026-10-03T16:26:21
8191,RAW,Person B,Toe_Pressure,4095,3130,0,4095,31.37,2026-10-03T16:26:22
8192,RAW,Person B,Toe_Pressure,4095,3333,0,4095,31.44,2026-10-03T16:26:23
8193,RAW,Person B,Toe_Pressure,4095,3227,0,4095,31.44,2026-10-03T16:26:24
8194,RAW,Person B,Toe_Pressure,4095,3351,0,4095,31.44,2026-10-03T16:26:25
8195,AVG10,Person B,Toe_Pressure,4095.00,3315.40,0.00,4095.00,31.37,2026-10-03T16:26:25
8196,RAW,Person B,Toe_Pressure,4095,1094,0,4095,31.44,2026-10-03T16:26:26
8197,RAW,Person B,Toe_Pressure,4095,560,0,4095,31.44,2026-10-03T16:26:27
8198,RAW,Person B,Toe_Pressure,4095,678,0,4095,31.50,2026-10-03T16:26:28
8199,RAW,Person B,Toe_Pressure,4095,502,0,4095,31.50,2026-10-03T16:26:29
8200,RAW,Person B,Toe_Pressure,4095,1186,0,4095,31.50,2026-10-03T16:26:30
8201,RAW,Person B,Toe_Pressure,4095,482,0,4095,31.50,2026-10-03T16:26:31
8202,RAW,Person B,Toe_Pressure,4095,1062,0,4095,31.56,2026-10-03T16:26:32
8203,RAW,Person B,Toe_Pressure,4095,1171,0,4095,31.56,2026-10-03T16:26:33
8204,RAW,Person B,Toe_Pressure,4095,564,0,4095,31.56,2026-10-03T16:26:34
8205,RAW,Person B,Toe_Pressure,4095,555,0,4095,31.56,2026-10-03T16:26:35
8206,AVG10,Person B,Toe_Pressure,4095.00,785.40,0.00,4095.00,31.51,2026-10-03T16:26:35
8207,RAW,Person B,Toe_Pressure,4095,835,0,4095,31.56,2026-10-03T16:26:36
8208,RAW,Person B,Toe_Pressure,4095,587,0,4095,31.62,2026-10-03T16:26:37
8209,RAW,Person B,Toe_Pressure,4095,1113,0,4095,31.62,2026-10-03T16:26:38
8210,RAW,Person B,Toe_Pressure,4095,986,0,4095,31.62,2026-10-03T16:26:39
8211,RAW,Person B,Toe_Pressure,4095,1294,0,4095,31.62,2026-10-03T16:26:40
8212,RAW,Person B,Toe_Pressure,4095,1750,0,4095,31.62,2026-10-03T16:26:41
8213,RAW,Person B,Toe_Pressure,4095,1307,0,4095,31.62,2026-10-03T16:26:42
8214,RAW,Person B,Toe_Pressure,4095,1393,0,4095,31.69,2026-10-03T16:26:43
8215,RAW,Person B,Toe_Pressure,4095,1184,0,4095,31.69,2026-10-03T16:26:44
8216,RAW,Person B,Toe_Pressure,4095,1229,0,4095,31.69,2026-10-03T16:26:45
8217,AVG10,Person B,Toe_Pressure,4095.00,1167.80,0.00,4095.00,31.64,2026-10-03T16:26:45
8218,RAW,Person B,Toe_Pressure,4095,1266,0,4095,31.69,2026-10-03T16:26:46
8219,RAW,Person B,Toe_Pressure,4095,1291,0,4095,31.69,2026-10-03T16:26:47
8220,RAW,Person B,Toe_Pressure,4095,946,0,4095,31.69,2026-10-03T16:26:48
8221,RAW,Person B,Toe_Pressure,4095,1418,0,4095,31.75,2026-10-03T16:26:49
8222,RAW,Person B,Toe_Pressure,4095,1784,0,4095,31.75,2026-10-03T16:26:50
8223,RAW,Person B,Toe_Pressure,4095,905,0,4095,31.75,2026-10-03T16:26:51
8224,RAW,Person B,Toe_Pressure,4095,2293,0,4095,31.75,2026-10-03T16:26:52
8225,RAW,Person B,Toe_Pressure,4095,2218,0,4095,31.75,2026-10-03T16:26:53
8226,RAW,Person B,Toe_Pressure,4095,1901,0,4095,31.81,2026-10-03T16:26:54
8227,RAW,Person B,Toe_Pressure,4095,628,0,4095,31.81,2026-10-03T16:26:55
8228,AVG10,Person B,Toe_Pressure,4095.00,1465.00,0.00,4095.00,31.74,2026-10-03T16:26:55
8229,RAW,Person B,Toe_Pressure,4095,1581,0,4095,31.81,2026-10-03T16:26:56
8230,RAW,Person B,Toe_Pressure,4095,2003,0,4095,31.81,2026-10-03T16:26:57
8231,RAW,Person B,Toe_Pressure,4095,1326,0,4095,31.81,2026-10-03T16:26:58
8232,RAW,Person B,Toe_Pressure,4095,1994,0,4095,31.81,2026-10-03T16:26:59
8233,RAW,Person B,Toe_Pressure,4095,2393,0,4095,31.81,2026-10-03T16:27:00
8234,RAW,Person B,Toe_Pressure,4095,2058,0,4095,31.81,2026-10-03T16:27:01
8235,RAW,Person B,Toe_Pressure,4095,1450,0,4095,31.87,2026-10-03T16:27:02
8236,RAW,Person B,Toe_Pressure,4095,444,0,4095,31.87,2026-10-03T16:27:03
8237,RAW,Person B,Toe_Pressure,4095,944,0,4095,31.87,2026-10-03T16:27:04
8238,RAW,Person B,Toe_Pressure,4095,2123,0,4095,31.87,2026-10-03T16:27:05
8239,AVG10,Person B,Toe_Pressure,4095.00,1631.60,0.00,4095.00,31.84,2026-10-03T16:27:05
8240,RAW,Person B,Toe_Pressure,4095,1040,0,4095,31.87,2026-10-03T16:27:06
8241,RAW,Person B,Toe_Pressure,4095,1903,0,4095,31.87,2026-10-03T16:27:07
8242,RAW,Person B,Toe_Pressure,4095,1472,0,4095,31.87,2026-10-03T16:27:08
8243,RAW,Person B,Toe_Pressure,4095,1143,0,4095,31.87,2026-10-03T16:27:09
8244,RAW,Person B,Toe_Pressure,4095,1286,0,4095,31.87,2026-10-03T16:27:10
8245,RAW,Person B,Toe_Pressure,4095,1750,0,4095,31.94,2026-10-03T16:27:11
8246,RAW,Person B,Toe_Pressure,4095,1936,0,4095,31.94,2026-10-03T16:27:12
8247,RAW,Person B,Toe_Pressure,4095,912,0,4095,31.94,2026-10-03T16:27:13
8248,RAW,Person B,Toe_Pressure,4095,1948,0,4095,31.94,2026-10-03T16:27:14
8249,RAW,Person B,Toe_Pressure,4095,2291,0,4095,31.94,2026-10-03T16:27:15
8250,AVG10,Person B,Toe_Pressure,4095.00,1568.10,0.00,4095.00,31.91,2026-10-03T16:27:15
8251,RAW,Person B,Toe_Pressure,4095,2587,0,4095,31.94,2026-10-03T16:27:16
8252,RAW,Person B,Toe_Pressure,4095,2511,0,4095,31.94,2026-10-03T16:27:17
8253,RAW,Person B,Toe_Pressure,4095,2433,0,4095,32.00,2026-10-03T16:27:18
8254,RAW,Person B,Toe_Pressure,4095,2541,0,4095,32.00,2026-10-03T16:27:19
8255,RAW,Person B,Toe_Pressure,4095,2755,0,4095,32.00,2026-10-03T16:27:20
8256,RAW,Person B,Toe_Pressure,4095,2336,0,4095,32.00,2026-10-03T16:27:21
8257,RAW,Person B,Toe_Pressure,4095,2363,0,4095,32.06,2026-10-03T16:27:22
8258,RAW,Person B,Toe_Pressure,4095,1968,0,4095,32.06,2026-10-03T16:27:23
8259,RAW,Person B,Toe_Pressure,4095,2432,0,4095,32.00,2026-10-03T16:27:24
8260,RAW,Person B,Toe_Pressure,4095,2817,0,4095,32.06,2026-10-03T16:27:25
8261,AVG10,Person B,Toe_Pressure,4095.00,2474.30,0.00,4095.00,32.01,2026-10-03T16:27:25
8262,RAW,Person B,Toe_Pressure,4095,2608,0,4095,32.06,2026-10-03T16:27:26
8263,RAW,Person B,Toe_Pressure,4095,2737,0,4095,32.00,2026-10-03T16:27:27
8264,RAW,Person B,Toe_Pressure,4095,2595,0,4095,32.06,2026-10-03T16:27:28
8265,RAW,Person B,Toe_Pressure,4095,2691,0,4095,32.06,2026-10-03T16:27:29
8266,RAW,Person B,Toe_Pressure,4095,2749,0,4095,32.06,2026-10-03T16:27:30
8267,RAW,Person B,Toe_Pressure,4095,2702,0,4095,32.06,2026-10-03T16:27:31
8268,RAW,Person B,Toe_Pressure,4095,2727,0,4095,32.06,2026-10-03T16:27:32
8269,RAW,Person B,Toe_Pressure,4095,2815,0,4095,32.06,2026-10-03T16:27:33
8270,RAW,Person B,Toe_Pressure,4095,2768,0,4095,32.06,2026-10-03T16:27:34
8271,RAW,Person B,Toe_Pressure,4095,3070,0,4095,32.13,2026-10-03T16:27:35
8272,AVG10,Person B,Toe_Pressure,4095.00,2746.20,0.00,4095.00,32.06,2026-10-03T16:27:35
8273,RAW,Person B,Toe_Pressure,4095,2878,0,4095,32.06,2026-10-03T16:27:36
8274,RAW,Person B,Toe_Pressure,4095,2523,0,4095,32.13,2026-10-03T16:27:37
8275,RAW,Person B,Toe_Pressure,4095,2703,0,4095,32.13,2026-10-03T16:27:38
8276,RAW,Person B,Toe_Pressure,4095,2819,0,4095,32.13,2026-10-03T16:27:39
8277,RAW,Person B,Toe_Pressure,4095,2661,0,4095,32.13,2026-10-03T16:27:40
8278,RAW,Person B,Toe_Pressure,4095,2890,0,4095,32.13,2026-10-03T16:27:41
8279,RAW,Person B,Toe_Pressure,4095,2559,0,4095,32.13,2026-10-03T16:27:42
8280,RAW,Person B,Toe_Pressure,4095,2947,0,4095,32.13,2026-10-03T16:27:43
8281,RAW,Person B,Toe_Pressure,4095,3038,0,4095,32.13,2026-10-03T16:27:44
8282,RAW,Person B,Toe_Pressure,4095,3023,0,4095,32.13,2026-10-03T16:27:45
8283,AVG10,Person B,Toe_Pressure,4095.00,2804.10,0.00,4095.00,32.12,2026-10-03T16:27:45
8284,RAW,Person B,Toe_Pressure,4095,3097,0,4095,32.13,2026-10-03T16:27:46
8285,RAW,Person B,Toe_Pressure,4095,3067,0,4095,32.19,2026-10-03T16:27:47
8286,RAW,Person B,Toe_Pressure,4095,3024,0,4095,32.19,2026-10-03T16:27:48
8287,RAW,Person B,Toe_Pressure,4095,2719,0,4095,32.19,2026-10-03T16:27:49
8288,RAW,Person B,Toe_Pressure,4095,3035,0,4095,32.19,2026-10-03T16:27:50
8289,RAW,Person B,Toe_Pressure,4095,3057,0,4095,32.19,2026-10-03T16:27:51
8290,RAW,Person B,Toe_Pressure,4095,2913,0,4095,32.19,2026-10-03T16:27:52
8291,RAW,Person B,Toe_Pressure,4095,3137,0,4095,32.19,2026-10-03T16:27:53
8292,RAW,Person B,Toe_Pressure,4095,2967,0,4095,32.25,2026-10-03T16:27:54
8293,RAW,Person B,Toe_Pressure,4095,2973,0,4095,32.19,2026-10-03T16:27:55
8294,AVG10,Person B,Toe_Pressure,4095.00,2998.90,0.00,4095.00,32.19,2026-10-03T16:27:55
8295,RAW,Person B,Toe_Pressure,4095,3056,0,4095,32.25,2026-10-03T16:27:56
8296,RAW,Person B,Toe_Pressure,4095,2674,0,4095,32.25,2026-10-03T16:27:57
8297,RAW,Person B,Toe_Pressure,4095,2953,0,4095,32.25,2026-10-03T16:27:58
8298,RAW,Person B,Toe_Pressure,4095,2867,0,4095,32.19,2026-10-03T16:27:59
8299,RAW,Person B,Toe_Pressure,4095,2761,0,4095,32.25,2026-10-03T16:28:00
8300,RAW,Person B,Toe_Pressure,4095,2917,0,4095,32.25,2026-10-03T16:28:01
8301,RAW,Person B,Toe_Pressure,4095,2810,0,4095,32.25,2026-10-03T16:28:02
8302,RAW,Person B,Toe_Pressure,4095,1885,0,4095,32.25,2026-10-03T16:28:03
8303,RAW,Person B,Toe_Pressure,4095,2450,0,4095,32.25,2026-10-03T16:28:04
8304,RAW,Person B,Toe_Pressure,4095,2679,0,4095,32.25,2026-10-03T16:28:05
8305,AVG10,Person B,Toe_Pressure,4095.00,2705.20,0.00,4095.00,32.24,2026-10-03T16:28:05
8306,RAW,Person B,Toe_Pressure,4095,2992,0,4095,32.25,2026-10-03T16:28:06
8307,RAW,Person B,Toe_Pressure,4095,2974,0,4095,32.25,2026-10-03T16:28:07
8308,RAW,Person B,Toe_Pressure,4095,2859,0,4095,32.25,2026-10-03T16:28:08
8309,RAW,Person B,Toe_Pressure,4095,2738,0,4095,32.31,2026-10-03T16:28:09
8310,RAW,Person B,Toe_Pressure,4095,3100,0,4095,32.25,2026-10-03T16:28:10
8311,RAW,Person B,Toe_Pressure,4095,2977,0,4095,32.25,2026-10-03T16:28:11
8312,RAW,Person B,Toe_Pressure,4095,2587,0,4095,32.31,2026-10-03T16:28:12
8313,RAW,Person B,Toe_Pressure,4095,2623,0,4095,32.31,2026-10-03T16:28:13
8314,RAW,Person B,Toe_Pressure,4095,2901,0,4095,32.31,2026-10-03T16:28:14
8315,RAW,Person B,Toe_Pressure,4095,2931,0,4095,32.31,2026-10-03T16:28:15
8316,AVG10,Person B,Toe_Pressure,4095.00,2868.20,0.00,4095.00,32.28,2026-10-03T16:28:15
8317,RAW,Person B,Toe_Pressure,4095,2733,0,4095,32.31,2026-10-03T16:28:16
8318,RAW,Person B,Toe_Pressure,4095,2133,0,4095,32.31,2026-10-03T16:28:17
8319,RAW,Person B,Toe_Pressure,4095,2738,0,4095,32.31,2026-10-03T16:28:18
8320,RAW,Person B,Toe_Pressure,4095,3098,0,4095,32.31,2026-10-03T16:28:19
8321,RAW,Person B,Toe_Pressure,4095,2909,0,4095,32.31,2026-10-03T16:28:20
8322,RAW,Person B,Toe_Pressure,4095,2929,0,4095,32.38,2026-10-03T16:28:21
8323,RAW,Person B,Toe_Pressure,4095,2962,0,4095,32.31,2026-10-03T16:28:22
8324,RAW,Person B,Toe_Pressure,4095,2688,0,4095,32.31,2026-10-03T16:28:238325,RAW,Person B,Toe_Pressure,4095,2755,0,4095,32.31,2026-10-03T16:28:24
8326,RAW,Person B,Toe_Pressure,4095,3040,0,4095,32.38,2026-10-03T16:28:25
8327,AVG10,Person B,Toe_Pressure,4095.00,2798.50,0.00,4095.00,32.33,2026-10-03T16:28:25
8328,RAW,Person B,Toe_Pressure,4095,3178,0,4095,32.38,2026-10-03T16:28:26
8329,RAW,Person B,Toe_Pressure,4095,3110,0,4095,32.38,2026-10-03T16:28:27
8330,RAW,Person B,Toe_Pressure,4095,3042,0,4095,32.38,2026-10-03T16:28:28
8331,RAW,Person B,Toe_Pressure,4095,3170,0,4095,32.38,2026-10-03T16:28:29
8332,RAW,Person B,Toe_Pressure,4095,3136,0,4095,32.38,2026-10-03T16:28:30
8333,RAW,Person B,Toe_Pressure,4095,3124,0,4095,32.38,2026-10-03T16:28:31
8334,RAW,Person B,Toe_Pressure,4095,3124,0,4095,32.38,2026-10-03T16:28:32
8335,RAW,Person B,Toe_Pressure,4095,3210,0,4095,32.38,2026-10-03T16:28:33
8336,RAW,Person B,Toe_Pressure,4095,3197,0,4095,32.38,2026-10-03T16:28:34
8337,RAW,Person B,Toe_Pressure,4095,3115,0,4095,32.44,2026-10-03T16:28:35
8338,AVG10,Person B,Toe_Pressure,4095.00,3140.60,0.00,4095.00,32.38,2026-10-03T16:28:35
8339,RAW,Person B,Toe_Pressure,4095,3091,0,4095,32.44,2026-10-03T16:28:36
8340,RAW,Person B,Toe_Pressure,4095,3147,0,4095,32.38,2026-10-03T16:28:37
8341,RAW,Person B,Toe_Pressure,4095,3121,0,4095,32.44,2026-10-03T16:28:38
8342,RAW,Person B,Toe_Pressure,4095,3138,0,4095,32.44,2026-10-03T16:28:39
8343,RAW,Person B,Toe_Pressure,4095,3312,0,4095,32.44,2026-10-03T16:28:40
8344,RAW,Person B,Toe_Pressure,4095,3131,0,4095,32.44,2026-10-03T16:28:41
8345,RAW,Person B,Toe_Pressure,4095,3276,0,4095,32.44,2026-10-03T16:28:42
8346,RAW,Person B,Toe_Pressure,4095,3123,0,4095,32.44,2026-10-03T16:28:43
8347,RAW,Person B,Toe_Pressure,4095,3331,0,4095,32.44,2026-10-03T16:28:44
8348,RAW,Person B,Toe_Pressure,4095,3042,0,4095,32.44,2026-10-03T16:28:45
8349,AVG10,Person B,Toe_Pressure,4095.00,3171.20,0.00,4095.00,32.43,2026-10-03T16:28:45
8350,RAW,Person B,Toe_Pressure,4095,2931,0,4095,32.44,2026-10-03T16:28:46
8351,RAW,Person B,Toe_Pressure,4095,2905,0,4095,32.44,2026-10-03T16:28:47
8352,RAW,Person B,Toe_Pressure,4095,2607,0,4095,32.44,2026-10-03T16:28:48
8353,RAW,Person B,Toe_Pressure,4095,2894,0,4095,32.50,2026-10-03T16:28:49
8354,RAW,Person B,Toe_Pressure,4095,3309,0,4095,32.50,2026-10-03T16:28:50
8355,RAW,Person B,Toe_Pressure,4095,3373,0,4095,32.50,2026-10-03T16:28:51
8356,RAW,Person B,Toe_Pressure,4095,3297,0,4095,32.50,2026-10-03T16:28:52
8357,RAW,Person B,Toe_Pressure,4095,3602,0,4095,32.50,2026-10-03T16:28:53
8358,RAW,Person B,Toe_Pressure,4095,3618,0,4095,32.50,2026-10-03T16:28:54
8359,RAW,Person B,Toe_Pressure,4095,3378,0,4095,32.50,2026-10-03T16:28:55
8360,AVG10,Person B,Toe_Pressure,4095.00,3191.40,0.00,4095.00,32.48,2026-10-03T16:28:55
8361,RAW,Person B,Toe_Pressure,4095,3312,0,4095,32.50,2026-10-03T16:28:56
8362,RAW,Person B,Toe_Pressure,4095,3088,0,4095,32.50,2026-10-03T16:28:57
8363,RAW,Person B,Toe_Pressure,4095,3205,0,4095,32.50,2026-10-03T16:28:58
8364,RAW,Person B,Toe_Pressure,4095,2985,0,4095,32.50,2026-10-03T16:28:59
8365,RAW,Person B,Toe_Pressure,4095,2618,0,4095,32.50,2026-10-03T16:29:00
8366,RAW,Person B,Toe_Pressure,4095,2732,0,4095,32.50,2026-10-03T16:29:01
8367,RAW,Person B,Toe_Pressure,4095,2849,0,4095,32.56,2026-10-03T16:29:02
8368,RAW,Person B,Toe_Pressure,4095,2666,0,4095,32.56,2026-10-03T16:29:03
8369,RAW,Person B,Toe_Pressure,4095,2598,0,4095,32.56,2026-10-03T16:29:04
8370,RAW,Person B,Toe_Pressure,4095,2949,0,4095,32.56,2026-10-03T16:29:05
8371,AVG10,Person B,Toe_Pressure,4095.00,2900.20,0.00,4095.00,32.53,2026-10-03T16:29:05
8372,RAW,Person B,Toe_Pressure,4095,3349,0,4095,32.56,2026-10-03T16:29:06
8373,RAW,Person B,Toe_Pressure,4095,3310,0,4095,32.56,2026-10-03T16:29:07
8374,RAW,Person B,Toe_Pressure,4095,3233,0,4095,32.56,2026-10-03T16:29:08
8375,RAW,Person B,Toe_Pressure,4095,3135,0,4095,32.56,2026-10-03T16:29:09
8376,RAW,Person B,Toe_Pressure,4095,3261,0,4095,32.56,2026-10-03T16:29:10
8377,RAW,Person B,Toe_Pressure,4095,3280,0,4095,32.56,2026-10-03T16:29:11
8378,RAW,Person B,Toe_Pressure,4095,3105,0,4095,32.56,2026-10-03T16:29:12
8379,RAW,Person B,Toe_Pressure,4095,3316,0,4095,32.56,2026-10-03T16:29:13
8380,RAW,Person B,Toe_Pressure,4095,3293,0,4095,32.56,2026-10-03T16:29:14
8381,RAW,Person B,Toe_Pressure,4095,3280,0,4095,32.63,2026-10-03T16:29:15
8382,AVG10,Person B,Toe_Pressure,4095.00,3256.20,0.00,4095.00,32.57,2026-10-03T16:29:15
8383,RAW,Person B,Toe_Pressure,4095,3255,0,4095,32.63,2026-10-03T16:29:16
8384,RAW,Person B,Toe_Pressure,4095,3212,0,4095,32.63,2026-10-03T16:29:17
8385,RAW,Person B,Toe_Pressure,4095,3285,0,4095,32.63,2026-10-03T16:29:18
8386,RAW,Person B,Toe_Pressure,4095,3312,0,4095,32.56,2026-10-03T16:29:19
8387,RAW,Person B,Toe_Pressure,4095,3341,0,4095,32.56,2026-10-03T16:29:20
8388,RAW,Person B,Toe_Pressure,4095,3536,0,4095,32.63,2026-10-03T16:29:21
8389,RAW,Person B,Toe_Pressure,4095,3559,0,4095,32.63,2026-10-03T16:29:22
8390,RAW,Person B,Toe_Pressure,4095,3470,0,4095,32.63,2026-10-03T16:29:23
8391,RAW,Person B,Toe_Pressure,4095,3482,0,4095,32.63,2026-10-03T16:29:24
8392,RAW,Person B,Toe_Pressure,4095,3200,0,4095,32.63,2026-10-03T16:29:25
8393,AVG10,Person B,Toe_Pressure,4095.00,3365.20,0.00,4095.00,32.61,2026-10-03T16:29:25
8394,RAW,Person B,Toe_Pressure,4095,3334,0,4095,32.63,2026-10-03T16:29:26
8395,RAW,Person B,Toe_Pressure,4095,3329,0,4095,32.63,2026-10-03T16:29:27
8396,RAW,Person B,Toe_Pressure,4095,3275,0,4095,32.63,2026-10-03T16:29:28
8397,RAW,Person B,Toe_Pressure,4095,3344,0,4095,32.63,2026-10-03T16:29:29
8398,RAW,Person B,Toe_Pressure,4095,3309,0,4095,32.63,2026-10-03T16:29:30
8399,RAW,Person B,Toe_Pressure,4095,3110,0,4095,32.69,2026-10-03T16:29:31
8400,RAW,Person B,Toe_Pressure,4095,3247,0,4095,32.63,2026-10-03T16:29:32
8401,RAW,Person B,Toe_Pressure,4095,3296,0,4095,32.69,2026-10-03T16:29:33
8402,RAW,Person B,Toe_Pressure,4095,3186,0,4095,32.63,2026-10-03T16:29:34
8403,RAW,Person B,Toe_Pressure,4095,3365,0,4095,32.63,2026-10-03T16:29:35
8404,AVG10,Person B,Toe_Pressure,4095.00,3279.50,0.00,4095.00,32.64,2026-10-03T16:29:35
8405,RAW,Person B,Toe_Pressure,4095,3312,0,4095,32.69,2026-10-03T16:29:36
8406,RAW,Person B,Toe_Pressure,4095,3367,0,4095,32.69,2026-10-03T16:29:37
8407,RAW,Person B,Toe_Pressure,4095,3406,0,4095,32.69,2026-10-03T16:29:38
8408,RAW,Person B,Toe_Pressure,4095,3435,0,4095,32.69,2026-10-03T16:29:39
8409,RAW,Person B,Toe_Pressure,4095,3439,0,4095,32.69,2026-10-03T16:29:40
8410,RAW,Person B,Toe_Pressure,4095,3399,0,4095,32.69,2026-10-03T16:29:41
8411,RAW,Person B,Toe_Pressure,4095,3459,0,4095,32.69,2026-10-03T16:29:42
8412,RAW,Person B,Toe_Pressure,4095,3364,0,4095,32.69,2026-10-03T16:29:43
8413,RAW,Person B,Toe_Pressure,4095,3371,0,4095,32.69,2026-10-03T16:29:44
8414,RAW,Person B,Toe_Pressure,4095,3341,0,4095,32.69,2026-10-03T16:29:45
8415,AVG10,Person B,Toe_Pressure,4095.00,3389.30,0.00,4095.00,32.69,2026-10-03T16:29:45
8416,RAW,Person B,Toe_Pressure,4095,3363,0,4095,32.69,2026-10-03T16:29:46
8417,RAW,Person B,Toe_Pressure,4095,3440,0,4095,32.75,2026-10-03T16:29:47
8418,RAW,Person B,Toe_Pressure,4095,3071,0,4095,32.69,2026-10-03T16:29:48
8419,RAW,Person B,Toe_Pressure,4095,3406,0,4095,32.69,2026-10-03T16:29:49
8420,RAW,Person B,Toe_Pressure,4095,3058,0,4095,32.69,2026-10-03T16:29:50
8421,RAW,Person B,Toe_Pressure,4095,3024,0,4095,32.69,2026-10-03T16:29:51
8422,RAW,Person B,Toe_Pressure,4095,3145,0,4095,32.69,2026-10-03T16:29:52
8423,RAW,Person B,Toe_Pressure,4095,3274,0,4095,32.69,2026-10-03T16:29:53
8424,RAW,Person B,Toe_Pressure,4095,3339,0,4095,32.69,2026-10-03T16:29:54
8425,RAW,Person B,Toe_Pressure,4095,3292,0,4095,32.69,2026-10-03T16:29:55
8426,AVG10,Person B,Toe_Pressure,4095.00,3241.20,0.00,4095.00,32.69,2026-10-03T16:29:55
8427,RAW,Person B,Toe_Pressure,4095,3376,0,4095,32.75,2026-10-03T16:29:56
8428,RAW,Person B,Toe_Pressure,4095,3343,0,4095,32.75,2026-10-03T16:29:57
8429,RAW,Person B,Toe_Pressure,4095,3323,0,4095,32.75,2026-10-03T16:29:58
8430,RAW,Person B,Toe_Pressure,4095,3225,0,4095,32.75,2026-10-03T16:29:59
8431,RAW,Person B,Toe_Pressure,4095,3339,0,4095,32.75,2026-10-03T16:30:00
8432,RAW,Person B,Toe_Pressure,4095,3381,0,4095,32.75,2026-10-03T16:30:01
8433,RAW,Person B,Toe_Pressure,4095,3347,0,4095,32.69,2026-10-03T16:30:02
8434,RAW,Person B,Toe_Pressure,4095,3376,0,4095,32.75,2026-10-03T16:30:03
8435,RAW,Person B,Toe_Pressure,4095,2876,0,4095,32.75,2026-10-03T16:30:04
8436,RAW,Person B,Toe_Pressure,4095,2655,0,4095,32.75,2026-10-03T16:30:05
8437,AVG10,Person B,Toe_Pressure,4095.00,3224.10,0.00,4095.00,32.74,2026-10-03T16:30:05
8438,RAW,Person B,Toe_Pressure,4095,3071,0,4095,32.75,2026-10-03T16:30:06
8531,RAW,Person B,Heel_Pressure,0,0,4095,0,31.44,2026-10-03T16:31:31
8532,RAW,Person B,Heel_Pressure,0,0,4095,0,31.44,2026-10-03T16:31:32
8533,RAW,Person B,Heel_Pressure,0,0,4095,0,31.37,2026-10-03T16:31:33
8534,RAW,Person B,Heel_Pressure,0,0,4095,0,31.37,2026-10-03T16:31:34
8535,RAW,Person B,Heel_Pressure,0,0,4095,0,31.37,2026-10-03T16:31:35
8536,AVG10,Person B,Heel_Pressure,409.50,279.40,3504.80,0.00,31.44,2026-10-03T16:31:35
8537,RAW,Person B,Heel_Pressure,0,0,4095,0,31.31,2026-10-03T16:31:36
8538,RAW,Person B,Heel_Pressure,0,0,4095,0,31.37,2026-10-03T16:31:37
8539,RAW,Person B,Heel_Pressure,0,0,4095,0,31.37,2026-10-03T16:31:38
8540,RAW,Person B,Heel_Pressure,0,0,4095,0,31.31,2026-10-03T16:31:39
8541,RAW,Person B,Heel_Pressure,0,0,4095,0,31.31,2026-10-03T16:31:40
8542,RAW,Person B,Heel_Pressure,0,0,4095,0,31.31,2026-10-03T16:31:41
8543,RAW,Person B,Heel_Pressure,0,0,4095,0,31.31,2026-10-03T16:31:42
8544,RAW,Person B,Heel_Pressure,0,0,4095,0,31.31,2026-10-03T16:31:43
8545,RAW,Person B,Heel_Pressure,0,0,4095,0,31.31,2026-10-03T16:31:44
8546,RAW,Person B,Heel_Pressure,0,0,4095,0,31.31,2026-10-03T16:31:45
8547,AVG10,Person B,Heel_Pressure,0.00,0.00,4095.00,0.00,31.33,2026-10-03T16:31:45
8548,RAW,Person B,Heel_Pressure,0,0,4095,0,31.25,2026-10-03T16:31:46
8549,RAW,Person B,Heel_Pressure,0,0,4095,0,31.31,2026-10-03T16:31:47
8550,RAW,Person B,Heel_Pressure,0,0,4095,0,31.25,2026-10-03T16:31:48
8551,RAW,Person B,Heel_Pressure,1958,0,4095,0,31.25,2026-10-03T16:31:49
8552,RAW,Person B,Heel_Pressure,0,0,4095,0,31.25,2026-10-03T16:31:50
8553,RAW,Person B,Heel_Pressure,0,0,4095,0,31.25,2026-10-03T16:31:51
8554,RAW,Person B,Heel_Pressure,559,0,4095,0,31.25,2026-10-03T16:31:52
8555,RAW,Person B,Heel_Pressure,0,0,4095,0,31.25,2026-10-03T16:31:53
8556,RAW,Person B,Heel_Pressure,2063,0,4095,0,31.25,2026-10-03T16:31:54
8557,RAW,Person B,Heel_Pressure,1741,0,4095,0,31.25,2026-10-03T16:31:55
8558,AVG10,Person B,Heel_Pressure,632.10,0.00,4095.00,0.00,31.26,2026-10-03T16:31:55
8559,RAW,Person B,Heel_Pressure,0,0,4095,0,31.25,2026-10-03T16:31:56
8560,RAW,Person B,Heel_Pressure,713,0,4095,0,31.25,2026-10-03T16:31:57
8561,RAW,Person B,Heel_Pressure,1579,0,4095,0,31.25,2026-10-03T16:31:58
8562,RAW,Person B,Heel_Pressure,0,0,4095,0,31.19,2026-10-03T16:31:59
8563,RAW,Person B,Heel_Pressure,0,0,4095,0,31.19,2026-10-03T16:32:00
8564,RAW,Person B,Heel_Pressure,954,0,4095,0,31.19,2026-10-03T16:32:01
8565,RAW,Person B,Heel_Pressure,1984,0,4095,0,31.19,2026-10-03T16:32:02
8566,RAW,Person B,Heel_Pressure,1610,0,4095,0,31.19,2026-10-03T16:32:03
8567,RAW,Person B,Heel_Pressure,1661,0,4095,0,31.19,2026-10-03T16:32:04
8568,RAW,Person B,Heel_Pressure,0,0,4095,0,31.19,2026-10-03T16:32:05
8569,AVG10,Person B,Heel_Pressure,850.10,0.00,4095.00,0.00,31.21,2026-10-03T16:32:05
8570,RAW,Person B,Heel_Pressure,0,0,4095,0,31.19,2026-10-03T16:32:06
8571,RAW,Person B,Heel_Pressure,0,0,4095,0,31.19,2026-10-03T16:32:07
8572,RAW,Person B,Heel_Pressure,0,0,4095,0,31.19,2026-10-03T16:32:08
8573,RAW,Person B,Heel_Pressure,0,0,4095,0,31.19,2026-10-03T16:32:09
8574,RAW,Person B,Heel_Pressure,0,0,4095,0,31.19,2026-10-03T16:32:10
8575,RAW,Person B,Heel_Pressure,0,0,4095,0,31.19,2026-10-03T16:32:11
8576,RAW,Person B,Heel_Pressure,0,0,4095,0,31.19,2026-10-03T16:32:12
8577,RAW,Person B,Heel_Pressure,0,0,4095,0,31.19,2026-10-03T16:32:13
8578,RAW,Person B,Heel_Pressure,0,0,4095,0,31.19,2026-10-03T16:32:14
8579,RAW,Person B,Heel_Pressure,0,0,4095,0,31.19,2026-10-03T16:32:15
8580,AVG10,Person B,Heel_Pressure,0.00,0.00,4095.00,0.00,31.19,2026-10-03T16:32:15
8581,RAW,Person B,Heel_Pressure,0,0,4095,0,31.19,2026-10-03T16:32:16
8582,RAW,Person B,Heel_Pressure,0,0,4095,0,31.19,2026-10-03T16:32:17
8583,RAW,Person B,Heel_Pressure,0,0,4095,0,31.19,2026-10-03T16:32:18
8584,RAW,Person B,Heel_Pressure,0,0,4095,0,31.19,2026-10-03T16:32:19
8585,RAW,Person B,Heel_Pressure,0,0,4095,0,31.19,2026-10-03T16:32:20
8586,RAW,Person B,Heel_Pressure,0,0,4095,0,31.19,2026-10-03T16:32:21
8587,RAW,Person B,Heel_Pressure,0,0,4095,0,31.25,2026-10-03T16:32:22
8588,RAW,Person B,Heel_Pressure,0,0,4095,0,31.19,2026-10-03T16:32:23
8589,RAW,Person B,Heel_Pressure,0,0,4095,0,31.19,2026-10-03T16:32:24
8590,RAW,Person B,Heel_Pressure,0,0,4095,0,31.19,2026-10-03T16:32:25
8591,AVG10,Person B,Heel_Pressure,0.00,0.00,4095.00,0.00,31.19,2026-10-03T16:32:25
8592,RAW,Person B,Heel_Pressure,0,0,4095,0,31.19,2026-10-03T16:32:26
8593,RAW,Person B,Heel_Pressure,0,0,4095,0,31.19,2026-10-03T16:32:27
8594,RAW,Person B,Heel_Pressure,0,0,4095,0,31.19,2026-10-03T16:32:28
8595,RAW,Person B,Heel_Pressure,0,0,4095,0,31.19,2026-10-03T16:32:29
8596,RAW,Person B,Heel_Pressure,0,0,4095,0,31.19,2026-10-03T16:32:30
8597,RAW,Person B,Heel_Pressure,0,0,4095,0,31.19,2026-10-03T16:32:31
8598,RAW,Person B,Heel_Pressure,0,0,4095,0,31.25,2026-10-03T16:32:32
8599,RAW,Person B,Heel_Pressure,0,0,4095,0,31.19,2026-10-03T16:32:33
8600,RAW,Person B,Heel_Pressure,0,0,4095,0,31.19,2026-10-03T16:32:34
8601,RAW,Person B,Heel_Pressure,0,0,4095,0,31.19,2026-10-03T16:32:35
8602,AVG10,Person B,Heel_Pressure,0.00,0.00,4095.00,0.00,31.19,2026-10-03T16:32:35
8603,RAW,Person B,Heel_Pressure,0,0,4095,0,31.19,2026-10-03T16:32:36
8604,RAW,Person B,Heel_Pressure,0,0,4095,0,31.19,2026-10-03T16:32:37
8605,RAW,Person B,Heel_Pressure,0,0,4095,0,31.19,2026-10-03T16:32:38
8606,RAW,Person B,Heel_Pressure,0,0,4095,0,31.19,2026-10-03T16:32:39
8607,RAW,Person B,Heel_Pressure,0,0,4095,0,31.19,2026-10-03T16:32:40
8608,RAW,Person B,Heel_Pressure,0,0,4095,0,31.19,2026-10-03T16:32:41
8609,RAW,Person B,Heel_Pressure,0,0,4095,0,31.19,2026-10-03T16:32:42
8610,RAW,Person B,Heel_Pressure,0,0,4095,0,31.19,2026-10-03T16:32:43
8611,RAW,Person B,Heel_Pressure,0,0,4095,0,31.19,2026-10-03T16:32:44
8612,RAW,Person B,Heel_Pressure,0,0,4095,0,31.19,2026-10-03T16:32:45
8613,AVG10,Person B,Heel_Pressure,0.00,0.00,4095.00,0.00,31.19,2026-10-03T16:32:45
8614,RAW,Person B,Heel_Pressure,0,0,4095,0,31.19,2026-10-03T16:32:46
8615,RAW,Person B,Heel_Pressure,0,0,4095,0,31.19,2026-10-03T16:32:47
8616,RAW,Person B,Heel_Pressure,0,0,4095,0,31.19,2026-10-03T16:32:48
8617,RAW,Person B,Heel_Pressure,0,0,4095,0,31.19,2026-10-03T16:32:49
8618,RAW,Person B,Heel_Pressure,0,0,4095,0,31.19,2026-10-03T16:32:50
8619,RAW,Person B,Heel_Pressure,0,0,4095,0,31.19,2026-10-03T16:32:51
8620,RAW,Person B,Heel_Pressure,0,0,4095,0,31.19,2026-10-03T16:32:52
8621,RAW,Person B,Heel_Pressure,0,0,4095,0,31.19,2026-10-03T16:32:53
8622,RAW,Person B,Heel_Pressure,0,0,4095,0,31.19,2026-10-03T16:32:54
8623,RAW,Person B,Heel_Pressure,0,0,4095,0,31.19,2026-10-03T16:32:55
8624,AVG10,Person B,Heel_Pressure,0.00,0.00,4095.00,0.00,31.19,2026-10-03T16:32:55
8625,RAW,Person B,Heel_Pressure,0,0,4095,0,31.19,2026-10-03T16:32:56
8626,RAW,Person B,Heel_Pressure,0,0,4095,0,31.19,2026-10-03T16:32:57
8627,RAW,Person B,Heel_Pressure,0,0,4095,0,31.19,2026-10-03T16:32:58
8628,RAW,Person B,Heel_Pressure,0,0,4095,0,31.19,2026-10-03T16:32:59
8629,RAW,Person B,Heel_Pressure,0,0,4095,0,31.19,2026-10-03T16:33:00
8630,RAW,Person B,Heel_Pressure,0,0,4095,0,31.19,2026-10-03T16:33:01
8631,RAW,Person B,Heel_Pressure,0,0,4095,0,31.19,2026-10-03T16:33:02
8632,RAW,Person B,Heel_Pressure,0,0,4095,0,31.19,2026-10-03T16:33:03
8633,RAW,Person B,Heel_Pressure,0,0,4095,0,31.19,2026-10-03T16:33:04
8634,RAW,Person B,Heel_Pressure,0,0,4095,0,31.19,2026-10-03T16:33:05
8635,AVG10,Person B,Heel_Pressure,0.00,0.00,4095.00,0.00,31.19,2026-10-03T16:33:05
8636,RAW,Person B,Heel_Pressure,0,0,4095,0,31.19,2026-10-03T16:33:06
8637,RAW,Person B,Heel_Pressure,0,0,4095,0,31.19,2026-10-03T16:33:07
8638,RAW,Person B,Heel_Pressure,0,0,4095,0,31.19,2026-10-03T16:33:08
8639,RAW,Person B,Heel_Pressure,0,0,4095,0,31.19,2026-10-03T16:33:09
8640,RAW,Person B,Heel_Pressure,0,0,4095,0,31.19,2026-10-03T16:33:10
8641,RAW,Person B,Heel_Pressure,0,0,4095,0,31.19,2026-10-03T16:33:11
8642,RAW,Person B,Heel_Pressure,0,0,4095,0,31.19,2026-10-03T16:33:12
8643,RAW,Person B,Heel_Pressure,0,0,4095,0,31.19,2026-10-03T16:33:13
8644,RAW,Person B,Heel_Pressure,0,0,4095,0,31.25,2026-10-03T16:33:14
8645,RAW,Person B,Heel_Pressure,0,0,4095,0,31.19,2026-10-03T16:33:15
8646,AVG10,Person B,Heel_Pressure,0.00,0.00,4095.00,0.00,31.19,2026-10-03T16:33:15
8647,RAW,Person B,Heel_Pressure,0,0,4095,0,31.25,2026-10-03T16:33:16
8648,RAW,Person B,Heel_Pressure,0,0,4095,0,31.19,2026-10-03T16:33:17
8649,RAW,Person B,Heel_Pressure,0,0,4095,0,31.19,2026-10-03T16:33:18
8650,RAW,Person B,Heel_Pressure,0,0,4095,0,31.19,2026-10-03T16:33:19
8651,RAW,Person B,Heel_Pressure,0,0,4095,0,31.25,2026-10-03T16:33:20
8652,RAW,Person B,Heel_Pressure,0,0,4095,0,31.19,2026-10-03T16:33:21
8653,RAW,Person B,Heel_Pressure,0,0,4095,0,31.19,2026-10-03T16:33:22
8654,RAW,Person B,Heel_Pressure,0,0,4095,0,31.19,2026-10-03T16:33:23
8655,RAW,Person B,Heel_Pressure,0,0,4095,0,31.19,2026-10-03T16:33:24
8656,RAW,Person B,Heel_Pressure,0,0,4095,0,31.25,2026-10-03T16:33:25
8657,AVG10,Person B,Heel_Pressure,0.00,0.00,4095.00,0.00,31.21,2026-10-03T16:33:25
8658,RAW,Person B,Heel_Pressure,0,0,4095,0,31.25,2026-10-03T16:33:26
8659,RAW,Person B,Heel_Pressure,0,0,4095,0,31.25,2026-10-03T16:33:27
8660,RAW,Person B,Heel_Pressure,0,0,4095,0,31.25,2026-10-03T16:33:28
8661,RAW,Person B,Heel_Pressure,0,0,4095,0,31.25,2026-10-03T16:33:29
8662,RAW,Person B,Heel_Pressure,0,0,4095,0,31.25,2026-10-03T16:33:30
8663,RAW,Person B,Heel_Pressure,0,0,4095,0,31.25,2026-10-03T16:33:31
8664,RAW,Person B,Heel_Pressure,0,0,4095,0,31.25,2026-10-03T16:33:32
8665,RAW,Person B,Heel_Pressure,0,0,4095,0,31.25,2026-10-03T16:33:33
8666,RAW,Person B,Heel_Pressure,0,0,4095,0,31.25,2026-10-03T16:33:34
8667,RAW,Person B,Heel_Pressure,0,0,4095,0,31.25,2026-10-03T16:33:35
8668,AVG10,Person B,Heel_Pressure,0.00,0.00,4095.00,0.00,31.25,2026-10-03T16:33:35
8669,RAW,Person B,Heel_Pressure,0,0,4095,0,31.25,2026-10-03T16:33:36
8670,RAW,Person B,Heel_Pressure,0,0,4095,0,31.25,2026-10-03T16:33:37
8671,RAW,Person B,Heel_Pressure,0,0,4095,0,31.25,2026-10-03T16:33:38
8672,RAW,Person B,Heel_Pressure,0,0,4095,0,31.25,2026-10-03T16:33:39
8673,RAW,Person B,Heel_Pressure,0,0,4095,0,31.25,2026-10-03T16:33:40
8674,RAW,Person B,Heel_Pressure,0,0,4095,0,31.25,2026-10-03T16:33:41
8675,RAW,Person B,Heel_Pressure,0,0,4095,0,31.25,2026-10-03T16:33:42
8676,RAW,Person B,Heel_Pressure,0,0,4095,0,31.25,2026-10-03T16:33:43
8677,RAW,Person B,Heel_Pressure,0,0,4095,0,31.19,2026-10-03T16:33:44
8678,RAW,Person B,Heel_Pressure,0,0,4095,0,31.25,2026-10-03T16:33:45
8679,AVG10,Person B,Heel_Pressure,0.00,0.00,4095.00,0.00,31.24,2026-10-03T16:33:45
8680,RAW,Person B,Heel_Pressure,0,0,4095,0,31.25,2026-10-03T16:33:46
8681,RAW,Person B,Heel_Pressure,384,0,4095,0,31.25,2026-10-03T16:33:47
8682,RAW,Person B,Heel_Pressure,0,0,4095,0,31.25,2026-10-03T16:33:48
8683,RAW,Person B,Heel_Pressure,0,0,4095,0,31.25,2026-10-03T16:33:49
8684,RAW,Person B,Heel_Pressure,0,0,4095,0,31.25,2026-10-03T16:33:50
8685,RAW,Person B,Heel_Pressure,0,0,4095,0,31.19,2026-10-03T16:33:51
8686,RAW,Person B,Heel_Pressure,0,0,4095,0,31.25,2026-10-03T16:33:52
8687,RAW,Person B,Heel_Pressure,1085,0,4095,0,31.25,2026-10-03T16:33:53
8688,RAW,Person B,Heel_Pressure,0,0,4095,0,31.25,2026-10-03T16:33:54
8689,RAW,Person B,Heel_Pressure,0,0,4095,0,31.25,2026-10-03T16:33:55
8690,AVG10,Person B,Heel_Pressure,146.90,0.00,4095.00,0.00,31.24,2026-10-03T16:33:55
8691,RAW,Person B,Heel_Pressure,0,0,4095,0,31.19,2026-10-03T16:33:56
8692,RAW,Person B,Heel_Pressure,0,0,4095,0,31.25,2026-10-03T16:33:57
8693,RAW,Person B,Heel_Pressure,0,0,4095,0,31.25,2026-10-03T16:33:58
8694,RAW,Person B,Heel_Pressure,0,0,4095,0,31.25,2026-10-03T16:33:59
8695,RAW,Person B,Heel_Pressure,0,0,4095,0,31.19,2026-10-03T16:34:00
8696,RAW,Person B,Heel_Pressure,0,0,4095,0,31.25,2026-10-03T16:34:01
8697,RAW,Person B,Heel_Pressure,0,0,4095,0,31.19,2026-10-03T16:34:02
8698,RAW,Person B,Heel_Pressure,0,0,4095,0,31.19,2026-10-03T16:34:03
8699,RAW,Person B,Heel_Pressure,0,0,4095,0,31.19,2026-10-03T16:34:04
8700,RAW,Person B,Heel_Pressure,0,0,4095,0,31.25,2026-10-03T16:34:05
8701,AVG10,Person B,Heel_Pressure,0.00,0.00,4095.00,0.00,31.22,2026-10-03T16:34:05
8702,RAW,Person B,Heel_Pressure,1969,0,4095,0,31.19,2026-10-03T16:34:06
8703,RAW,Person B,Heel_Pressure,0,0,4095,0,31.19,2026-10-03T16:34:07
8704,RAW,Person B,Heel_Pressure,0,0,4095,0,31.19,2026-10-03T16:34:08
8705,RAW,Person B,Heel_Pressure,0,0,4095,0,31.19,2026-10-03T16:34:09
8706,RAW,Person B,Heel_Pressure,0,0,4095,0,31.19,2026-10-03T16:34:10
8707,RAW,Person B,Heel_Pressure,0,0,4095,0,31.19,2026-10-03T16:34:11
8708,RAW,Person B,Heel_Pressure,0,0,4095,0,31.19,2026-10-03T16:34:12
8709,RAW,Person B,Heel_Pressure,0,0,4095,0,31.19,2026-10-03T16:34:13
8710,RAW,Person B,Heel_Pressure,0,0,4095,0,31.19,2026-10-03T16:34:14
8711,RAW,Person B,Heel_Pressure,0,0,4095,0,31.19,2026-10-03T16:34:15
8712,AVG10,Person B,Heel_Pressure,196.90,0.00,4095.00,0.00,31.19,2026-10-03T16:34:15
8713,RAW,Person B,Heel_Pressure,0,0,4095,0,31.19,2026-10-03T16:34:16
8714,RAW,Person B,Heel_Pressure,387,0,4095,0,31.19,2026-10-03T16:34:17
8715,RAW,Person B,Heel_Pressure,0,0,4095,0,31.19,2026-10-03T16:34:18
8716,RAW,Person B,Heel_Pressure,0,0,4095,0,31.19,2026-10-03T16:34:19
8717,RAW,Person B,Heel_Pressure,0,0,4095,0,31.19,2026-10-03T16:34:20
8718,RAW,Person B,Heel_Pressure,0,0,4095,0,31.19,2026-10-03T16:34:21
8719,RAW,Person B,Heel_Pressure,0,0,4095,0,31.19,2026-10-03T16:34:22
8720,RAW,Person B,Heel_Pressure,0,0,4095,0,31.19,2026-10-03T16:34:23
8721,RAW,Person B,Heel_Pressure,0,0,4095,0,31.19,2026-10-03T16:34:24
8722,RAW,Person B,Heel_Pressure,0,0,4095,0,31.12,2026-10-03T16:34:25
8723,AVG10,Person B,Heel_Pressure,38.70,0.00,4095.00,0.00,31.18,2026-10-03T16:34:25
8724,RAW,Person B,Heel_Pressure,0,0,4095,0,31.19,2026-10-03T16:34:26
8725,RAW,Person B,Heel_Pressure,0,0,4095,0,31.19,2026-10-03T16:34:27
8726,RAW,Person B,Heel_Pressure,0,0,4095,0,31.19,2026-10-03T16:34:28
8727,RAW,Person B,Heel_Pressure,0,0,4095,0,31.19,2026-10-03T16:34:29
8728,RAW,Person B,Heel_Pressure,0,0,4095,0,31.19,2026-10-03T16:34:30
8729,RAW,Person B,Heel_Pressure,0,0,4095,0,31.19,2026-10-03T16:34:31
8730,RAW,Person B,Heel_Pressure,0,0,4095,0,31.19,2026-10-03T16:34:32
8731,RAW,Person B,Heel_Pressure,1566,0,4095,0,31.12,2026-10-03T16:34:33
8732,RAW,Person B,Heel_Pressure,0,0,4095,0,31.19,2026-10-03T16:34:34
8733,RAW,Person B,Heel_Pressure,0,0,4095,0,31.19,2026-10-03T16:34:35
8734,AVG10,Person B,Heel_Pressure,156.60,0.00,4095.00,0.00,31.18,2026-10-03T16:34:35
8735,RAW,Person B,Heel_Pressure,0,0,4095,0,31.19,2026-10-03T16:34:36
8736,RAW,Person B,Heel_Pressure,0,0,4095,0,31.19,2026-10-03T16:34:37
8737,RAW,Person B,Heel_Pressure,0,0,4095,0,31.19,2026-10-03T16:34:38
8738,RAW,Person B,Heel_Pressure,0,0,4095,0,31.19,2026-10-03T16:34:39
8739,RAW,Person B,Heel_Pressure,0,0,4095,0,31.19,2026-10-03T16:34:40
8740,RAW,Person B,Heel_Pressure,0,0,4095,0,31.19,2026-10-03T16:34:41
8741,RAW,Person B,Heel_Pressure,0,0,4095,0,31.19,2026-10-03T16:34:42
8742,RAW,Person B,Heel_Pressure,0,0,4095,0,31.19,2026-10-03T16:34:43
8743,RAW,Person B,Heel_Pressure,0,0,4095,0,31.19,2026-10-03T16:34:44
8744,RAW,Person B,Heel_Pressure,0,0,4095,0,31.19,2026-10-03T16:34:45
8745,AVG10,Person B,Heel_Pressure,0.00,0.00,4095.00,0.00,31.19,2026-10-03T16:34:45
8746,RAW,Person B,Heel_Pressure,0,0,4095,0,31.19,2026-10-03T16:34:46
8747,RAW,Person B,Heel_Pressure,0,0,4095,0,31.19,2026-10-03T16:34:47
8748,RAW,Person B,Heel_Pressure,0,0,4095,0,31.19,2026-10-03T16:34:48
8749,RAW,Person B,Heel_Pressure,0,0,4095,0,31.19,2026-10-03T16:34:49
8750,RAW,Person B,Heel_Pressure,0,0,4095,0,31.25,2026-10-03T16:34:50
8751,RAW,Person B,Heel_Pressure,0,0,4095,0,31.19,2026-10-03T16:34:51
8752,RAW,Person B,Heel_Pressure,0,0,4095,0,31.25,2026-10-03T16:34:52
8753,RAW,Person B,Heel_Pressure,0,0,4095,0,31.19,2026-10-03T16:34:53
8754,RAW,Person B,Heel_Pressure,0,0,4095,0,31.25,2026-10-03T16:34:54
8755,RAW,Person B,Heel_Pressure,0,0,4095,0,31.25,2026-10-03T16:34:55
8756,AVG10,Person B,Heel_Pressure,0.00,0.00,4095.00,0.00,31.21,2026-10-03T16:34:55
8757,RAW,Person B,Heel_Pressure,0,0,4095,0,31.19,2026-10-03T16:34:56
8758,RAW,Person B,Heel_Pressure,0,0,4095,0,31.19,2026-10-03T16:34:57
8759,RAW,Person B,Heel_Pressure,0,0,4095,0,31.19,2026-10-03T16:34:58
8760,RAW,Person B,Heel_Pressure,0,0,4095,0,31.25,2026-10-03T16:34:59
8761,RAW,Person B,Heel_Pressure,0,0,4095,0,31.19,2026-10-03T16:35:00
8762,RAW,Person B,Heel_Pressure,0,0,4095,0,31.19,2026-10-03T16:35:01
8763,RAW,Person B,Heel_Pressure,0,0,4095,0,31.25,2026-10-03T16:35:02
8764,RAW,Person B,Heel_Pressure,0,0,4095,0,31.25,2026-10-03T16:35:03
8765,RAW,Person B,Heel_Pressure,0,0,4095,0,31.25,2026-10-03T16:35:04
8766,RAW,Person B,Heel_Pressure,0,0,4095,0,31.25,2026-10-03T16:35:05
8767,AVG10,Person B,Heel_Pressure,0.00,0.00,4095.00,0.00,31.22,2026-10-03T16:35:05
8768,RAW,Person B,Heel_Pressure,0,0,4095,0,31.19,2026-10-03T16:35:06
8769,RAW,Person B,Heel_Pressure,0,0,4095,0,31.19,2026-10-03T16:35:07
8770,RAW,Person B,Heel_Pressure,0,0,4095,0,31.25,2026-10-03T16:35:08
8771,RAW,Person B,Heel_Pressure,0,0,4095,0,31.25,2026-10-03T16:35:09
8772,RAW,Person B,Heel_Pressure,0,0,4095,0,31.25,2026-10-03T16:35:10
8773,RAW,Person B,Heel_Pressure,0,0,4095,0,31.25,2026-10-03T16:35:11
8774,RAW,Person B,Heel_Pressure,0,0,4095,0,31.19,2026-10-03T16:35:12
8775,RAW,Person B,Heel_Pressure,0,0,4095,0,31.19,2026-10-03T16:35:13
8776,RAW,Person B,Heel_Pressure,0,0,4095,0,31.25,2026-10-03T16:35:14
8777,RAW,Person B,Heel_Pressure,0,0,4095,0,31.25,2026-10-03T16:35:15
8778,AVG10,Person B,Heel_Pressure,0.00,0.00,4095.00,0.00,31.23,2026-10-03T16:35:15
8779,RAW,Person B,Heel_Pressure,0,0,4095,0,31.25,2026-10-03T16:35:16
8780,RAW,Person B,Heel_Pressure,0,0,4095,0,31.19,2026-10-03T16:35:17
8781,RAW,Person B,Heel_Pressure,0,0,4095,0,31.19,2026-10-03T16:35:18
8782,RAW,Person B,Heel_Pressure,0,0,4095,0,31.19,2026-10-03T16:35:19
8783,RAW,Person B,Heel_Pressure,0,0,4095,0,31.25,2026-10-03T16:35:20
8784,RAW,Person B,Heel_Pressure,0,0,4095,0,31.19,2026-10-03T16:35:21
8785,RAW,Person B,Heel_Pressure,0,0,4095,0,31.19,2026-10-03T16:35:22
8786,RAW,Person B,Heel_Pressure,0,0,4095,0,31.19,2026-10-03T16:35:23
8787,RAW,Person B,Heel_Pressure,0,0,4095,0,31.19,2026-10-03T16:35:24
8788,RAW,Person B,Heel_Pressure,0,0,4095,0,31.19,2026-10-03T16:35:25
8789,AVG10,Person B,Heel_Pressure,0.00,0.00,4095.00,0.00,31.20,2026-10-03T16:35:25
8790,RAW,Person B,Heel_Pressure,0,0,4095,0,31.19,2026-10-03T16:35:26
8791,RAW,Person B,Heel_Pressure,0,0,4095,0,31.19,2026-10-03T16:35:27
8792,RAW,Person B,Heel_Pressure,0,0,4095,0,31.19,2026-10-03T16:35:28
8793,RAW,Person B,Heel_Pressure,0,0,4095,0,31.25,2026-10-03T16:35:29
8794,RAW,Person B,Heel_Pressure,0,0,4095,0,31.19,2026-10-03T16:35:30
8795,RAW,Person B,Heel_Pressure,0,0,4095,0,31.19,2026-10-03T16:35:31
8796,RAW,Person B,Heel_Pressure,0,0,4095,0,31.25,2026-10-03T16:35:32
8797,RAW,Person B,Heel_Pressure,0,0,4095,0,31.19,2026-10-03T16:35:33
8798,RAW,Person B,Heel_Pressure,0,0,4095,0,31.19,2026-10-03T16:35:34
8799,RAW,Person B,Heel_Pressure,0,0,4095,0,31.25,2026-10-03T16:35:35
8800,AVG10,Person B,Heel_Pressure,0.00,0.00,4095.00,0.00,31.21,2026-10-03T16:35:35
8801,RAW,Person B,Heel_Pressure,0,0,4095,0,31.19,2026-10-03T16:35:36
8802,RAW,Person B,Heel_Pressure,0,0,4095,0,31.25,2026-10-03T16:35:37
8803,RAW,Person B,Heel_Pressure,0,0,4095,0,31.25,2026-10-03T16:35:38
8804,RAW,Person B,Heel_Pressure,0,0,4095,0,31.25,2026-10-03T16:35:39
8805,RAW,Person B,Heel_Pressure,0,0,4095,0,31.25,2026-10-03T16:35:40
8806,RAW,Person B,Heel_Pressure,0,0,4095,0,31.25,2026-10-03T16:35:41
8807,RAW,Person B,Heel_Pressure,0,0,4095,0,31.19,2026-10-03T16:35:42
8808,RAW,Person B,Heel_Pressure,0,0,4095,0,31.25,2026-10-03T16:35:43
8809,RAW,Person B,Heel_Pressure,0,0,4095,0,31.19,2026-10-03T16:35:44
8810,RAW,Person B,Heel_Pressure,0,0,4095,0,31.19,2026-10-03T16:35:45
8811,AVG10,Person B,Heel_Pressure,0.00,0.00,4095.00,0.00,31.23,2026-10-03T16:35:45
8812,RAW,Person B,Heel_Pressure,0,0,4095,0,31.25,2026-10-03T16:35:46
8813,RAW,Person B,Heel_Pressure,0,0,4095,0,31.25,2026-10-03T16:35:47
8814,RAW,Person B,Heel_Pressure,0,0,4095,0,31.25,2026-10-03T16:35:48
8815,RAW,Person B,Heel_Pressure,0,0,4095,0,31.25,2026-10-03T16:35:49
8816,RAW,Person B,Heel_Pressure,0,0,4095,0,31.25,2026-10-03T16:35:50
8817,RAW,Person B,Heel_Pressure,0,0,4095,0,31.25,2026-10-03T16:35:51
8818,RAW,Person B,Heel_Pressure,0,0,4095,0,31.25,2026-10-03T16:35:52
8819,RAW,Person B,Heel_Pressure,0,0,4095,0,31.25,2026-10-03T16:35:53
8820,RAW,Person B,Heel_Pressure,0,0,4095,0,31.25,2026-10-03T16:35:54
8821,RAW,Person B,Heel_Pressure,0,0,4095,0,31.25,2026-10-03T16:35:55
8822,AVG10,Person B,Heel_Pressure,0.00,0.00,4095.00,0.00,31.25,2026-10-03T16:35:55
8823,RAW,Person B,Heel_Pressure,0,0,4095,0,31.25,2026-10-03T16:35:56
8824,RAW,Person B,Heel_Pressure,0,0,4095,0,31.25,2026-10-03T16:35:57
8825,RAW,Person B,Heel_Pressure,0,0,4095,0,31.25,2026-10-03T16:35:58
8826,RAW,Person B,Heel_Pressure,0,0,4095,0,31.25,2026-10-03T16:35:59
8827,RAW,Person B,Heel_Pressure,0,0,4095,0,31.25,2026-10-03T16:36:00
8828,RAW,Person B,Heel_Pressure,0,0,4095,0,31.25,2026-10-03T16:36:01
8829,RAW,Person B,Heel_Pressure,0,0,4095,0,31.25,2026-10-03T16:36:02
8830,RAW,Person B,Heel_Pressure,0,0,4095,0,31.25,2026-10-03T16:36:03
8831,RAW,Person B,Heel_Pressure,0,0,4095,0,31.25,2026-10-03T16:36:04
8832,RAW,Person B,Heel_Pressure,0,0,4095,0,31.25,2026-10-03T16:36:05
8833,AVG10,Person B,Heel_Pressure,0.00,0.00,4095.00,0.00,31.25,2026-10-03T16:36:05
8834,RAW,Person B,Heel_Pressure,0,0,4095,0,31.25,2026-10-03T16:36:06
8835,RAW,Person B,Heel_Pressure,0,0,4095,0,31.25,2026-10-03T16:36:07
8836,RAW,Person B,Heel_Pressure,0,0,4095,0,31.25,2026-10-03T16:36:08
8837,RAW,Person B,Heel_Pressure,0,0,4095,0,31.25,2026-10-03T16:36:09
8838,RAW,Person B,Heel_Pressure,0,0,4095,0,31.25,2026-10-03T16:36:10
8839,RAW,Person B,Heel_Pressure,0,0,4095,0,31.25,2026-10-03T16:36:11
8840,RAW,Person B,Heel_Pressure,0,0,4095,0,31.25,2026-10-03T16:36:12
8841,RAW,Person B,Heel_Pressure,0,0,4095,0,31.25,2026-10-03T16:36:13
8842,RAW,Person B,Heel_Pressure,0,0,4095,0,31.25,2026-10-03T16:36:14
8843,RAW,Person B,Heel_Pressure,0,0,4095,0,31.25,2026-10-03T16:36:15
8844,AVG10,Person B,Heel_Pressure,0.00,0.00,4095.00,0.00,31.25,2026-10-03T16:36:15
8845,RAW,Person B,Heel_Pressure,0,0,4095,0,31.25,2026-10-03T16:36:16
8846,RAW,Person B,Heel_Pressure,0,0,4095,0,31.25,2026-10-03T16:36:17
8847,RAW,Person B,Heel_Pressure,0,0,4095,0,31.25,2026-10-03T16:36:18
8848,RAW,Person B,Heel_Pressure,0,0,4095,0,31.25,2026-10-03T16:36:19
8849,RAW,Person B,Heel_Pressure,0,0,4095,0,31.25,2026-10-03T16:36:20
8850,RAW,Person B,Heel_Pressure,0,0,4095,0,31.25,2026-10-03T16:36:21
8851,RAW,Person B,Heel_Pressure,0,0,4095,0,31.31,2026-10-03T16:36:22
8852,RAW,Person B,Heel_Pressure,0,0,4095,0,31.25,2026-10-03T16:36:23
8853,RAW,Person B,Heel_Pressure,0,0,4095,0,31.31,2026-10-03T16:36:24
8854,RAW,Person B,Heel_Pressure,0,0,4095,0,31.31,2026-10-03T16:36:25
8855,AVG10,Person B,Heel_Pressure,0.00,0.00,4095.00,0.00,31.27,2026-10-03T16:36:25
8856,RAW,Person B,Heel_Pressure,0,0,4095,0,31.31,2026-10-03T16:36:26
8857,RAW,Person B,Heel_Pressure,0,0,4095,0,31.25,2026-10-03T16:36:27
8858,RAW,Person B,Heel_Pressure,0,0,4095,0,31.31,2026-10-03T16:36:28
8859,RAW,Person B,Heel_Pressure,0,0,4095,0,31.31,2026-10-03T16:36:29
8860,RAW,Person B,Heel_Pressure,0,0,4095,0,31.31,2026-10-03T16:36:30
9705,RAW,Person B,Right_Shift,3779,0,4095,0,29.00,2026-10-03T16:49:19
9706,RAW,Person B,Right_Shift,3837,0,4095,0,29.00,2026-10-03T16:49:20
9707,RAW,Person B,Right_Shift,3827,0,4095,0,29.00,2026-10-03T16:49:21
9708,RAW,Person B,Right_Shift,3811,0,4095,0,29.00,2026-10-03T16:49:22
9709,RAW,Person B,Right_Shift,3813,0,4095,0,29.06,2026-10-03T16:49:23
9710,RAW,Person B,Right_Shift,3830,0,4095,0,29.00,2026-10-03T16:49:24
9711,RAW,Person B,Right_Shift,3849,0,4095,0,29.06,2026-10-03T16:49:25
9712,RAW,Person B,Right_Shift,3858,0,4095,0,29.06,2026-10-03T16:49:26
9713,AVG10,Person B,Right_Shift,3818.10,0.00,4095.00,0.00,29.01,2026-10-03T16:49:26
9714,RAW,Person B,Right_Shift,3857,0,4095,0,29.06,2026-10-03T16:49:27
9715,RAW,Person B,Right_Shift,3943,0,4095,0,29.06,2026-10-03T16:49:28
9716,RAW,Person B,Right_Shift,3824,0,4095,0,29.06,2026-10-03T16:49:29
9717,RAW,Person B,Right_Shift,3244,0,4095,0,29.06,2026-10-03T16:49:30
9718,RAW,Person B,Right_Shift,3525,0,4095,0,29.06,2026-10-03T16:49:31
9719,RAW,Person B,Right_Shift,3583,0,4095,0,29.06,2026-10-03T16:49:32
9720,RAW,Person B,Right_Shift,3565,0,4095,0,29.06,2026-10-03T16:49:33
9721,RAW,Person B,Right_Shift,3574,0,4095,0,29.06,2026-10-03T16:49:34
9722,RAW,Person B,Right_Shift,3558,0,4095,0,29.12,2026-10-03T16:49:35
9723,RAW,Person B,Right_Shift,3625,0,4095,0,29.06,2026-10-03T16:49:36
9724,AVG10,Person B,Right_Shift,3629.80,0.00,4095.00,0.00,29.07,2026-10-03T16:49:36
9725,RAW,Person B,Right_Shift,3605,0,4095,0,29.06,2026-10-03T16:49:37
9726,RAW,Person B,Right_Shift,3499,0,4095,0,29.06,2026-10-03T16:49:38
9727,RAW,Person B,Right_Shift,3479,0,4095,0,29.06,2026-10-03T16:49:39
9728,RAW,Person B,Right_Shift,3600,0,4095,0,29.12,2026-10-03T16:49:40
9729,RAW,Person B,Right_Shift,3612,0,4095,0,29.06,2026-10-03T16:49:41
9730,RAW,Person B,Right_Shift,3658,0,4095,0,29.12,2026-10-03T16:49:42
9731,RAW,Person B,Right_Shift,3664,0,4095,0,29.12,2026-10-03T16:49:43
9732,RAW,Person B,Right_Shift,3651,0,4095,0,29.12,2026-10-03T16:49:44
9733,RAW,Person B,Right_Shift,3583,0,4095,0,29.06,2026-10-03T16:49:45
9734,RAW,Person B,Right_Shift,3637,0,4095,0,29.12,2026-10-03T16:49:46
9735,AVG10,Person B,Right_Shift,3598.80,0.00,4095.00,0.00,29.09,2026-10-03T16:49:46
9736,RAW,Person B,Right_Shift,3686,0,4095,0,29.12,2026-10-03T16:49:47
9737,RAW,Person B,Right_Shift,4047,0,4095,0,29.12,2026-10-03T16:49:48
9738,RAW,Person B,Right_Shift,3782,0,4095,0,29.12,2026-10-03T16:49:49
9739,RAW,Person B,Right_Shift,3602,0,4095,0,29.12,2026-10-03T16:49:50
9740,RAW,Person B,Right_Shift,3429,0,4095,0,29.12,2026-10-03T16:49:51
9741,RAW,Person B,Right_Shift,3526,0,4095,0,29.12,2026-10-03T16:49:52
9742,RAW,Person B,Right_Shift,3431,0,4095,0,29.12,2026-10-03T16:49:53
9743,RAW,Person B,Right_Shift,3606,0,4095,0,29.19,2026-10-03T16:49:54
9744,RAW,Person B,Right_Shift,3462,0,4095,0,29.19,2026-10-03T16:49:55
9745,RAW,Person B,Right_Shift,3523,0,4095,0,29.12,2026-10-03T16:49:56
9746,AVG10,Person B,Right_Shift,3609.40,0.00,4095.00,0.00,29.14,2026-10-03T16:49:56
9747,RAW,Person B,Right_Shift,3507,0,4095,0,29.12,2026-10-03T16:49:57
9748,RAW,Person B,Right_Shift,3504,0,4095,0,29.19,2026-10-03T16:49:58
9749,RAW,Person B,Right_Shift,3475,0,4095,0,29.12,2026-10-03T16:49:59
9750,RAW,Person B,Right_Shift,3530,0,4095,0,29.19,2026-10-03T16:50:00
9751,RAW,Person B,Right_Shift,3504,0,4095,0,29.12,2026-10-03T16:50:01
9752,RAW,Person B,Right_Shift,3458,0,4095,0,29.19,2026-10-03T16:50:02
9753,RAW,Person B,Right_Shift,3398,0,4095,0,29.19,2026-10-03T16:50:03
9754,RAW,Person B,Right_Shift,3509,0,4095,0,29.19,2026-10-03T16:50:04
9755,RAW,Person B,Right_Shift,3523,0,4095,0,29.19,2026-10-03T16:50:05
9756,RAW,Person B,Right_Shift,3505,0,4095,0,29.19,2026-10-03T16:50:06
9757,AVG10,Person B,Right_Shift,3491.30,0.00,4095.00,0.00,29.17,2026-10-03T16:50:06
9758,RAW,Person B,Right_Shift,3414,0,4095,0,29.19,2026-10-03T16:50:07
9759,RAW,Person B,Right_Shift,3306,0,4095,0,29.19,2026-10-03T16:50:08
9760,RAW,Person B,Right_Shift,3263,0,4095,0,29.19,2026-10-03T16:50:09
9761,RAW,Person B,Right_Shift,3259,0,4095,0,29.19,2026-10-03T16:50:10
9762,RAW,Person B,Right_Shift,3280,0,4095,0,29.19,2026-10-03T16:50:11
9763,RAW,Person B,Right_Shift,3255,0,4095,0,29.25,2026-10-03T16:50:12
9764,RAW,Person B,Right_Shift,3040,0,4095,0,29.25,2026-10-03T16:50:13
9765,RAW,Person B,Right_Shift,3025,0,4095,0,29.25,2026-10-03T16:50:14
9766,RAW,Person B,Right_Shift,3155,0,4095,0,29.25,2026-10-03T16:50:15
9767,RAW,Person B,Right_Shift,3311,0,4095,0,29.25,2026-10-03T16:50:16
9768,AVG10,Person B,Right_Shift,3230.80,0.00,4095.00,0.00,29.22,2026-10-03T16:50:16
9769,RAW,Person B,Right_Shift,2975,0,4095,0,29.25,2026-10-03T16:50:17
9770,RAW,Person B,Right_Shift,2988,0,4095,0,29.25,2026-10-03T16:50:18
9771,RAW,Person B,Right_Shift,2818,0,4095,0,29.25,2026-10-03T16:50:19
9772,RAW,Person B,Right_Shift,2961,0,4095,0,29.25,2026-10-03T16:50:20
9773,RAW,Person B,Right_Shift,2867,0,4095,0,29.25,2026-10-03T16:50:21
9774,RAW,Person B,Right_Shift,3219,0,4095,0,29.25,2026-10-03T16:50:22
9775,RAW,Person B,Right_Shift,3187,0,4095,0,29.31,2026-10-03T16:50:23
9776,RAW,Person B,Right_Shift,2795,0,4095,0,29.31,2026-10-03T16:50:24
9777,RAW,Person B,Right_Shift,3174,0,4095,0,29.31,2026-10-03T16:50:25
9778,RAW,Person B,Right_Shift,3056,0,4095,0,29.31,2026-10-03T16:50:26
9779,AVG10,Person B,Right_Shift,3004.00,0.00,4095.00,0.00,29.27,2026-10-03T16:50:26
9780,RAW,Person B,Right_Shift,3238,0,4095,0,29.31,2026-10-03T16:50:27
9781,RAW,Person B,Right_Shift,3003,0,4095,0,29.31,2026-10-03T16:50:28
9782,RAW,Person B,Right_Shift,2589,0,4095,0,29.31,2026-10-03T16:50:29
9783,RAW,Person B,Right_Shift,2663,0,4095,0,29.31,2026-10-03T16:50:30
9784,RAW,Person B,Right_Shift,2824,0,4095,0,29.31,2026-10-03T16:50:31
9785,RAW,Person B,Right_Shift,2903,0,4095,0,29.37,2026-10-03T16:50:32
9786,RAW,Person B,Right_Shift,3008,0,4095,0,29.31,2026-10-03T16:50:33
9787,RAW,Person B,Right_Shift,2842,0,4095,0,29.31,2026-10-03T16:50:34
9788,RAW,Person B,Right_Shift,2659,0,4095,0,29.37,2026-10-03T16:50:35
9789,RAW,Person B,Right_Shift,3422,0,4095,0,29.37,2026-10-03T16:50:36
9790,AVG10,Person B,Right_Shift,2915.10,0.00,4095.00,0.00,29.33,2026-10-03T16:50:36
9791,RAW,Person B,Right_Shift,3408,0,4095,0,29.31,2026-10-03T16:50:37
9792,RAW,Person B,Right_Shift,3237,0,4095,0,29.37,2026-10-03T16:50:38
9793,RAW,Person B,Right_Shift,3283,0,4095,0,29.37,2026-10-03T16:50:39
9794,RAW,Person B,Right_Shift,3125,0,4095,0,29.37,2026-10-03T16:50:40
9795,RAW,Person B,Right_Shift,2814,0,4095,0,29.37,2026-10-03T16:50:41
9796,RAW,Person B,Right_Shift,3270,0,4095,0,29.37,2026-10-03T16:50:42
9797,RAW,Person B,Right_Shift,3326,0,4095,0,29.37,2026-10-03T16:50:43
9798,RAW,Person B,Right_Shift,3294,0,4095,0,29.37,2026-10-03T16:50:44
9799,RAW,Person B,Right_Shift,3059,0,4095,0,29.37,2026-10-03T16:50:45
9800,RAW,Person B,Right_Shift,3372,0,4095,0,29.37,2026-10-03T16:50:46
9801,AVG10,Person B,Right_Shift,3218.80,0.00,4095.00,0.00,29.37,2026-10-03T16:50:46
9802,RAW,Person B,Right_Shift,3117,0,4095,0,29.37,2026-10-03T16:50:47
9803,RAW,Person B,Right_Shift,2907,0,4095,0,29.37,2026-10-03T16:50:48
9804,RAW,Person B,Right_Shift,3568,0,4095,0,29.37,2026-10-03T16:50:49
9805,RAW,Person B,Right_Shift,3266,0,4095,0,29.37,2026-10-03T16:50:50
9806,RAW,Person B,Right_Shift,3406,0,4095,0,29.37,2026-10-03T16:50:51
9807,RAW,Person B,Right_Shift,3474,0,4095,0,29.37,2026-10-03T16:50:52
9808,RAW,Person B,Right_Shift,3641,0,4095,0,29.37,2026-10-03T16:50:53
9809,RAW,Person B,Right_Shift,3338,0,4095,0,29.37,2026-10-03T16:50:54
9810,RAW,Person B,Right_Shift,3371,0,4095,0,29.37,2026-10-03T16:50:55
9811,RAW,Person B,Right_Shift,3442,0,4095,0,29.44,2026-10-03T16:50:56
9812,AVG10,Person B,Right_Shift,3353.00,0.00,4095.00,0.00,29.38,2026-10-03T16:50:56
9813,RAW,Person B,Right_Shift,3339,0,4095,0,29.44,2026-10-03T16:50:57
9814,RAW,Person B,Right_Shift,3071,0,4095,0,29.44,2026-10-03T16:50:58
9815,RAW,Person B,Right_Shift,3099,0,4095,0,29.44,2026-10-03T16:50:59
9816,RAW,Person B,Right_Shift,3134,0,4095,0,29.44,2026-10-03T16:51:00
9817,RAW,Person B,Right_Shift,2990,0,4095,0,29.44,2026-10-03T16:51:01
9818,RAW,Person B,Right_Shift,3317,0,4095,0,29.44,2026-10-03T16:51:02
9819,RAW,Person B,Right_Shift,3726,0,4095,0,29.44,2026-10-03T16:51:03
9820,RAW,Person B,Right_Shift,1939,0,4095,0,29.44,2026-10-03T16:51:04
9821,RAW,Person B,Right_Shift,2558,0,3979,0,29.44,2026-10-03T16:51:05
9822,RAW,Person B,Right_Shift,3354,0,4095,0,29.44,2026-10-03T16:51:06
9823,AVG10,Person B,Right_Shift,3052.70,0.00,4083.40,0.00,29.44,2026-10-03T16:51:06
9824,RAW,Person B,Right_Shift,3408,0,4095,0,29.44,2026-10-03T16:51:07
9825,RAW,Person B,Right_Shift,3676,0,4095,0,29.44,2026-10-03T16:51:08
9826,RAW,Person B,Right_Shift,3766,0,4095,0,29.44,2026-10-03T16:51:09
9827,RAW,Person B,Right_Shift,3789,0,4095,0,29.44,2026-10-03T16:51:10
9828,RAW,Person B,Right_Shift,3696,0,4095,0,29.44,2026-10-03T16:51:11
9829,RAW,Person B,Right_Shift,3728,0,4095,0,29.44,2026-10-03T16:51:12
9830,RAW,Person B,Right_Shift,3530,0,4095,0,29.50,2026-10-03T16:51:13
9831,RAW,Person B,Right_Shift,3634,0,4095,0,29.50,2026-10-03T16:51:14
9832,RAW,Person B,Right_Shift,3662,0,4095,0,29.50,2026-10-03T16:51:15
9833,RAW,Person B,Right_Shift,3330,0,4095,0,29.50,2026-10-03T16:51:16
9834,AVG10,Person B,Right_Shift,3621.90,0.00,4095.00,0.00,29.46,2026-10-03T16:51:16
9835,RAW,Person B,Right_Shift,3438,0,4095,0,29.50,2026-10-03T16:51:17
9836,RAW,Person B,Right_Shift,3467,0,4095,0,29.50,2026-10-03T16:51:18
9837,RAW,Person B,Right_Shift,3406,0,4095,0,29.50,2026-10-03T16:51:19
9838,RAW,Person B,Right_Shift,3506,0,4095,0,29.50,2026-10-03T16:51:20
9839,RAW,Person B,Right_Shift,3549,0,4095,0,29.50,2026-10-03T16:51:21
9840,RAW,Person B,Right_Shift,3562,0,4095,0,29.50,2026-10-03T16:51:22
9841,RAW,Person B,Right_Shift,3562,0,4095,0,29.50,2026-10-03T16:51:23
9842,RAW,Person B,Right_Shift,3513,0,4095,0,29.50,2026-10-03T16:51:24
9843,RAW,Person B,Right_Shift,3648,0,4095,0,29.56,2026-10-03T16:51:25
9844,RAW,Person B,Right_Shift,3641,0,4095,0,29.56,2026-10-03T16:51:26
9845,AVG10,Person B,Right_Shift,3529.20,0.00,4095.00,0.00,29.51,2026-10-03T16:51:26
9846,RAW,Person B,Right_Shift,3483,0,4095,0,29.50,2026-10-03T16:51:27
9847,RAW,Person B,Right_Shift,3439,0,4095,0,29.56,2026-10-03T16:51:28
9848,RAW,Person B,Right_Shift,3348,0,4095,0,29.56,2026-10-03T16:51:29
9849,RAW,Person B,Right_Shift,3402,0,4095,0,29.56,2026-10-03T16:51:30
9850,RAW,Person B,Right_Shift,3431,0,4095,0,29.56,2026-10-03T16:51:31
9851,RAW,Person B,Right_Shift,3578,0,4095,0,29.56,2026-10-03T16:51:32
9852,RAW,Person B,Right_Shift,3484,0,4095,0,29.56,2026-10-03T16:51:33
9853,RAW,Person B,Right_Shift,3536,0,4095,0,29.56,2026-10-03T16:51:34
9854,RAW,Person B,Right_Shift,3582,0,4095,0,29.56,2026-10-03T16:51:35
9855,RAW,Person B,Right_Shift,3455,0,4095,0,29.56,2026-10-03T16:51:36
9856,AVG10,Person B,Right_Shift,3473.80,0.00,4095.00,0.00,29.56,2026-10-03T16:51:36
9857,RAW,Person B,Right_Shift,2857,0,4095,0,29.56,2026-10-03T16:51:37
9858,RAW,Person B,Right_Shift,3662,0,4095,0,29.56,2026-10-03T16:51:38
9859,RAW,Person B,Right_Shift,3290,0,4095,0,29.56,2026-10-03T16:51:39
9860,RAW,Person B,Right_Shift,3472,0,4095,0,29.56,2026-10-03T16:51:40
9861,RAW,Person B,Right_Shift,3473,0,4095,0,29.56,2026-10-03T16:51:41
9862,RAW,Person B,Right_Shift,3444,0,4095,0,29.56,2026-10-03T16:51:42
9863,RAW,Person B,Right_Shift,3444,0,4095,0,29.62,2026-10-03T16:51:43
9864,RAW,Person B,Right_Shift,3344,0,4095,0,29.56,2026-10-03T16:51:44
9865,RAW,Person B,Right_Shift,3411,0,4095,0,29.62,2026-10-03T16:51:45
9866,RAW,Person B,Right_Shift,3359,0,4095,0,29.62,2026-10-03T16:51:46
9867,AVG10,Person B,Right_Shift,3375.60,0.00,4095.00,0.00,29.58,2026-10-03T16:51:46
9868,RAW,Person B,Right_Shift,3395,0,4095,0,29.56,2026-10-03T16:51:47
9869,RAW,Person B,Right_Shift,3399,0,4095,0,29.62,2026-10-03T16:51:48
9870,RAW,Person B,Right_Shift,3407,0,4095,0,29.56,2026-10-03T16:51:49
9871,RAW,Person B,Right_Shift,3328,0,4095,0,29.62,2026-10-03T16:51:50
9872,RAW,Person B,Right_Shift,3312,0,4095,0,29.62,2026-10-03T16:51:51
9873,RAW,Person B,Right_Shift,3331,0,4095,0,29.62,2026-10-03T16:51:52
9874,RAW,Person B,Right_Shift,3243,0,4095,0,29.62,2026-10-03T16:51:53
9875,RAW,Person B,Right_Shift,3246,0,4095,0,29.62,2026-10-03T16:51:54
9876,RAW,Person B,Right_Shift,3084,0,4095,0,29.62,2026-10-03T16:51:55
9877,RAW,Person B,Right_Shift,3278,0,4095,0,29.62,2026-10-03T16:51:56
9878,AVG10,Person B,Right_Shift,3302.30,0.00,4095.00,0.00,29.61,2026-10-03T16:51:56
9879,RAW,Person B,Right_Shift,3495,0,4095,0,29.62,2026-10-03T16:51:57
9880,RAW,Person B,Right_Shift,3642,0,4095,0,29.62,2026-10-03T16:51:58
9881,RAW,Person B,Right_Shift,3002,0,4095,0,29.62,2026-10-03T16:51:59
9882,RAW,Person B,Right_Shift,3394,0,4095,0,29.62,2026-10-03T16:52:00
9883,RAW,Person B,Right_Shift,3577,0,4095,0,29.62,2026-10-03T16:52:01
9884,RAW,Person B,Right_Shift,3507,0,4095,0,29.62,2026-10-03T16:52:02
9885,RAW,Person B,Right_Shift,3062,0,4095,0,29.69,2026-10-03T16:52:03
9886,RAW,Person B,Right_Shift,3454,0,4095,0,29.69,2026-10-03T16:52:04
9887,RAW,Person B,Right_Shift,3535,0,4095,0,29.69,2026-10-03T16:52:05
9888,RAW,Person B,Right_Shift,3488,0,4095,0,29.62,2026-10-03T16:52:06
9889,AVG10,Person B,Right_Shift,3415.60,0.00,4095.00,0.00,29.64,2026-10-03T16:52:06
9890,RAW,Person B,Right_Shift,3262,0,4095,0,29.69,2026-10-03T16:52:07
9891,RAW,Person B,Right_Shift,3451,0,4095,0,29.69,2026-10-03T16:52:08
9892,RAW,Person B,Right_Shift,3552,0,4095,0,29.69,2026-10-03T16:52:09
9893,RAW,Person B,Right_Shift,3441,0,4095,0,29.69,2026-10-03T16:52:10
9894,RAW,Person B,Right_Shift,2379,0,4095,0,29.69,2026-10-03T16:52:11
9895,RAW,Person B,Right_Shift,3344,0,4095,0,29.69,2026-10-03T16:52:12
9896,RAW,Person B,Right_Shift,3086,0,4095,0,29.69,2026-10-03T16:52:13
9897,RAW,Person B,Right_Shift,3120,0,4095,0,29.69,2026-10-03T16:52:14
9898,RAW,Person B,Right_Shift,2689,0,4095,0,29.69,2026-10-03T16:52:15
9899,RAW,Person B,Right_Shift,2623,0,4095,0,29.75,2026-10-03T16:52:16
9900,AVG10,Person B,Right_Shift,3094.70,0.00,4095.00,0.00,29.69,2026-10-03T16:52:16
9901,RAW,Person B,Right_Shift,3088,0,4095,0,29.69,2026-10-03T16:52:17
9902,RAW,Person B,Right_Shift,3172,0,4095,0,29.69,2026-10-03T16:52:18
9903,RAW,Person B,Right_Shift,2675,0,4095,0,29.69,2026-10-03T16:52:19
9904,RAW,Person B,Right_Shift,2991,0,4095,0,29.69,2026-10-03T16:52:20
9905,RAW,Person B,Right_Shift,2677,0,4095,0,29.69,2026-10-03T16:52:21
9906,RAW,Person B,Right_Shift,3263,0,4095,0,29.69,2026-10-03T16:52:22
9907,RAW,Person B,Right_Shift,2850,0,4095,0,29.69,2026-10-03T16:52:23
9908,RAW,Person B,Right_Shift,2770,0,4095,0,29.69,2026-10-03T16:52:24
9909,RAW,Person B,Right_Shift,3225,0,4095,0,29.69,2026-10-03T16:52:25
9910,RAW,Person B,Right_Shift,3232,0,4095,0,29.69,2026-10-03T16:52:26
9911,AVG10,Person B,Right_Shift,2994.30,0.00,4095.00,0.00,29.69,2026-10-03T16:52:26
9912,RAW,Person B,Right_Shift,3095,0,4095,0,29.69,2026-10-03T16:52:27
9913,RAW,Person B,Right_Shift,3371,0,4095,0,29.75,2026-10-03T16:52:28
9914,RAW,Person B,Right_Shift,3091,0,4095,0,29.69,2026-10-03T16:52:29
9915,RAW,Person B,Right_Shift,2235,0,4095,0,29.69,2026-10-03T16:52:30
9916,RAW,Person B,Right_Shift,2447,0,4095,0,29.69,2026-10-03T16:52:31
9917,RAW,Person B,Right_Shift,2251,0,4095,0,29.75,2026-10-03T16:52:32
9918,RAW,Person B,Right_Shift,2149,0,4095,0,29.69,2026-10-03T16:52:33
9919,RAW,Person B,Right_Shift,2646,0,4095,0,29.69,2026-10-03T16:52:34
9920,RAW,Person B,Right_Shift,2293,0,4095,0,29.69,2026-10-03T16:52:35
9921,RAW,Person B,Right_Shift,2496,0,4095,0,29.69,2026-10-03T16:52:36
9922,AVG10,Person B,Right_Shift,2607.40,0.00,4095.00,0.00,29.70,2026-10-03T16:52:36
9923,RAW,Person B,Right_Shift,2397,0,4095,0,29.69,2026-10-03T16:52:37
9924,RAW,Person B,Right_Shift,2650,0,4095,0,29.69,2026-10-03T16:52:38
9925,RAW,Person B,Right_Shift,2222,0,4095,0,29.69,2026-10-03T16:52:39
9926,RAW,Person B,Right_Shift,3066,0,4095,0,29.69,2026-10-03T16:52:40
9927,RAW,Person B,Right_Shift,2187,0,4095,0,29.69,2026-10-03T16:52:41
9928,RAW,Person B,Right_Shift,2281,0,4095,0,29.69,2026-10-03T16:52:42
9929,RAW,Person B,Right_Shift,2597,0,4095,0,29.69,2026-10-03T16:52:43
9930,RAW,Person B,Right_Shift,2270,0,4095,0,29.69,2026-10-03T16:52:44
9931,RAW,Person B,Right_Shift,2640,0,4095,0,29.69,2026-10-03T16:52:45
9932,RAW,Person B,Right_Shift,2550,0,4095,0,29.69,2026-10-03T16:52:46
9933,AVG10,Person B,Right_Shift,2486.00,0.00,4095.00,0.00,29.69,2026-10-03T16:52:46
9934,RAW,Person B,Right_Shift,2727,0,4095,0,29.69,2026-10-03T16:52:47
9935,RAW,Person B,Right_Shift,2733,0,4095,0,29.69,2026-10-03T16:52:48
9936,RAW,Person B,Right_Shift,2803,0,4095,0,29.69,2026-10-03T16:52:49
9937,RAW,Person B,Right_Shift,2962,0,4095,0,29.69,2026-10-03T16:52:50
9938,RAW,Person B,Right_Shift,2761,0,4095,0,29.69,2026-10-03T16:52:51
9939,RAW,Person B,Right_Shift,3211,0,4095,0,29.69,2026-10-03T16:52:52
9940,RAW,Person B,Right_Shift,3008,0,4095,0,29.69,2026-10-03T16:52:53
9941,RAW,Person B,Right_Shift,3152,0,4095,0,29.69,2026-10-03T16:52:54
9942,RAW,Person B,Right_Shift,3130,0,4095,0,29.69,2026-10-03T16:52:55
9943,RAW,Person B,Right_Shift,2899,0,4095,0,29.69,2026-10-03T16:52:56
9944,AVG10,Person B,Right_Shift,2938.60,0.00,4095.00,0.00,29.69,2026-10-03T16:52:56
9945,RAW,Person B,Right_Shift,2801,0,4095,0,29.69,2026-10-03T16:52:57
9946,RAW,Person B,Right_Shift,2604,0,4095,0,29.69,2026-10-03T16:52:58
9947,RAW,Person B,Right_Shift,3458,0,4095,0,29.69,2026-10-03T16:52:59
9948,RAW,Person B,Right_Shift,3312,0,4095,0,29.69,2026-10-03T16:53:00
9949,RAW,Person B,Right_Shift,3491,0,4095,0,29.69,2026-10-03T16:53:01
9950,RAW,Person B,Right_Shift,3431,0,4095,0,29.69,2026-10-03T16:53:02
9951,RAW,Person B,Right_Shift,3482,0,4095,0,29.69,2026-10-03T16:53:03
9952,RAW,Person B,Right_Shift,3535,0,4095,0,29.69,2026-10-03T16:53:04
9953,RAW,Person B,Right_Shift,3627,0,4095,0,29.69,2026-10-03T16:53:05
9954,RAW,Person B,Right_Shift,3399,0,4095,0,29.69,2026-10-03T16:53:06
9955,AVG10,Person B,Right_Shift,3314.00,0.00,4095.00,0.00,29.69,2026-10-03T16:53:06
9956,RAW,Person B,Right_Shift,3457,0,4095,0,29.69,2026-10-03T16:53:07
9957,RAW,Person B,Right_Shift,3349,0,4095,0,29.69,2026-10-03T16:53:08
9958,RAW,Person B,Right_Shift,2805,0,4095,0,29.69,2026-10-03T16:53:09
9959,RAW,Person B,Right_Shift,1904,0,4095,0,29.75,2026-10-03T16:53:10
9960,RAW,Person B,Right_Shift,2190,0,4095,0,29.69,2026-10-03T16:53:11
9961,RAW,Person B,Right_Shift,2124,0,4095,0,29.69,2026-10-03T16:53:12
9962,RAW,Person B,Right_Shift,2242,0,4095,0,29.69,2026-10-03T16:53:13
9963,RAW,Person B,Right_Shift,3408,0,4095,0,29.75,2026-10-03T16:53:14
9964,RAW,Person B,Right_Shift,3805,0,4095,0,29.69,2026-10-03T16:53:15
9965,RAW,Person B,Right_Shift,3814,0,4095,0,29.69,2026-10-03T16:53:16
9966,AVG10,Person B,Right_Shift,2909.80,0.00,4095.00,0.00,29.70,2026-10-03T16:53:16
9967,RAW,Person B,Right_Shift,3825,0,4095,0,29.69,2026-10-03T16:53:17
9968,RAW,Person B,Right_Shift,3877,0,4095,0,29.69,2026-10-03T16:53:18
9969,RAW,Person B,Right_Shift,3879,0,4095,0,29.75,2026-10-03T16:53:19
9970,RAW,Person B,Right_Shift,3873,0,4095,0,29.75,2026-10-03T16:53:20
9971,RAW,Person B,Right_Shift,3866,0,4095,0,29.75,2026-10-03T16:53:21
9972,RAW,Person B,Right_Shift,3883,0,4095,0,29.75,2026-10-03T16:53:22
9973,RAW,Person B,Right_Shift,3910,0,4095,0,29.69,2026-10-03T16:53:23
9974,RAW,Person B,Right_Shift,3474,0,4095,0,29.75,2026-10-03T16:53:24
9975,RAW,Person B,Right_Shift,3630,0,4095,0,29.75,2026-10-03T16:53:25
9976,RAW,Person B,Right_Shift,3502,0,4095,0,29.75,2026-10-03T16:53:26
9977,AVG10,Person B,Right_Shift,3771.90,0.00,4095.00,0.00,29.73,2026-10-03T16:53:26
9978,RAW,Person B,Right_Shift,3500,0,4095,0,29.75,2026-10-03T16:53:27
9979,RAW,Person B,Right_Shift,3517,0,4095,0,29.75,2026-10-03T16:53:28
9980,RAW,Person B,Right_Shift,3503,0,4095,0,29.75,2026-10-03T16:53:29
9981,RAW,Person B,Right_Shift,3520,0,4095,0,29.75,2026-10-03T16:53:30
9982,RAW,Person B,Right_Shift,3392,0,4095,0,29.75,2026-10-03T16:53:31
9983,RAW,Person B,Right_Shift,3498,0,4095,0,29.75,2026-10-03T16:53:32
9984,RAW,Person B,Right_Shift,3487,0,4095,0,29.75,2026-10-03T16:53:33
9985,RAW,Person B,Right_Shift,3472,0,4095,0,29.75,2026-10-03T16:53:34
9986,RAW,Person B,Right_Shift,3499,0,4095,0,29.75,2026-10-03T16:53:35
9987,RAW,Person B,Right_Shift,3413,0,4095,0,29.75,2026-10-03T16:53:36
9988,AVG10,Person B,Right_Shift,3480.10,0.00,4095.00,0.00,29.75,2026-10-03T16:53:36
9989,RAW,Person B,Right_Shift,3458,0,4095,0,29.75,2026-10-03T16:53:37
9990,RAW,Person B,Right_Shift,3477,0,4095,0,29.75,2026-10-03T16:53:38
9991,RAW,Person B,Right_Shift,3374,0,4095,0,29.75,2026-10-03T16:53:39
9992,RAW,Person B,Right_Shift,3403,0,4095,0,29.75,2026-10-03T16:53:40
9993,RAW,Person B,Right_Shift,3397,0,4095,0,29.75,2026-10-03T16:53:41
9994,RAW,Person B,Right_Shift,3328,0,4095,0,29.75,2026-10-03T16:53:42
9995,RAW,Person B,Right_Shift,3411,0,4095,0,29.75,2026-10-03T16:53:43
9996,RAW,Person B,Right_Shift,3455,0,4095,0,29.75,2026-10-03T16:53:44
9997,RAW,Person B,Right_Shift,3376,0,4095,0,29.75,2026-10-03T16:53:45
9998,RAW,Person B,Right_Shift,3393,0,4095,0,29.75,2026-10-03T16:53:46
9999,AVG10,Person B,Right_Shift,3407.20,0.00,4095.00,0.00,29.75,2026-10-03T16:53:46
10000,RAW,Person B,Right_Shift,3328,0,4095,0,29.75,2026-10-03T16:53:47
10001,RAW,Person B,Right_Shift,3365,0,4095,0,29.75,2026-10-03T16:53:48
10002,RAW,Person B,Right_Shift,3265,0,4095,0,29.75,2026-10-03T16:53:49
10003,RAW,Person B,Right_Shift,3216,0,4095,0,29.75,2026-10-03T16:53:50
10004,RAW,Person B,Right_Shift,2719,0,4095,0,29.75,2026-10-03T16:53:51
10005,RAW,Person B,Right_Shift,2916,0,4095,0,29.75,2026-10-03T16:53:52
10006,RAW,Person B,Right_Shift,3043,0,4095,0,29.75,2026-10-03T16:53:53
10007,RAW,Person B,Right_Shift,3017,0,4095,0,29.75,2026-10-03T16:53:54
10008,RAW,Person B,Right_Shift,3174,0,4095,0,29.75,2026-10-03T16:53:55
10009,RAW,Person B,Right_Shift,2635,0,4095,0,29.75,2026-10-03T16:53:56
10010,AVG10,Person B,Right_Shift,3067.80,0.00,4095.00,0.00,29.75,2026-10-03T16:53:56
10011,RAW,Person B,Right_Shift,2993,0,4095,0,29.75,2026-10-03T16:53:57
10012,RAW,Person B,Right_Shift,2752,0,4095,0,29.75,2026-10-03T16:53:58
10013,RAW,Person B,Right_Shift,2987,0,4095,0,29.75,2026-10-03T16:53:59
10014,RAW,Person B,Right_Shift,2811,0,4095,0,29.75,2026-10-03T16:54:00
10015,RAW,Person B,Right_Shift,2713,0,4095,0,29.75,2026-10-03T16:54:01
10016,RAW,Person B,Right_Shift,2957,0,4095,0,29.75,2026-10-03T16:54:02
10017,RAW,Person B,Right_Shift,2919,0,4095,0,29.75,2026-10-03T16:54:03
10018,RAW,Person B,Right_Shift,2800,0,4095,0,29.75,2026-10-03T16:54:04
10019,RAW,Person B,Right_Shift,2907,0,4095,0,29.75,2026-10-03T16:54:05
10020,RAW,Person B,Right_Shift,2762,0,4095,0,29.75,2026-10-03T16:54:06
10021,AVG10,Person B,Right_Shift,2860.10,0.00,4095.00,0.00,29.75,2026-10-03T16:54:06
10022,RAW,Person B,Right_Shift,2787,0,4095,0,29.75,2026-10-03T16:54:07
10023,RAW,Person B,Right_Shift,2913,0,4095,0,29.75,2026-10-03T16:54:08
10024,RAW,Person B,Right_Shift,2937,0,4095,0,29.75,2026-10-03T16:54:09
10025,RAW,Person B,Right_Shift,2716,0,4095,0,29.75,2026-10-03T16:54:10
10026,RAW,Person B,Right_Shift,2783,0,4095,0,29.75,2026-10-03T16:54:11
10027,RAW,Person B,Right_Shift,2784,0,4095,0,29.75,2026-10-03T16:54:12
10028,RAW,Person B,Right_Shift,2651,0,4095,0,29.75,2026-10-03T16:54:13
10029,RAW,Person B,Right_Shift,1870,0,4095,0,29.75,2026-10-03T16:54:14
10030,RAW,Person B,Right_Shift,2223,0,4095,0,29.75,2026-10-03T16:54:15
10031,RAW,Person B,Right_Shift,2015,0,4095,0,29.75,2026-10-03T16:54:16
10032,AVG10,Person B,Right_Shift,2567.90,0.00,4095.00,0.00,29.75,2026-10-03T16:54:16
10033,RAW,Person B,Right_Shift,2224,0,4095,0,29.75,2026-10-03T16:54:17
10034,RAW,Person B,Right_Shift,2112,0,4095,0,29.75,2026-10-03T16:54:18
10058,RAW,Person B,Right_Shift,0,3985,4095,0,29.75,2026-10-03T16:54:40
10059,RAW,Person B,Right_Shift,0,3982,4095,0,29.75,2026-10-03T16:54:41
10060,RAW,Person B,Right_Shift,0,3977,4095,0,29.75,2026-10-03T16:54:42
10061,RAW,Person B,Right_Shift,0,3953,4095,0,29.75,2026-10-03T16:54:43
10062,RAW,Person B,Right_Shift,0,3980,4095,0,29.75,2026-10-03T16:54:44
10063,RAW,Person B,Right_Shift,0,3965,4095,0,29.75,2026-10-03T16:54:45
10064,RAW,Person B,Right_Shift,0,3946,4095,0,29.81,2026-10-03T16:54:46
10065,AVG10,Person B,Right_Shift,0.70,3995.10,4095.00,0.00,29.76,2026-10-03T16:54:46
10066,RAW,Person B,Right_Shift,0,3970,4095,0,29.81,2026-10-03T16:54:47
10067,RAW,Person B,Right_Shift,0,3991,4095,0,29.75,2026-10-03T16:54:48
10068,RAW,Person B,Right_Shift,0,3988,4095,0,29.75,2026-10-03T16:54:49
10069,RAW,Person B,Right_Shift,0,3935,4095,0,29.81,2026-10-03T16:54:50
10070,RAW,Person B,Right_Shift,0,3911,4095,0,29.81,2026-10-03T16:54:51
10071,RAW,Person B,Right_Shift,0,3923,4095,0,29.81,2026-10-03T16:54:52
10072,RAW,Person B,Right_Shift,0,3943,4095,0,29.81,2026-10-03T16:54:53
10073,RAW,Person B,Right_Shift,0,3952,4095,0,29.75,2026-10-03T16:54:54
10074,RAW,Person B,Right_Shift,0,3977,4095,0,29.81,2026-10-03T16:54:55
10075,RAW,Person B,Right_Shift,0,4014,4095,0,29.81,2026-10-03T16:54:56
10076,AVG10,Person B,Right_Shift,0.00,3960.40,4095.00,0.00,29.79,2026-10-03T16:54:56
10077,RAW,Person B,Right_Shift,0,3985,4095,0,29.81,2026-10-03T16:54:57
10078,RAW,Person B,Right_Shift,0,4016,4095,0,29.81,2026-10-03T16:54:58
10079,RAW,Person B,Right_Shift,0,3979,4095,0,29.81,2026-10-03T16:54:59
10080,RAW,Person B,Right_Shift,0,4009,4095,0,29.81,2026-10-03T16:55:00
10081,RAW,Person B,Right_Shift,0,4014,4095,0,29.81,2026-10-03T16:55:01
10082,RAW,Person B,Right_Shift,0,3894,4095,3930,29.81,2026-10-03T16:55:02
10083,RAW,Person B,Right_Shift,0,3729,4095,4095,29.81,2026-10-03T16:55:03
10084,RAW,Person B,Right_Shift,0,3319,4095,4095,29.81,2026-10-03T16:55:04
10085,RAW,Person B,Right_Shift,0,3526,4095,4095,29.81,2026-10-03T16:55:05
10086,RAW,Person B,Right_Shift,0,3730,4095,4031,29.81,2026-10-03T16:55:06
10087,AVG10,Person B,Right_Shift,0.00,3820.10,4095.00,2024.60,29.81,2026-10-03T16:55:06
10088,RAW,Person B,Right_Shift,0,3824,4095,2735,29.81,2026-10-03T16:55:07
10089,RAW,Person B,Right_Shift,0,3843,4095,1343,29.81,2026-10-03T16:55:08
10090,RAW,Person B,Right_Shift,0,3863,4095,2474,29.81,2026-10-03T16:55:09
10091,RAW,Person B,Right_Shift,0,3854,4095,2607,29.81,2026-10-03T16:55:10
10092,RAW,Person B,Right_Shift,0,3859,4095,2643,29.81,2026-10-03T16:55:11
10093,RAW,Person B,Right_Shift,0,3921,4095,3455,29.81,2026-10-03T16:55:12
10094,RAW,Person B,Right_Shift,0,3907,4095,2797,29.81,2026-10-03T16:55:13
10095,RAW,Person B,Right_Shift,0,3913,4095,3324,29.87,2026-10-03T16:55:14
10096,RAW,Person B,Right_Shift,0,3935,4095,1261,29.87,2026-10-03T16:55:15
10097,RAW,Person B,Right_Shift,0,3921,4095,3154,29.87,2026-10-03T16:55:16
10098,AVG10,Person B,Right_Shift,0.00,3884.00,4095.00,2579.30,29.83,2026-10-03T16:55:16
10099,RAW,Person B,Right_Shift,0,3916,4095,2832,29.81,2026-10-03T16:55:17
10100,RAW,Person B,Right_Shift,0,3888,4095,1424,29.87,2026-10-03T16:55:18
10101,RAW,Person B,Right_Shift,0,3885,4095,2427,29.87,2026-10-03T16:55:19
10102,RAW,Person B,Right_Shift,0,3817,4095,0,29.87,2026-10-03T16:55:20
10103,RAW,Person B,Right_Shift,0,3834,4095,2160,29.87,2026-10-03T16:55:21
10104,RAW,Person B,Right_Shift,0,3839,4095,2469,29.87,2026-10-03T16:55:22
10105,RAW,Person B,Right_Shift,0,3867,4095,2661,29.87,2026-10-03T16:55:23
10106,RAW,Person B,Right_Shift,0,3853,4095,2451,29.87,2026-10-03T16:55:24
10107,RAW,Person B,Right_Shift,0,3883,4095,2923,29.87,2026-10-03T16:55:25
10108,RAW,Person B,Right_Shift,0,3861,4095,2670,29.87,2026-10-03T16:55:26
10109,AVG10,Person B,Right_Shift,0.00,3864.30,4095.00,2201.70,29.87,2026-10-03T16:55:26
10110,RAW,Person B,Right_Shift,0,3882,4095,2915,29.87,2026-10-03T16:55:27
10111,RAW,Person B,Right_Shift,0,3839,4095,2487,29.87,2026-10-03T16:55:28
10112,RAW,Person B,Right_Shift,0,3831,4095,2384,29.94,2026-10-03T16:55:29
10113,RAW,Person B,Right_Shift,0,3856,4095,2615,29.87,2026-10-03T16:55:30
10114,RAW,Person B,Right_Shift,0,3850,4095,2422,29.94,2026-10-03T16:55:31
10115,RAW,Person B,Right_Shift,0,3831,4095,1183,29.87,2026-10-03T16:55:32
10116,RAW,Person B,Right_Shift,0,3839,4095,2290,29.94,2026-10-03T16:55:33
10117,RAW,Person B,Right_Shift,0,3827,4095,2262,29.94,2026-10-03T16:55:34
10118,RAW,Person B,Right_Shift,0,3808,4095,0,29.94,2026-10-03T16:55:35
10119,RAW,Person B,Right_Shift,0,3820,4095,2305,29.94,2026-10-03T16:55:36
10120,AVG10,Person B,Right_Shift,0.00,3838.30,4095.00,2086.30,29.91,2026-10-03T16:55:36
10121,RAW,Person B,Right_Shift,0,3803,4095,0,29.94,2026-10-03T16:55:37
10122,RAW,Person B,Right_Shift,0,3835,4095,426,29.94,2026-10-03T16:55:38
10123,RAW,Person B,Right_Shift,0,3823,4095,0,29.94,2026-10-03T16:55:39
10124,RAW,Person B,Right_Shift,0,3824,4095,1283,29.94,2026-10-03T16:55:40
10125,RAW,Person B,Right_Shift,0,3841,4095,2219,29.94,2026-10-03T16:55:41
10126,RAW,Person B,Right_Shift,0,3814,4095,0,29.94,2026-10-03T16:55:42
10127,RAW,Person B,Right_Shift,0,3833,4095,2110,29.94,2026-10-03T16:55:43
10128,RAW,Person B,Right_Shift,0,3807,4095,0,29.94,2026-10-03T16:55:44
10129,RAW,Person B,Right_Shift,0,3825,4095,1998,29.94,2026-10-03T16:55:45
10130,RAW,Person B,Right_Shift,0,3803,4095,0,29.94,2026-10-03T16:55:46
10131,AVG10,Person B,Right_Shift,0.00,3820.80,4095.00,803.60,29.94,2026-10-03T16:55:46
10132,RAW,Person B,Right_Shift,0,3825,4095,1808,30.00,2026-10-03T16:55:47
10133,RAW,Person B,Right_Shift,0,3847,4095,2288,29.94,2026-10-03T16:55:48
10134,RAW,Person B,Right_Shift,0,3831,4095,2238,29.94,2026-10-03T16:55:49
10135,RAW,Person B,Right_Shift,0,3824,4095,1929,29.94,2026-10-03T16:55:50
10136,RAW,Person B,Right_Shift,0,3825,4095,2273,29.94,2026-10-03T16:55:51
10137,RAW,Person B,Right_Shift,0,3833,4095,2203,30.00,2026-10-03T16:55:52
10138,RAW,Person B,Right_Shift,0,3824,4095,1251,30.00,2026-10-03T16:55:53
10139,RAW,Person B,Right_Shift,0,3823,4095,2214,30.00,2026-10-03T16:55:54
10140,RAW,Person B,Right_Shift,0,3811,4095,1296,30.00,2026-10-03T16:55:55
10141,RAW,Person B,Right_Shift,0,3823,4095,2102,30.00,2026-10-03T16:55:56
10142,AVG10,Person B,Right_Shift,0.00,3826.60,4095.00,1960.20,29.98,2026-10-03T16:55:56
10143,RAW,Person B,Right_Shift,0,3799,4095,0,30.00,2026-10-03T16:55:57
10144,RAW,Person B,Right_Shift,0,3808,4095,0,30.00,2026-10-03T16:55:58
10145,RAW,Person B,Right_Shift,0,3819,4095,0,30.00,2026-10-03T16:55:59
10146,RAW,Person B,Right_Shift,0,3829,4095,951,30.00,2026-10-03T16:56:00
10147,RAW,Person B,Right_Shift,0,3815,4095,0,30.00,2026-10-03T16:56:01
10148,RAW,Person B,Right_Shift,0,3807,4095,0,30.00,2026-10-03T16:56:02
10149,RAW,Person B,Right_Shift,0,3808,4095,0,30.00,2026-10-03T16:56:03
10150,RAW,Person B,Right_Shift,0,3807,4095,0,30.00,2026-10-03T16:56:04
10151,RAW,Person B,Right_Shift,0,3799,4095,0,30.00,2026-10-03T16:56:05
10152,RAW,Person B,Right_Shift,0,3836,4095,2221,30.06,2026-10-03T16:56:06
10153,AVG10,Person B,Right_Shift,0.00,3812.70,4095.00,317.20,30.01,2026-10-03T16:56:06
10154,RAW,Person B,Right_Shift,0,3830,4095,1773,30.06,2026-10-03T16:56:07
10155,RAW,Person B,Right_Shift,0,3834,4095,937,30.06,2026-10-03T16:56:08
10156,RAW,Person B,Right_Shift,0,3824,4095,0,30.00,2026-10-03T16:56:09
10157,RAW,Person B,Right_Shift,0,3831,4095,2155,30.06,2026-10-03T16:56:10
10158,RAW,Person B,Right_Shift,0,3824,4095,0,30.06,2026-10-03T16:56:11
10159,RAW,Person B,Right_Shift,0,3827,4095,1289,30.06,2026-10-03T16:56:12
10160,RAW,Person B,Right_Shift,0,3840,4095,2348,30.06,2026-10-03T16:56:13
10161,RAW,Person B,Right_Shift,0,3827,4095,1177,30.06,2026-10-03T16:56:14
10162,RAW,Person B,Right_Shift,0,3805,4095,0,30.06,2026-10-03T16:56:15
10163,RAW,Person B,Right_Shift,0,3809,4095,0,30.06,2026-10-03T16:56:16
10164,AVG10,Person B,Right_Shift,0.00,3825.10,4095.00,967.90,30.06,2026-10-03T16:56:16
10165,RAW,Person B,Right_Shift,0,3835,4095,2285,30.06,2026-10-03T16:56:17
10166,RAW,Person B,Right_Shift,0,3821,4095,2047,30.06,2026-10-03T16:56:18
10167,RAW,Person B,Right_Shift,0,3837,4095,2201,30.06,2026-10-03T16:56:19
10168,RAW,Person B,Right_Shift,0,3835,4095,2477,30.06,2026-10-03T16:56:20
10169,RAW,Person B,Right_Shift,0,3821,4095,2115,30.06,2026-10-03T16:56:21
10170,RAW,Person B,Right_Shift,0,3824,4095,2240,30.06,2026-10-03T16:56:22
10171,RAW,Person B,Right_Shift,0,3805,4095,0,30.06,2026-10-03T16:56:23
10172,RAW,Person B,Right_Shift,0,3819,4095,1775,30.06,2026-10-03T16:56:24
10173,RAW,Person B,Right_Shift,0,3799,4095,0,30.06,2026-10-03T16:56:25
10174,RAW,Person B,Right_Shift,0,3815,4095,1459,30.12,2026-10-03T16:56:26
10175,AVG10,Person B,Right_Shift,0.00,3821.10,4095.00,1659.90,30.07,2026-10-03T16:56:26
10176,RAW,Person B,Right_Shift,0,3809,4095,0,30.12,2026-10-03T16:56:27
10177,RAW,Person B,Right_Shift,0,3814,4095,1535,30.06,2026-10-03T16:56:28
10178,RAW,Person B,Right_Shift,0,3796,4095,0,30.06,2026-10-03T16:56:29
10179,RAW,Person B,Right_Shift,0,3806,4095,1467,30.12,2026-10-03T16:56:30
10180,RAW,Person B,Right_Shift,0,3799,4095,0,30.12,2026-10-03T16:56:31
10181,RAW,Person B,Right_Shift,0,3806,4095,1558,30.06,2026-10-03T16:56:32
10182,RAW,Person B,Right_Shift,0,3811,4095,2071,30.12,2026-10-03T16:56:33
10183,RAW,Person B,Right_Shift,0,3793,4095,0,30.06,2026-10-03T16:56:34
10184,RAW,Person B,Right_Shift,0,3815,4095,881,30.12,2026-10-03T16:56:35
10185,RAW,Person B,Right_Shift,0,3795,4095,0,30.12,2026-10-03T16:56:36
10186,AVG10,Person B,Right_Shift,0.00,3804.40,4095.00,751.20,30.10,2026-10-03T16:56:36
10187,RAW,Person B,Right_Shift,0,3775,4095,0,30.12,2026-10-03T16:56:37
10188,RAW,Person B,Right_Shift,0,3792,4095,332,30.12,2026-10-03T16:56:38
10189,RAW,Person B,Right_Shift,0,3794,4095,1502,30.06,2026-10-03T16:56:39
10190,RAW,Person B,Right_Shift,0,3798,4095,1584,30.12,2026-10-03T16:56:40
10191,RAW,Person B,Right_Shift,0,3787,4095,843,30.12,2026-10-03T16:56:41
10192,RAW,Person B,Right_Shift,0,3773,4095,0,30.12,2026-10-03T16:56:42
10193,RAW,Person B,Right_Shift,0,3783,4095,0,30.12,2026-10-03T16:56:43
10194,RAW,Person B,Right_Shift,0,3792,4095,2065,30.12,2026-10-03T16:56:44
10195,RAW,Person B,Right_Shift,0,3792,4095,2652,30.12,2026-10-03T16:56:45
10196,RAW,Person B,Right_Shift,0,3756,4095,1441,30.12,2026-10-03T16:56:46
10197,AVG10,Person B,Right_Shift,0.00,3784.20,4095.00,1041.90,30.12,2026-10-03T16:56:46
10198,RAW,Person B,Right_Shift,0,3758,4095,1731,30.12,2026-10-03T16:56:47
10199,RAW,Person B,Right_Shift,0,3758,4095,1424,30.12,2026-10-03T16:56:48
10200,RAW,Person B,Right_Shift,0,3778,4095,2246,30.12,2026-10-03T16:56:49
10201,RAW,Person B,Right_Shift,0,3786,4095,2458,30.12,2026-10-03T16:56:50
10202,RAW,Person B,Right_Shift,0,3781,4095,2333,30.12,2026-10-03T16:56:51
10203,RAW,Person B,Right_Shift,0,3792,4095,2587,30.12,2026-10-03T16:56:52
10204,RAW,Person B,Right_Shift,0,3795,4095,2559,30.12,2026-10-03T16:56:53
10205,RAW,Person B,Right_Shift,0,3782,4095,2599,30.12,2026-10-03T16:56:54
10206,RAW,Person B,Right_Shift,0,3781,4095,2628,30.12,2026-10-03T16:56:55
10207,RAW,Person B,Right_Shift,0,3792,4095,2811,30.12,2026-10-03T16:56:56
10208,AVG10,Person B,Right_Shift,0.00,3780.30,4095.00,2337.60,30.12,2026-10-03T16:56:56
10209,RAW,Person B,Right_Shift,0,3781,4095,2660,30.12,2026-10-03T16:56:57
10210,RAW,Person B,Right_Shift,0,3734,4095,791,30.12,2026-10-03T16:56:58
10211,RAW,Person B,Right_Shift,0,3776,4095,2363,30.12,2026-10-03T16:56:59
10212,RAW,Person B,Right_Shift,0,3757,4095,2550,30.12,2026-10-03T16:57:00
10213,RAW,Person B,Right_Shift,0,3777,4095,2477,30.12,2026-10-03T16:57:01
10214,RAW,Person B,Right_Shift,0,3899,4095,3771,30.12,2026-10-03T16:57:02
10215,RAW,Person B,Right_Shift,0,3921,4095,3698,30.12,2026-10-03T16:57:03
10216,RAW,Person B,Right_Shift,0,4041,4095,1982,30.19,2026-10-03T16:57:04
10217,RAW,Person B,Right_Shift,0,3952,4095,0,30.12,2026-10-03T16:57:05
10218,RAW,Person B,Right_Shift,0,3949,4095,0,30.19,2026-10-03T16:57:06
10219,AVG10,Person B,Right_Shift,0.00,3858.70,4095.00,2029.20,30.14,2026-10-03T16:57:06
10220,RAW,Person B,Right_Shift,0,3937,4095,0,30.12,2026-10-03T16:57:07
10221,RAW,Person B,Right_Shift,0,3909,4095,0,30.19,2026-10-03T16:57:08
10222,RAW,Person B,Right_Shift,0,3943,4095,0,30.12,2026-10-03T16:57:09
10223,RAW,Person B,Right_Shift,0,3943,4095,0,30.12,2026-10-03T16:57:10
10224,RAW,Person B,Right_Shift,0,3950,4095,0,30.19,2026-10-03T16:57:11
10225,RAW,Person B,Right_Shift,0,3959,4095,1220,30.12,2026-10-03T16:57:12
10226,RAW,Person B,Right_Shift,0,3843,4095,0,30.19,2026-10-03T16:57:13
10227,RAW,Person B,Right_Shift,0,3901,4095,0,30.12,2026-10-03T16:57:14
10228,RAW,Person B,Right_Shift,0,3863,4095,0,30.19,2026-10-03T16:57:15
10229,RAW,Person B,Right_Shift,0,3903,4095,0,30.19,2026-10-03T16:57:16
10230,AVG10,Person B,Right_Shift,0.00,3915.10,4095.00,122.00,30.16,2026-10-03T16:57:16
10231,RAW,Person B,Right_Shift,0,3856,4095,0,30.19,2026-10-03T16:57:17
10232,RAW,Person B,Right_Shift,0,3902,4095,0,30.19,2026-10-03T16:57:18
10233,RAW,Person B,Right_Shift,0,3887,4095,0,30.19,2026-10-03T16:57:19
10234,RAW,Person B,Right_Shift,0,3920,4095,0,30.19,2026-10-03T16:57:20
10235,RAW,Person B,Right_Shift,0,3889,4095,0,30.19,2026-10-03T16:57:21
10236,RAW,Person B,Right_Shift,0,3901,4095,0,30.19,2026-10-03T16:57:22
10237,RAW,Person B,Right_Shift,0,3887,4095,0,30.19,2026-10-03T16:57:23
10238,RAW,Person B,Right_Shift,0,3905,4095,0,30.19,2026-10-03T16:57:24
10239,RAW,Person B,Right_Shift,0,3884,4095,0,30.19,2026-10-03T16:57:25
10240,RAW,Person B,Right_Shift,0,3847,4095,0,30.19,2026-10-03T16:57:26
10241,AVG10,Person B,Right_Shift,0.00,3887.80,4095.00,0.00,30.19,2026-10-03T16:57:26
10242,RAW,Person B,Right_Shift,0,3839,4095,0,30.19,2026-10-03T16:57:27
10243,RAW,Person B,Right_Shift,0,3904,4095,0,30.25,2026-10-03T16:57:28
10244,RAW,Person B,Right_Shift,0,3846,4095,0,30.19,2026-10-03T16:57:29
10245,RAW,Person B,Right_Shift,0,3895,4095,0,30.19,2026-10-03T16:57:30
10246,RAW,Person B,Right_Shift,0,3834,4095,3215,30.19,2026-10-03T16:57:31
10247,RAW,Person B,Right_Shift,0,3875,4095,3269,30.19,2026-10-03T16:57:32
10248,RAW,Person B,Right_Shift,0,3856,4095,2649,30.19,2026-10-03T16:57:33
10249,RAW,Person B,Right_Shift,0,3859,4095,2626,30.19,2026-10-03T16:57:34
10250,RAW,Person B,Right_Shift,0,3839,4095,2364,30.19,2026-10-03T16:57:35
10251,RAW,Person B,Right_Shift,0,3856,4095,2414,30.19,2026-10-03T16:57:36
10252,AVG10,Person B,Right_Shift,0.00,3860.30,4095.00,1653.70,30.19,2026-10-03T16:57:36
10253,RAW,Person B,Right_Shift,0,3823,4095,0,30.19,2026-10-03T16:57:37
10254,RAW,Person B,Right_Shift,0,3824,4095,0,30.19,2026-10-03T16:57:38
10255,RAW,Person B,Right_Shift,0,3842,4095,0,30.19,2026-10-03T16:57:39
10256,RAW,Person B,Right_Shift,0,3799,4095,0,30.25,2026-10-03T16:57:40
10257,RAW,Person B,Right_Shift,0,3854,4095,2525,30.19,2026-10-03T16:57:41
10258,RAW,Person B,Right_Shift,0,3819,4095,1700,30.19,2026-10-03T16:57:42
10259,RAW,Person B,Right_Shift,0,3824,4095,0,30.19,2026-10-03T16:57:43
10260,RAW,Person B,Right_Shift,0,3831,4095,0,30.19,2026-10-03T16:57:44
10261,RAW,Person B,Right_Shift,0,3811,4095,1506,30.19,2026-10-03T16:57:45
10262,RAW,Person B,Right_Shift,0,3824,4095,2543,30.19,2026-10-03T16:57:46
10263,AVG10,Person B,Right_Shift,0.00,3825.10,4095.00,827.40,30.19,2026-10-03T16:57:46
10264,RAW,Person B,Right_Shift,0,3856,4095,2728,30.19,2026-10-03T16:57:47
10265,RAW,Person B,Right_Shift,0,3807,4095,1997,30.25,2026-10-03T16:57:48
10266,RAW,Person B,Right_Shift,0,3784,4095,0,30.25,2026-10-03T16:57:49
10267,RAW,Person B,Right_Shift,0,3813,4095,0,30.25,2026-10-03T16:57:50
10268,RAW,Person B,Right_Shift,0,3782,4095,1040,30.25,2026-10-03T16:57:51
10269,RAW,Person B,Right_Shift,0,3778,4095,0,30.25,2026-10-03T16:57:52
10270,RAW,Person B,Right_Shift,0,3770,4095,0,30.25,2026-10-03T16:57:53
10271,RAW,Person B,Right_Shift,0,3578,4095,0,30.25,2026-10-03T16:57:54
10272,RAW,Person B,Right_Shift,0,3674,4095,0,30.25,2026-10-03T16:57:55
10273,RAW,Person B,Right_Shift,0,3759,4095,0,30.25,2026-10-03T16:57:56
10274,AVG10,Person B,Right_Shift,0.00,3760.10,4095.00,576.50,30.24,2026-10-03T16:57:56
10275,RAW,Person B,Right_Shift,0,3770,4095,0,30.25,2026-10-03T16:57:57
10276,RAW,Person B,Right_Shift,0,3748,4095,0,30.25,2026-10-03T16:57:58
10277,RAW,Person B,Right_Shift,0,3734,4095,0,30.25,2026-10-03T16:57:59
10278,RAW,Person B,Right_Shift,0,3797,4095,0,30.25,2026-10-03T16:58:00
10279,RAW,Person B,Right_Shift,0,3755,4095,0,30.25,2026-10-03T16:58:01
10280,RAW,Person B,Right_Shift,0,3715,4095,0,30.25,2026-10-03T16:58:02
10281,RAW,Person B,Right_Shift,0,3747,4095,0,30.25,2026-10-03T16:58:03
10282,RAW,Person B,Right_Shift,0,3657,4095,0,30.25,2026-10-03T16:58:04
10283,RAW,Person B,Right_Shift,0,3780,4095,0,30.25,2026-10-03T16:58:0510284,RAW,Person B,Right_Shift,0,3760,4095,0,30.25,2026-10-03T16:58:06
10285,AVG10,Person B,Right_Shift,0.00,3746.30,4095.00,0.00,30.25,2026-10-03T16:58:06
10286,RAW,Person B,Right_Shift,0,3723,4095,0,30.25,2026-10-03T16:58:07
10287,RAW,Person B,Right_Shift,0,3781,4095,0,30.25,2026-10-03T16:58:08
10288,RAW,Person B,Right_Shift,0,3725,4095,0,30.25,2026-10-03T16:58:09
10289,RAW,Person B,Right_Shift,0,3781,4095,0,30.25,2026-10-03T16:58:10
10290,RAW,Person B,Right_Shift,0,3659,4095,0,30.25,2026-10-03T16:58:11
10291,RAW,Person B,Right_Shift,0,3699,4095,0,30.25,2026-10-03T16:58:12
10292,RAW,Person B,Right_Shift,0,3792,4095,2313,30.25,2026-10-03T16:58:13
10293,RAW,Person B,Right_Shift,0,3771,4095,2362,30.25,2026-10-03T16:58:14
10294,RAW,Person B,Right_Shift,0,3760,4095,0,30.25,2026-10-03T16:58:15
10295,RAW,Person B,Right_Shift,0,3682,4095,0,30.25,2026-10-03T16:58:16
10296,AVG10,Person B,Right_Shift,0.00,3737.30,4095.00,467.50,30.25,2026-10-03T16:58:16
10297,RAW,Person B,Right_Shift,0,3761,4095,0,30.31,2026-10-03T16:58:17
10298,RAW,Person B,Right_Shift,0,3791,4095,0,30.31,2026-10-03T16:58:18
10299,RAW,Person B,Right_Shift,0,3747,4095,0,30.25,2026-10-03T16:58:19
10300,RAW,Person B,Right_Shift,0,3766,4095,0,30.25,2026-10-03T16:58:20
10301,RAW,Person B,Right_Shift,0,3719,4095,0,30.25,2026-10-03T16:58:21
10302,RAW,Person B,Right_Shift,0,3749,4095,261,30.31,2026-10-03T16:58:22
10303,RAW,Person B,Right_Shift,0,3729,4095,0,30.25,2026-10-03T16:58:23
10304,RAW,Person B,Right_Shift,0,3770,4095,1327,30.31,2026-10-03T16:58:24
10305,RAW,Person B,Right_Shift,0,3771,4095,2611,30.31,2026-10-03T16:58:25
10306,RAW,Person B,Right_Shift,0,3737,4095,0,30.31,2026-10-03T16:58:26
10307,AVG10,Person B,Right_Shift,0.00,3754.00,4095.00,419.90,30.29,2026-10-03T16:58:26
10308,RAW,Person B,Right_Shift,0,3768,4095,2487,30.31,2026-10-03T16:58:27
10309,RAW,Person B,Right_Shift,0,3703,4095,0,30.31,2026-10-03T16:58:28
10310,RAW,Person B,Right_Shift,0,3763,4095,2288,30.31,2026-10-03T16:58:29
10311,RAW,Person B,Right_Shift,0,3728,4095,0,30.31,2026-10-03T16:58:30
10312,RAW,Person B,Right_Shift,0,3745,4095,1668,30.31,2026-10-03T16:58:31
10313,RAW,Person B,Right_Shift,0,3729,4095,1641,30.31,2026-10-03T16:58:32
10314,RAW,Person B,Right_Shift,0,3631,4095,0,30.31,2026-10-03T16:58:33
10315,RAW,Person B,Right_Shift,0,3696,4095,0,30.31,2026-10-03T16:58:34
10316,RAW,Person B,Right_Shift,0,3751,4095,2465,30.31,2026-10-03T16:58:35
10317,RAW,Person B,Right_Shift,0,3751,4095,1743,30.31,2026-10-03T16:58:36
10318,AVG10,Person B,Right_Shift,0.00,3726.50,4095.00,1229.20,30.31,2026-10-03T16:58:36
10319,RAW,Person B,Right_Shift,0,3715,4095,2001,30.31,2026-10-03T16:58:37
10320,RAW,Person B,Right_Shift,0,3722,4095,2192,30.31,2026-10-03T16:58:38
10321,RAW,Person B,Right_Shift,0,3744,4095,2636,30.31,2026-10-03T16:58:39
10322,RAW,Person B,Right_Shift,0,3710,4095,2351,30.37,2026-10-03T16:58:40
10323,RAW,Person B,Right_Shift,0,3635,4095,0,30.37,2026-10-03T16:58:41
10324,RAW,Person B,Right_Shift,0,3678,4095,2511,30.31,2026-10-03T16:58:42
10325,RAW,Person B,Right_Shift,0,3626,4095,0,30.37,2026-10-03T16:58:43
10326,RAW,Person B,Right_Shift,0,3652,4095,1063,30.37,2026-10-03T16:58:44
10327,RAW,Person B,Right_Shift,0,3611,4095,0,30.37,2026-10-03T16:58:45
10328,RAW,Person B,Right_Shift,0,3696,4095,2527,30.31,2026-10-03T16:58:46
10329,AVG10,Person B,Right_Shift,0.00,3678.90,4095.00,1528.10,30.34,2026-10-03T16:58:46
10330,RAW,Person B,Right_Shift,0,3632,4095,0,30.37,2026-10-03T16:58:47
10331,RAW,Person B,Right_Shift,0,3568,4095,0,30.37,2026-10-03T16:58:48
10332,RAW,Person B,Right_Shift,0,3655,4095,12,30.37,2026-10-03T16:58:49
10333,RAW,Person B,Right_Shift,0,3615,4095,0,30.37,2026-10-03T16:58:50
10334,RAW,Person B,Right_Shift,0,3664,4095,1999,30.37,2026-10-03T16:58:51
10335,RAW,Person B,Right_Shift,0,3668,4095,2047,30.37,2026-10-03T16:58:52
10336,RAW,Person B,Right_Shift,0,3715,4095,2337,30.37,2026-10-03T16:58:53
10337,RAW,Person B,Right_Shift,0,3760,4095,0,30.37,2026-10-03T16:58:54
10338,RAW,Person B,Right_Shift,0,3721,4095,0,30.37,2026-10-03T16:58:55
10339,RAW,Person B,Right_Shift,0,3762,4095,2146,30.37,2026-10-03T16:58:56
10340,AVG10,Person B,Right_Shift,0.00,3676.00,4095.00,854.10,30.37,2026-10-03T16:58:56
10341,RAW,Person B,Right_Shift,0,3726,4095,0,30.37,2026-10-03T16:58:57
10342,RAW,Person B,Right_Shift,0,3703,4095,0,30.37,2026-10-03T16:58:58
10343,RAW,Person B,Right_Shift,0,3650,4095,0,30.44,2026-10-03T16:58:59
10344,RAW,Person B,Right_Shift,0,3673,4095,0,30.44,2026-10-03T16:59:00
10345,RAW,Person B,Right_Shift,0,3702,4095,0,30.44,2026-10-03T16:59:01
10346,RAW,Person B,Right_Shift,0,3632,4095,0,30.44,2026-10-03T16:59:02
10347,RAW,Person B,Right_Shift,0,3664,4095,0,30.37,2026-10-03T16:59:03
10348,RAW,Person B,Right_Shift,0,3684,4095,0,30.44,2026-10-03T16:59:04
10349,RAW,Person B,Right_Shift,0,3661,4095,0,30.44,2026-10-03T16:59:05
10350,RAW,Person B,Right_Shift,0,3725,4095,0,30.44,2026-10-03T16:59:06
10351,AVG10,Person B,Right_Shift,0.00,3682.00,4095.00,0.00,30.42,2026-10-03T16:59:06
10352,RAW,Person B,Right_Shift,0,3636,4095,0,30.44,2026-10-03T16:59:07
10353,RAW,Person B,Right_Shift,0,3723,4095,0,30.44,2026-10-03T16:59:08
10354,RAW,Person B,Right_Shift,0,3626,4095,0,30.44,2026-10-03T16:59:09
10355,RAW,Person B,Right_Shift,0,3713,4095,0,30.44,2026-10-03T16:59:10
10356,RAW,Person B,Right_Shift,0,3798,4095,0,30.44,2026-10-03T16:59:11
10357,RAW,Person B,Right_Shift,0,3859,4095,0,30.44,2026-10-03T16:59:12
10358,RAW,Person B,Right_Shift,0,3841,4095,0,30.44,2026-10-03T16:59:13
10359,RAW,Person B,Right_Shift,0,3769,4095,0,30.44,2026-10-03T16:59:14
10360,RAW,Person B,Right_Shift,0,3806,4095,0,30.44,2026-10-03T16:59:15
10361,RAW,Person B,Right_Shift,0,3792,4095,0,30.44,2026-10-03T16:59:16
10362,AVG10,Person B,Right_Shift,0.00,3756.30,4095.00,0.00,30.44,2026-10-03T16:59:16
10363,RAW,Person B,Right_Shift,0,3795,4095,0,30.44,2026-10-03T16:59:17
10364,RAW,Person B,Right_Shift,0,3792,4095,0,30.50,2026-10-03T16:59:18
10365,RAW,Person B,Right_Shift,0,3731,4095,0,30.50,2026-10-03T16:59:19
10366,RAW,Person B,Right_Shift,0,3774,4095,0,30.50,2026-10-03T16:59:20
10367,RAW,Person B,Right_Shift,0,3773,4095,0,30.50,2026-10-03T16:59:21
10368,RAW,Person B,Right_Shift,0,3765,4095,0,30.50,2026-10-03T16:59:22
10369,RAW,Person B,Right_Shift,0,3802,4095,0,30.50,2026-10-03T16:59:23
10370,RAW,Person B,Right_Shift,0,3781,4095,0,30.50,2026-10-03T16:59:24
10371,RAW,Person B,Right_Shift,0,3785,4095,0,30.50,2026-10-03T16:59:25
10372,RAW,Person B,Right_Shift,0,3771,4095,0,30.50,2026-10-03T16:59:26
10373,AVG10,Person B,Right_Shift,0.00,3776.90,4095.00,0.00,30.49,2026-10-03T16:59:26
10374,RAW,Person B,Right_Shift,0,3717,4095,0,30.50,2026-10-03T16:59:27
10375,RAW,Person B,Right_Shift,0,3793,4095,0,30.50,2026-10-03T16:59:28
10376,RAW,Person B,Right_Shift,0,3728,4095,0,30.50,2026-10-03T16:59:29
10377,RAW,Person B,Right_Shift,0,3775,4095,0,30.50,2026-10-03T16:59:30
10378,RAW,Person B,Right_Shift,0,3771,4095,0,30.50,2026-10-03T16:59:31
10379,RAW,Person B,Right_Shift,0,3746,4095,0,30.50,2026-10-03T16:59:32
10380,RAW,Person B,Right_Shift,0,3726,4095,0,30.50,2026-10-03T16:59:33
10381,RAW,Person B,Right_Shift,0,3683,4095,0,30.50,2026-10-03T16:59:34
10382,RAW,Person B,Right_Shift,0,3675,4095,0,30.56,2026-10-03T16:59:35
10383,RAW,Person B,Right_Shift,0,3711,4095,0,30.50,2026-10-03T16:59:36
10384,AVG10,Person B,Right_Shift,0.00,3732.50,4095.00,0.00,30.51,2026-10-03T16:59:36
10385,RAW,Person B,Right_Shift,0,3717,4095,0,30.56,2026-10-03T16:59:37
10386,RAW,Person B,Right_Shift,0,3760,4095,0,30.56,2026-10-03T16:59:38
10387,RAW,Person B,Right_Shift,0,3745,4095,0,30.56,2026-10-03T16:59:39