FSR1,FSR2,FSR3,FSR4,Temperature,Pressure_Mean,Pressure_Max,Pressure_Min,Pressure_Std,Total_Pressure,Pressure_Range,Left_Load,Right_Load,Left_Right_Imbalance,Max_Pressure_Ratio,High_Load_Sensors,Risk
4095.0,3654.0,4095.0,4095.0,29.94,3984.75,4095.0,3654.0,220.5,15939.0,441.0,7749.0,8190.0,0.02766798418798745,0.2569169960313121,4,LOW
3685.5,3254.5,4013.5,3676.4,29.77,3657.475,4013.5,3254.5,311.06602059155654,14629.9,759.0,6940.0,7689.9,0.05125804003778164,0.2743354363136908,3,LOW
4095.0,3626.0,4095.0,4095.0,29.94,3977.75,4095.0,3626.0,234.5,15911.0,469.0,7721.0,8190.0,0.02947646282260848,0.2573691156899397,4,LOW
4095.0,3648.0,4095.0,4095.0,29.94,3983.25,4095.0,3648.0,223.5,15933.0,447.0,7743.0,8190.0,0.02805498022795111,0.2570137450412971,4,LOW
4095.0,3696.0,4095.0,3795.0,30.0,3920.25,4095.0,3696.0,205.7917636835838,15681.0,399.0,7791.0,7890.0,0.006313372871225472,0.26114405967341725,4,LOW
4095.0,3755.0,4095.0,4095.0,30.0,4010.0,4095.0,3755.0,170.0,16040.0,340.0,7850.0,8190.0,0.021197007479975247,0.25529925185440777,4,LOW
4095.0,3713.0,4095.0,4095.0,30.0,3999.5,4095.0,3713.0,191.0,15998.0,382.0,7808.0,8190.0,0.02387798474660095,0.25596949617102327,4,LOW
4095.0,3738.0,4095.0,4095.0,30.06,4005.75,4095.0,3738.0,178.5,16023.0,357.0,7833.0,8190.0,0.022280471820365695,0.25557011793948886,4,LOW
4095.0,3745.0,4095.0,4095.0,30.06,4007.5,4095.0,3745.0,175.0,16030.0,350.0,7840.0,8190.0,0.021834061134009104,0.2554585152679065,4,LOW
4095.0,3731.0,4095.0,4095.0,30.12,4004.0,4095.0,3731.0,182.0,16016.0,364.0,7826.0,8190.0,0.022727272725853693,0.255681818165854,4,LOW
4095.0,3536.0,4095.0,4095.0,30.12,3955.25,4095.0,3536.0,279.5,15821.0,559.0,7631.0,8190.0,0.03533278553597542,0.2588331963681921,4,LOW
4095.0,3680.0,4095.0,4095.0,30.12,3991.25,4095.0,3680.0,207.5,15965.0,415.0,7775.0,8190.0,0.02599436266670878,0.25649859065101793,4,LOW
4095.0,3686.8,4095.0,4065.0,30.04,3985.45,4095.0,3686.8,199.60162824987165,15941.8,408.1999999999998,7781.8,8160.0,0.023723795303935317,0.25687187141622203,4,LOW
4095.0,3694.0,4095.0,4095.0,30.19,3994.75,4095.0,3694.0,200.5,15979.0,401.0,7789.0,8190.0,0.02509543776049218,0.2562738594244775,4,LOW
4095.0,3661.0,4095.0,4095.0,30.19,3986.5,4095.0,3661.0,217.0,15946.0,434.0,7756.0,8190.0,0.02721685689030372,0.25680421420689803,4,LOW
4095.0,3683.0,4095.0,4095.0,30.19,3992.0,4095.0,3683.0,206.0,15968.0,412.0,7778.0,8190.0,0.025801603204796995,0.25645040078554293,4,LOW
4095.0,3686.0,4095.0,4095.0,30.25,3992.75,4095.0,3686.0,204.5,15971.0,409.0,7781.0,8190.0,0.025608916158937515,0.256402229024081,4,LOW
4095.0,3687.0,4095.0,4095.0,30.31,3993.0,4095.0,3687.0,204.0,15972.0,408.0,7782.0,8190.0,0.025544703229054302,0.25638617579161116,4,LOW
4095.0,3683.0,4095.0,4095.0,30.31,3992.0,4095.0,3683.0,206.0,15968.0,412.0,7778.0,8190.0,0.025801603204796995,0.25645040078554293,4,LOW
4095.0,3667.0,4095.0,4095.0,30.31,3988.0,4095.0,3667.0,214.0,15952.0,428.0,7762.0,8190.0,0.026830491472741316,0.2567076228525133,4,LOW
3945.0,3521.0,4095.0,4015.0,30.31,3894.0,4095.0,3521.0,256.1067485769687,15576.0,574.0,7466.0,8110.0,0.04134565998707334,0.2629044683960642,4,LOW
4061.0,3579.0,4095.0,4063.0,30.31,3949.5,4095.0,3579.0,247.4907405675345,15798.0,516.0,7640.0,8158.0,0.03278896062585207,0.259210026569236,4,LOW
4065.0,3598.0,4095.0,4082.0,30.37,3960.0,4095.0,3598.0,241.6457462209229,15840.0,497.0,7663.0,8177.0,0.03244949494744637,0.2585227272564064,4,LOW
4073.6,3645.9,4095.0,4082.5,30.27,3974.25,4095.0,3645.9,219.07591530487016,15897.0,449.0999999999999,7719.5,8177.5,0.02881046738197078,0.2575957727711143,4,LOW
4071.0,3601.0,4095.0,4080.0,30.37,3961.75,4095.0,3601.0,240.70365597555846,15847.0,494.0,7672.0,8175.0,0.03174102353557512,0.2584085315669585,4,LOW
4065.0,3598.0,4095.0,4091.0,30.37,3962.25,4095.0,3598.0,243.19727931592217,15849.0,497.0,7663.0,8186.0,0.032998927375039504,0.2583759227548504,4,LOW
4070.0,3600.0,4095.0,4095.0,30.44,3965.0,4095.0,3600.0,243.61855430159665,15860.0,495.0,7670.0,8190.0,0.03278688524383437,0.25819672129519566,4,LOW
4077.0,3583.0,4095.0,4095.0,30.44,3962.5,4095.0,3583.0,253.1422524984717,15850.0,512.0,7660.0,8190.0,0.03343848580230672,0.2583596214348038,4,LOW
4048.0,3600.0,4095.0,4095.0,30.44,3959.5,4095.0,3600.0,240.68859549218362,15838.0,495.0,7648.0,8190.0,0.0342214926105429,0.2585553731368509,4,LOW
4064.0,3601.0,4095.0,4095.0,30.5,3963.75,4095.0,3601.0,242.27446556883922,15855.0,494.0,7665.0,8190.0,0.03311258277936849,0.2582781456790742,4,LOW
4095.0,3605.0,4095.0,4095.0,30.5,3972.5,4095.0,3605.0,245.0,15890.0,490.0,7700.0,8190.0,0.030837004403345688,0.25770925108510323,4,LOW
4095.0,3734.0,4095.0,4095.0,30.5,4004.75,4095.0,3734.0,180.5,16019.0,361.0,7829.0,8190.0,0.022535738808756117,0.2556339346865826,4,LOW
4010.0,3807.0,4095.0,4095.0,30.5,4001.75,4095.0,3807.0,135.87586246276416,16007.0,288.0,7817.0,8190.0,0.023302305240001105,0.25582557629438213,4,LOW
4095.0,3726.0,4095.0,4095.0,30.5,4002.75,4095.0,3726.0,184.5,16011.0,369.0,7821.0,8190.0,0.0230466554229563,0.25576166384012483,4,LOW
4069.0,3645.5,4095.0,4093.1,30.46,3975.65,4095.0,3645.5,220.41791367007053,15902.6,449.5,7714.5,8188.1,0.029781293623069124,0.25750506204913,4,LOW
4095.0,3712.0,4095.0,4095.0,30.56,3999.25,4095.0,3712.0,191.5,15997.0,383.0,7807.0,8190.0,0.0239419891214639,0.255985497264738,4,LOW
4095.0,3717.0,4095.0,4095.0,30.56,4000.5,4095.0,3717.0,189.0,16002.0,378.0,7812.0,8190.0,0.023622047242618294,0.2559055117950315,4,LOW
4095.0,3732.0,4095.0,4095.0,30.56,4004.25,4095.0,3732.0,181.5,16017.0,363.0,7827.0,8190.0,0.022663420114711653,0.2556658550130695,4,LOW
4095.0,3728.0,4095.0,4095.0,30.56,4003.25,4095.0,3728.0,183.5,16013.0,367.0,7823.0,8190.0,0.02291887840985956,0.2557297195868526,4,LOW
4095.0,3705.0,4095.0,4095.0,30.62,3997.5,4095.0,3705.0,195.0,15990.0,390.0,7800.0,8190.0,0.02439024390091368,0.25609756095959363,4,LOW
4095.0,3723.0,4095.0,4095.0,30.62,4002.0,4095.0,3723.0,186.0,16008.0,372.0,7818.0,8190.0,0.023238380808143527,0.25580959518641866,4,LOW
4095.0,3696.0,4095.0,4095.0,30.62,3995.25,4095.0,3696.0,199.5,15981.0,399.0,7791.0,8190.0,0.024967148487268182,0.25624178710617346,4,LOW
4095.0,3750.0,4095.0,4095.0,30.62,4008.75,4095.0,3750.0,172.5,16035.0,345.0,7845.0,8190.0,0.021515434984626415,0.2553788587305657,4,LOW
4095.0,3735.0,4095.0,4095.0,30.69,4005.0,4095.0,3735.0,180.0,16020.0,360.0,7830.0,8190.0,0.022471910110956807,0.2556179775121337,4,LOW
4095.0,3745.0,4095.0,4095.0,30.62,4007.5,4095.0,3745.0,175.0,16030.0,350.0,7840.0,8190.0,0.021834061134009104,0.2554585152679065,4,LOW
4095.0,3724.3,4095.0,4095.0,30.61,4002.325,4095.0,3724.3,185.3499999999999,16009.3,370.6999999999998,7819.3,8190.0,0.023155290985667366,0.25578882273080095,4,LOW
4095.0,3753.0,4095.0,4095.0,30.69,4009.5,4095.0,3753.0,171.0,16038.0,342.0,7848.0,8190.0,0.021324354656358378,0.2553310886485016,4,LOW
4095.0,3721.0,4095.0,4095.0,30.69,4001.5,4095.0,3721.0,187.0,16006.0,374.0,7816.0,8190.0,0.023366237659417328,0.2558415593992352,4,LOW
4095.0,3693.0,4095.0,4095.0,30.75,3994.5,4095.0,3693.0,201.0,15978.0,402.0,7788.0,8190.0,0.0251595944407836,0.25628989859454937,4,LOW
4095.0,3712.0,4095.0,4095.0,30.75,3999.25,4095.0,3712.0,191.5,15997.0,383.0,7807.0,8190.0,0.0239419891214639,0.255985497264738,4,LOW
4095.0,3721.0,4095.0,4095.0,30.75,4001.5,4095.0,3721.0,187.0,16006.0,374.0,7816.0,8190.0,0.023366237659417328,0.2558415593992352,4,LOW
4095.0,3700.0,4095.0,4095.0,30.75,3996.25,4095.0,3700.0,197.5,15985.0,395.0,7795.0,8190.0,0.024710666248063142,0.25617766654637614,4,LOW
4095.0,3703.0,4095.0,4095.0,30.75,3997.0,4095.0,3703.0,196.0,15988.0,392.0,7798.0,8190.0,0.024518388790060144,0.2561295971818783,4,LOW
4095.0,3723.0,4095.0,4095.0,30.81,4002.0,4095.0,3723.0,186.0,16008.0,372.0,7818.0,8190.0,0.023238380808143527,0.25580959518641866,4,LOW
4095.0,3715.0,4095.0,4095.0,30.81,4000.0,4095.0,3715.0,190.0,16000.0,380.0,7810.0,8190.0,0.023749999998515625,0.2559374999840039,4,LOW
4095.0,3719.0,4095.0,4095.0,30.81,4001.0,4095.0,3719.0,188.0,16004.0,376.0,7814.0,8190.0,0.02349412646691489,0.2558735316011076,4,LOW
4095.0,3716.0,4095.0,4095.0,30.76,4000.25,4095.0,3716.0,189.5,16001.0,379.0,7811.0,8190.0,0.02368601962229323,0.2559215048899493,4,LOW
4095.0,3685.0,4095.0,4095.0,30.81,3992.5,4095.0,3685.0,205.0,15970.0,410.0,7780.0,8190.0,0.025673137130515146,0.25641828426697444,4,LOW
4095.0,3689.0,4095.0,4095.0,30.81,3993.5,4095.0,3689.0,203.0,15974.0,406.0,7784.0,8190.0,0.025416301488330018,0.25635407535643207,4,LOW
4095.0,3670.0,4095.0,4095.0,30.87,3988.75,4095.0,3670.0,212.5,15955.0,425.0,7765.0,8190.0,0.026637417735716866,0.25665935441826015,4,LOW
4095.0,3654.0,4095.0,4081.0,30.87,3981.25,4095.0,3654.0,218.2664655873641,15925.0,441.0,7749.0,8176.0,0.026813186811503097,0.25714285712671003,4,LOW
4095.0,3654.0,4095.0,4095.0,30.87,3984.75,4095.0,3654.0,220.5,15939.0,441.0,7749.0,8190.0,0.02766798418798745,0.2569169960313121,4,LOW
4095.0,3647.0,4095.0,4095.0,30.87,3983.0,4095.0,3647.0,224.0,15932.0,448.0,7742.0,8190.0,0.028119507906846627,0.25702987696102,4,LOW
4095.0,3655.0,4095.0,4095.0,30.87,3985.0,4095.0,3655.0,220.0,15940.0,440.0,7750.0,8190.0,0.0276035131726723,0.25690087827748426,4,LOW
4095.0,3647.0,4095.0,4093.0,30.87,3982.5,4095.0,3647.0,223.6686537417943,15930.0,448.0,7742.0,8188.0,0.027997489012680635,0.2570621468765184,4,LOW
4095.0,3647.0,4095.0,4095.0,30.94,3983.0,4095.0,3647.0,224.0,15932.0,448.0,7742.0,8190.0,0.028119507906846627,0.25702987696102,4,LOW
4095.0,3639.0,4095.0,4095.0,30.87,3981.0,4095.0,3639.0,228.0,15924.0,456.0,7734.0,8190.0,0.02863602109842778,0.2571590052589074,4,LOW
4095.0,3658.7,4095.0,4093.4,30.87,3985.525,4095.0,3658.7,217.88463881910855,15942.1,436.3000000000002,7753.7,8188.4,0.027267423988855444,0.2568670375761746,4,LOW
4095.0,3632.0,4095.0,4081.0,30.94,3975.75,4095.0,3632.0,229.26167727439025,15903.0,463.0,7727.0,8176.0,0.02823366660201008,0.2574985851564171,4,LOW
4095.0,3637.0,4095.0,4095.0,30.87,3980.5,4095.0,3637.0,229.0,15922.0,458.0,7732.0,8190.0,0.028765230496874437,0.25719130760851705,4,LOW
4095.0,3645.0,4095.0,4095.0,30.94,3982.5,4095.0,3645.0,225.0,15930.0,450.0,7740.0,8190.0,0.028248587568848172,0.2570621468765184,4,LOW
4095.0,3658.0,4095.0,4095.0,30.94,3985.75,4095.0,3658.0,218.5,15943.0,437.0,7753.0,8190.0,0.02741014865286269,0.2568525371475348,4,LOW
4095.0,3671.0,4095.0,4095.0,31.0,3989.0,4095.0,3671.0,212.0,15956.0,424.0,7766.0,8190.0,0.02657307595722154,0.2566432689736373,4,LOW
4095.0,3666.0,4095.0,4095.0,30.94,3987.75,4095.0,3666.0,214.5,15951.0,429.0,7761.0,8190.0,0.02689486552398628,0.25672371636532354,4,LOW
4095.0,3629.0,4095.0,4065.0,31.0,3971.0,4095.0,3629.0,228.43817544359786,15884.0,466.0,7724.0,8160.0,0.027449005286612375,0.2578065978180681,4,LOW
4095.0,3633.0,4095.0,4073.0,31.0,3974.0,4095.0,3633.0,227.5697695213492,15896.0,462.0,7728.0,8168.0,0.02767991947485657,0.25761197783985834,4,LOW
4095.0,3630.0,4095.0,4061.0,31.0,3970.25,4095.0,3630.0,227.39887862520342,15881.0,465.0,7725.0,8156.0,0.027139348905790606,0.2578552987684746,4,LOW
4095.0,3603.0,4095.0,3984.0,31.0,3944.25,4095.0,3603.0,233.44003512679654,15777.0,492.0,7698.0,8079.0,0.024149077769908787,0.2595550484718543,4,LOW
4095.0,3640.4,4095.0,4073.9,30.96,3976.075,4095.0,3640.4,224.00427637287044,15904.3,454.5999999999999,7735.4,8168.9,0.02725677961134682,0.2574775375051101,4,LOW
4095.0,3610.0,4095.0,4009.0,31.0,3952.25,4095.0,3610.0,231.74033600850186,15809.0,485.0,7705.0,8104.0,0.025238788030537113,0.2590296666291967,4,LOW
4095.0,3610.0,4095.0,4027.0,31.0,3956.75,4095.0,3610.0,233.37862655636084,15827.0,485.0,7705.0,8122.0,0.02634738105602152,0.25873507296021137,4,LOW
4095.0,3600.0,4095.0,3999.0,31.0,3947.25,4095.0,3600.0,235.88185602118702,15789.0,495.0,7695.0,8094.0,0.025270758121143152,0.2593577807169955,4,LOW
4095.0,3571.0,4095.0,3998.0,31.06,3939.75,4095.0,3571.0,250.0498283676009,15759.0,524.0,7666.0,8093.0,0.02709562789345164,0.25985151340441326,4,LOW
4095.0,3494.0,4095.0,3931.0,31.0,3903.75,4095.0,3494.0,283.89596099040693,15615.0,601.0,7589.0,8026.0,0.027985910981236893,0.26224783859992007,3,LOW
4095.0,3409.0,4095.0,3824.0,31.06,3855.75,4095.0,3409.0,324.0754798911307,15423.0,686.0,7504.0,7919.0,0.0269078648753869,0.2655125461800225,3,LOW
4095.0,3496.0,4095.0,3862.0,31.06,3887.0,4095.0,3496.0,282.86274645724086,15548.0,599.0,7591.0,7957.0,0.023540005143842295,0.263377926404465,3,LOW
4095.0,3566.0,4095.0,3920.0,31.06,3919.0,4095.0,3566.0,249.3738826207214,15676.0,529.0,7661.0,8015.0,0.022582291399427003,0.26122735390015134,4,LOW
4095.0,3613.0,4095.0,4028.0,31.06,3957.75,4095.0,3613.0,231.9933547898876,15831.0,482.0,7708.0,8123.0,0.026214389487321434,0.25866969867609946,4,LOW
4095.0,3671.0,4095.0,4095.0,31.06,3989.0,4095.0,3671.0,212.0,15956.0,424.0,7766.0,8190.0,0.02657307595722154,0.2566432689736373,4,LOW
4095.0,3564.0,4095.0,3969.3,31.04,3930.825,4095.0,3564.0,251.6265536464703,15723.3,531.0,7659.0,8064.3,0.025777031537541302,0.26044151035339647,4,LOW
4095.0,3719.0,4095.0,4095.0,31.06,4001.0,4095.0,3719.0,188.0,16004.0,376.0,7814.0,8190.0,0.02349412646691489,0.2558735316011076,4,LOW
4095.0,3723.0,4095.0,4095.0,31.06,4002.0,4095.0,3723.0,186.0,16008.0,372.0,7818.0,8190.0,0.023238380808143527,0.25580959518641866,4,LOW
4095.0,3671.0,4095.0,4095.0,31.12,3989.0,4095.0,3671.0,212.0,15956.0,424.0,7766.0,8190.0,0.02657307595722154,0.2566432689736373,4,LOW
4095.0,3664.0,4095.0,4095.0,31.12,3987.25,4095.0,3664.0,215.5,15949.0,431.0,7759.0,8190.0,0.027023637843938575,0.2567559094453097,4,LOW
4095.0,3675.0,4095.0,4095.0,31.12,3990.0,4095.0,3675.0,210.0,15960.0,420.0,7770.0,8190.0,0.02631578947203535,0.25657894735234466,4,LOW
4095.0,3673.0,4095.0,4086.0,31.12,3987.25,4095.0,3673.0,209.54295502354643,15949.0,422.0,7768.0,8181.0,0.02589504043978337,0.2567559094453097,4,LOW
4095.0,3689.0,4095.0,4095.0,31.12,3993.5,4095.0,3689.0,203.0,15974.0,406.0,7784.0,8190.0,0.025416301488330018,0.25635407535643207,4,LOW
4095.0,3696.0,4095.0,4095.0,31.12,3995.25,4095.0,3696.0,199.5,15981.0,399.0,7791.0,8190.0,0.024967148487268182,0.25624178710617346,4,LOW
4095.0,3686.0,4095.0,4095.0,31.12,3992.75,4095.0,3686.0,204.5,15971.0,409.0,7781.0,8190.0,0.025608916158937515,0.256402229024081,4,LOW
4095.0,3677.0,4095.0,4095.0,31.12,3990.5,4095.0,3677.0,209.0,15962.0,418.0,7772.0,8190.0,0.02618719458550387,0.2565467986307138,4,LOW
4095.0,3687.3,4095.0,4094.1,31.11,3992.85,4095.0,3687.3,203.70044182573574,15971.4,407.6999999999998,7782.3,8189.1,0.025470528568223804,0.2563958074898634,4,LOW
4095.0,3696.0,4095.0,4095.0,31.19,3995.25,4095.0,3696.0,199.5,15981.0,399.0,7791.0,8190.0,0.024967148487268182,0.25624178710617346,4,LOW
4095.0,3695.0,4095.0,4095.0,31.19,3995.0,4095.0,3695.0,200.0,15980.0,400.0,7790.0,8190.0,0.025031289109822823,0.25625782226181115,4,LOW
4095.0,3696.0,4095.0,4095.0,31.19,3995.25,4095.0,3696.0,199.5,15981.0,399.0,7791.0,8190.0,0.024967148487268182,0.25624178710617346,4,LOW
4095.0,3699.0,4095.0,4095.0,31.19,3996.0,4095.0,3699.0,198.0,15984.0,396.0,7794.0,8190.0,0.0247747747732248,0.25619369367766553,4,LOW
4095.0,3680.0,4095.0,4095.0,31.19,3991.25,4095.0,3680.0,207.5,15965.0,415.0,7775.0,8190.0,0.02599436266670878,0.25649859065101793,4,LOW
4095.0,3674.0,4095.0,4095.0,31.19,3989.75,4095.0,3674.0,210.5,15959.0,421.0,7769.0,8190.0,0.02638009900204398,0.25659502473484586,4,LOW
4095.0,3675.0,4095.0,4095.0,31.19,3990.0,4095.0,3675.0,210.0,15960.0,420.0,7770.0,8190.0,0.02631578947203535,0.25657894735234466,4,LOW
4095.0,3663.0,4095.0,4095.0,31.19,3987.0,4095.0,3663.0,216.0,15948.0,432.0,7758.0,8190.0,0.027088036115682966,0.25677200901324476,4,LOW
4095.0,3675.0,4095.0,4095.0,31.25,3990.0,4095.0,3675.0,210.0,15960.0,420.0,7770.0,8190.0,0.02631578947203535,0.25657894735234466,4,LOW
4095.0,3683.0,4095.0,4095.0,31.19,3992.0,4095.0,3683.0,206.0,15968.0,412.0,7778.0,8190.0,0.025801603204796995,0.25645040078554293,4,LOW
4095.0,3683.6,4095.0,4095.0,31.19,3992.15,4095.0,3683.6,205.70000000000005,15968.6,411.4000000000001,7778.6,8190.0,0.02576306000364694,0.25644076498525603,4,LOW
4095.0,3694.0,4095.0,4095.0,31.19,3994.75,4095.0,3694.0,200.5,15979.0,401.0,7789.0,8190.0,0.02509543776049218,0.2562738594244775,4,LOW
4095.0,3707.0,4095.0,4095.0,31.19,3998.0,4095.0,3707.0,194.0,15992.0,388.0,7802.0,8190.0,0.024262131064015625,0.2560655327503711,4,LOW
4095.0,3702.0,4095.0,4095.0,31.25,3996.75,4095.0,3702.0,196.5,15987.0,393.0,7797.0,8190.0,0.02458247325798571,0.25614561829885873,4,LOW
4095.0,3685.0,4095.0,4095.0,31.19,3992.5,4095.0,3685.0,205.0,15970.0,410.0,7780.0,8190.0,0.025673137130515146,0.25641828426697444,4,LOW
4095.0,3715.0,4095.0,4095.0,31.25,4000.0,4095.0,3715.0,190.0,16000.0,380.0,7810.0,8190.0,0.023749999998515625,0.2559374999840039,4,LOW
4095.0,3719.0,4095.0,4095.0,31.25,4001.0,4095.0,3719.0,188.0,16004.0,376.0,7814.0,8190.0,0.02349412646691489,0.2558735316011076,4,LOW
4095.0,3702.0,4095.0,4095.0,31.25,3996.75,4095.0,3702.0,196.5,15987.0,393.0,7797.0,8190.0,0.02458247325798571,0.25614561829885873,4,LOW
4095.0,3716.0,4095.0,4095.0,31.25,4000.25,4095.0,3716.0,189.5,16001.0,379.0,7811.0,8190.0,0.02368601962229323,0.2559215048899493,4,LOW
4095.0,3726.0,4095.0,4095.0,31.25,4002.75,4095.0,3726.0,184.5,16011.0,369.0,7821.0,8190.0,0.0230466554229563,0.25576166384012483,4,LOW
4095.0,3716.0,4095.0,4095.0,31.25,4000.25,4095.0,3716.0,189.5,16001.0,379.0,7811.0,8190.0,0.02368601962229323,0.2559215048899493,4,LOW
4095.0,3708.2,4095.0,4095.0,31.23,3998.3,4095.0,3708.2,193.40000000000012,15993.2,386.8000000000002,7803.2,8190.0,0.02418527874195376,0.2560463196698568,4,LOW
4095.0,3708.0,4095.0,4095.0,31.25,3998.25,4095.0,3708.0,193.5,15993.0,387.0,7803.0,8190.0,0.024198086661401982,0.25604952164971867,4,LOW
4095.0,3753.0,4095.0,4095.0,31.25,4009.5,4095.0,3753.0,171.0,16038.0,342.0,7848.0,8190.0,0.021324354656358378,0.2553310886485016,4,LOW
4095.0,3745.0,4095.0,4095.0,31.31,4007.5,4095.0,3745.0,175.0,16030.0,350.0,7840.0,8190.0,0.021834061134009104,0.2554585152679065,4,LOW
4095.0,3714.0,4095.0,4095.0,31.25,3999.75,4095.0,3714.0,190.5,15999.0,381.0,7809.0,8190.0,0.023813988372784926,0.25595349707757026,4,LOW
4095.0,3717.0,4095.0,4095.0,31.31,4000.5,4095.0,3717.0,189.0,16002.0,378.0,7812.0,8190.0,0.023622047242618294,0.2559055117950315,4,LOW
4095.0,3726.0,4095.0,4095.0,31.31,4002.75,4095.0,3726.0,184.5,16011.0,369.0,7821.0,8190.0,0.0230466554229563,0.25576166384012483,4,LOW
4095.0,3690.0,4095.0,4095.0,31.31,3993.75,4095.0,3690.0,202.5,15975.0,405.0,7785.0,8190.0,0.02535211267446935,0.25633802815296786,4,LOW
4095.0,3739.0,4095.0,4095.0,31.31,4006.0,4095.0,3739.0,178.0,16024.0,356.0,7834.0,8190.0,0.022216674986132258,0.25555416873093145,4,LOW
4095.0,3742.0,4095.0,4095.0,31.31,4006.75,4095.0,3742.0,176.5,16027.0,353.0,7837.0,8190.0,0.02202533225045078,0.25550633304701403,4,LOW
4095.0,3705.0,4095.0,4095.0,31.31,3997.5,4095.0,3705.0,195.0,15990.0,390.0,7800.0,8190.0,0.02439024390091368,0.25609756095959363,4,LOW
4095.0,3723.9,4095.0,4095.0,31.29,4002.225,4095.0,3723.9,185.54999999999993,16008.9,371.0999999999999,7818.9,8190.0,0.023180855647597243,0.255795213896283,4,LOW
4095.0,3702.0,4095.0,4095.0,31.31,3996.75,4095.0,3702.0,196.5,15987.0,393.0,7797.0,8190.0,0.02458247325798571,0.25614561829885873,4,LOW
4095.0,3728.0,4095.0,4095.0,31.31,4003.25,4095.0,3728.0,183.5,16013.0,367.0,7823.0,8190.0,0.02291887840985956,0.2557297195868526,4,LOW
4095.0,3705.0,4095.0,4095.0,31.31,3997.5,4095.0,3705.0,195.0,15990.0,390.0,7800.0,8190.0,0.02439024390091368,0.25609756095959363,4,LOW
4095.0,3723.0,4095.0,4095.0,31.31,4002.0,4095.0,3723.0,186.0,16008.0,372.0,7818.0,8190.0,0.023238380808143527,0.25580959518641866,4,LOW
4095.0,3727.0,4095.0,4095.0,31.37,4003.0,4095.0,3727.0,184.0,16012.0,368.0,7822.0,8190.0,0.0229827629263688,0.2557456907159789,4,LOW
4095.0,3745.0,4095.0,4095.0,31.31,4007.5,4095.0,3745.0,175.0,16030.0,350.0,7840.0,8190.0,0.021834061134009104,0.2554585152679065,4,LOW
4095.0,3726.0,4095.0,4095.0,31.31,4002.75,4095.0,3726.0,184.5,16011.0,369.0,7821.0,8190.0,0.0230466554229563,0.25576166384012483,4,LOW
4095.0,3738.0,4095.0,4095.0,31.37,4005.75,4095.0,3738.0,178.5,16023.0,357.0,7833.0,8190.0,0.022280471820365695,0.25557011793948886,4,LOW
4095.0,3735.0,4095.0,4095.0,31.37,4005.0,4095.0,3735.0,180.0,16020.0,360.0,7830.0,8190.0,0.022471910110956807,0.2556179775121337,4,LOW
4095.0,3738.0,4095.0,4095.0,31.37,4005.75,4095.0,3738.0,178.5,16023.0,357.0,7833.0,8190.0,0.022280471820365695,0.25557011793948886,4,LOW
4095.0,3726.7,4095.0,4095.0,31.34,4002.925,4095.0,3726.7,184.1500000000001,16011.7,368.3000000000002,7821.7,8190.0,0.023001929837368814,0.2557504824437286,4,LOW
4095.0,3751.0,4095.0,4095.0,31.31,4009.0,4095.0,3751.0,172.0,16036.0,344.0,7846.0,8190.0,0.021451733598063624,0.25536293338392596,4,LOW
4095.0,3740.0,4095.0,4095.0,31.37,4006.25,4095.0,3740.0,177.5,16025.0,355.0,7835.0,8190.0,0.02215288611406222,0.25553822151291494,4,LOW
4095.0,3739.0,4095.0,4095.0,31.37,4006.0,4095.0,3739.0,178.0,16024.0,356.0,7834.0,8190.0,0.022216674986132258,0.25555416873093145,4,LOW
4095.0,3740.0,4095.0,4095.0,31.37,4006.25,4095.0,3740.0,177.5,16025.0,355.0,7835.0,8190.0,0.02215288611406222,0.25553822151291494,4,LOW
4095.0,3701.0,4095.0,4095.0,31.37,3996.5,4095.0,3701.0,197.0,15986.0,394.0,7796.0,8190.0,0.02464656574348514,0.2561616414202326,4,LOW
4095.0,3704.0,4095.0,4095.0,31.37,3997.25,4095.0,3704.0,195.5,15989.0,391.0,7799.0,8190.0,0.02445431233820412,0.25611357806891527,4,LOW
4095.0,3698.0,4095.0,4095.0,31.37,3995.75,4095.0,3698.0,198.5,15983.0,397.0,7793.0,8190.0,0.024838891320475575,0.2562097228144773,4,LOW
4095.0,3723.0,4095.0,4095.0,31.37,4002.0,4095.0,3723.0,186.0,16008.0,372.0,7818.0,8190.0,0.023238380808143527,0.25580959518641866,4,LOW
4095.0,3714.0,4095.0,4095.0,31.37,3999.75,4095.0,3714.0,190.5,15999.0,381.0,7809.0,8190.0,0.023813988372784926,0.25595349707757026,4,LOW
4095.0,3737.0,4095.0,4095.0,31.37,4005.5,4095.0,3737.0,179.0,16022.0,358.0,7832.0,8190.0,0.022344276618253382,0.2555860691389598,4,LOW
4095.0,3724.7,4095.0,4095.0,31.37,4002.425,4095.0,3724.7,185.15000000000006,16009.7,370.3000000000002,7819.7,8190.0,0.023129727601196175,0.25578243188468347,4,LOW
4095.0,3788.0,4095.0,4095.0,31.37,4018.25,4095.0,3788.0,153.5,16073.0,307.0,7883.0,8190.0,0.019100354630803187,0.25477508864214676,4,LOW
4095.0,3760.0,4095.0,4095.0,31.44,4011.25,4095.0,3760.0,167.5,16045.0,335.0,7855.0,8190.0,0.02087877843434847,0.2552196945930059,4,LOW
4095.0,3760.0,4095.0,4095.0,31.37,4011.25,4095.0,3760.0,167.5,16045.0,335.0,7855.0,8190.0,0.02087877843434847,0.2552196945930059,4,LOW
4095.0,3763.0,4095.0,4095.0,31.37,4012.0,4095.0,3763.0,166.0,16048.0,332.0,7858.0,8190.0,0.020687936190136594,0.2551719840319559,4,LOW
4095.0,3771.0,4095.0,4095.0,31.37,4014.0,4095.0,3771.0,162.0,16056.0,324.0,7866.0,8190.0,0.020179372196052606,0.25504484303344266,4,LOW
4095.0,3773.0,4095.0,4095.0,31.37,4014.5,4095.0,3773.0,161.0,16058.0,322.0,7868.0,8190.0,0.020052310373642277,0.255013077577842,4,LOW
4095.0,3710.0,4095.0,4095.0,31.44,3998.75,4095.0,3710.0,192.5,15995.0,385.0,7805.0,8190.0,0.024070021880333227,0.2560175054544534,4,LOW
4095.0,3696.0,4095.0,4095.0,31.44,3995.25,4095.0,3696.0,199.5,15981.0,399.0,7791.0,8190.0,0.024967148487268182,0.25624178710617346,4,LOW
4095.0,3731.0,4095.0,4095.0,31.37,4004.0,4095.0,3731.0,182.0,16016.0,364.0,7826.0,8190.0,0.022727272725853693,0.255681818165854,4,LOW
4095.0,3728.0,4095.0,4095.0,31.44,4003.25,4095.0,3728.0,183.5,16013.0,367.0,7823.0,8190.0,0.02291887840985956,0.2557297195868526,4,LOW
4095.0,3748.0,4095.0,4095.0,31.4,4008.25,4095.0,3748.0,173.5,16033.0,347.0,7843.0,8190.0,0.021642861596604324,0.25541071538355825,4,LOW
4095.0,3731.0,4095.0,4095.0,31.44,4004.0,4095.0,3731.0,182.0,16016.0,364.0,7826.0,8190.0,0.022727272725853693,0.255681818165854,4,LOW
4095.0,3747.0,4095.0,4095.0,31.44,4008.0,4095.0,3747.0,174.0,16032.0,348.0,7842.0,8190.0,0.02170658682499335,0.2554266466906545,4,LOW
4095.0,3774.0,4095.0,4095.0,31.44,4014.75,4095.0,3774.0,160.5,16059.0,321.0,7869.0,8190.0,0.019988791330718673,0.25499719781711205,4,LOW
4095.0,3777.0,4095.0,4095.0,31.44,4015.5,4095.0,3777.0,159.0,16062.0,318.0,7872.0,8190.0,0.019798281657340412,0.2549495703987704,4,LOW
4095.0,3760.0,4095.0,4095.0,31.44,4011.25,4095.0,3760.0,167.5,16045.0,335.0,7855.0,8190.0,0.02087877843434847,0.2552196945930059,4,LOW
4095.0,3743.0,4095.0,4095.0,31.44,4007.0,4095.0,3743.0,176.0,16028.0,352.0,7838.0,8190.0,0.021961567255929525,0.2554903917983847,4,LOW
4095.0,3743.0,4095.0,4095.0,31.44,4007.0,4095.0,3743.0,176.0,16028.0,352.0,7838.0,8190.0,0.021961567255929525,0.2554903917983847,4,LOW
4095.0,3759.0,4095.0,4095.0,31.44,4011.0,4095.0,3759.0,168.0,16044.0,336.0,7854.0,8190.0,0.02094240837565804,0.25523560207833235,4,LOW
4095.0,3760.0,4095.0,4095.0,31.44,4011.25,4095.0,3760.0,167.5,16045.0,335.0,7855.0,8190.0,0.02087877843434847,0.2552196945930059,4,LOW
4095.0,3746.0,4095.0,4095.0,31.44,4007.75,4095.0,3746.0,174.5,16031.0,349.0,7841.0,8190.0,0.021770320003632316,0.2554425799853133,4,LOW
4095.0,3754.0,4095.0,4095.0,31.44,4009.75,4095.0,3754.0,170.5,16039.0,341.0,7849.0,8190.0,0.021260677098244238,0.2553151692589741,4,LOW
4095.0,3748.0,4095.0,4095.0,31.44,4008.25,4095.0,3748.0,173.5,16033.0,347.0,7843.0,8190.0,0.021642861596604324,0.25541071538355825,4,LOW
4095.0,3741.0,4095.0,4095.0,31.44,4006.5,4095.0,3741.0,177.0,16026.0,354.0,7836.0,8190.0,0.0220891052026651,0.25552227628506663,4,LOW
4095.0,3751.0,4095.0,4095.0,31.44,4009.0,4095.0,3751.0,172.0,16036.0,344.0,7846.0,8190.0,0.021451733598063624,0.25536293338392596,4,LOW
4095.0,3748.0,4095.0,4095.0,31.44,4008.25,4095.0,3748.0,173.5,16033.0,347.0,7843.0,8190.0,0.021642861596604324,0.25541071538355825,4,LOW
4095.0,3771.0,4095.0,4095.0,31.44,4014.0,4095.0,3771.0,162.0,16056.0,324.0,7866.0,8190.0,0.020179372196052606,0.25504484303344266,4,LOW
4095.0,3723.0,4095.0,4095.0,31.5,4002.0,4095.0,3723.0,186.0,16008.0,372.0,7818.0,8190.0,0.023238380808143527,0.25580959518641866,4,LOW
4095.0,3727.0,4095.0,4095.0,31.5,4003.0,4095.0,3727.0,184.0,16012.0,368.0,7822.0,8190.0,0.0229827629263688,0.2557456907159789,4,LOW
4095.0,3724.0,4095.0,4095.0,31.5,4002.25,4095.0,3724.0,185.5,16009.0,371.0,7819.0,8190.0,0.023174464362347776,0.2557936160749707,4,LOW
4095.0,3734.0,4095.0,4095.0,31.5,4004.75,4095.0,3734.0,180.5,16019.0,361.0,7829.0,8190.0,0.022535738808756117,0.2556339346865826,4,LOW
4095.0,3744.0,4095.0,4095.0,31.5,4007.25,4095.0,3744.0,175.5,16029.0,351.0,7839.0,8190.0,0.021897810217611963,0.25547445253880624,4,LOW
4095.0,3741.1,4095.0,4095.0,31.47,4006.525,4095.0,3741.1,176.95000000000005,16026.1,353.9000000000001,7836.1,8190.0,0.022082727549305,0.2555206818717267,4,LOW
4095.0,3749.0,4095.0,4095.0,31.5,4008.5,4095.0,3749.0,173.0,16034.0,346.0,7844.0,8190.0,0.021579144316977727,0.25539478606365257,4,LOW
4095.0,3735.0,4095.0,4095.0,31.5,4005.0,4095.0,3735.0,180.0,16020.0,360.0,7830.0,8190.0,0.022471910110956807,0.2556179775121337,4,LOW
4095.0,3735.0,4095.0,4095.0,31.5,4005.0,4095.0,3735.0,180.0,16020.0,360.0,7830.0,8190.0,0.022471910110956807,0.2556179775121337,4,LOW
4095.0,3715.0,4095.0,4095.0,31.5,4000.0,4095.0,3715.0,190.0,16000.0,380.0,7810.0,8190.0,0.023749999998515625,0.2559374999840039,4,LOW
4095.0,3685.0,4095.0,4069.0,31.5,3986.0,4095.0,3685.0,201.04062607675428,15944.0,410.0,7780.0,8164.0,0.024084295031103594,0.2568364274801282,4,LOW
4095.0,3695.0,4095.0,4095.0,31.44,3995.0,4095.0,3695.0,200.0,15980.0,400.0,7790.0,8190.0,0.025031289109822823,0.25625782226181115,4,LOW
4095.0,3683.0,4095.0,4095.0,31.5,3992.0,4095.0,3683.0,206.0,15968.0,412.0,7778.0,8190.0,0.025801603204796995,0.25645040078554293,4,LOW
4095.0,3699.0,4095.0,4095.0,31.5,3996.0,4095.0,3699.0,198.0,15984.0,396.0,7794.0,8190.0,0.0247747747732248,0.25619369367766553,4,LOW
4095.0,3711.0,4095.0,4095.0,31.5,3999.0,4095.0,3711.0,192.0,15996.0,384.0,7806.0,8190.0,0.024006001498874344,0.2560015003590897,4,LOW
4095.0,3691.0,4095.0,4095.0,31.5,3994.0,4095.0,3691.0,202.0,15976.0,404.0,7786.0,8190.0,0.0252879318962639,0.2563219829584175,4,LOW
4095.0,3709.8,4095.0,4092.4,31.49,3998.0499999999997,4095.0,3709.8,192.17057527103356,15992.199999999999,385.1999999999998,7804.8,8187.4,0.02392416302798085,0.2560623303700515,4,LOW
4095.0,3717.0,4095.0,4095.0,31.5,4000.5,4095.0,3717.0,189.0,16002.0,378.0,7812.0,8190.0,0.023622047242618294,0.2559055117950315,4,LOW
4095.0,3745.0,4095.0,4095.0,31.5,4007.5,4095.0,3745.0,175.0,16030.0,350.0,7840.0,8190.0,0.021834061134009104,0.2554585152679065,4,LOW
4095.0,3714.0,4095.0,4095.0,31.5,3999.75,4095.0,3714.0,190.5,15999.0,381.0,7809.0,8190.0,0.023813988372784926,0.25595349707757026,4,LOW
4095.0,3735.0,4095.0,4095.0,31.5,4005.0,4095.0,3735.0,180.0,16020.0,360.0,7830.0,8190.0,0.022471910110956807,0.2556179775121337,4,LOW
4095.0,3734.0,4095.0,4095.0,31.5,4004.75,4095.0,3734.0,180.5,16019.0,361.0,7829.0,8190.0,0.022535738808756117,0.2556339346865826,4,LOW
4095.0,3723.0,4095.0,4095.0,31.5,4002.0,4095.0,3723.0,186.0,16008.0,372.0,7818.0,8190.0,0.023238380808143527,0.25580959518641866,4,LOW
4095.0,3696.0,4095.0,4095.0,31.5,3995.25,4095.0,3696.0,199.5,15981.0,399.0,7791.0,8190.0,0.024967148487268182,0.25624178710617346,4,LOW
4095.0,3694.0,4095.0,4095.0,31.5,3994.75,4095.0,3694.0,200.5,15979.0,401.0,7789.0,8190.0,0.02509543776049218,0.2562738594244775,4,LOW
4095.0,3682.0,4095.0,4095.0,31.5,3991.75,4095.0,3682.0,206.5,15967.0,413.0,7777.0,8190.0,0.02586584831052384,0.25646646206197365,4,LOW
4095.0,3695.0,4095.0,4086.0,31.5,3992.75,4095.0,3695.0,198.5453348734238,15971.0,400.0,7790.0,8181.0,0.0244818733939965,0.256402229024081,4,LOW
4095.0,3713.5,4095.0,4094.1,31.5,3999.4,4095.0,3713.5,190.6004721924896,15997.6,381.5,7808.5,8189.1,0.023791068658811903,0.25597589636845675,4,LOW
4095.0,3713.0,4095.0,4095.0,31.5,3999.5,4095.0,3713.0,191.0,15998.0,382.0,7808.0,8190.0,0.02387798474660095,0.25596949617102327,4,LOW
4095.0,3717.0,4095.0,4095.0,31.5,4000.5,4095.0,3717.0,189.0,16002.0,378.0,7812.0,8190.0,0.023622047242618294,0.2559055117950315,4,LOW
4095.0,3712.0,4095.0,4095.0,31.5,3999.25,4095.0,3712.0,191.5,15997.0,383.0,7807.0,8190.0,0.0239419891214639,0.255985497264738,4,LOW
4095.0,3711.0,4095.0,4095.0,31.5,3999.0,4095.0,3711.0,192.0,15996.0,384.0,7806.0,8190.0,0.024006001498874344,0.2560015003590897,4,LOW
4095.0,3696.0,4095.0,4095.0,31.5,3995.25,4095.0,3696.0,199.5,15981.0,399.0,7791.0,8190.0,0.024967148487268182,0.25624178710617346,4,LOW
4095.0,3718.0,4095.0,4095.0,31.56,4000.75,4095.0,3718.0,188.5,16003.0,377.0,7813.0,8190.0,0.023558082857991745,0.2558895206988759,4,LOW
4095.0,3717.0,4095.0,4095.0,31.56,4000.5,4095.0,3717.0,189.0,16002.0,378.0,7812.0,8190.0,0.023622047242618294,0.2559055117950315,4,LOW
4095.0,3728.0,4095.0,4095.0,31.56,4003.25,4095.0,3728.0,183.5,16013.0,367.0,7823.0,8190.0,0.02291887840985956,0.2557297195868526,4,LOW
4095.0,3719.0,4095.0,4095.0,31.56,4001.0,4095.0,3719.0,188.0,16004.0,376.0,7814.0,8190.0,0.02349412646691489,0.2558735316011076,4,LOW
4095.0,3715.0,4095.0,4095.0,31.5,4000.0,4095.0,3715.0,190.0,16000.0,380.0,7810.0,8190.0,0.023749999998515625,0.2559374999840039,4,LOW
4095.0,3714.6,4095.0,4095.0,31.52,3999.9,4095.0,3714.6,190.20000000000005,15999.6,380.4000000000001,7809.6,8190.0,0.023775594388373712,0.25594389858146804,4,LOW
4095.0,3729.0,4095.0,4095.0,31.56,4003.5,4095.0,3729.0,183.0,16014.0,366.0,7824.0,8190.0,0.02285500187193362,0.25571375045237205,4,LOW
4095.0,3728.0,4095.0,4095.0,31.56,4003.25,4095.0,3728.0,183.5,16013.0,367.0,7823.0,8190.0,0.02291887840985956,0.2557297195868526,4,LOW
4095.0,3727.0,4095.0,4095.0,31.56,4003.0,4095.0,3727.0,184.0,16012.0,368.0,7822.0,8190.0,0.0229827629263688,0.2557456907159789,4,LOW
4095.0,3701.0,4095.0,4095.0,31.5,3996.5,4095.0,3701.0,197.0,15986.0,394.0,7796.0,8190.0,0.02464656574348514,0.2561616414202326,4,LOW
4095.0,3701.0,4095.0,4095.0,31.56,3996.5,4095.0,3701.0,197.0,15986.0,394.0,7796.0,8190.0,0.02464656574348514,0.2561616414202326,4,LOW
4095.0,3696.0,4095.0,4086.0,31.56,3993.0,4095.0,3696.0,198.04544932918807,15972.0,399.0,7791.0,8181.0,0.024417731027772494,0.25638617579161116,4,LOW
4095.0,3695.0,4095.0,4081.0,31.56,3991.5,4095.0,3695.0,197.77681023483686,15966.0,400.0,7790.0,8176.0,0.0241763747949282,0.25648252535033933,4,LOW
4095.0,3709.0,4095.0,4095.0,31.56,3998.5,4095.0,3709.0,193.0,15994.0,386.0,7804.0,8190.0,0.024134050267341875,0.2560335125512046,4,LOW
4095.0,3706.0,4095.0,4095.0,31.56,3997.75,4095.0,3706.0,194.5,15991.0,389.0,7801.0,8190.0,0.024326183476685248,0.25608154585353754,4,LOW
4095.0,3717.0,4095.0,4095.0,31.56,4000.5,4095.0,3717.0,189.0,16002.0,378.0,7812.0,8190.0,0.023622047242618294,0.2559055117950315,4,LOW
4095.0,3710.9,4095.0,4092.7,31.56,3998.3999999999996,4095.0,3710.9,191.66973330880032,15993.599999999999,384.0999999999999,7805.9,8187.7,0.023872048818035223,0.2560399159503777,4,LOW
4095.0,3730.0,4095.0,4095.0,31.56,4003.75,4095.0,3730.0,182.5,16015.0,365.0,7825.0,8190.0,0.0227911333110964,0.25569778331216375,4,LOW
4095.0,3739.0,4095.0,4095.0,31.56,4006.0,4095.0,3739.0,178.0,16024.0,356.0,7834.0,8190.0,0.022216674986132258,0.25555416873093145,4,LOW
4095.0,3735.0,4095.0,4095.0,31.56,4005.0,4095.0,3735.0,180.0,16020.0,360.0,7830.0,8190.0,0.022471910110956807,0.2556179775121337,4,LOW
4095.0,3725.0,4095.0,4095.0,31.56,4002.5,4095.0,3725.0,185.0,16010.0,370.0,7820.0,8190.0,0.02311055590111739,0.2557776389596641,4,LOW
4095.0,3732.0,4095.0,4095.0,31.56,4004.25,4095.0,3732.0,181.5,16017.0,363.0,7827.0,8190.0,0.022663420114711653,0.2556658550130695,4,LOW
4095.0,3711.0,4095.0,4095.0,31.56,3999.0,4095.0,3711.0,192.0,15996.0,384.0,7806.0,8190.0,0.024006001498874344,0.2560015003590897,4,LOW
4095.0,3702.0,4095.0,4095.0,31.56,3996.75,4095.0,3702.0,196.5,15987.0,393.0,7797.0,8190.0,0.02458247325798571,0.25614561829885873,4,LOW
4095.0,3702.0,4095.0,4095.0,31.56,3996.75,4095.0,3702.0,196.5,15987.0,393.0,7797.0,8190.0,0.02458247325798571,0.25614561829885873,4,LOW
4095.0,3744.0,4095.0,4095.0,31.56,4007.25,4095.0,3744.0,175.5,16029.0,351.0,7839.0,8190.0,0.021897810217611963,0.25547445253880624,4,LOW
4095.0,3763.0,4095.0,4095.0,31.56,4012.0,4095.0,3763.0,166.0,16048.0,332.0,7858.0,8190.0,0.020687936190136594,0.2551719840319559,4,LOW
4095.0,3728.3,4095.0,4095.0,31.56,4003.325,4095.0,3728.3,183.3499999999999,16013.3,366.6999999999998,7823.3,8190.0,0.02289971461079853,0.2557249286370876,4,LOW
4095.0,3751.0,4095.0,4095.0,31.56,4009.0,4095.0,3751.0,172.0,16036.0,344.0,7846.0,8190.0,0.021451733598063624,0.25536293338392596,4,LOW
4095.0,3756.0,4095.0,4095.0,31.56,4010.25,4095.0,3756.0,169.5,16041.0,339.0,7851.0,8190.0,0.021133345800066494,0.2552833364344316,4,LOW
4095.0,3790.0,4095.0,4095.0,31.56,4018.75,4095.0,3790.0,152.5,16075.0,305.0,7885.0,8190.0,0.01897356142961284,0.2547433903418511,4,LOW
4095.0,3779.0,4095.0,4095.0,31.56,4016.0,4095.0,3779.0,158.0,16064.0,316.0,7874.0,8190.0,0.019671314739811298,0.25491782866939006,4,LOW
4095.0,3758.0,4095.0,4095.0,31.56,4010.75,4095.0,3758.0,168.5,16043.0,337.0,7853.0,8190.0,0.021006046249391883,0.25525151154676484,4,LOW
4095.0,3793.0,4095.0,4095.0,31.56,4019.5,4095.0,3793.0,151.0,16078.0,302.0,7888.0,8190.0,0.018783430773803744,0.25469585767790176,4,LOW
4095.0,3771.0,4095.0,4095.0,31.56,4014.0,4095.0,3771.0,162.0,16056.0,324.0,7866.0,8190.0,0.020179372196052606,0.25504484303344266,4,LOW
4095.0,3748.0,4095.0,4095.0,31.56,4008.25,4095.0,3748.0,173.5,16033.0,347.0,7843.0,8190.0,0.021642861596604324,0.25541071538355825,4,LOW
4095.0,3697.0,4095.0,4042.0,31.56,3982.25,4095.0,3697.0,191.80089502745636,15929.0,398.0,7792.0,8137.0,0.021658610080880242,0.2570782848730568,4,LOW
4095.0,3712.0,4095.0,4021.0,31.62,3980.75,4095.0,3712.0,182.53104758734426,15923.0,383.0,7807.0,8116.0,0.019405890848495515,0.25717515541938235,4,LOW
4095.0,3755.5,4095.0,4082.3,31.57,4006.95,4095.0,3755.5,167.74020587404402,16027.8,339.5,7850.5,8177.3,0.02038957311543759,0.2554935798889746,4,LOW
4095.0,3719.0,4095.0,4075.0,31.56,3996.0,4095.0,3719.0,184.90718392389914,15984.0,376.0,7814.0,8170.0,0.02227227227087886,0.25619369367766553,4,LOW
4095.0,3705.0,4095.0,4058.0,31.56,3988.25,4095.0,3705.0,189.63715353274,15953.0,390.0,7800.0,8153.0,0.022127499528481948,0.2566915313573189,4,LOW
4095.0,3696.0,4095.0,4023.0,31.62,3977.25,4095.0,3696.0,190.54723823766116,15909.0,399.0,7791.0,8118.0,0.020554403166726104,0.2574014708493682,4,LOW
4095.0,3747.0,4095.0,4095.0,31.56,4008.0,4095.0,3747.0,174.0,16032.0,348.0,7842.0,8190.0,0.02170658682499335,0.2554266466906545,4,LOW
4095.0,3698.0,4095.0,4095.0,31.62,3995.75,4095.0,3698.0,198.5,15983.0,397.0,7793.0,8190.0,0.024838891320475575,0.2562097228144773,4,LOW
4095.0,3701.0,4095.0,4095.0,31.56,3996.5,4095.0,3701.0,197.0,15986.0,394.0,7796.0,8190.0,0.02464656574348514,0.2561616414202326,4,LOW
4095.0,3698.0,4095.0,4095.0,31.56,3995.75,4095.0,3698.0,198.5,15983.0,397.0,7793.0,8190.0,0.024838891320475575,0.2562097228144773,4,LOW
4095.0,3729.0,4095.0,4095.0,31.62,4003.5,4095.0,3729.0,183.0,16014.0,366.0,7824.0,8190.0,0.02285500187193362,0.25571375045237205,4,LOW
4095.0,3707.0,4095.0,4095.0,31.56,3998.0,4095.0,3707.0,194.0,15992.0,388.0,7802.0,8190.0,0.024262131064015625,0.2560655327503711,4,LOW
4095.0,3722.0,4095.0,4095.0,31.56,4001.75,4095.0,3722.0,186.5,16007.0,373.0,7817.0,8190.0,0.023302305240001105,0.25582557629438213,4,LOW
4095.0,3712.2,4095.0,4082.1,31.58,3996.0750000000003,4095.0,3712.2,189.34767624663374,15984.300000000001,382.8000000000002,7807.2,8177.1,0.023141457553778336,0.256188885327716,4,LOW
4095.0,3727.0,4095.0,4095.0,31.62,4003.0,4095.0,3727.0,184.0,16012.0,368.0,7822.0,8190.0,0.0229827629263688,0.2557456907159789,4,LOW
4095.0,3701.0,4095.0,4095.0,31.56,3996.5,4095.0,3701.0,197.0,15986.0,394.0,7796.0,8190.0,0.02464656574348514,0.2561616414202326,4,LOW
4095.0,3701.0,4095.0,4095.0,31.62,3996.5,4095.0,3701.0,197.0,15986.0,394.0,7796.0,8190.0,0.02464656574348514,0.2561616414202326,4,LOW
4095.0,3746.0,4095.0,4095.0,31.62,4007.75,4095.0,3746.0,174.5,16031.0,349.0,7841.0,8190.0,0.021770320003632316,0.2554425799853133,4,LOW
4095.0,3731.0,4095.0,4095.0,31.62,4004.0,4095.0,3731.0,182.0,16016.0,364.0,7826.0,8190.0,0.022727272725853693,0.255681818165854,4,LOW
4095.0,3761.0,4095.0,4095.0,31.62,4011.5,4095.0,3761.0,167.0,16046.0,334.0,7856.0,8190.0,0.02081515642398011,0.2552037890904148,4,LOW
4095.0,3792.0,4095.0,4095.0,31.56,4019.25,4095.0,3792.0,151.5,16077.0,303.0,7887.0,8190.0,0.018846799774905342,0.25471169992817616,4,LOW
4095.0,3650.0,4095.0,3961.0,31.62,3950.25,4095.0,3650.0,209.89739556904146,15801.0,445.0,7745.0,8056.0,0.019682298587451283,0.2591608125903955,4,LOW
4080.0,3582.0,4095.0,4059.0,31.62,3954.0,4095.0,3582.0,248.4391273531607,15816.0,513.0,7662.0,8154.0,0.031107738996515696,0.2589150227453898,4,LOW
4095.0,3709.0,4095.0,4095.0,31.62,3998.5,4095.0,3709.0,193.0,15994.0,386.0,7804.0,8190.0,0.024134050267341875,0.2560335125512046,4,LOW
4093.5,3710.0,4095.0,4078.0,31.61,3994.125,4095.0,3710.0,189.57249053242577,15976.5,385.0,7803.5,8173.0,0.023127718835594297,0.2563139611143671,4,LOW
3871.0,3408.0,4095.0,3843.0,31.62,3804.25,4095.0,3408.0,287.2320490474557,15217.0,687.0,7279.0,7938.0,0.04330682788701407,0.26910691987454116,3,LOW
4095.0,3887.0,4095.0,4095.0,31.62,4043.0,4095.0,3887.0,104.0,16172.0,208.0,7982.0,8190.0,0.012861736333609836,0.2532154340679436,4,LOW
4095.0,3751.0,4095.0,4061.0,31.62,4000.5,4095.0,3751.0,167.10376018111222,16002.0,344.0,7846.0,8156.0,0.019372578426485904,0.2559055117950315,4,LOW
4095.0,3786.0,4095.0,4059.0,31.62,4008.75,4095.0,3786.0,149.46655144212033,16035.0,309.0,7881.0,8154.0,0.01702525724870438,0.2553788587305657,4,LOW
4095.0,3741.0,4095.0,3782.0,31.62,3928.25,4095.0,3741.0,193.27247605388615,15713.0,354.0,7836.0,7877.0,0.002609304397466473,0.26061223189329774,4,LOW
4095.0,3747.0,4095.0,3761.0,31.62,3924.5,4095.0,3747.0,196.95938667654303,15698.0,348.0,7842.0,7856.0,0.0008918333545106489,0.2608612561943648,4,LOW
4095.0,3742.0,4095.0,3783.0,31.62,3928.75,4095.0,3742.0,192.69730148603534,15715.0,353.0,7837.0,7878.0,0.0026089723192740076,0.26057906457139174,4,LOW
4095.0,3729.0,4095.0,3742.0,31.62,3915.25,4095.0,3729.0,207.62526339537777,15661.0,366.0,7824.0,7837.0,0.0008300874783966485,0.2614775556949443,4,LOW
4095.0,3745.0,4095.0,3911.0,31.62,3961.5,4095.0,3745.0,168.39140912370402,15846.0,350.0,7840.0,8006.0,0.010475829861764745,0.258424839059799,4,LOW
4095.0,3757.0,4095.0,3913.0,31.62,3965.0,4095.0,3757.0,163.06236025929874,15860.0,338.0,7852.0,8008.0,0.009836065573150312,0.25819672129519566,4,LOW
4072.6,3729.3,4095.0,3895.0,31.62,3947.975,4095.0,3729.3,171.0485774080957,15791.9,365.6999999999998,7801.9,7990.0,0.011911169649509508,0.2593101526567854,4,LOW
4095.0,3771.0,4095.0,3959.0,31.62,3980.0,4095.0,3771.0,153.37535656030275,15920.0,324.0,7866.0,8054.0,0.011809045225388878,0.257223618074295,4,LOW
4095.0,3761.0,4095.0,3985.0,31.62,3984.0,4095.0,3761.0,157.45052132865953,15936.0,334.0,7856.0,8080.0,0.01405622489871635,0.2569653614296583,4,LOW
4095.0,3742.0,4095.0,3974.0,31.62,3976.5,4095.0,3742.0,166.4141420272528,15906.0,353.0,7837.0,8069.0,0.014585690933321658,0.25745001884462154,4,LOW
4095.0,3757.0,4095.0,3989.0,31.62,3984.0,4095.0,3757.0,159.36959141149438,15936.0,338.0,7852.0,8084.0,0.014558232930813363,0.2569653614296583,4,LOW
4095.0,3776.0,4095.0,4095.0,31.62,4015.25,4095.0,3776.0,159.5,16061.0,319.0,7871.0,8190.0,0.019861776974045092,0.2549654442279456,4,LOW
4095.0,3772.0,4095.0,4095.0,31.62,4014.25,4095.0,3772.0,161.5,16057.0,323.0,7867.0,8190.0,0.02011583732826083,0.25502895931649566,4,LOW
4095.0,3757.0,4095.0,4095.0,31.62,4010.5,4095.0,3757.0,169.0,16042.0,338.0,7852.0,8190.0,0.02106969205703343,0.2552674229986743,4,LOW
4095.0,3744.0,4095.0,4073.0,31.62,4001.75,4095.0,3744.0,172.14601360473034,16007.0,351.0,7839.0,8168.0,0.020553507839035826,0.25582557629438213,4,LOW
4095.0,3790.0,4095.0,4048.0,31.62,4007.0,4095.0,3790.0,146.353453438357,16028.0,305.0,7885.0,8143.0,0.016096830545539256,0.2554903917983847,4,LOW
4095.0,3749.0,4095.0,4059.0,31.62,3999.5,4095.0,3749.0,167.86006076491216,15998.0,346.0,7844.0,8154.0,0.01937742217656098,0.25596949617102327,4,LOW
4095.0,3761.9,4095.0,4037.2,31.62,3997.2749999999996,4095.0,3761.9,159.26471412923408,15989.099999999999,333.0999999999999,7856.9,8132.2,0.017217979747626958,0.2561119762678255,4,LOW
4095.0,3729.0,4095.0,4035.0,31.62,3988.5,4095.0,3729.0,175.29689101635546,15954.0,366.0,7824.0,8130.0,0.01918014290966653,0.2566754418793609,4,LOW
4095.0,3699.0,4095.0,3996.0,31.62,3971.25,4095.0,3699.0,187.40397541140902,15885.0,396.0,7794.0,8091.0,0.018696883851514204,0.25779036825572615,4,LOW
4095.0,3702.0,4095.0,4007.0,31.62,3974.75,4095.0,3702.0,186.50536185321857,15899.0,393.0,7797.0,8102.0,0.01918359645140049,0.25756336874913116,4,LOW
4095.0,3742.0,4095.0,4074.0,31.62,4001.5,4095.0,3742.0,173.28300551410112,16006.0,353.0,7837.0,8169.0,0.020742221665579017,0.2558415593992352,4,LOW
4095.0,2882.0,0.0,0.0,31.62,1744.25,4095.0,0.0,2074.071418731766,6977.0,4095.0,6977.0,0.0,0.9999999998566719,0.5869284792049694,1,LOW
4095.0,3635.0,4095.0,4095.0,31.62,3980.0,4095.0,3635.0,230.0,15920.0,460.0,7730.0,8190.0,0.028894472359994067,0.257223618074295,4,LOW
4095.0,3747.0,4095.0,4095.0,31.62,4008.0,4095.0,3747.0,174.0,16032.0,348.0,7842.0,8190.0,0.02170658682499335,0.2554266466906545,4,LOW
4095.0,3737.0,4095.0,4095.0,31.62,4005.5,4095.0,3737.0,179.0,16022.0,358.0,7832.0,8190.0,0.022344276618253382,0.2555860691389598,4,LOW
4095.0,3742.0,4095.0,4095.0,31.62,4006.75,4095.0,3742.0,176.5,16027.0,353.0,7837.0,8190.0,0.02202533225045078,0.25550633304701403,4,LOW
4095.0,3760.0,4095.0,4095.0,31.62,4011.25,4095.0,3760.0,167.5,16045.0,335.0,7855.0,8190.0,0.02087877843434847,0.2552196945930059,4,LOW
4095.0,3637.5,3685.5,3658.7,31.62,3769.175,4095.0,3637.5,218.10277967050308,15076.7,457.5,7732.5,7344.2,0.0257549729035031,0.27161116157570214,4,LOW
4095.0,3754.0,4095.0,4095.0,31.62,4009.75,4095.0,3754.0,170.5,16039.0,341.0,7849.0,8190.0,0.021260677098244238,0.2553151692589741,4,LOW
4095.0,3754.0,4095.0,4095.0,31.62,4009.75,4095.0,3754.0,170.5,16039.0,341.0,7849.0,8190.0,0.021260677098244238,0.2553151692589741,4,LOW
4095.0,3747.0,4095.0,4095.0,31.62,4008.0,4095.0,3747.0,174.0,16032.0,348.0,7842.0,8190.0,0.02170658682499335,0.2554266466906545,4,LOW
4095.0,3729.0,4095.0,4095.0,31.62,4003.5,4095.0,3729.0,183.0,16014.0,366.0,7824.0,8190.0,0.02285500187193362,0.25571375045237205,4,LOW
4095.0,3739.0,4095.0,4095.0,31.62,4006.0,4095.0,3739.0,178.0,16024.0,356.0,7834.0,8190.0,0.022216674986132258,0.25555416873093145,4,LOW
4095.0,3740.0,4095.0,4095.0,31.62,4006.25,4095.0,3740.0,177.5,16025.0,355.0,7835.0,8190.0,0.02215288611406222,0.25553822151291494,4,LOW
4095.0,3727.0,4095.0,4095.0,31.62,4003.0,4095.0,3727.0,184.0,16012.0,368.0,7822.0,8190.0,0.0229827629263688,0.2557456907159789,4,LOW
4095.0,3707.0,4095.0,4095.0,31.62,3998.0,4095.0,3707.0,194.0,15992.0,388.0,7802.0,8190.0,0.024262131064015625,0.2560655327503711,4,LOW
4095.0,3802.0,4095.0,4095.0,31.62,4021.75,4095.0,3802.0,146.5,16087.0,293.0,7897.0,8190.0,0.01821346428680217,0.25455336605616,4,LOW
4095.0,3824.0,4095.0,4095.0,31.62,4027.25,4095.0,3824.0,135.5,16109.0,271.0,7919.0,8190.0,0.016822894033346397,0.25420572349281734,4,LOW
4095.0,3752.3,4095.0,4095.0,31.62,4009.325,4095.0,3752.3,171.3499999999999,16037.3,342.6999999999998,7847.3,8190.0,0.021368933672041485,0.25534223340242174,4,LOW
4095.0,3715.0,4095.0,4061.0,31.62,3991.5,4095.0,3715.0,185.02882658295886,15966.0,380.0,7810.0,8156.0,0.02167105098198227,0.25648252535033933,4,LOW
4095.0,3843.0,4095.0,4095.0,31.62,4032.0,4095.0,3843.0,126.0,16128.0,252.0,7938.0,8190.0,0.015624999999031188,0.2539062499842568,4,LOW
3678.0,3490.0,4095.0,3847.0,31.62,3777.5,4095.0,3490.0,257.02982965666325,15110.0,605.0,7168.0,7942.0,0.05122435472857549,0.27101257443606797,3,LOW
4095.0,3600.0,4095.0,3776.0,31.62,3891.5,4095.0,3600.0,245.72138694057546,15566.0,495.0,7695.0,7871.0,0.011306694076107755,0.26307336500943895,4,LOW
4095.0,3659.0,4095.0,3888.0,31.62,3934.25,4095.0,3659.0,207.83226409775745,15737.0,436.0,7754.0,7983.0,0.014551693460344938,0.2602147804371726,4,LOW
4095.0,3660.0,4095.0,3922.0,31.62,3943.0,4095.0,3660.0,205.53831759552767,15772.0,435.0,7755.0,8017.0,0.016611716965723326,0.2596373319642634,4,LOW
4095.0,3674.0,4095.0,3988.0,31.69,3963.0,4095.0,3674.0,199.15990225611847,15852.0,421.0,7769.0,8083.0,0.019808226090095367,0.2583270249647788,4,LOW
4095.0,3680.0,4095.0,4044.0,31.62,3978.5,4095.0,3680.0,200.44700047643516,15914.0,415.0,7775.0,8139.0,0.02287294206215452,0.25732059819923836,4,LOW
4095.0,3689.0,4095.0,4048.0,31.62,3981.75,4095.0,3689.0,196.42025523521414,15927.0,406.0,7784.0,8143.0,0.022540340301215524,0.25711056694561996,4,LOW
0.0,627.0,4095.0,0.0,31.69,1180.5,4095.0,0.0,1965.352640113219,4722.0,4095.0,627.0,4095.0,0.7344345614708948,0.86721728062956,1,SAFE
0.0,572.0,4095.0,0.0,31.62,1166.75,4095.0,0.0,1970.7009539755138,4667.0,4095.0,572.0,4095.0,0.7548746516488376,0.8774373257172836,1,SAFE
0.0,1906.0,4095.0,3984.0,31.62,2496.25,4095.0,0.0,1944.9987789199251,9985.0,4095.0,1906.0,8079.0,0.6182273409496016,0.4101151727180656,2,SAFE
0.0,1979.0,4095.0,3968.0,31.62,2510.5,4095.0,0.0,1933.9121834595628,10042.0,4095.0,1979.0,8063.0,0.6058554072290524,0.40778729332724684,2,SAFE
925.4,1301.8,3685.5,1819.0,31.65,1932.925,3685.5,925.4,1224.4622530591405,7731.7,2760.1,2227.2,5504.5,0.4238783190729234,0.47667395262663137,1,SAFE
0.0,589.0,4095.0,0.0,31.69,1171.0,4095.0,0.0,1969.008379870436,4684.0,4095.0,589.0,4095.0,0.7485055506514718,0.8742527752189895,1,SAFE
0.0,586.0,4095.0,0.0,31.62,1170.25,4095.0,0.0,1969.3045092113105,4681.0,4095.0,586.0,4095.0,0.7496261480987767,0.8748130739425736,1,SAFE
0.0,609.0,4095.0,0.0,31.62,1176.0,4095.0,0.0,1967.062276594211,4704.0,4095.0,609.0,4095.0,0.7410714284138878,0.8705357141006513,1,SAFE
419.0,1714.0,4095.0,3201.0,31.62,2357.25,4095.0,419.0,1622.988267569013,9429.0,3676.0,2133.0,7296.0,0.5475660196683035,0.4342984409338956,1,SAFE
0.0,1262.0,4095.0,2537.0,31.62,1973.5,4095.0,0.0,1753.019205066885,7894.0,4095.0,1262.0,6632.0,0.6802634911730094,0.5187484164531608,1,SAFE
0.0,1505.0,4095.0,2807.0,31.62,2101.75,4095.0,0.0,1755.3619522290362,8407.0,4095.0,1505.0,6902.0,0.6419650290660206,0.4870940882018444,1,SAFE
0.0,1435.0,4095.0,1961.0,31.69,1872.75,4095.0,0.0,1697.547323837149,7491.0,4095.0,1435.0,6056.0,0.6168735815489422,0.5466559871116465,1,SAFE
78.0,1361.0,4095.0,0.0,31.62,1383.5,4095.0,0.0,1912.340712320898,5534.0,4095.0,1439.0,4095.0,0.4799421755547629,0.7399710876870308,1,SAFE
0.0,2194.0,4095.0,3060.0,31.62,2337.25,4095.0,0.0,1741.1979353307308,9349.0,4095.0,2194.0,7155.0,0.5306449887120928,0.43801476089014707,1,SAFE
0.0,2374.0,4095.0,4085.0,31.62,2638.5,4095.0,0.0,1936.0954694091577,10554.0,4095.0,2374.0,8180.0,0.5501231759948718,0.3880045480018946,2,SAFE
49.7,1362.9,4095.0,1765.1,31.64,1818.1750000000002,4095.0,49.7,1685.381083266729,7272.700000000001,4045.3,1412.6000000000001,5860.1,0.6115335431667009,0.5630646114148713,1,SAFE
0.0,2256.0,4095.0,3934.0,31.62,2571.25,4095.0,0.0,1905.2218374772006,10285.0,4095.0,2256.0,8029.0,0.561302868200165,0.3981526494508359,2,SAFE
0.0,2275.0,4095.0,4095.0,31.62,2616.25,4095.0,0.0,1943.7608520597385,10465.0,4095.0,2275.0,8190.0,0.5652173912503375,0.3913043477886952,2,SAFE
0.0,2146.0,4095.0,4095.0,31.69,2584.0,4095.0,0.0,1952.3611346264809,10336.0,4095.0,2146.0,8190.0,0.5847523219248498,0.39618808045702514,2,SAFE
0.0,1520.0,4095.0,2640.0,31.69,2063.75,4095.0,0.0,1733.279045624218,8255.0,4095.0,1520.0,6735.0,0.6317383403232297,0.49606299206589183,1,SAFE
0.0,1200.0,4095.0,3120.0,31.62,2103.75,4095.0,0.0,1847.554126406044,8415.0,4095.0,1200.0,7215.0,0.714795008827713,0.48663101598495173,1,SAFE
0.0,0.0,4095.0,3395.0,31.62,1872.5,4095.0,0.0,2180.9802841841556,7490.0,4095.0,0.0,7490.0,0.9999999998664886,0.5467289718896223,1,SAFE
0.0,1487.0,4095.0,3248.0,31.62,2207.5,4095.0,0.0,1829.1594608817825,8830.0,4095.0,1487.0,7343.0,0.6631936579090381,0.46375990934725253,1,SAFE
0.0,2651.0,4095.0,4095.0,31.62,2710.25,4095.0,0.0,1930.8055961178484,10841.0,4095.0,2651.0,8190.0,0.5109307259006612,0.3777326814521047,2,SAFE
0.0,1863.0,4095.0,3629.0,31.62,2396.75,4095.0,0.0,1864.7424084843462,9587.0,4095.0,1863.0,7724.0,0.6113487013026652,0.4271409199512735,2,SAFE
0.0,582.0,4095.0,0.0,31.62,1169.25,4095.0,0.0,1969.7010559980922,4677.0,4095.0,582.0,4095.0,0.7511225142717292,0.8755612570289584,1,SAFE
0.0,1598.0,4095.0,3225.1,31.64,2229.525,4095.0,0.0,1811.1480804082992,8918.1,4095.0,1598.0,7320.1,0.6416277008957483,0.45917852452213154,1,SAFE
3171.0,1761.0,4095.0,0.0,31.62,2256.75,4095.0,0.0,1784.5358640273946,9027.0,4095.0,4932.0,4095.0,0.09272183448623886,0.45363908270149117,1,SAFE
3715.0,1983.0,4095.0,0.0,31.62,2448.25,4095.0,0.0,1873.2170856577195,9793.0,4095.0,5698.0,4095.0,0.1636883488038713,0.4181558255470075,2,SAFE
0.0,826.0,4095.0,2559.0,31.62,1870.0,4095.0,0.0,1826.8535792449268,7480.0,4095.0,826.0,6654.0,0.7791443849225742,0.5474598929749385,1,SAFE
0.0,613.0,4095.0,0.0,31.62,1177.0,4095.0,0.0,1966.6789265154594,4708.0,4095.0,613.0,4095.0,0.7395921833603245,0.86979609157396,1,SAFE
336.0,606.0,4095.0,0.0,31.62,1259.25,4095.0,0.0,1906.6825247009529,5037.0,4095.0,942.0,4095.0,0.6259678378745348,0.8129839188380019,1,SAFE
242.0,624.0,4095.0,0.0,31.62,1240.25,4095.0,0.0,1920.423976625995,4961.0,4095.0,866.0,4095.0,0.650876839215707,0.8254384195070674,1,SAFE
161.0,613.0,4095.0,0.0,31.69,1217.25,4095.0,0.0,1935.9687282253983,4869.0,4095.0,774.0,4095.0,0.6820702401556643,0.8410351199751416,1,SAFE
278.0,725.0,4095.0,1680.0,31.62,1694.5,4095.0,278.0,1703.8205108911366,6778.0,3817.0,1003.0,5775.0,0.7040424903062787,0.6041605192380997,1,SAFE
267.0,614.0,4095.0,0.0,31.62,1244.0,4095.0,0.0,1917.2172542515884,4976.0,4095.0,881.0,4095.0,0.6459003214136052,0.8229501606063202,1,SAFE
190.0,780.0,4095.0,2322.0,31.62,1846.75,4095.0,190.0,1747.6905475512535,7387.0,3905.0,970.0,6417.0,0.7373764720810374,0.5543522403473193,1,SAFE
836.0,914.5,4095.0,656.1,31.63,1625.4,4095.0,656.1,1649.9492739677382,6501.6,3438.9,1750.5,4751.1,0.4615171649345519,0.6298449611434346,1,SAFE
0.0,688.0,4095.0,2479.0,31.62,1815.5,4095.0,0.0,1844.238686649137,7262.0,4095.0,688.0,6574.0,0.8105205176520902,0.5638942439322646,1,SAFE
0.0,989.0,4095.0,2627.0,31.62,1927.75,4095.0,0.0,1805.8603443603643,7711.0,4095.0,989.0,6722.0,0.7434833353983292,0.5310595252845208,1,SAFE
0.0,1008.0,4095.0,2658.0,31.62,1940.25,4095.0,0.0,1806.6334022152917,7761.0,4095.0,1008.0,6753.0,0.7402396597422704,0.527638190886788,1,SAFE
0.0,1019.0,4095.0,2674.0,31.69,1947.0,4095.0,0.0,1806.8781549032758,7788.0,4095.0,1019.0,6769.0,0.738315356864623,0.5258089367583707,1,SAFE
0.0,1034.0,4095.0,2674.0,31.62,1950.75,4095.0,0.0,1804.3239500341026,7803.0,4095.0,1034.0,6769.0,0.7349737279591216,0.524798154488684,1,SAFE
0.0,544.0,4095.0,0.0,31.62,1159.75,4095.0,0.0,1973.5653650183467,4639.0,4095.0,544.0,4095.0,0.7654666952434863,0.8827333475139613,1,SAFE
259.0,2179.0,4095.0,3344.0,31.62,2469.25,4095.0,259.0,1671.0975185986802,9877.0,3836.0,2438.0,7439.0,0.506327832286491,0.4145995747276906,1,SAFE
238.0,2096.0,4095.0,3280.0,31.62,2427.25,4095.0,238.0,1674.4267426993235,9709.0,3857.0,2334.0,7375.0,0.5192089813040263,0.4217736120690314,1,SAFE
208.0,2019.0,4095.0,3097.0,31.69,2354.75,4095.0,208.0,1663.3970011194963,9419.0,3887.0,2227.0,7192.0,0.5271260218147228,0.4347595285662215,1,SAFE
264.0,2075.0,4095.0,3187.0,31.62,2405.25,4095.0,264.0,1649.2831523624639,9621.0,3831.0,2339.0,7282.0,0.5137719571236075,0.4256314311999136,1,SAFE
96.9,1365.1,4095.0,2602.0,31.64,2039.75,4095.0,96.9,1709.7754599166915,8159.0,3998.1,1462.0,6697.0,0.6416227478071305,0.5018997425540017,1,SAFE
327.0,2131.0,4095.0,3125.0,31.62,2419.5,4095.0,327.0,1609.0182306818858,9678.0,3768.0,2458.0,7220.0,0.49204381065384956,0.4231246124795283,1,SAFE
187.0,2099.0,4095.0,3006.0,31.62,2346.75,4095.0,187.0,1654.9812435996569,9387.0,3908.0,2286.0,7101.0,0.5129434323518756,0.4362416106917821,1,SAFE
176.0,2027.0,4095.0,2960.0,31.69,2314.5,4095.0,176.0,1657.5774491709278,9258.0,3919.0,2203.0,7055.0,0.5240872758129091,0.4423201554933765,1,SAFE
35.0,2031.0,4095.0,2947.0,31.62,2277.0,4095.0,35.0,1716.6929447826908,9108.0,4060.0,2066.0,7042.0,0.5463328940989972,0.44960474303364023,1,SAFE
21.0,2097.0,4095.0,3006.0,31.62,2304.75,4095.0,21.0,1727.7558421258486,9219.0,4074.0,2118.0,7101.0,0.5405141554896936,0.44419134391537135,1,SAFE
106.0,2224.0,4095.0,3370.0,31.62,2448.75,4095.0,106.0,1741.439131867663,9795.0,3989.0,2330.0,7465.0,0.5242470647754724,0.4180704440614527,1,SAFE
82.0,2111.0,4095.0,3248.0,31.69,2384.0,4095.0,82.0,1736.6394751550094,9536.0,4013.0,2193.0,7343.0,0.540058724775581,0.42942533552543777,1,SAFE
167.0,2105.0,4095.0,3312.0,31.62,2419.75,4095.0,167.0,1710.411524555811,9679.0,3928.0,2272.0,7407.0,0.5305300133763271,0.4230808967431469,1,SAFE
207.0,2287.0,4095.0,3456.0,31.62,2511.25,4095.0,207.0,1708.8663639969043,10045.0,3888.0,2494.0,7551.0,0.5034345444994092,0.4076655051858969,1,SAFE
0.0,604.0,4095.0,0.0,31.62,1174.75,4095.0,0.0,1967.5442180545779,4699.0,4095.0,604.0,4095.0,0.7429240262304907,0.8714620130088397,1,SAFE
130.8,1971.6,4095.0,2843.0,31.64,2260.1,4095.0,130.8,1665.7111754442906,9040.4,3964.2,2102.4,6938.0,0.5348878367622132,0.4529666828400329,1,SAFE
0.0,1008.0,4095.0,2517.0,31.62,1905.0,4095.0,0.0,1789.2529167225075,7620.0,4095.0,1008.0,6612.0,0.7354330707696282,0.5374015747326244,1,SAFE
0.0,624.0,4095.0,0.0,31.62,1179.75,4095.0,0.0,1965.634821120139,4719.0,4095.0,624.0,4095.0,0.7355371899267774,0.867768594857434,1,SAFE
25.0,625.0,4095.0,0.0,31.62,1186.25,4095.0,0.0,1960.5712390355352,4745.0,4095.0,650.0,4095.0,0.7260273971072649,0.8630136984482584,1,SAFE
55.0,629.0,4095.0,0.0,31.62,1194.75,4095.0,0.0,1954.3098312874206,4779.0,4095.0,684.0,4095.0,0.7137476458016849,0.856873822796218,1,SAFE
0.0,627.0,4095.0,0.0,31.62,1180.5,4095.0,0.0,1965.352640113219,4722.0,4095.0,627.0,4095.0,0.7344345614708948,0.86721728062956,1,SAFE
0.0,641.0,4095.0,0.0,31.62,1184.0,4095.0,0.0,1964.0504066851238,4736.0,4095.0,641.0,4095.0,0.7293074322784401,0.8646537160336457,1,SAFE
0.0,633.0,4095.0,0.0,31.69,1182.0,4095.0,0.0,1964.7915920015537,4728.0,4095.0,633.0,4095.0,0.7322335023831993,0.8661167510858466,1,SAFE
0.0,692.0,4095.0,1629.0,31.62,1604.0,4095.0,0.0,1789.8106045054042,6416.0,4095.0,692.0,5724.0,0.7842892766857404,0.6382481295763328,1,SAFE
0.0,661.0,4095.0,0.0,31.62,1189.0,4095.0,0.0,1962.231892514236,4756.0,4095.0,661.0,4095.0,0.7220353236496981,0.8610176617197187,1,SAFE
0.0,635.0,4095.0,0.0,31.62,1182.5,4095.0,0.0,1964.6055583755228,4730.0,4095.0,635.0,4095.0,0.731501056927801,0.8657505283581922,1,SAFE
8.0,677.5,4095.0,414.6,31.63,1298.775,4095.0,8.0,1884.3851700665305,5195.1,4087.0,685.5,4509.6,0.7360974763265197,0.7882427670712319,1,SAFE
0.0,656.0,4095.0,0.0,31.62,1187.75,4095.0,0.0,1962.681902397839,4751.0,4095.0,656.0,4095.0,0.7238476108769001,0.861923805333209,1,SAFE
0.0,640.0,4095.0,0.0,31.62,1183.75,4095.0,0.0,1964.142624658403,4735.0,4095.0,640.0,4095.0,0.7296726503210829,0.8648363250549448,1,SAFE
0.0,644.0,4095.0,1361.0,31.62,1525.0,4095.0,0.0,1801.257153582834,6100.0,4095.0,644.0,5456.0,0.7888524588870733,0.671311475299785,1,SAFE
0.0,631.0,4095.0,0.0,31.69,1181.5,4095.0,0.0,1964.9781169264966,4726.0,4095.0,631.0,4095.0,0.7329665677670405,0.8664832837777224,1,SAFE
0.0,637.0,4095.0,0.0,31.62,1183.0,4095.0,0.0,1964.4200161879842,4732.0,4095.0,637.0,4095.0,0.7307692306147994,0.865384615201736,1,SAFE
0.0,626.0,4095.0,0.0,31.62,1180.25,4095.0,0.0,1965.4465777527507,4721.0,4095.0,626.0,4095.0,0.7348019485840284,0.8674009741861044,1,SAFE
0.0,650.0,4095.0,0.0,31.69,1186.25,4095.0,0.0,1963.2259803700642,4745.0,4095.0,650.0,4095.0,0.7260273971072649,0.8630136984482584,1,SAFE
0.0,638.0,4095.0,0.0,31.62,1183.25,4095.0,0.0,1964.3274294271819,4733.0,4095.0,638.0,4095.0,0.7304035493914212,0.8652017745900693,1,SAFE
0.0,631.0,4095.0,0.0,31.62,1181.5,4095.0,0.0,1964.9781169264966,4726.0,4095.0,631.0,4095.0,0.7329665677670405,0.8664832837777224,1,SAFE
0.0,611.0,4095.0,0.0,31.62,1176.5,4095.0,0.0,1966.8703566834292,4706.0,4095.0,611.0,4095.0,0.7403314915553906,0.8701657456714479,1,SAFE
0.0,636.4,4095.0,136.1,31.64,1216.875,4095.0,0.0,1938.161853191489,4867.5,4095.0,636.4,4231.1,0.7385105288672809,0.8412942987485784,1,SAFE
0.0,643.0,4095.0,0.0,31.62,1184.5,4095.0,0.0,1963.8663396473803,4738.0,4095.0,643.0,4095.0,0.7285774586896205,0.8642887292392805,1,SAFE
0.0,631.0,4095.0,0.0,31.62,1181.5,4095.0,0.0,1964.9781169264966,4726.0,4095.0,631.0,4095.0,0.7329665677670405,0.8664832837777224,1,SAFE
0.0,629.0,4095.0,0.0,31.69,1181.0,4095.0,0.0,1965.1651330104553,4724.0,4095.0,629.0,4095.0,0.7337002538667018,0.8668501268275084,1,SAFE
0.0,640.0,4095.0,0.0,31.62,1183.75,4095.0,0.0,1964.142624658403,4735.0,4095.0,640.0,4095.0,0.7296726503210829,0.8648363250549448,1,SAFE
0.0,693.0,4095.0,1615.0,31.69,1600.75,4095.0,0.0,1789.5899670036151,6403.0,4095.0,693.0,5710.0,0.7835389659872655,0.6395439636671023,1,SAFE
0.0,641.0,4095.0,0.0,31.62,1184.0,4095.0,0.0,1964.0504066851238,4736.0,4095.0,641.0,4095.0,0.7293074322784401,0.8646537160336457,1,SAFE
0.0,619.0,4095.0,0.0,31.62,1178.5,4095.0,0.0,1966.1075758971074,4714.0,4095.0,619.0,4095.0,0.7373780227540564,0.8686890112709611,1,SAFE
0.0,636.0,4095.0,0.0,31.62,1182.75,4095.0,0.0,1964.5127258432306,4731.0,4095.0,636.0,4095.0,0.7311350664275765,0.8655675331081023,1,SAFE
0.0,909.0,4095.0,1517.0,31.62,1630.25,4095.0,0.0,1757.4351339380921,6521.0,4095.0,909.0,5612.0,0.7212084035084789,0.627971169969641,1,SAFE
0.0,1161.0,4095.0,2656.0,31.62,1978.0,4095.0,0.0,1781.5111562940042,7912.0,4095.0,1161.0,6751.0,0.7065217390411372,0.5175682506929261,1,SAFE
0.0,720.2,4095.0,578.8,31.64,1348.5,4095.0,0.0,1857.320065757829,5394.0,4095.0,720.2,4673.8,0.7329625508466885,0.7591768630405679,1,SAFE
0.0,1037.0,4095.0,2544.0,31.62,1919.0,4095.0,0.0,1787.5575515210692,7676.0,4095.0,1037.0,6639.0,0.7298071911503639,0.5334809796074151,1,SAFE
0.0,2160.0,4095.0,3361.0,31.62,2404.0,4095.0,0.0,1790.165914098467,9616.0,4095.0,2160.0,7456.0,0.5507487520225927,0.425852745380007,1,SAFE
0.0,2135.0,4095.0,3265.0,31.62,2373.75,4095.0,0.0,1774.7036137526363,9495.0,4095.0,2135.0,7360.0,0.5502896260610542,0.4312796208076588,1,SAFE
0.0,2008.0,4095.0,2975.0,31.62,2269.5,4095.0,0.0,1736.777955487306,9078.0,4095.0,2008.0,7070.0,0.5576118087070266,0.4510905485292916,1,SAFE
0.0,2016.0,4095.0,3123.0,31.62,2308.5,4095.0,0.0,1757.813129999887,9234.0,4095.0,2016.0,7218.0,0.5633528264497127,0.443469785527023,1,SAFE
0.0,1911.0,4095.0,2909.0,31.62,2228.75,4095.0,0.0,1733.3898147848913,8915.0,4095.0,1911.0,7004.0,0.571284352151286,0.45933819400343934,1,SAFE
0.0,2006.0,4095.0,3095.0,31.62,2299.0,4095.0,0.0,1754.088747279719,9196.0,4095.0,2006.0,7190.0,0.5637233579204303,0.44530230530172876,1,SAFE
0.0,2027.0,4095.0,3066.0,31.62,2297.0,4095.0,0.0,1748.6446179827392,9188.0,4095.0,2027.0,7161.0,0.5587723116501119,0.4456900304260241,1,SAFE
0.0,1403.0,4095.0,2403.0,31.69,1975.25,4095.0,0.0,1722.9231700804305,7901.0,4095.0,1403.0,6498.0,0.6448550815536191,0.5182888241338706,1,SAFE
0.0,592.0,4095.0,0.0,31.62,1171.75,4095.0,0.0,1968.7133488651923,4687.0,4095.0,592.0,4095.0,0.7473863877219146,0.8736931937542792,1,SAFE
0.0,1729.5,4095.0,2674.1,31.63,2124.65,4095.0,0.0,1717.9887048522758,8498.6,4095.0,1729.5,6769.1,0.5929917868127701,0.4818440683781041,1,SAFE
240.0,1570.0,4095.0,2559.0,31.62,2116.0,4095.0,240.0,1625.8517767619533,8464.0,3855.0,1810.0,6654.0,0.5723062381176387,0.4838137995647668,1,SAFE
176.0,1870.0,4095.0,3140.0,31.69,2320.25,4095.0,176.0,1695.313220813979,9281.0,3919.0,2046.0,7235.0,0.5590992349359876,0.44122400598629197,1,SAFE
0.0,850.0,4095.0,0.0,31.62,1236.25,4095.0,0.0,1947.5,4945.0,4095.0,850.0,4095.0,0.6562184022939902,0.8281092010458828,1,SAFE
0.0,1517.0,4095.0,2865.0,31.62,2119.25,4095.0,0.0,1761.9739640528176,8477.0,4095.0,1517.0,6960.0,0.6420903620806783,0.48307184139635817,1,SAFE
0.0,918.0,4095.0,973.0,31.62,1496.5,4095.0,0.0,1788.894351268403,5986.0,4095.0,918.0,5068.0,0.6932843299877574,0.6840962244096064,1,SAFE
0.0,787.0,4095.0,2043.0,31.62,1731.25,4095.0,0.0,1786.3684530353753,6925.0,4095.0,787.0,6138.0,0.7727075811158545,0.5913357399868107,1,SAFE
0.0,640.0,4095.0,0.0,31.62,1183.75,4095.0,0.0,1964.142624658403,4735.0,4095.0,640.0,4095.0,0.7296726503210829,0.8648363250549448,1,SAFE
0.0,552.0,4095.0,0.0,31.62,1161.75,4095.0,0.0,1972.7372480895676,4647.0,4095.0,552.0,4095.0,0.7624273723343172,0.8812136860595623,1,SAFE
0.0,601.0,4095.0,0.0,31.62,1174.0,4095.0,0.0,1967.8348507941412,4696.0,4095.0,601.0,4095.0,0.7440374785468403,0.8720187391669465,1,SAFE
0.0,586.0,4095.0,0.0,31.62,1170.25,4095.0,0.0,1969.3045092113105,4681.0,4095.0,586.0,4095.0,0.7496261480987767,0.8748130739425736,1,SAFE
41.6,989.1,4095.0,1158.0,31.63,1570.925,4095.0,41.6,1752.9800291218378,6283.7,4053.4,1030.7,5253.0,0.6719448731365366,0.6516861083992415,1,SAFE
0.0,598.0,4095.0,0.0,31.62,1173.25,4095.0,0.0,1968.1265838355012,4693.0,4095.0,598.0,4095.0,0.7451523544118576,0.8725761770993871,1,SAFE
0.0,592.0,4095.0,0.0,31.62,1171.75,4095.0,0.0,1968.7133488651923,4687.0,4095.0,592.0,4095.0,0.7473863877219146,0.8736931937542792,1,SAFE
0.0,601.0,4095.0,0.0,31.62,1174.0,4095.0,0.0,1967.8348507941412,4696.0,4095.0,601.0,4095.0,0.7440374785468403,0.8720187391669465,1,SAFE
0.0,603.0,4095.0,0.0,31.62,1174.5,4095.0,0.0,1967.6409733485425,4698.0,4095.0,603.0,4095.0,0.7432950189988728,0.8716475093930082,1,SAFE
0.0,611.0,4095.0,0.0,31.62,1176.5,4095.0,0.0,1966.8703566834292,4706.0,4095.0,611.0,4095.0,0.7403314915553906,0.8701657456714479,1,SAFE
0.0,605.0,4095.0,0.0,31.62,1175.0,4095.0,0.0,1967.4475850705655,4700.0,4095.0,605.0,4095.0,0.7425531913313717,0.8712765955593028,1,SAFE
0.0,598.0,4095.0,0.0,31.62,1173.25,4095.0,0.0,1968.1265838355012,4693.0,4095.0,598.0,4095.0,0.7451523544118576,0.8725761770993871,1,SAFE
0.0,608.0,4095.0,0.0,31.62,1175.75,4095.0,0.0,1967.1584201583767,4703.0,4095.0,608.0,4095.0,0.7414416328425597,0.8707208163149647,1,SAFE
0.0,614.0,4095.0,0.0,31.62,1177.25,4095.0,0.0,1966.5833951297361,4709.0,4095.0,614.0,4095.0,0.7392227647612608,0.8696113822744507,1,SAFE
0.0,610.0,4095.0,0.0,31.62,1176.25,4095.0,0.0,1966.9662554299198,4705.0,4095.0,610.0,4095.0,0.7407013813516043,0.8703506905695322,1,SAFE
0.0,604.0,4095.0,0.0,31.62,1174.75,4095.0,0.0,1967.5442180545779,4699.0,4095.0,604.0,4095.0,0.7429240262304907,0.8714620130088397,1,SAFE
0.0,615.0,4095.0,0.0,31.62,1177.5,4095.0,0.0,1966.4879862333255,4710.0,4095.0,615.0,4095.0,0.7388535030278442,0.8694267514077649,1,SAFE
0.0,611.0,4095.0,0.0,31.62,1176.5,4095.0,0.0,1966.8703566834292,4706.0,4095.0,611.0,4095.0,0.7403314915553906,0.8701657456714479,1,SAFE
0.0,619.0,4095.0,0.0,31.62,1178.5,4095.0,0.0,1966.1075758971074,4714.0,4095.0,619.0,4095.0,0.7373780227540564,0.8686890112709611,1,SAFE
0.0,635.0,4095.0,0.0,31.62,1182.5,4095.0,0.0,1964.6055583755228,4730.0,4095.0,635.0,4095.0,0.731501056927801,0.8657505283581922,1,SAFE
0.0,602.0,4095.0,0.0,31.62,1174.25,4095.0,0.0,1967.7378509344176,4697.0,4095.0,602.0,4095.0,0.7436661697373501,0.8718330847622241,1,SAFE
0.0,592.0,4095.0,0.0,31.69,1171.75,4095.0,0.0,1968.7133488651923,4687.0,4095.0,592.0,4095.0,0.7473863877219146,0.8736931937542792,1,SAFE
0.0,1234.0,4095.0,2821.0,31.62,2037.5,4095.0,0.0,1792.9674657765918,8150.0,4095.0,1234.0,6916.0,0.6971779140248862,0.5024539876684105,1,SAFE
3434.0,1744.0,4095.0,0.0,31.62,2318.25,4095.0,0.0,1835.3732363382296,9273.0,4095.0,5178.0,4095.0,0.11679068261438685,0.4416046586388866,1,SAFE
0.0,455.0,4095.0,0.0,31.62,1137.5,4095.0,0.0,1983.2990193110065,4550.0,4095.0,455.0,4095.0,0.7999999998241758,0.8999999998021977,1,SAFE
0.0,603.0,4095.0,0.0,31.62,1174.5,4095.0,0.0,1967.6409733485425,4698.0,4095.0,603.0,4095.0,0.7432950189988728,0.8716475093930082,1,SAFE
343.4,771.0,4095.0,282.1,31.63,1372.875,4095.0,282.1,1827.733287207591,5491.5,3812.9,1114.4,4377.1,0.5941363924985639,0.7456978966137306,1,SAFE
0.0,592.0,4095.0,0.0,31.62,1171.75,4095.0,0.0,1968.7133488651923,4687.0,4095.0,592.0,4095.0,0.7473863877219146,0.8736931937542792,1,SAFE
0.0,598.0,4095.0,0.0,31.62,1173.25,4095.0,0.0,1968.1265838355012,4693.0,4095.0,598.0,4095.0,0.7451523544118576,0.8725761770993871,1,SAFE
0.0,595.0,4095.0,0.0,31.62,1172.5,4095.0,0.0,1968.4194166894413,4690.0,4095.0,595.0,4095.0,0.7462686565572988,0.8731343281720395,1,SAFE
0.0,595.0,4095.0,0.0,31.62,1172.5,4095.0,0.0,1968.4194166894413,4690.0,4095.0,595.0,4095.0,0.7462686565572988,0.8731343281720395,1,SAFE
0.0,578.0,4095.0,0.0,31.62,1168.25,4095.0,0.0,1970.0995533221158,4673.0,4095.0,578.0,4095.0,0.7526214421672113,0.876310720976608,1,SAFE
0.0,960.0,4095.0,0.0,31.62,1263.75,4095.0,0.0,1940.9936244099308,5055.0,4095.0,960.0,4095.0,0.6201780414203406,0.8100890206112583,1,SAFE
0.0,1471.0,4095.0,0.0,31.69,1391.5,4095.0,0.0,1931.128944426032,5566.0,4095.0,1471.0,4095.0,0.4714337045505868,0.7357168521854622,1,SAFE
0.0,1517.0,4095.0,0.0,31.62,1403.0,4095.0,0.0,1931.8969951837494,5612.0,4095.0,1517.0,4095.0,0.45937277254822295,0.7296863861850167,1,SAFE
0.0,999.0,4095.0,0.0,31.62,1273.5,4095.0,0.0,1939.0562137287304,5094.0,4095.0,999.0,4095.0,0.6077738514707942,0.8038869256372424,1,SAFE
0.0,1961.0,4095.0,2775.0,31.62,2207.75,4095.0,0.0,1714.5,8831.0,4095.0,1961.0,6870.0,0.5558826859295796,0.46370739435356045,1,SAFE
0.0,986.6,4095.0,277.5,31.63,1339.775,4095.0,0.0,1883.208486201143,5359.1,4095.0,986.6,4372.5,0.6318038475430942,0.7641208410434361,1,SAFE
0.0,1835.0,4095.0,2499.0,31.62,2107.25,4095.0,0.0,1695.0162978567491,8429.0,4095.0,1835.0,6594.0,0.5645984101833433,0.4858227547175438,1,SAFE
0.0,1441.0,4095.0,0.0,31.62,1384.0,4095.0,0.0,1930.7754918684875,5536.0,4095.0,1441.0,4095.0,0.47940751436426887,0.7397037570918165,1,SAFE
0.0,1137.0,4095.0,0.0,31.62,1308.0,4095.0,0.0,1933.7647219866226,5232.0,4095.0,1137.0,4095.0,0.5653669723690048,0.7826834860889366,1,SAFE
0.0,1072.0,4095.0,0.0,31.62,1291.75,4095.0,0.0,1935.9525433233118,5167.0,4095.0,1072.0,4095.0,0.5850590283365474,0.7925295140715057,1,SAFE
0.0,1063.0,4095.0,0.0,31.62,1289.5,4095.0,0.0,1936.2982724776675,5158.0,4095.0,1063.0,4095.0,0.5878247381566838,0.793912368981405,1,SAFE
0.0,1136.0,4095.0,0.0,31.62,1307.75,4095.0,0.0,1933.794262583277,5231.0,4095.0,1136.0,4095.0,0.565666220499777,0.7828331101543045,1,SAFE
36.0,1150.0,4095.0,0.0,31.62,1320.25,4095.0,0.0,1925.3208174223848,5281.0,4095.0,1186.0,4095.0,0.5508426433344361,0.775421321572539,1,SAFE
53.0,1130.0,4095.0,0.0,31.62,1319.5,4095.0,0.0,1922.1873824716813,5278.0,4095.0,1183.0,4095.0,0.5517241378265016,0.7758620688185179,1,SAFE
1075.0,1083.0,4095.0,0.0,31.62,1563.25,4095.0,0.0,1762.8137309426654,6253.0,4095.0,2158.0,4095.0,0.30977130972177014,0.6548856547809234,1,SAFE
1067.0,1065.0,4095.0,0.0,31.69,1556.75,4095.0,0.0,1765.2060078075874,6227.0,4095.0,2132.0,4095.0,0.31524008345668214,0.6576200416480456,1,SAFE
223.1,1211.2,4095.0,249.9,31.63,1444.8,4095.0,223.1,1825.6018094498775,5779.2,3871.9,1434.3,4344.9,0.5036337208430866,0.7085755812727409,1,SAFE
0.0,1006.0,4095.0,0.0,31.62,1275.25,4095.0,0.0,1938.7290295448718,5101.0,4095.0,1006.0,4095.0,0.6055675356585831,0.8027837677312715,1,SAFE
0.0,893.0,4095.0,0.0,31.62,1247.0,4095.0,0.0,1944.7740228622965,4988.0,4095.0,893.0,4095.0,0.6419406574494906,0.8209703286245047,1,SAFE
1349.0,977.0,4095.0,0.0,31.62,1605.25,4095.0,0.0,1754.6172184648517,6421.0,4095.0,2326.0,4095.0,0.2755022581723248,0.6377511290082929,1,SAFE
1425.0,999.0,4095.0,0.0,31.62,1629.75,4095.0,0.0,1748.6481206920962,6519.0,4095.0,2424.0,4095.0,0.2563276575768787,0.6281638287117405,1,SAFE
896.0,1005.0,4095.0,0.0,31.62,1499.0,4095.0,0.0,1788.2824161748053,5996.0,4095.0,1901.0,4095.0,0.3659106070103551,0.6829553034217886,1,SAFE
953.0,1015.0,4095.0,0.0,31.62,1515.75,4095.0,0.0,1781.148201769484,6063.0,4095.0,1968.0,4095.0,0.35081642745327124,0.6754082136441681,1,SAFE
16.0,1023.0,4095.0,0.0,31.62,1283.5,4095.0,0.0,1934.4526357603072,5134.0,4095.0,1039.0,4095.0,0.5952473703554251,0.7976236850803226,1,SAFE
114.0,1018.0,4095.0,0.0,31.62,1306.75,4095.0,0.0,1913.8062205981043,5227.0,4095.0,1132.0,4095.0,0.5668643580319754,0.7834321789203305,1,SAFE
129.0,1014.0,4095.0,0.0,31.62,1309.5,4095.0,0.0,1910.907376091264,5238.0,4095.0,1143.0,4095.0,0.5635738830539186,0.7817869414315031,1,SAFE
1231.0,1010.0,4095.0,0.0,31.62,1584.0,4095.0,0.0,1757.6747897909518,6336.0,4095.0,2241.0,4095.0,0.29261363631745363,0.6463068180798126,1,SAFE
611.3,996.0,4095.0,0.0,31.62,1425.575,4095.0,0.0,1826.2595988796336,5702.3,4095.0,1607.3,4095.0,0.43626256064460606,0.718131280234619,1,SAFE
1188.0,1005.0,4095.0,0.0,31.62,1572.0,4095.0,0.0,1761.2171927391578,6288.0,4095.0,2193.0,4095.0,0.3024809159824299,0.6512404579116984,1,SAFE
1186.0,1002.0,4095.0,0.0,31.62,1570.75,4095.0,0.0,1761.6850598219876,6283.0,4095.0,2188.0,4095.0,0.30351742793195646,0.6517587138863984,1,SAFE
1206.0,1003.0,4095.0,0.0,31.62,1576.0,4095.0,0.0,1760.1482892074746,6304.0,4095.0,2209.0,4095.0,0.2991751268560953,0.6495875633487329,1,SAFE
399.0,1007.0,4095.0,0.0,31.62,1375.25,4095.0,0.0,1859.8409206165993,5501.0,4095.0,1406.0,4095.0,0.4888202144175931,0.744410107117904,1,SAFE
400.0,1037.0,4095.0,0.0,31.62,1383.0,4095.0,0.0,1857.743972313372,5532.0,4095.0,1437.0,4095.0,0.4804772233404777,0.7402386115798556,1,SAFE
1232.0,1013.0,4095.0,0.0,31.62,1585.0,4095.0,0.0,1757.2818024817002,6340.0,4095.0,2245.0,4095.0,0.29179810720949556,0.6458990535258834,1,SAFE
464.0,1018.0,4095.0,0.0,31.62,1394.25,4095.0,0.0,1847.9639922538172,5577.0,4095.0,1482.0,4095.0,0.46853146844745713,0.7342657341340746,1,SAFE
454.0,999.0,4095.0,0.0,31.62,1387.0,4095.0,0.0,1850.951647126418,5548.0,4095.0,1453.0,4095.0,0.47620764230782126,0.738103821063788,1,SAFE
451.0,1008.0,4095.0,0.0,31.62,1388.5,4095.0,0.0,1850.8341362747772,5554.0,4095.0,1459.0,4095.0,0.47461289152419645,0.7373064456720729,1,SAFE
441.0,1038.0,4095.0,0.0,31.62,1393.5,4095.0,0.0,1850.5477567466341,5574.0,4095.0,1479.0,4095.0,0.469321851368977,0.7346609255947864,1,SAFE
742.1,1013.0,4095.0,0.0,31.62,1462.525,4095.0,0.0,1806.4688305734292,5850.1,4095.0,1755.1,4095.0,0.39997606871677815,0.6999880342729203,1,SAFE
441.0,1039.0,4095.0,0.0,31.62,1393.75,4095.0,0.0,1850.483788094346,5575.0,4095.0,1480.0,4095.0,0.46905829587998954,0.7345291478503087,1,SAFE
438.0,1022.0,4095.0,0.0,31.62,1388.75,4095.0,0.0,1852.1021165151774,5555.0,4095.0,1460.0,4095.0,0.47434743465808327,0.7371737172390326,1,SAFE
418.0,1008.0,4095.0,0.0,31.62,1380.25,4095.0,0.0,1856.470912780483,5521.0,4095.0,1426.0,4095.0,0.48342691532631277,0.7417134575725931,1,SAFE
435.0,1023.0,4095.0,0.0,31.62,1388.25,4095.0,0.0,1852.5502017489296,5553.0,4095.0,1458.0,4095.0,0.4748784439987613,0.7374392219093392,1,SAFE
498.0,970.0,4095.0,0.0,31.62,1390.75,4095.0,0.0,1845.8229194589605,5563.0,4095.0,1468.0,4095.0,0.47222721544630103,0.7361136076332709,1,SAFE
453.0,1030.0,4095.0,0.0,31.62,1394.5,4095.0,0.0,1849.0189290539997,5578.0,4095.0,1483.0,4095.0,0.4682681964022466,0.7341340981114854,1,SAFE
433.0,1005.0,4095.0,0.0,31.62,1383.25,4095.0,0.0,1854.0960735625324,5533.0,4095.0,1438.0,4095.0,0.48020965109701613,0.7401048254581412,1,SAFE
417.0,1008.0,4095.0,0.0,31.62,1380.0,4095.0,0.0,1856.6437461182477,5520.0,4095.0,1425.0,4095.0,0.483695652086287,0.7418478259525637,1,SAFE
297.0,1023.0,4095.0,0.0,31.62,1353.75,4095.0,0.0,1877.3391409119452,5415.0,4095.0,1320.0,4095.0,0.5124653738665806,0.7562326868409542,1,SAFE
310.0,1023.0,4095.0,0.0,31.62,1357.0,4095.0,0.0,1874.9095978206522,5428.0,4095.0,1333.0,4095.0,0.50884303601532,0.754421517915545,1,SAFE
414.0,1015.1,4095.0,0.0,31.62,1381.025,4095.0,0.0,1856.6931901905602,5524.1,4095.0,1429.1,4095.0,0.48259444968726223,0.7412972247531185,1,SAFE
310.0,635.0,4095.0,0.0,31.62,1260.0,4095.0,0.0,1907.6993124354442,5040.0,4095.0,945.0,4095.0,0.624999999875992,0.8124999998387896,1,SAFE
293.0,640.0,4095.0,0.0,31.62,1257.0,4095.0,0.0,1909.9980802782673,5028.0,4095.0,933.0,4095.0,0.6288782814978364,0.8144391406494751,1,SAFE
304.0,661.0,4095.0,0.0,31.62,1265.0,4095.0,0.0,1905.9085322578662,5060.0,4095.0,965.0,4095.0,0.6185770749765658,0.8092885373894686,1,SAFE
258.0,618.0,4095.0,0.0,31.62,1242.75,4095.0,0.0,1918.3154719701345,4971.0,4095.0,876.0,4095.0,0.6475558236476451,0.8237779117232391,1,SAFE
276.0,629.0,4095.0,0.0,31.62,1250.0,4095.0,0.0,1914.0569479511314,5000.0,4095.0,905.0,4095.0,0.6379999998724,0.8189999998362,1,SAFE
269.0,637.0,4095.0,0.0,31.62,1250.25,4095.0,0.0,1914.3889146844397,5001.0,4095.0,906.0,4095.0,0.6376724653793896,0.8188362325897147,1,SAFE
287.0,751.0,4095.0,0.0,31.62,1283.25,4095.0,0.0,1899.8660259783233,5133.0,4095.0,1038.0,4095.0,0.5955581530108011,0.7977790764079915,1,SAFE
279.0,1290.0,4095.0,0.0,31.62,1416.0,4095.0,0.0,1870.0037433117614,5664.0,4095.0,1569.0,4095.0,0.44597457619244796,0.7229872880079471,1,SAFE
358.0,1297.0,4095.0,0.0,31.62,1437.5,4095.0,0.0,1854.164052432614,5750.0,4095.0,1655.0,4095.0,0.42434782601315685,0.7121739129196218,1,SAFE
369.0,1323.0,4095.0,0.0,31.62,1446.75,4095.0,0.0,1851.4114210515177,5787.0,4095.0,1692.0,4095.0,0.41524105747101414,0.7076205286491065,1,SAFE
300.3,848.1,4095.0,0.0,31.62,1310.85,4095.0,0.0,1889.018070321192,5243.4,4095.0,1148.4,4095.0,0.5619636112900096,0.7809818055496468,1,SAFE
358.0,1333.0,4095.0,0.0,31.62,1446.5,4095.0,0.0,1853.3419364308718,5786.0,4095.0,1691.0,4095.0,0.41548565495757245,0.7077428273923707,1,SAFE
358.0,1186.0,4095.0,0.0,31.62,1409.75,4095.0,0.0,1857.7948173394536,5639.0,4095.0,1544.0,4095.0,0.45238517459613664,0.7261925872094,1,SAFE
421.0,1085.0,4095.0,0.0,31.62,1400.25,4095.0,0.0,1851.1879744279527,5601.0,4095.0,1506.0,4095.0,0.46223888583070183,0.7311194428260811,1,SAFE
368.0,1082.0,4095.0,0.0,31.62,1386.25,4095.0,0.0,1860.8615164308528,5545.0,4095.0,1450.0,4095.0,0.4770063119067617,0.7385031558632095,1,SAFE
368.0,1213.0,4095.0,0.0,31.62,1419.0,4095.0,0.0,1854.8651343606268,5676.0,4095.0,1581.0,4095.0,0.44291754749067697,0.7214587736572482,1,SAFE
374.0,1189.0,4095.0,0.0,31.62,1414.5,4095.0,0.0,1854.668074526185,5658.0,4095.0,1563.0,4095.0,0.44750795326131,0.7237539765422845,1,SAFE
340.0,1153.0,4095.0,0.0,31.62,1397.0,4095.0,0.0,1862.5786784276613,5588.0,4095.0,1493.0,4095.0,0.4656406584707157,0.7328203291458804,1,SAFE
357.0,1172.0,4095.0,0.0,31.62,1406.0,4095.0,0.0,1858.5580432152233,5624.0,4095.0,1529.0,4095.0,0.45625889038828965,0.7281294451052401,1,SAFE
331.0,1157.0,4095.0,0.0,31.62,1395.75,4095.0,0.0,1864.1139763079582,5583.0,4095.0,1488.0,4095.0,0.4669532508567162,0.7334766253388005,1,SAFE
287.0,1165.0,4095.0,0.0,31.62,1386.75,4095.0,0.0,1872.2817407288537,5547.0,4095.0,1452.0,4095.0,0.47647376951929443,0.7382368846695083,1,SAFE
356.2,1173.5,4095.0,0.0,31.62,1406.175,4095.0,0.0,1858.6458482364699,5624.7,4095.0,1529.7,4095.0,0.45607765739398054,0.7280388286080967,1,SAFE
0.0,509.0,4095.0,0.0,31.62,1151.0,4095.0,0.0,1977.2794440847251,4604.0,4095.0,509.0,4095.0,0.7788879233755673,0.8894439615791824,1,SAFE
0.0,975.0,4095.0,320.0,31.62,1347.5,4095.0,0.0,1876.07968913903,5390.0,4095.0,975.0,4415.0,0.6382189238148016,0.759740259599306,1,SAFE
0.0,1077.0,4095.0,1956.0,31.62,1782.0,4095.0,0.0,1737.123484384458,7128.0,4095.0,1077.0,6051.0,0.6978114477135505,0.5744949494143525,1,SAFE
0.0,951.0,4095.0,0.0,31.62,1261.5,4095.0,0.0,1941.4682588185674,5046.0,4095.0,951.0,4095.0,0.6230677763331217,0.8115338880674724,1,SAFE
0.0,608.0,4095.0,0.0,31.62,1175.75,4095.0,0.0,1967.1584201583767,4703.0,4095.0,608.0,4095.0,0.7414416328425597,0.8707208163149647,1,SAFE
0.0,577.0,4095.0,0.0,31.62,1168.0,4095.0,0.0,1970.1994822859942,4672.0,4095.0,577.0,4095.0,0.7529965751812935,0.8764982874836261,1,SAFE
0.0,591.0,4095.0,0.0,31.62,1171.5,4095.0,0.0,1968.8115704657976,4686.0,4095.0,591.0,4095.0,0.7477592828109775,0.8738796412987879,1,SAFE
0.0,597.0,4095.0,0.0,31.62,1173.0,4095.0,0.0,1968.2240726096204,4692.0,4095.0,597.0,4095.0,0.7455242965162991,0.8727621481515851,1,SAFE
0.0,594.0,4095.0,0.0,31.62,1172.25,4095.0,0.0,1968.5172719587706,4689.0,4095.0,594.0,4095.0,0.7466410746968135,0.8733205372417742,1,SAFE
0.0,592.0,4095.0,0.0,31.62,1171.75,4095.0,0.0,1968.7133488651923,4687.0,4095.0,592.0,4095.0,0.7473863877219146,0.8736931937542792,1,SAFE
0.0,707.1,4095.0,227.6,31.62,1257.4250000000002,4095.0,0.0,1914.5362055860944,5029.700000000001,4095.0,707.1,4322.6,0.7188301487725252,0.8141638664703332,1,SAFE
0.0,594.0,4095.0,0.0,31.62,1172.25,4095.0,0.0,1968.5172719587706,4689.0,4095.0,594.0,4095.0,0.7466410746968135,0.8733205372417742,1,SAFE
0.0,598.0,4095.0,0.0,31.62,1173.25,4095.0,0.0,1968.1265838355012,4693.0,4095.0,598.0,4095.0,0.7451523544118576,0.8725761770993871,1,SAFE
0.0,597.0,4095.0,0.0,31.62,1173.0,4095.0,0.0,1968.2240726096204,4692.0,4095.0,597.0,4095.0,0.7455242965162991,0.8727621481515851,1,SAFE
0.0,599.0,4095.0,0.0,31.62,1173.5,4095.0,0.0,1968.0292172627926,4694.0,4095.0,599.0,4095.0,0.744780570782961,0.8723902852849615,1,SAFE
0.0,601.0,4095.0,0.0,31.62,1174.0,4095.0,0.0,1967.8348507941412,4696.0,4095.0,601.0,4095.0,0.7440374785468403,0.8720187391669465,1,SAFE
0.0,592.0,4095.0,0.0,31.62,1171.75,4095.0,0.0,1968.7133488651923,4687.0,4095.0,592.0,4095.0,0.7473863877219146,0.8736931937542792,1,SAFE
0.0,1509.0,4095.0,2931.0,31.62,2133.75,4095.0,0.0,1772.50394921986,8535.0,4095.0,1509.0,7026.0,0.6463971879734742,0.4797891036344711,1,SAFE
911.0,2320.0,4095.0,3953.0,31.62,2819.75,4095.0,911.0,1505.9431983533332,11279.0,3184.0,3231.0,8048.0,0.4270768684788477,0.3630641013952421,2,SAFE
1181.0,2224.0,4095.0,3907.0,31.62,2851.75,4095.0,1181.0,1395.7911436410056,11407.0,2914.0,3405.0,8002.0,0.40299815898983093,0.35899009377058033,2,SAFE
2057.0,1972.0,4095.0,3808.0,31.62,2983.0,4095.0,1972.0,1124.9838517359558,11932.0,2123.0,4029.0,7903.0,0.3246731478105369,0.3431947703366414,2,SAFE
414.9,1160.6,4095.0,1459.9,31.62,1782.6,4095.0,414.9,1602.998891661085,7130.4,3680.1,1575.5,5554.9,0.5580893076744516,0.5743015818783938,1,SAFE
2318.0,1917.0,4095.0,3824.0,31.62,3038.5,4095.0,1917.0,1081.6784796478726,12154.0,2178.0,4235.0,7919.0,0.3031100871891468,0.33692611483158413,2,SAFE
1969.0,747.0,4095.0,2928.0,31.62,2434.75,4095.0,747.0,1421.870686806645,9739.0,3348.0,2716.0,7023.0,0.4422425299884749,0.4204743813101474,1,SAFE
59.0,927.0,4095.0,3053.0,31.62,2033.5,4095.0,59.0,1862.986401811171,8134.0,4036.0,986.0,7148.0,0.7575608555744331,0.5034423407298448,1,SAFE
68.0,578.0,4095.0,2479.0,31.62,1805.0,4095.0,68.0,1845.8127387865397,7220.0,4027.0,646.0,6574.0,0.8210526314652281,0.567174515156901,1,SAFE
0.0,599.0,4095.0,2800.0,31.62,1873.5,4095.0,0.0,1908.561150884788,7494.0,4095.0,599.0,6895.0,0.8401387775767095,0.5464371496468592,1,SAFE
0.0,590.0,4095.0,2813.0,31.62,1874.5,4095.0,0.0,1912.6851108672681,7498.0,4095.0,590.0,6908.0,0.8426246998075987,0.5461456387641843,1,SAFE
0.0,583.0,4095.0,1990.0,31.62,1667.0,4095.0,0.0,1821.4882193781364,6668.0,4095.0,583.0,6085.0,0.8251349728816534,0.6141271744729863,1,SAFE
0.0,615.0,4095.0,2774.0,31.62,1871.0,4095.0,0.0,1900.856122908833,7484.0,4095.0,615.0,6869.0,0.8356493852437668,0.5471672901460225,1,SAFE
0.0,614.0,4095.0,2691.0,31.62,1850.0,4095.0,0.0,1888.34160045263,7400.0,4095.0,614.0,6786.0,0.834054053941344,0.5533783783035975,1,SAFE
0.0,612.0,4095.0,2709.0,31.62,1854.0,4095.0,0.0,1891.4708562386045,7416.0,4095.0,612.0,6804.0,0.8349514561980917,0.552184465944959,1,SAFE
441.4,778.2,4095.0,2806.1,31.62,2030.1750000000002,4095.0,441.4,1727.9283634360154,8120.700000000001,3653.6,1219.6,6901.1,0.6996318050537967,0.5042668734832875,1,SAFE
0.0,618.0,4095.0,2912.0,31.62,1906.25,4095.0,0.0,1923.151645086783,7625.0,4095.0,618.0,7007.0,0.8379016392343736,0.5370491802574362,1,SAFE
0.0,612.0,4095.0,2881.0,31.62,1897.0,4095.0,0.0,1919.1399115228676,7588.0,4095.0,612.0,6976.0,0.8386926725304833,0.5396678966078455,1,SAFE
0.0,610.0,4095.0,2926.0,31.62,1907.75,4095.0,0.0,1927.3955440784162,7631.0,4095.0,610.0,7021.0,0.8401258025370035,0.5366269164543799,1,SAFE
0.0,592.0,4095.0,2848.0,31.62,1883.75,4095.0,0.0,1918.0316950804888,7535.0,4095.0,592.0,6943.0,0.842866622316806,0.5434638353625131,1,SAFE
0.0,621.0,4095.0,2833.0,31.62,1887.25,4095.0,0.0,1909.0752342430092,7549.0,4095.0,621.0,6928.0,0.8354748972267221,0.5424559543591925,1,SAFE
0.0,607.0,4095.0,2857.0,31.62,1889.75,4095.0,0.0,1916.1856860266266,7559.0,4095.0,607.0,6952.0,0.8393967454902239,0.5417383251036197,1,SAFE
0.0,605.0,4095.0,2831.0,31.62,1882.75,4095.0,0.0,1912.2953703163466,7531.0,4095.0,605.0,6926.0,0.8393307660550616,0.5437524896370001,1,SAFE
0.0,624.0,4095.0,2905.0,31.62,1906.0,4095.0,0.0,1920.5973029242753,7624.0,4095.0,624.0,7000.0,0.8363064007297604,0.5371196221750892,1,SAFE
0.0,613.0,4095.0,2720.0,31.62,1857.0,4095.0,0.0,1892.9164447134656,7428.0,4095.0,613.0,6815.0,0.8349488421062266,0.5512924070340209,1,SAFE
0.0,606.0,4095.0,2871.0,31.62,1893.0,4095.0,0.0,1918.7761724599354,7572.0,4095.0,606.0,6966.0,0.839936608446918,0.540808240816058,1,SAFE
0.0,610.8,4095.0,2858.4,31.62,1891.0500000000002,4095.0,0.0,1915.5740471200793,7564.200000000001,4095.0,610.8,6953.4,0.8385024191800186,0.5413659077574143,1,SAFE
0.0,612.0,4095.0,2919.0,31.62,1906.5,4095.0,0.0,1925.7172689675917,7626.0,4095.0,612.0,7014.0,0.8394964593706403,0.5369787568139288,1,SAFE
0.0,611.0,4095.0,2898.0,31.62,1901.0,4095.0,0.0,1922.285618736196,7604.0,4095.0,611.0,6993.0,0.8392951077276045,0.5385323513231809,1,SAFE
0.0,622.0,4095.0,2787.0,31.62,1876.0,4095.0,0.0,1901.3831807397478,7504.0,4095.0,622.0,6882.0,0.8342217482896825,0.5457089551511581,1,SAFE
0.0,603.0,4095.0,2967.0,31.62,1916.25,4095.0,0.0,1936.2908485039122,7665.0,4095.0,603.0,7062.0,0.8426614480309639,0.5342465752727662,1,SAFE
0.0,608.0,4095.0,2927.0,31.62,1907.5,4095.0,0.0,1928.0208332207756,7630.0,4095.0,608.0,7022.0,0.840629095564793,0.5366972476360816,1,SAFE
0.0,598.0,4095.0,2910.0,31.62,1900.75,4095.0,0.0,1927.2888340879267,7603.0,4095.0,598.0,7005.0,0.8426936734390775,0.5386031828832561,1,SAFE
0.0,612.0,4095.0,2883.0,31.62,1897.5,4095.0,0.0,1919.481961363534,7590.0,4095.0,612.0,6978.0,0.8387351777551073,0.5395256916285209,1,SAFE
0.0,592.0,4095.0,2595.0,31.62,1820.5,4095.0,0.0,1879.4177289788452,7282.0,4095.0,592.0,6690.0,0.8374073055702543,0.5623455093981947,1,SAFE
0.0,619.0,4095.0,2837.0,31.62,1887.75,4095.0,0.0,1910.1792891419032,7551.0,4095.0,619.0,6932.0,0.8360482054249704,0.5423122764478463,1,SAFE
0.0,618.0,4095.0,2779.0,31.62,1873.0,4095.0,0.0,1900.9886901294285,7492.0,4095.0,618.0,6874.0,0.8350240255158804,0.5465830218170604,1,SAFE
0.0,609.5,4095.0,2850.2,31.62,1888.675,4095.0,0.0,1914.4870738224724,7554.7,4095.0,609.5,6945.2,0.8386434933433963,0.5420466728603324,1,SAFE
0.0,623.0,4095.0,2615.0,31.62,1833.25,4095.0,0.0,1875.4694301249842,7333.0,4095.0,623.0,6710.0,0.8300831854861471,0.5584344742181324,1,SAFE
0.0,598.0,4095.0,2640.0,31.62,1833.25,4095.0,0.0,1884.410318906156,7333.0,4095.0,598.0,6735.0,0.8369016772348422,0.5584344742181324,1,SAFE
0.0,617.0,4095.0,2784.0,31.62,1874.0,4095.0,0.0,1902.0047318553127,7496.0,4095.0,617.0,6879.0,0.835378868618546,0.5462913553166634,1,SAFE
0.0,598.0,4095.0,2766.0,31.62,1864.75,4095.0,0.0,1903.3492191397772,7459.0,4095.0,598.0,6861.0,0.8396567903419149,0.5490012065224559,1,SAFE
0.0,560.0,4095.0,0.0,31.62,1163.75,4095.0,0.0,1971.9168973361934,4655.0,4095.0,560.0,4095.0,0.7593984960774653,0.8796992479313213,1,SAFE
116.0,581.0,4095.0,1938.0,31.62,1682.5,4095.0,116.0,1784.4383803688302,6730.0,3979.0,697.0,6033.0,0.7928677561971964,0.6084695392855172,1,SAFE
0.0,571.0,4095.0,1491.0,31.62,1539.25,4095.0,0.0,1811.1676482313833,6157.0,4095.0,571.0,5586.0,0.8145200583377423,0.6650966378650159,1,SAFE
187.0,784.0,4095.0,2843.0,31.62,1977.25,4095.0,187.0,1813.2134228122918,7909.0,3908.0,971.0,6938.0,0.7544569476856168,0.5177645719411095,1,SAFE
208.0,663.0,4095.0,2804.0,31.62,1942.5,4095.0,208.0,1827.6623502897537,7770.0,3887.0,871.0,6899.0,0.7758043757045296,0.5270270269591986,1,SAFE
250.0,826.0,4095.0,2864.0,31.62,2008.75,4095.0,250.0,1786.6160518328124,8035.0,3845.0,1076.0,6959.0,0.7321717485087527,0.5096453017411766,1,SAFE
76.1,642.1,4095.0,2274.5,31.62,1771.925,4095.0,76.1,1807.5384779214705,7087.7,4018.9,718.2,6369.5,0.7973390520482895,0.5777614740215075,1,SAFE
169.0,821.0,4095.0,2924.0,31.62,2002.25,4095.0,169.0,1824.4070041157665,8009.0,3926.0,990.0,7019.0,0.7527781245158224,0.5112997876749532,1,SAFE
242.0,670.0,4095.0,2833.0,31.62,1960.0,4095.0,242.0,1819.888091797588,7840.0,3853.0,912.0,6928.0,0.7673469386776343,0.5223214285048059,1,SAFE
176.0,771.0,4095.0,2905.0,31.62,1986.75,4095.0,176.0,1829.8237392346473,7947.0,3919.0,947.0,7000.0,0.7616710707484999,0.5152887881571299,1,SAFE
218.0,690.0,4095.0,2890.0,31.62,1973.25,4095.0,218.0,1832.110508857658,7893.0,3877.0,908.0,6985.0,0.7699227162333812,0.5188141390448734,1,SAFE
239.0,640.0,4095.0,2843.0,31.62,1954.25,4095.0,239.0,1829.5739713569021,7817.0,3856.0,879.0,6938.0,0.7751055391102589,0.523858257576582,1,SAFE
247.0,747.0,4095.0,2919.0,31.62,2002.0,4095.0,247.0,1814.4409607369428,8008.0,3848.0,994.0,7014.0,0.7517482516543771,0.5113636362997798,1,SAFE
257.0,684.0,4095.0,2807.0,31.69,1960.75,4095.0,257.0,1807.7625904231268,7843.0,3838.0,941.0,6902.0,0.7600408006171055,0.522121637062078,1,SAFE
241.0,687.0,4095.0,2815.0,31.62,1959.5,4095.0,241.0,1813.3522364210803,7838.0,3854.0,928.0,6910.0,0.7632048991116095,0.5224547077669743,1,SAFE
222.0,663.0,4095.0,2864.0,31.62,1961.0,4095.0,222.0,1832.8747911409553,7844.0,3873.0,885.0,6959.0,0.774349821420914,0.5220550738753117,1,SAFE
246.0,672.0,4095.0,2801.0,31.62,1953.5,4095.0,246.0,1813.1075533459123,7814.0,3849.0,918.0,6896.0,0.7650371127764222,0.5240593805318583,1,SAFE
225.7,704.5,4095.0,2860.1,31.63,1971.3249999999998,4095.0,225.7,1821.351945442359,7885.299999999999,3869.3,930.2,6955.1,0.7640673150337887,0.5193207613509543,1,SAFE
252.0,678.0,4095.0,2848.0,31.62,1968.25,4095.0,252.0,1817.2584433701222,7873.0,3843.0,930.0,6943.0,0.7637495235915471,0.520132096974453,1,SAFE
246.0,678.0,4095.0,2837.0,31.62,1964.0,4095.0,246.0,1817.3799822821863,7856.0,3849.0,924.0,6932.0,0.7647657840167049,0.5212576374081902,1,SAFE
158.0,681.0,4095.0,2895.0,31.62,1957.25,4095.0,158.0,1854.3161138274131,7829.0,3937.0,839.0,6990.0,0.7856686676733083,0.5230553071244022,1,SAFE
159.0,688.0,4095.0,2861.0,31.62,1950.75,4095.0,159.0,1846.733038819273,7803.0,3936.0,847.0,6956.0,0.78290401117738,0.524798154488684,1,SAFE
158.0,703.0,4095.0,2880.0,31.62,1959.0,4095.0,158.0,1846.7876614994661,7836.0,3937.0,861.0,6975.0,0.7802450228713317,0.5225880550634777,1,SAFE
130.0,699.0,4095.0,2848.0,31.69,1943.0,4095.0,130.0,1851.5429601641258,7772.0,3965.0,829.0,6943.0,0.786670097685709,0.5268914049759532,1,SAFE
159.0,691.0,4095.0,2871.0,31.62,1954.0,4095.0,159.0,1847.6980272761023,7816.0,3936.0,850.0,6966.0,0.7824974410462515,0.5239252814068672,1,SAFE
155.0,645.0,4095.0,2878.0,31.62,1943.25,4095.0,155.0,1860.741496464962,7773.0,3940.0,800.0,6973.0,0.7941592691632369,0.5268236201560756,1,SAFE
186.0,696.0,4095.0,2912.0,31.62,1972.25,4095.0,186.0,1844.6951645190595,7889.0,3909.0,882.0,7007.0,0.7763975154295351,0.519077196030032,1,SAFE
176.0,699.0,4095.0,2899.0,31.62,1967.25,4095.0,176.0,1845.0395433883434,7869.0,3919.0,875.0,6994.0,0.7776083364115378,0.5203964924996319,1,SAFE
177.9,685.8,4095.0,2872.9,31.63,1957.9,4095.0,177.9,1843.1006320871359,7831.6,3917.1,863.6999999999999,6967.9,0.7794320444379906,0.522881658853506,1,SAFE
167.0,688.0,4095.0,2921.0,31.62,1967.75,4095.0,167.0,1854.2149057395334,7871.0,3928.0,855.0,7016.0,0.7827467919218972,0.5202642611459453,1,SAFE
155.0,689.0,4095.0,2933.0,31.69,1968.0,4095.0,155.0,1859.9430098796038,7872.0,3940.0,844.0,7028.0,0.785569105591264,0.5201981706656252,1,SAFE
179.0,688.0,4095.0,2949.0,31.62,1977.75,4095.0,179.0,1855.1757104562,7911.0,3916.0,867.0,7044.0,0.7808115281531017,0.5176336745648294,1,SAFE
246.0,666.0,4095.0,2930.0,31.62,1984.25,4095.0,246.0,1835.6656149745793,7937.0,3849.0,912.0,7025.0,0.7701902481075733,0.5159380117782615,1,SAFE
304.0,669.0,4095.0,2954.0,31.62,2005.5,4095.0,304.0,1820.8969401552265,8022.0,3791.0,973.0,7049.0,0.7574171028724237,0.5104712041248477,1,SAFE
324.0,667.0,4095.0,2946.0,31.62,2008.0,4095.0,324.0,1813.794365411912,8032.0,3771.0,991.0,7041.0,0.7532370516990491,0.5098356573070424,1,SAFE
336.0,685.0,4095.0,2967.0,31.62,2020.75,4095.0,336.0,1809.2827998961357,8083.0,3759.0,1021.0,7062.0,0.7473710255168413,0.5066188295797824,1,SAFE
173.0,763.0,4095.0,2986.0,31.69,2004.25,4095.0,173.0,1846.550545386361,8017.0,3922.0,936.0,7081.0,0.7664961954887743,0.5107895720954485,1,SAFE
0.0,738.0,4095.0,3025.0,31.62,1964.5,4095.0,0.0,1917.2248172814789,7858.0,4095.0,738.0,7120.0,0.8121659454298592,0.5211249681189711,1,SAFE
0.0,827.0,4095.0,3068.0,31.62,1997.5,4095.0,0.0,1906.6159375535844,7990.0,4095.0,827.0,7163.0,0.792991238949563,0.51251564449155,1,SAFE
188.4,708.0,4095.0,2967.9,31.64,1989.8249999999998,4095.0,188.4,1850.8196245177433,7959.299999999999,3906.6,896.4,7062.9,0.7747540611894571,0.5144924804298755,1,SAFE
0.0,933.0,4095.0,3121.0,31.62,2037.25,4095.0,0.0,1895.4862832529282,8149.0,4095.0,933.0,7216.0,0.7710148483530476,0.502515646029879,1,SAFE
189.0,839.0,4095.0,3088.0,31.62,2052.75,4095.0,189.0,1842.9397485177496,8211.0,3906.0,1028.0,7183.0,0.749604189410595,0.49872122756074516,1,SAFE
0.0,949.0,4095.0,3150.0,31.62,2048.5,4095.0,0.0,1897.9565326950983,8194.0,4095.0,949.0,7245.0,0.768367097782723,0.4997559189041059,1,SAFE
215.0,831.0,4095.0,3071.0,31.62,2053.0,4095.0,215.0,1832.8135020599705,8212.0,3880.0,1046.0,7166.0,0.7452508523203543,0.4986604967731782,1,SAFE
0.0,650.0,4095.0,2947.0,31.62,1923.0,4095.0,0.0,1922.2051572781368,7692.0,4095.0,650.0,7042.0,0.8309932396215557,0.532371294782583,1,SAFE
0.0,591.0,4095.0,2811.0,31.62,1874.25,4095.0,0.0,1912.134474873564,7497.0,4095.0,591.0,6906.0,0.842336934661553,0.5462184873220997,1,SAFE
0.0,591.0,4095.0,2384.0,31.69,1767.5,4095.0,0.0,1853.4235889294168,7070.0,4095.0,591.0,6479.0,0.8328147099246372,0.5792079207101545,1,SAFE
0.0,576.0,4095.0,2292.0,31.69,1740.75,4095.0,0.0,1846.909377852633,6963.0,4095.0,576.0,6387.0,0.8345540714010405,0.5881085738061025,1,SAFE
0.0,558.0,4095.0,2096.0,31.62,1687.25,4095.0,0.0,1833.6079870026745,6749.0,4095.0,558.0,6191.0,0.8346421690865843,0.6067565564369897,1,SAFE
0.0,592.0,4095.0,2390.0,31.62,1769.25,4095.0,0.0,1853.879423443355,7077.0,4095.0,592.0,6485.0,0.8326974705620039,0.5786350147550324,1,SAFE
40.4,711.0,4095.0,2735.0,31.64,1895.35,4095.0,40.4,1860.7343236833499,7581.4,4054.6,751.4,6830.0,0.8017780356132406,0.5401377053657455,1,SAFE
0.0,590.0,4095.0,2105.0,31.69,1697.5,4095.0,0.0,1827.760469354049,6790.0,4095.0,590.0,6200.0,0.8262150219696296,0.6030927834163339,1,SAFE
0.0,592.0,4095.0,2551.0,31.69,1809.5,4095.0,0.0,1873.493083342806,7238.0,4095.0,592.0,6646.0,0.836418900133128,0.5657640231326659,1,SAFE
0.0,576.0,4095.0,2339.0,31.62,1752.5,4095.0,0.0,1851.7286518277995,7010.0,4095.0,576.0,6434.0,0.8356633379692349,0.5841654778053972,1,SAFE
210.0,610.0,4095.0,2674.0,31.62,1897.25,4095.0,210.0,1820.006478926197,7589.0,3885.0,820.0,6769.0,0.7838977466354068,0.5395967847490319,1,SAFE
189.0,606.0,4095.0,2075.0,31.62,1741.25,4095.0,189.0,1765.389546247513,6965.0,3906.0,795.0,6170.0,0.7717157213536661,0.5879396984080488,1,SAFE
0.0,598.0,4095.0,2024.0,31.62,1679.25,4095.0,0.0,1820.5935616349593,6717.0,4095.0,598.0,6119.0,0.8219443202587547,0.609647163821699,1,SAFE
0.0,0.0,0.0,0.0,31.0,0.0,0.0,0.0,0.0,0.0,0.0,0.0,0.0,0.0,0.0,0,SAFE
0.0,0.0,0.0,0.0,31.0,0.0,0.0,0.0,0.0,0.0,0.0,0.0,0.0,0.0,0.0,0,SAFE
0.0,0.0,0.0,0.0,31.0,0.0,0.0,0.0,0.0,0.0,0.0,0.0,0.0,0.0,0.0,0,SAFE
0.0,0.0,0.0,0.0,31.0,0.0,0.0,0.0,0.0,0.0,0.0,0.0,0.0,0.0,0.0,0,SAFE
0.0,0.0,0.0,0.0,31.0,0.0,0.0,0.0,0.0,0.0,0.0,0.0,0.0,0.0,0.0,0,SAFE
0.0,0.0,0.0,0.0,31.0,0.0,0.0,0.0,0.0,0.0,0.0,0.0,0.0,0.0,0.0,0,SAFE
0.0,0.0,0.0,0.0,30.94,0.0,0.0,0.0,0.0,0.0,0.0,0.0,0.0,0.0,0.0,0,SAFE
0.0,0.0,0.0,0.0,30.94,0.0,0.0,0.0,0.0,0.0,0.0,0.0,0.0,0.0,0.0,0,SAFE
0.0,0.0,0.0,0.0,31.0,0.0,0.0,0.0,0.0,0.0,0.0,0.0,0.0,0.0,0.0,0,SAFE
0.0,0.0,0.0,0.0,30.94,0.0,0.0,0.0,0.0,0.0,0.0,0.0,0.0,0.0,0.0,0,SAFE
0.0,0.0,0.0,0.0,30.94,0.0,0.0,0.0,0.0,0.0,0.0,0.0,0.0,0.0,0.0,0,SAFE
0.0,0.0,0.0,0.0,30.94,0.0,0.0,0.0,0.0,0.0,0.0,0.0,0.0,0.0,0.0,0,SAFE
0.0,0.0,0.0,0.0,30.87,0.0,0.0,0.0,0.0,0.0,0.0,0.0,0.0,0.0,0.0,0,SAFE
0.0,0.0,0.0,0.0,30.87,0.0,0.0,0.0,0.0,0.0,0.0,0.0,0.0,0.0,0.0,0,SAFE
0.0,0.0,0.0,0.0,30.87,0.0,0.0,0.0,0.0,0.0,0.0,0.0,0.0,0.0,0.0,0,SAFE
0.0,0.0,0.0,0.0,30.81,0.0,0.0,0.0,0.0,0.0,0.0,0.0,0.0,0.0,0.0,0,SAFE
0.0,0.0,0.0,0.0,30.81,0.0,0.0,0.0,0.0,0.0,0.0,0.0,0.0,0.0,0.0,0,SAFE
0.0,0.0,0.0,0.0,30.81,0.0,0.0,0.0,0.0,0.0,0.0,0.0,0.0,0.0,0.0,0,SAFE
0.0,0.0,0.0,0.0,30.81,0.0,0.0,0.0,0.0,0.0,0.0,0.0,0.0,0.0,0.0,0,SAFE
0.0,0.0,0.0,0.0,30.87,0.0,0.0,0.0,0.0,0.0,0.0,0.0,0.0,0.0,0.0,0,SAFE
0.0,0.0,0.0,0.0,30.81,0.0,0.0,0.0,0.0,0.0,0.0,0.0,0.0,0.0,0.0,0,SAFE
0.0,0.0,0.0,0.0,30.75,0.0,0.0,0.0,0.0,0.0,0.0,0.0,0.0,0.0,0.0,0,SAFE
0.0,0.0,0.0,0.0,30.81,0.0,0.0,0.0,0.0,0.0,0.0,0.0,0.0,0.0,0.0,0,SAFE
0.0,0.0,0.0,0.0,30.81,0.0,0.0,0.0,0.0,0.0,0.0,0.0,0.0,0.0,0.0,0,SAFE
0.0,0.0,0.0,0.0,30.75,0.0,0.0,0.0,0.0,0.0,0.0,0.0,0.0,0.0,0.0,0,SAFE
0.0,0.0,0.0,0.0,30.75,0.0,0.0,0.0,0.0,0.0,0.0,0.0,0.0,0.0,0.0,0,SAFE
0.0,0.0,0.0,0.0,30.75,0.0,0.0,0.0,0.0,0.0,0.0,0.0,0.0,0.0,0.0,0,SAFE
0.0,0.0,0.0,0.0,30.69,0.0,0.0,0.0,0.0,0.0,0.0,0.0,0.0,0.0,0.0,0,SAFE
0.0,0.0,0.0,0.0,30.69,0.0,0.0,0.0,0.0,0.0,0.0,0.0,0.0,0.0,0.0,0,SAFE
0.0,0.0,0.0,0.0,30.69,0.0,0.0,0.0,0.0,0.0,0.0,0.0,0.0,0.0,0.0,0,SAFE
0.0,0.0,0.0,0.0,30.75,0.0,0.0,0.0,0.0,0.0,0.0,0.0,0.0,0.0,0.0,0,SAFE
0.0,0.0,0.0,0.0,30.69,0.0,0.0,0.0,0.0,0.0,0.0,0.0,0.0,0.0,0.0,0,SAFE
0.0,0.0,0.0,0.0,30.69,0.0,0.0,0.0,0.0,0.0,0.0,0.0,0.0,0.0,0.0,0,SAFE
0.0,0.0,0.0,0.0,30.62,0.0,0.0,0.0,0.0,0.0,0.0,0.0,0.0,0.0,0.0,0,SAFE
0.0,0.0,0.0,0.0,30.62,0.0,0.0,0.0,0.0,0.0,0.0,0.0,0.0,0.0,0.0,0,SAFE
0.0,0.0,0.0,0.0,30.62,0.0,0.0,0.0,0.0,0.0,0.0,0.0,0.0,0.0,0.0,0,SAFE
0.0,0.0,0.0,0.0,30.62,0.0,0.0,0.0,0.0,0.0,0.0,0.0,0.0,0.0,0.0,0,SAFE
0.0,0.0,0.0,0.0,30.62,0.0,0.0,0.0,0.0,0.0,0.0,0.0,0.0,0.0,0.0,0,SAFE
0.0,0.0,0.0,0.0,30.62,0.0,0.0,0.0,0.0,0.0,0.0,0.0,0.0,0.0,0.0,0,SAFE
0.0,0.0,0.0,0.0,30.56,0.0,0.0,0.0,0.0,0.0,0.0,0.0,0.0,0.0,0.0,0,SAFE
0.0,0.0,0.0,0.0,30.56,0.0,0.0,0.0,0.0,0.0,0.0,0.0,0.0,0.0,0.0,0,SAFE
0.0,0.0,0.0,0.0,30.62,0.0,0.0,0.0,0.0,0.0,0.0,0.0,0.0,0.0,0.0,0,SAFE
0.0,0.0,0.0,0.0,30.56,0.0,0.0,0.0,0.0,0.0,0.0,0.0,0.0,0.0,0.0,0,SAFE
0.0,0.0,0.0,0.0,30.56,0.0,0.0,0.0,0.0,0.0,0.0,0.0,0.0,0.0,0.0,0,SAFE
0.0,0.0,0.0,0.0,30.56,0.0,0.0,0.0,0.0,0.0,0.0,0.0,0.0,0.0,0.0,0,SAFE
0.0,0.0,0.0,0.0,30.5,0.0,0.0,0.0,0.0,0.0,0.0,0.0,0.0,0.0,0.0,0,SAFE
0.0,0.0,0.0,0.0,30.56,0.0,0.0,0.0,0.0,0.0,0.0,0.0,0.0,0.0,0.0,0,SAFE
0.0,0.0,0.0,0.0,30.5,0.0,0.0,0.0,0.0,0.0,0.0,0.0,0.0,0.0,0.0,0,SAFE
0.0,0.0,0.0,0.0,30.5,0.0,0.0,0.0,0.0,0.0,0.0,0.0,0.0,0.0,0.0,0,SAFE
0.0,0.0,0.0,0.0,30.5,0.0,0.0,0.0,0.0,0.0,0.0,0.0,0.0,0.0,0.0,0,SAFE
0.0,0.0,0.0,0.0,30.5,0.0,0.0,0.0,0.0,0.0,0.0,0.0,0.0,0.0,0.0,0,SAFE
0.0,0.0,0.0,0.0,30.44,0.0,0.0,0.0,0.0,0.0,0.0,0.0,0.0,0.0,0.0,0,SAFE
0.0,0.0,0.0,0.0,30.52,0.0,0.0,0.0,0.0,0.0,0.0,0.0,0.0,0.0,0.0,0,SAFE
0.0,0.0,0.0,0.0,30.44,0.0,0.0,0.0,0.0,0.0,0.0,0.0,0.0,0.0,0.0,0,SAFE
0.0,0.0,0.0,0.0,30.44,0.0,0.0,0.0,0.0,0.0,0.0,0.0,0.0,0.0,0.0,0,SAFE
0.0,0.0,0.0,0.0,30.44,0.0,0.0,0.0,0.0,0.0,0.0,0.0,0.0,0.0,0.0,0,SAFE
0.0,0.0,0.0,0.0,30.44,0.0,0.0,0.0,0.0,0.0,0.0,0.0,0.0,0.0,0.0,0,SAFE
0.0,0.0,0.0,0.0,30.44,0.0,0.0,0.0,0.0,0.0,0.0,0.0,0.0,0.0,0.0,0,SAFE
0.0,0.0,0.0,0.0,30.44,0.0,0.0,0.0,0.0,0.0,0.0,0.0,0.0,0.0,0.0,0,SAFE
0.0,0.0,0.0,0.0,30.37,0.0,0.0,0.0,0.0,0.0,0.0,0.0,0.0,0.0,0.0,0,SAFE
0.0,0.0,0.0,0.0,30.37,0.0,0.0,0.0,0.0,0.0,0.0,0.0,0.0,0.0,0.0,0,SAFE
0.0,0.0,0.0,0.0,30.37,0.0,0.0,0.0,0.0,0.0,0.0,0.0,0.0,0.0,0.0,0,SAFE
0.0,0.0,0.0,0.0,30.37,0.0,0.0,0.0,0.0,0.0,0.0,0.0,0.0,0.0,0.0,0,SAFE
0.0,0.0,0.0,0.0,30.41,0.0,0.0,0.0,0.0,0.0,0.0,0.0,0.0,0.0,0.0,0,SAFE
0.0,0.0,0.0,0.0,30.37,0.0,0.0,0.0,0.0,0.0,0.0,0.0,0.0,0.0,0.0,0,SAFE
0.0,0.0,0.0,0.0,30.37,0.0,0.0,0.0,0.0,0.0,0.0,0.0,0.0,0.0,0.0,0,SAFE
0.0,0.0,0.0,0.0,30.37,0.0,0.0,0.0,0.0,0.0,0.0,0.0,0.0,0.0,0.0,0,SAFE
0.0,0.0,0.0,0.0,30.31,0.0,0.0,0.0,0.0,0.0,0.0,0.0,0.0,0.0,0.0,0,SAFE
0.0,0.0,0.0,0.0,30.31,0.0,0.0,0.0,0.0,0.0,0.0,0.0,0.0,0.0,0.0,0,SAFE
0.0,0.0,0.0,0.0,30.31,0.0,0.0,0.0,0.0,0.0,0.0,0.0,0.0,0.0,0.0,0,SAFE
0.0,0.0,0.0,0.0,30.31,0.0,0.0,0.0,0.0,0.0,0.0,0.0,0.0,0.0,0.0,0,SAFE
0.0,0.0,0.0,0.0,30.31,0.0,0.0,0.0,0.0,0.0,0.0,0.0,0.0,0.0,0.0,0,SAFE
0.0,0.0,0.0,0.0,30.25,0.0,0.0,0.0,0.0,0.0,0.0,0.0,0.0,0.0,0.0,0,SAFE
0.0,0.0,0.0,0.0,30.31,0.0,0.0,0.0,0.0,0.0,0.0,0.0,0.0,0.0,0.0,0,SAFE
0.0,0.0,0.0,0.0,30.33,0.0,0.0,0.0,0.0,0.0,0.0,0.0,0.0,0.0,0.0,0,SAFE
0.0,0.0,0.0,0.0,30.25,0.0,0.0,0.0,0.0,0.0,0.0,0.0,0.0,0.0,0.0,0,SAFE
0.0,0.0,0.0,0.0,30.25,0.0,0.0,0.0,0.0,0.0,0.0,0.0,0.0,0.0,0.0,0,SAFE
0.0,0.0,0.0,0.0,30.25,0.0,0.0,0.0,0.0,0.0,0.0,0.0,0.0,0.0,0.0,0,SAFE
0.0,0.0,0.0,0.0,30.19,0.0,0.0,0.0,0.0,0.0,0.0,0.0,0.0,0.0,0.0,0,SAFE
0.0,0.0,0.0,0.0,30.25,0.0,0.0,0.0,0.0,0.0,0.0,0.0,0.0,0.0,0.0,0,SAFE
0.0,0.0,0.0,0.0,30.19,0.0,0.0,0.0,0.0,0.0,0.0,0.0,0.0,0.0,0.0,0,SAFE
0.0,0.0,0.0,0.0,30.19,0.0,0.0,0.0,0.0,0.0,0.0,0.0,0.0,0.0,0.0,0,SAFE
0.0,0.0,0.0,0.0,30.19,0.0,0.0,0.0,0.0,0.0,0.0,0.0,0.0,0.0,0.0,0,SAFE
0.0,0.0,0.0,0.0,30.19,0.0,0.0,0.0,0.0,0.0,0.0,0.0,0.0,0.0,0.0,0,SAFE
0.0,0.0,0.0,0.0,30.19,0.0,0.0,0.0,0.0,0.0,0.0,0.0,0.0,0.0,0.0,0,SAFE
0.0,0.0,0.0,0.0,30.21,0.0,0.0,0.0,0.0,0.0,0.0,0.0,0.0,0.0,0.0,0,SAFE
0.0,0.0,0.0,0.0,30.19,0.0,0.0,0.0,0.0,0.0,0.0,0.0,0.0,0.0,0.0,0,SAFE
0.0,0.0,0.0,0.0,30.19,0.0,0.0,0.0,0.0,0.0,0.0,0.0,0.0,0.0,0.0,0,SAFE
0.0,0.0,0.0,0.0,30.19,0.0,0.0,0.0,0.0,0.0,0.0,0.0,0.0,0.0,0.0,0,SAFE
0.0,0.0,0.0,0.0,30.12,0.0,0.0,0.0,0.0,0.0,0.0,0.0,0.0,0.0,0.0,0,SAFE
0.0,0.0,0.0,0.0,30.12,0.0,0.0,0.0,0.0,0.0,0.0,0.0,0.0,0.0,0.0,0,SAFE
0.0,0.0,0.0,0.0,30.12,0.0,0.0,0.0,0.0,0.0,0.0,0.0,0.0,0.0,0.0,0,SAFE
0.0,0.0,0.0,0.0,30.12,0.0,0.0,0.0,0.0,0.0,0.0,0.0,0.0,0.0,0.0,0,SAFE
0.0,0.0,0.0,0.0,30.12,0.0,0.0,0.0,0.0,0.0,0.0,0.0,0.0,0.0,0.0,0,SAFE
0.0,0.0,0.0,0.0,30.12,0.0,0.0,0.0,0.0,0.0,0.0,0.0,0.0,0.0,0.0,0,SAFE
0.0,0.0,0.0,0.0,30.12,0.0,0.0,0.0,0.0,0.0,0.0,0.0,0.0,0.0,0.0,0,SAFE
0.0,0.0,0.0,0.0,30.14,0.0,0.0,0.0,0.0,0.0,0.0,0.0,0.0,0.0,0.0,0,SAFE
0.0,0.0,0.0,0.0,30.06,0.0,0.0,0.0,0.0,0.0,0.0,0.0,0.0,0.0,0.0,0,SAFE
0.0,0.0,0.0,0.0,30.06,0.0,0.0,0.0,0.0,0.0,0.0,0.0,0.0,0.0,0.0,0,SAFE
0.0,0.0,0.0,0.0,30.06,0.0,0.0,0.0,0.0,0.0,0.0,0.0,0.0,0.0,0.0,0,SAFE
0.0,0.0,0.0,0.0,30.06,0.0,0.0,0.0,0.0,0.0,0.0,0.0,0.0,0.0,0.0,0,SAFE
0.0,0.0,0.0,0.0,30.06,0.0,0.0,0.0,0.0,0.0,0.0,0.0,0.0,0.0,0.0,0,SAFE
0.0,0.0,0.0,0.0,30.06,0.0,0.0,0.0,0.0,0.0,0.0,0.0,0.0,0.0,0.0,0,SAFE
0.0,0.0,0.0,0.0,30.06,0.0,0.0,0.0,0.0,0.0,0.0,0.0,0.0,0.0,0.0,0,SAFE
0.0,0.0,0.0,0.0,30.06,0.0,0.0,0.0,0.0,0.0,0.0,0.0,0.0,0.0,0.0,0,SAFE
0.0,0.0,0.0,0.0,30.0,0.0,0.0,0.0,0.0,0.0,0.0,0.0,0.0,0.0,0.0,0,SAFE
0.0,0.0,0.0,0.0,30.0,0.0,0.0,0.0,0.0,0.0,0.0,0.0,0.0,0.0,0.0,0,SAFE
0.0,0.0,0.0,0.0,30.05,0.0,0.0,0.0,0.0,0.0,0.0,0.0,0.0,0.0,0.0,0,SAFE
0.0,0.0,0.0,0.0,30.0,0.0,0.0,0.0,0.0,0.0,0.0,0.0,0.0,0.0,0.0,0,SAFE
0.0,0.0,0.0,0.0,30.0,0.0,0.0,0.0,0.0,0.0,0.0,0.0,0.0,0.0,0.0,0,SAFE
0.0,0.0,0.0,0.0,30.0,0.0,0.0,0.0,0.0,0.0,0.0,0.0,0.0,0.0,0.0,0,SAFE
0.0,0.0,0.0,0.0,30.0,0.0,0.0,0.0,0.0,0.0,0.0,0.0,0.0,0.0,0.0,0,SAFE
0.0,0.0,0.0,0.0,30.0,0.0,0.0,0.0,0.0,0.0,0.0,0.0,0.0,0.0,0.0,0,SAFE
0.0,0.0,0.0,0.0,29.94,0.0,0.0,0.0,0.0,0.0,0.0,0.0,0.0,0.0,0.0,0,SAFE
0.0,0.0,0.0,0.0,29.94,0.0,0.0,0.0,0.0,0.0,0.0,0.0,0.0,0.0,0.0,0,SAFE
0.0,0.0,0.0,0.0,29.94,0.0,0.0,0.0,0.0,0.0,0.0,0.0,0.0,0.0,0.0,0,SAFE
0.0,0.0,0.0,0.0,29.94,0.0,0.0,0.0,0.0,0.0,0.0,0.0,0.0,0.0,0.0,0,SAFE
0.0,0.0,0.0,0.0,29.94,0.0,0.0,0.0,0.0,0.0,0.0,0.0,0.0,0.0,0.0,0,SAFE
0.0,0.0,0.0,0.0,29.97,0.0,0.0,0.0,0.0,0.0,0.0,0.0,0.0,0.0,0.0,0,SAFE
0.0,0.0,0.0,0.0,29.94,0.0,0.0,0.0,0.0,0.0,0.0,0.0,0.0,0.0,0.0,0,SAFE
0.0,0.0,0.0,0.0,29.94,0.0,0.0,0.0,0.0,0.0,0.0,0.0,0.0,0.0,0.0,0,SAFE
0.0,0.0,0.0,0.0,29.94,0.0,0.0,0.0,0.0,0.0,0.0,0.0,0.0,0.0,0.0,0,SAFE
0.0,0.0,0.0,0.0,29.94,0.0,0.0,0.0,0.0,0.0,0.0,0.0,0.0,0.0,0.0,0,SAFE
0.0,0.0,0.0,0.0,29.87,0.0,0.0,0.0,0.0,0.0,0.0,0.0,0.0,0.0,0.0,0,SAFE
0.0,0.0,0.0,0.0,29.87,0.0,0.0,0.0,0.0,0.0,0.0,0.0,0.0,0.0,0.0,0,SAFE
0.0,0.0,0.0,0.0,29.87,0.0,0.0,0.0,0.0,0.0,0.0,0.0,0.0,0.0,0.0,0,SAFE
0.0,0.0,0.0,0.0,29.87,0.0,0.0,0.0,0.0,0.0,0.0,0.0,0.0,0.0,0.0,0,SAFE
0.0,0.0,0.0,0.0,29.87,0.0,0.0,0.0,0.0,0.0,0.0,0.0,0.0,0.0,0.0,0,SAFE
0.0,0.0,0.0,0.0,29.87,0.0,0.0,0.0,0.0,0.0,0.0,0.0,0.0,0.0,0.0,0,SAFE
0.0,0.0,0.0,0.0,29.9,0.0,0.0,0.0,0.0,0.0,0.0,0.0,0.0,0.0,0.0,0,SAFE
0.0,0.0,0.0,0.0,29.87,0.0,0.0,0.0,0.0,0.0,0.0,0.0,0.0,0.0,0.0,0,SAFE
0.0,0.0,0.0,0.0,29.87,0.0,0.0,0.0,0.0,0.0,0.0,0.0,0.0,0.0,0.0,0,SAFE
0.0,0.0,0.0,0.0,29.81,0.0,0.0,0.0,0.0,0.0,0.0,0.0,0.0,0.0,0.0,0,SAFE
0.0,0.0,0.0,0.0,29.87,0.0,0.0,0.0,0.0,0.0,0.0,0.0,0.0,0.0,0.0,0,SAFE
0.0,0.0,0.0,0.0,29.81,0.0,0.0,0.0,0.0,0.0,0.0,0.0,0.0,0.0,0.0,0,SAFE
0.0,0.0,0.0,0.0,29.81,0.0,0.0,0.0,0.0,0.0,0.0,0.0,0.0,0.0,0.0,0,SAFE
0.0,0.0,0.0,0.0,29.81,0.0,0.0,0.0,0.0,0.0,0.0,0.0,0.0,0.0,0.0,0,SAFE
0.0,0.0,0.0,0.0,29.81,0.0,0.0,0.0,0.0,0.0,0.0,0.0,0.0,0.0,0.0,0,SAFE
0.0,0.0,0.0,0.0,29.81,0.0,0.0,0.0,0.0,0.0,0.0,0.0,0.0,0.0,0.0,0,SAFE
0.0,0.0,0.0,0.0,29.81,0.0,0.0,0.0,0.0,0.0,0.0,0.0,0.0,0.0,0.0,0,SAFE
0.0,0.0,0.0,0.0,29.83,0.0,0.0,0.0,0.0,0.0,0.0,0.0,0.0,0.0,0.0,0,SAFE
0.0,0.0,0.0,0.0,29.81,0.0,0.0,0.0,0.0,0.0,0.0,0.0,0.0,0.0,0.0,0,SAFE
0.0,0.0,0.0,0.0,29.75,0.0,0.0,0.0,0.0,0.0,0.0,0.0,0.0,0.0,0.0,0,SAFE
0.0,0.0,0.0,0.0,29.81,0.0,0.0,0.0,0.0,0.0,0.0,0.0,0.0,0.0,0.0,0,SAFE
0.0,0.0,0.0,0.0,29.75,0.0,0.0,0.0,0.0,0.0,0.0,0.0,0.0,0.0,0.0,0,SAFE
0.0,0.0,0.0,0.0,29.75,0.0,0.0,0.0,0.0,0.0,0.0,0.0,0.0,0.0,0.0,0,SAFE
0.0,0.0,0.0,0.0,29.75,0.0,0.0,0.0,0.0,0.0,0.0,0.0,0.0,0.0,0.0,0,SAFE
0.0,0.0,0.0,0.0,29.75,0.0,0.0,0.0,0.0,0.0,0.0,0.0,0.0,0.0,0.0,0,SAFE
0.0,0.0,0.0,0.0,29.75,0.0,0.0,0.0,0.0,0.0,0.0,0.0,0.0,0.0,0.0,0,SAFE
0.0,0.0,0.0,0.0,29.75,0.0,0.0,0.0,0.0,0.0,0.0,0.0,0.0,0.0,0.0,0,SAFE
0.0,0.0,0.0,0.0,29.75,0.0,0.0,0.0,0.0,0.0,0.0,0.0,0.0,0.0,0.0,0,SAFE
0.0,0.0,0.0,0.0,29.76,0.0,0.0,0.0,0.0,0.0,0.0,0.0,0.0,0.0,0.0,0,SAFE
0.0,0.0,0.0,0.0,29.69,0.0,0.0,0.0,0.0,0.0,0.0,0.0,0.0,0.0,0.0,0,SAFE
0.0,0.0,0.0,0.0,29.69,0.0,0.0,0.0,0.0,0.0,0.0,0.0,0.0,0.0,0.0,0,SAFE
0.0,0.0,0.0,0.0,29.69,0.0,0.0,0.0,0.0,0.0,0.0,0.0,0.0,0.0,0.0,0,SAFE
0.0,0.0,0.0,0.0,29.69,0.0,0.0,0.0,0.0,0.0,0.0,0.0,0.0,0.0,0.0,0,SAFE
0.0,0.0,0.0,0.0,29.69,0.0,0.0,0.0,0.0,0.0,0.0,0.0,0.0,0.0,0.0,0,SAFE
0.0,0.0,0.0,0.0,29.69,0.0,0.0,0.0,0.0,0.0,0.0,0.0,0.0,0.0,0.0,0,SAFE
0.0,0.0,0.0,0.0,29.69,0.0,0.0,0.0,0.0,0.0,0.0,0.0,0.0,0.0,0.0,0,SAFE
0.0,0.0,0.0,0.0,29.69,0.0,0.0,0.0,0.0,0.0,0.0,0.0,0.0,0.0,0.0,0,SAFE
0.0,0.0,0.0,0.0,29.69,0.0,0.0,0.0,0.0,0.0,0.0,0.0,0.0,0.0,0.0,0,SAFE
0.0,0.0,0.0,0.0,29.62,0.0,0.0,0.0,0.0,0.0,0.0,0.0,0.0,0.0,0.0,0,SAFE
0.0,0.0,0.0,0.0,29.68,0.0,0.0,0.0,0.0,0.0,0.0,0.0,0.0,0.0,0.0,0,SAFE
0.0,0.0,0.0,0.0,29.69,0.0,0.0,0.0,0.0,0.0,0.0,0.0,0.0,0.0,0.0,0,SAFE
0.0,0.0,0.0,0.0,29.06,0.0,0.0,0.0,0.0,0.0,0.0,0.0,0.0,0.0,0.0,0,SAFE
0.0,0.0,0.0,0.0,29.06,0.0,0.0,0.0,0.0,0.0,0.0,0.0,0.0,0.0,0.0,0,SAFE
0.0,0.0,0.0,0.0,29.06,0.0,0.0,0.0,0.0,0.0,0.0,0.0,0.0,0.0,0.0,0,SAFE
0.0,0.0,0.0,0.0,29.06,0.0,0.0,0.0,0.0,0.0,0.0,0.0,0.0,0.0,0.0,0,SAFE
0.0,0.0,0.0,0.0,29.06,0.0,0.0,0.0,0.0,0.0,0.0,0.0,0.0,0.0,0.0,0,SAFE
0.0,0.0,0.0,0.0,29.06,0.0,0.0,0.0,0.0,0.0,0.0,0.0,0.0,0.0,0.0,0,SAFE
0.0,0.0,0.0,0.0,29.06,0.0,0.0,0.0,0.0,0.0,0.0,0.0,0.0,0.0,0.0,0,SAFE
0.0,0.0,0.0,0.0,29.06,0.0,0.0,0.0,0.0,0.0,0.0,0.0,0.0,0.0,0.0,0,SAFE
0.0,0.0,0.0,0.0,29.06,0.0,0.0,0.0,0.0,0.0,0.0,0.0,0.0,0.0,0.0,0,SAFE
0.0,0.0,0.0,0.0,29.06,0.0,0.0,0.0,0.0,0.0,0.0,0.0,0.0,0.0,0.0,0,SAFE
0.0,0.0,0.0,0.0,29.06,0.0,0.0,0.0,0.0,0.0,0.0,0.0,0.0,0.0,0.0,0,SAFE
0.0,0.0,0.0,0.0,29.06,0.0,0.0,0.0,0.0,0.0,0.0,0.0,0.0,0.0,0.0,0,SAFE
0.0,0.0,0.0,0.0,29.06,0.0,0.0,0.0,0.0,0.0,0.0,0.0,0.0,0.0,0.0,0,SAFE
0.0,0.0,0.0,0.0,29.06,0.0,0.0,0.0,0.0,0.0,0.0,0.0,0.0,0.0,0.0,0,SAFE
0.0,0.0,0.0,0.0,29.06,0.0,0.0,0.0,0.0,0.0,0.0,0.0,0.0,0.0,0.0,0,SAFE
0.0,0.0,0.0,0.0,29.06,0.0,0.0,0.0,0.0,0.0,0.0,0.0,0.0,0.0,0.0,0,SAFE
0.0,0.0,0.0,0.0,29.06,0.0,0.0,0.0,0.0,0.0,0.0,0.0,0.0,0.0,0.0,0,SAFE
0.0,0.0,0.0,0.0,29.0,0.0,0.0,0.0,0.0,0.0,0.0,0.0,0.0,0.0,0.0,0,SAFE
0.0,0.0,0.0,0.0,29.0,0.0,0.0,0.0,0.0,0.0,0.0,0.0,0.0,0.0,0.0,0,SAFE
0.0,0.0,0.0,0.0,29.06,0.0,0.0,0.0,0.0,0.0,0.0,0.0,0.0,0.0,0.0,0,SAFE
0.0,0.0,0.0,0.0,29.0,0.0,0.0,0.0,0.0,0.0,0.0,0.0,0.0,0.0,0.0,0,SAFE
0.0,0.0,0.0,0.0,29.0,0.0,0.0,0.0,0.0,0.0,0.0,0.0,0.0,0.0,0.0,0,SAFE
0.0,0.0,0.0,0.0,29.06,0.0,0.0,0.0,0.0,0.0,0.0,0.0,0.0,0.0,0.0,0,SAFE
0.0,0.0,0.0,0.0,29.0,0.0,0.0,0.0,0.0,0.0,0.0,0.0,0.0,0.0,0.0,0,SAFE
0.0,0.0,0.0,0.0,29.0,0.0,0.0,0.0,0.0,0.0,0.0,0.0,0.0,0.0,0.0,0,SAFE
0.0,0.0,0.0,0.0,29.02,0.0,0.0,0.0,0.0,0.0,0.0,0.0,0.0,0.0,0.0,0,SAFE
0.0,0.0,0.0,0.0,29.0,0.0,0.0,0.0,0.0,0.0,0.0,0.0,0.0,0.0,0.0,0,SAFE
0.0,0.0,0.0,0.0,29.0,0.0,0.0,0.0,0.0,0.0,0.0,0.0,0.0,0.0,0.0,0,SAFE
0.0,0.0,0.0,0.0,29.0,0.0,0.0,0.0,0.0,0.0,0.0,0.0,0.0,0.0,0.0,0,SAFE
0.0,0.0,0.0,0.0,29.0,0.0,0.0,0.0,0.0,0.0,0.0,0.0,0.0,0.0,0.0,0,SAFE
0.0,0.0,0.0,0.0,29.0,0.0,0.0,0.0,0.0,0.0,0.0,0.0,0.0,0.0,0.0,0,SAFE
0.0,0.0,0.0,0.0,29.0,0.0,0.0,0.0,0.0,0.0,0.0,0.0,0.0,0.0,0.0,0,SAFE
0.0,0.0,0.0,0.0,29.0,0.0,0.0,0.0,0.0,0.0,0.0,0.0,0.0,0.0,0.0,0,SAFE
0.0,0.0,0.0,0.0,29.0,0.0,0.0,0.0,0.0,0.0,0.0,0.0,0.0,0.0,0.0,0,SAFE
0.0,0.0,0.0,0.0,29.0,0.0,0.0,0.0,0.0,0.0,0.0,0.0,0.0,0.0,0.0,0,SAFE
0.0,0.0,0.0,0.0,29.0,0.0,0.0,0.0,0.0,0.0,0.0,0.0,0.0,0.0,0.0,0,SAFE
0.0,0.0,0.0,0.0,29.0,0.0,0.0,0.0,0.0,0.0,0.0,0.0,0.0,0.0,0.0,0,SAFE
0.0,0.0,0.0,0.0,29.0,0.0,0.0,0.0,0.0,0.0,0.0,0.0,0.0,0.0,0.0,0,SAFE
0.0,0.0,0.0,0.0,29.0,0.0,0.0,0.0,0.0,0.0,0.0,0.0,0.0,0.0,0.0,0,SAFE
0.0,0.0,0.0,0.0,29.0,0.0,0.0,0.0,0.0,0.0,0.0,0.0,0.0,0.0,0.0,0,SAFE
0.0,0.0,0.0,0.0,29.0,0.0,0.0,0.0,0.0,0.0,0.0,0.0,0.0,0.0,0.0,0,SAFE
0.0,0.0,0.0,0.0,29.0,0.0,0.0,0.0,0.0,0.0,0.0,0.0,0.0,0.0,0.0,0,SAFE
0.0,0.0,0.0,0.0,29.0,0.0,0.0,0.0,0.0,0.0,0.0,0.0,0.0,0.0,0.0,0,SAFE
0.0,0.0,0.0,0.0,28.94,0.0,0.0,0.0,0.0,0.0,0.0,0.0,0.0,0.0,0.0,0,SAFE
0.0,0.0,0.0,0.0,28.94,0.0,0.0,0.0,0.0,0.0,0.0,0.0,0.0,0.0,0.0,0,SAFE
0.0,0.0,0.0,0.0,29.0,0.0,0.0,0.0,0.0,0.0,0.0,0.0,0.0,0.0,0.0,0,SAFE
0.0,0.0,0.0,0.0,29.0,0.0,0.0,0.0,0.0,0.0,0.0,0.0,0.0,0.0,0.0,0,SAFE
0.0,0.0,0.0,0.0,28.99,0.0,0.0,0.0,0.0,0.0,0.0,0.0,0.0,0.0,0.0,0,SAFE
0.0,0.0,0.0,0.0,29.0,0.0,0.0,0.0,0.0,0.0,0.0,0.0,0.0,0.0,0.0,0,SAFE
0.0,0.0,0.0,0.0,28.94,0.0,0.0,0.0,0.0,0.0,0.0,0.0,0.0,0.0,0.0,0,SAFE
0.0,0.0,0.0,0.0,28.94,0.0,0.0,0.0,0.0,0.0,0.0,0.0,0.0,0.0,0.0,0,SAFE
0.0,0.0,0.0,0.0,28.94,0.0,0.0,0.0,0.0,0.0,0.0,0.0,0.0,0.0,0.0,0,SAFE
0.0,0.0,0.0,0.0,28.94,0.0,0.0,0.0,0.0,0.0,0.0,0.0,0.0,0.0,0.0,0,SAFE
0.0,0.0,0.0,0.0,28.94,0.0,0.0,0.0,0.0,0.0,0.0,0.0,0.0,0.0,0.0,0,SAFE
0.0,0.0,0.0,0.0,28.94,0.0,0.0,0.0,0.0,0.0,0.0,0.0,0.0,0.0,0.0,0,SAFE
0.0,0.0,0.0,0.0,28.94,0.0,0.0,0.0,0.0,0.0,0.0,0.0,0.0,0.0,0.0,0,SAFE
0.0,0.0,0.0,0.0,28.94,0.0,0.0,0.0,0.0,0.0,0.0,0.0,0.0,0.0,0.0,0,SAFE
0.0,0.0,0.0,0.0,28.94,0.0,0.0,0.0,0.0,0.0,0.0,0.0,0.0,0.0,0.0,0,SAFE
0.0,0.0,0.0,0.0,28.94,0.0,0.0,0.0,0.0,0.0,0.0,0.0,0.0,0.0,0.0,0,SAFE
0.0,0.0,0.0,0.0,28.94,0.0,0.0,0.0,0.0,0.0,0.0,0.0,0.0,0.0,0.0,0,SAFE
0.0,0.0,0.0,0.0,28.94,0.0,0.0,0.0,0.0,0.0,0.0,0.0,0.0,0.0,0.0,0,SAFE
0.0,0.0,0.0,0.0,28.94,0.0,0.0,0.0,0.0,0.0,0.0,0.0,0.0,0.0,0.0,0,SAFE
0.0,0.0,0.0,0.0,28.94,0.0,0.0,0.0,0.0,0.0,0.0,0.0,0.0,0.0,0.0,0,SAFE
0.0,0.0,0.0,0.0,28.94,0.0,0.0,0.0,0.0,0.0,0.0,0.0,0.0,0.0,0.0,0,SAFE
0.0,0.0,0.0,0.0,28.94,0.0,0.0,0.0,0.0,0.0,0.0,0.0,0.0,0.0,0.0,0,SAFE
0.0,0.0,0.0,0.0,28.94,0.0,0.0,0.0,0.0,0.0,0.0,0.0,0.0,0.0,0.0,0,SAFE
0.0,0.0,0.0,0.0,28.94,0.0,0.0,0.0,0.0,0.0,0.0,0.0,0.0,0.0,0.0,0,SAFE
0.0,0.0,0.0,0.0,28.94,0.0,0.0,0.0,0.0,0.0,0.0,0.0,0.0,0.0,0.0,0,SAFE
0.0,0.0,0.0,0.0,28.94,0.0,0.0,0.0,0.0,0.0,0.0,0.0,0.0,0.0,0.0,0,SAFE
0.0,0.0,0.0,0.0,28.94,0.0,0.0,0.0,0.0,0.0,0.0,0.0,0.0,0.0,0.0,0,SAFE
0.0,0.0,0.0,0.0,28.94,0.0,0.0,0.0,0.0,0.0,0.0,0.0,0.0,0.0,0.0,0,SAFE
0.0,0.0,0.0,0.0,28.94,0.0,0.0,0.0,0.0,0.0,0.0,0.0,0.0,0.0,0.0,0,SAFE
0.0,0.0,0.0,0.0,28.94,0.0,0.0,0.0,0.0,0.0,0.0,0.0,0.0,0.0,0.0,0,SAFE
0.0,0.0,0.0,0.0,28.94,0.0,0.0,0.0,0.0,0.0,0.0,0.0,0.0,0.0,0.0,0,SAFE
0.0,0.0,0.0,0.0,28.94,0.0,0.0,0.0,0.0,0.0,0.0,0.0,0.0,0.0,0.0,0,SAFE
0.0,0.0,0.0,0.0,28.94,0.0,0.0,0.0,0.0,0.0,0.0,0.0,0.0,0.0,0.0,0,SAFE
0.0,0.0,0.0,0.0,28.94,0.0,0.0,0.0,0.0,0.0,0.0,0.0,0.0,0.0,0.0,0,SAFE
0.0,0.0,0.0,0.0,28.94,0.0,0.0,0.0,0.0,0.0,0.0,0.0,0.0,0.0,0.0,0,SAFE
0.0,0.0,0.0,0.0,28.87,0.0,0.0,0.0,0.0,0.0,0.0,0.0,0.0,0.0,0.0,0,SAFE
0.0,0.0,0.0,0.0,28.94,0.0,0.0,0.0,0.0,0.0,0.0,0.0,0.0,0.0,0.0,0,SAFE
0.0,0.0,0.0,0.0,28.93,0.0,0.0,0.0,0.0,0.0,0.0,0.0,0.0,0.0,0.0,0,SAFE
0.0,0.0,0.0,0.0,28.94,0.0,0.0,0.0,0.0,0.0,0.0,0.0,0.0,0.0,0.0,0,SAFE
0.0,0.0,0.0,0.0,28.87,0.0,0.0,0.0,0.0,0.0,0.0,0.0,0.0,0.0,0.0,0,SAFE
0.0,0.0,0.0,0.0,28.94,0.0,0.0,0.0,0.0,0.0,0.0,0.0,0.0,0.0,0.0,0,SAFE
0.0,0.0,0.0,0.0,28.87,0.0,0.0,0.0,0.0,0.0,0.0,0.0,0.0,0.0,0.0,0,SAFE
0.0,0.0,0.0,0.0,28.87,0.0,0.0,0.0,0.0,0.0,0.0,0.0,0.0,0.0,0.0,0,SAFE
0.0,0.0,0.0,0.0,28.94,0.0,0.0,0.0,0.0,0.0,0.0,0.0,0.0,0.0,0.0,0,SAFE
0.0,0.0,0.0,0.0,28.94,0.0,0.0,0.0,0.0,0.0,0.0,0.0,0.0,0.0,0.0,0,SAFE
0.0,0.0,0.0,0.0,28.87,0.0,0.0,0.0,0.0,0.0,0.0,0.0,0.0,0.0,0.0,0,SAFE
0.0,0.0,0.0,0.0,28.87,0.0,0.0,0.0,0.0,0.0,0.0,0.0,0.0,0.0,0.0,0,SAFE
0.0,0.0,0.0,0.0,28.94,0.0,0.0,0.0,0.0,0.0,0.0,0.0,0.0,0.0,0.0,0,SAFE
0.0,0.0,0.0,0.0,28.91,0.0,0.0,0.0,0.0,0.0,0.0,0.0,0.0,0.0,0.0,0,SAFE
0.0,0.0,0.0,0.0,28.87,0.0,0.0,0.0,0.0,0.0,0.0,0.0,0.0,0.0,0.0,0,SAFE
0.0,0.0,0.0,0.0,28.87,0.0,0.0,0.0,0.0,0.0,0.0,0.0,0.0,0.0,0.0,0,SAFE
0.0,0.0,0.0,0.0,28.87,0.0,0.0,0.0,0.0,0.0,0.0,0.0,0.0,0.0,0.0,0,SAFE
0.0,0.0,0.0,0.0,28.87,0.0,0.0,0.0,0.0,0.0,0.0,0.0,0.0,0.0,0.0,0,SAFE
0.0,0.0,0.0,0.0,28.87,0.0,0.0,0.0,0.0,0.0,0.0,0.0,0.0,0.0,0.0,0,SAFE
0.0,0.0,0.0,0.0,28.87,0.0,0.0,0.0,0.0,0.0,0.0,0.0,0.0,0.0,0.0,0,SAFE
0.0,0.0,0.0,0.0,28.87,0.0,0.0,0.0,0.0,0.0,0.0,0.0,0.0,0.0,0.0,0,SAFE
0.0,0.0,0.0,0.0,28.87,0.0,0.0,0.0,0.0,0.0,0.0,0.0,0.0,0.0,0.0,0,SAFE
0.0,0.0,0.0,0.0,28.87,0.0,0.0,0.0,0.0,0.0,0.0,0.0,0.0,0.0,0.0,0,SAFE
0.0,0.0,0.0,0.0,28.87,0.0,0.0,0.0,0.0,0.0,0.0,0.0,0.0,0.0,0.0,0,SAFE
0.0,0.0,0.0,0.0,28.87,0.0,0.0,0.0,0.0,0.0,0.0,0.0,0.0,0.0,0.0,0,SAFE
0.0,0.0,0.0,0.0,28.87,0.0,0.0,0.0,0.0,0.0,0.0,0.0,0.0,0.0,0.0,0,SAFE
0.0,0.0,0.0,0.0,28.87,0.0,0.0,0.0,0.0,0.0,0.0,0.0,0.0,0.0,0.0,0,SAFE
0.0,0.0,0.0,0.0,28.87,0.0,0.0,0.0,0.0,0.0,0.0,0.0,0.0,0.0,0.0,0,SAFE
0.0,0.0,0.0,0.0,28.87,0.0,0.0,0.0,0.0,0.0,0.0,0.0,0.0,0.0,0.0,0,SAFE
0.0,0.0,0.0,0.0,28.87,0.0,0.0,0.0,0.0,0.0,0.0,0.0,0.0,0.0,0.0,0,SAFE
0.0,0.0,0.0,0.0,28.87,0.0,0.0,0.0,0.0,0.0,0.0,0.0,0.0,0.0,0.0,0,SAFE
0.0,0.0,0.0,0.0,28.87,0.0,0.0,0.0,0.0,0.0,0.0,0.0,0.0,0.0,0.0,0,SAFE
0.0,0.0,0.0,0.0,28.81,0.0,0.0,0.0,0.0,0.0,0.0,0.0,0.0,0.0,0.0,0,SAFE
0.0,0.0,0.0,0.0,28.87,0.0,0.0,0.0,0.0,0.0,0.0,0.0,0.0,0.0,0.0,0,SAFE
0.0,0.0,0.0,0.0,28.87,0.0,0.0,0.0,0.0,0.0,0.0,0.0,0.0,0.0,0.0,0,SAFE
0.0,0.0,0.0,0.0,28.87,0.0,0.0,0.0,0.0,0.0,0.0,0.0,0.0,0.0,0.0,0,SAFE
0.0,0.0,0.0,0.0,28.87,0.0,0.0,0.0,0.0,0.0,0.0,0.0,0.0,0.0,0.0,0,SAFE
0.0,0.0,0.0,0.0,28.87,0.0,0.0,0.0,0.0,0.0,0.0,0.0,0.0,0.0,0.0,0,SAFE
0.0,0.0,0.0,0.0,28.87,0.0,0.0,0.0,0.0,0.0,0.0,0.0,0.0,0.0,0.0,0,SAFE
0.0,0.0,0.0,0.0,28.87,0.0,0.0,0.0,0.0,0.0,0.0,0.0,0.0,0.0,0.0,0,SAFE
0.0,0.0,0.0,0.0,28.87,0.0,0.0,0.0,0.0,0.0,0.0,0.0,0.0,0.0,0.0,0,SAFE
0.0,0.0,0.0,0.0,28.87,0.0,0.0,0.0,0.0,0.0,0.0,0.0,0.0,0.0,0.0,0,SAFE
0.0,0.0,0.0,0.0,28.87,0.0,0.0,0.0,0.0,0.0,0.0,0.0,0.0,0.0,0.0,0,SAFE
0.0,0.0,0.0,0.0,28.81,0.0,0.0,0.0,0.0,0.0,0.0,0.0,0.0,0.0,0.0,0,SAFE
0.0,0.0,0.0,0.0,28.87,0.0,0.0,0.0,0.0,0.0,0.0,0.0,0.0,0.0,0.0,0,SAFE
0.0,0.0,0.0,0.0,28.81,0.0,0.0,0.0,0.0,0.0,0.0,0.0,0.0,0.0,0.0,0,SAFE
0.0,0.0,0.0,0.0,28.86,0.0,0.0,0.0,0.0,0.0,0.0,0.0,0.0,0.0,0.0,0,SAFE
0.0,0.0,0.0,0.0,28.81,0.0,0.0,0.0,0.0,0.0,0.0,0.0,0.0,0.0,0.0,0,SAFE
0.0,0.0,0.0,0.0,28.87,0.0,0.0,0.0,0.0,0.0,0.0,0.0,0.0,0.0,0.0,0,SAFE
0.0,0.0,0.0,0.0,28.81,0.0,0.0,0.0,0.0,0.0,0.0,0.0,0.0,0.0,0.0,0,SAFE
0.0,0.0,0.0,0.0,28.81,0.0,0.0,0.0,0.0,0.0,0.0,0.0,0.0,0.0,0.0,0,SAFE
0.0,0.0,0.0,0.0,28.81,0.0,0.0,0.0,0.0,0.0,0.0,0.0,0.0,0.0,0.0,0,SAFE
0.0,0.0,0.0,0.0,28.81,0.0,0.0,0.0,0.0,0.0,0.0,0.0,0.0,0.0,0.0,0,SAFE
0.0,0.0,0.0,0.0,28.87,0.0,0.0,0.0,0.0,0.0,0.0,0.0,0.0,0.0,0.0,0,SAFE
0.0,0.0,0.0,0.0,28.81,0.0,0.0,0.0,0.0,0.0,0.0,0.0,0.0,0.0,0.0,0,SAFE
0.0,0.0,0.0,0.0,28.81,0.0,0.0,0.0,0.0,0.0,0.0,0.0,0.0,0.0,0.0,0,SAFE
0.0,0.0,0.0,0.0,28.81,0.0,0.0,0.0,0.0,0.0,0.0,0.0,0.0,0.0,0.0,0,SAFE
0.0,0.0,0.0,0.0,28.83,0.0,0.0,0.0,0.0,0.0,0.0,0.0,0.0,0.0,0.0,0,SAFE
0.0,0.0,0.0,0.0,28.81,0.0,0.0,0.0,0.0,0.0,0.0,0.0,0.0,0.0,0.0,0,SAFE
0.0,0.0,0.0,0.0,28.81,0.0,0.0,0.0,0.0,0.0,0.0,0.0,0.0,0.0,0.0,0,SAFE
0.0,0.0,0.0,0.0,28.81,0.0,0.0,0.0,0.0,0.0,0.0,0.0,0.0,0.0,0.0,0,SAFE
0.0,0.0,0.0,0.0,28.81,0.0,0.0,0.0,0.0,0.0,0.0,0.0,0.0,0.0,0.0,0,SAFE
0.0,0.0,0.0,0.0,28.81,0.0,0.0,0.0,0.0,0.0,0.0,0.0,0.0,0.0,0.0,0,SAFE
0.0,0.0,0.0,0.0,28.81,0.0,0.0,0.0,0.0,0.0,0.0,0.0,0.0,0.0,0.0,0,SAFE
0.0,0.0,0.0,0.0,28.81,0.0,0.0,0.0,0.0,0.0,0.0,0.0,0.0,0.0,0.0,0,SAFE
0.0,0.0,0.0,0.0,28.81,0.0,0.0,0.0,0.0,0.0,0.0,0.0,0.0,0.0,0.0,0,SAFE
0.0,0.0,0.0,0.0,28.81,0.0,0.0,0.0,0.0,0.0,0.0,0.0,0.0,0.0,0.0,0,SAFE
0.0,0.0,0.0,0.0,28.81,0.0,0.0,0.0,0.0,0.0,0.0,0.0,0.0,0.0,0.0,0,SAFE
0.0,0.0,0.0,0.0,28.81,0.0,0.0,0.0,0.0,0.0,0.0,0.0,0.0,0.0,0.0,0,SAFE
0.0,0.0,0.0,0.0,28.81,0.0,0.0,0.0,0.0,0.0,0.0,0.0,0.0,0.0,0.0,0,SAFE
0.0,0.0,0.0,0.0,28.81,0.0,0.0,0.0,0.0,0.0,0.0,0.0,0.0,0.0,0.0,0,SAFE
0.0,0.0,0.0,0.0,28.81,0.0,0.0,0.0,0.0,0.0,0.0,0.0,0.0,0.0,0.0,0,SAFE
0.0,0.0,0.0,0.0,28.81,0.0,0.0,0.0,0.0,0.0,0.0,0.0,0.0,0.0,0.0,0,SAFE
0.0,0.0,0.0,0.0,28.81,0.0,0.0,0.0,0.0,0.0,0.0,0.0,0.0,0.0,0.0,0,SAFE
0.0,0.0,0.0,0.0,28.81,0.0,0.0,0.0,0.0,0.0,0.0,0.0,0.0,0.0,0.0,0,SAFE
0.0,0.0,0.0,0.0,28.81,0.0,0.0,0.0,0.0,0.0,0.0,0.0,0.0,0.0,0.0,0,SAFE
0.0,0.0,0.0,0.0,28.81,0.0,0.0,0.0,0.0,0.0,0.0,0.0,0.0,0.0,0.0,0,SAFE
0.0,0.0,0.0,0.0,28.81,0.0,0.0,0.0,0.0,0.0,0.0,0.0,0.0,0.0,0.0,0,SAFE
0.0,0.0,0.0,0.0,28.81,0.0,0.0,0.0,0.0,0.0,0.0,0.0,0.0,0.0,0.0,0,SAFE
0.0,0.0,0.0,0.0,28.81,0.0,0.0,0.0,0.0,0.0,0.0,0.0,0.0,0.0,0.0,0,SAFE
0.0,0.0,0.0,0.0,28.81,0.0,0.0,0.0,0.0,0.0,0.0,0.0,0.0,0.0,0.0,0,SAFE
0.0,0.0,0.0,0.0,28.81,0.0,0.0,0.0,0.0,0.0,0.0,0.0,0.0,0.0,0.0,0,SAFE
0.0,0.0,0.0,0.0,28.81,0.0,0.0,0.0,0.0,0.0,0.0,0.0,0.0,0.0,0.0,0,SAFE
0.0,0.0,0.0,0.0,28.81,0.0,0.0,0.0,0.0,0.0,0.0,0.0,0.0,0.0,0.0,0,SAFE
0.0,0.0,0.0,0.0,28.81,0.0,0.0,0.0,0.0,0.0,0.0,0.0,0.0,0.0,0.0,0,SAFE
0.0,0.0,0.0,0.0,28.81,0.0,0.0,0.0,0.0,0.0,0.0,0.0,0.0,0.0,0.0,0,SAFE
0.0,0.0,0.0,0.0,28.81,0.0,0.0,0.0,0.0,0.0,0.0,0.0,0.0,0.0,0.0,0,SAFE
0.0,0.0,0.0,0.0,28.81,0.0,0.0,0.0,0.0,0.0,0.0,0.0,0.0,0.0,0.0,0,SAFE
0.0,0.0,0.0,0.0,28.81,0.0,0.0,0.0,0.0,0.0,0.0,0.0,0.0,0.0,0.0,0,SAFE
0.0,0.0,0.0,0.0,28.81,0.0,0.0,0.0,0.0,0.0,0.0,0.0,0.0,0.0,0.0,0,SAFE
0.0,0.0,0.0,0.0,28.81,0.0,0.0,0.0,0.0,0.0,0.0,0.0,0.0,0.0,0.0,0,SAFE
0.0,0.0,0.0,0.0,28.81,0.0,0.0,0.0,0.0,0.0,0.0,0.0,0.0,0.0,0.0,0,SAFE
0.0,0.0,0.0,0.0,28.81,0.0,0.0,0.0,0.0,0.0,0.0,0.0,0.0,0.0,0.0,0,SAFE
0.0,0.0,0.0,0.0,28.81,0.0,0.0,0.0,0.0,0.0,0.0,0.0,0.0,0.0,0.0,0,SAFE
0.0,0.0,0.0,0.0,28.81,0.0,0.0,0.0,0.0,0.0,0.0,0.0,0.0,0.0,0.0,0,SAFE
0.0,0.0,0.0,0.0,28.81,0.0,0.0,0.0,0.0,0.0,0.0,0.0,0.0,0.0,0.0,0,SAFE
0.0,0.0,0.0,0.0,28.81,0.0,0.0,0.0,0.0,0.0,0.0,0.0,0.0,0.0,0.0,0,SAFE
0.0,0.0,0.0,0.0,28.81,0.0,0.0,0.0,0.0,0.0,0.0,0.0,0.0,0.0,0.0,0,SAFE
0.0,0.0,0.0,0.0,28.81,0.0,0.0,0.0,0.0,0.0,0.0,0.0,0.0,0.0,0.0,0,SAFE
0.0,0.0,0.0,0.0,28.75,0.0,0.0,0.0,0.0,0.0,0.0,0.0,0.0,0.0,0.0,0,SAFE
0.0,0.0,0.0,0.0,28.81,0.0,0.0,0.0,0.0,0.0,0.0,0.0,0.0,0.0,0.0,0,SAFE
0.0,0.0,0.0,0.0,28.81,0.0,0.0,0.0,0.0,0.0,0.0,0.0,0.0,0.0,0.0,0,SAFE
0.0,0.0,0.0,0.0,28.81,0.0,0.0,0.0,0.0,0.0,0.0,0.0,0.0,0.0,0.0,0,SAFE
0.0,0.0,0.0,0.0,28.81,0.0,0.0,0.0,0.0,0.0,0.0,0.0,0.0,0.0,0.0,0,SAFE
0.0,0.0,0.0,0.0,28.81,0.0,0.0,0.0,0.0,0.0,0.0,0.0,0.0,0.0,0.0,0,SAFE
0.0,0.0,0.0,0.0,28.81,0.0,0.0,0.0,0.0,0.0,0.0,0.0,0.0,0.0,0.0,0,SAFE
0.0,0.0,0.0,0.0,28.81,0.0,0.0,0.0,0.0,0.0,0.0,0.0,0.0,0.0,0.0,0,SAFE
0.0,0.0,0.0,0.0,28.81,0.0,0.0,0.0,0.0,0.0,0.0,0.0,0.0,0.0,0.0,0,SAFE
0.0,0.0,0.0,0.0,28.75,0.0,0.0,0.0,0.0,0.0,0.0,0.0,0.0,0.0,0.0,0,SAFE
0.0,0.0,0.0,0.0,28.81,0.0,0.0,0.0,0.0,0.0,0.0,0.0,0.0,0.0,0.0,0,SAFE
0.0,0.0,0.0,0.0,28.75,0.0,0.0,0.0,0.0,0.0,0.0,0.0,0.0,0.0,0.0,0,SAFE
0.0,0.0,0.0,0.0,28.81,0.0,0.0,0.0,0.0,0.0,0.0,0.0,0.0,0.0,0.0,0,SAFE
0.0,0.0,0.0,0.0,28.8,0.0,0.0,0.0,0.0,0.0,0.0,0.0,0.0,0.0,0.0,0,SAFE
0.0,0.0,0.0,0.0,28.81,0.0,0.0,0.0,0.0,0.0,0.0,0.0,0.0,0.0,0.0,0,SAFE
0.0,0.0,0.0,0.0,28.75,0.0,0.0,0.0,0.0,0.0,0.0,0.0,0.0,0.0,0.0,0,SAFE
0.0,0.0,0.0,0.0,28.81,0.0,0.0,0.0,0.0,0.0,0.0,0.0,0.0,0.0,0.0,0,SAFE
0.0,0.0,0.0,0.0,28.75,0.0,0.0,0.0,0.0,0.0,0.0,0.0,0.0,0.0,0.0,0,SAFE
0.0,0.0,0.0,0.0,28.81,0.0,0.0,0.0,0.0,0.0,0.0,0.0,0.0,0.0,0.0,0,SAFE
0.0,0.0,0.0,0.0,28.75,0.0,0.0,0.0,0.0,0.0,0.0,0.0,0.0,0.0,0.0,0,SAFE
0.0,0.0,0.0,0.0,28.81,0.0,0.0,0.0,0.0,0.0,0.0,0.0,0.0,0.0,0.0,0,SAFE
0.0,0.0,0.0,0.0,28.75,0.0,0.0,0.0,0.0,0.0,0.0,0.0,0.0,0.0,0.0,0,SAFE
0.0,0.0,0.0,0.0,28.75,0.0,0.0,0.0,0.0,0.0,0.0,0.0,0.0,0.0,0.0,0,SAFE
0.0,0.0,0.0,0.0,28.75,0.0,0.0,0.0,0.0,0.0,0.0,0.0,0.0,0.0,0.0,0,SAFE
0.0,0.0,0.0,0.0,28.77,0.0,0.0,0.0,0.0,0.0,0.0,0.0,0.0,0.0,0.0,0,SAFE
0.0,0.0,0.0,0.0,28.75,0.0,0.0,0.0,0.0,0.0,0.0,0.0,0.0,0.0,0.0,0,SAFE
0.0,0.0,0.0,0.0,28.75,0.0,0.0,0.0,0.0,0.0,0.0,0.0,0.0,0.0,0.0,0,SAFE
0.0,0.0,0.0,0.0,28.75,0.0,0.0,0.0,0.0,0.0,0.0,0.0,0.0,0.0,0.0,0,SAFE
0.0,0.0,0.0,0.0,28.81,0.0,0.0,0.0,0.0,0.0,0.0,0.0,0.0,0.0,0.0,0,SAFE
0.0,0.0,0.0,0.0,28.75,0.0,0.0,0.0,0.0,0.0,0.0,0.0,0.0,0.0,0.0,0,SAFE
0.0,0.0,0.0,0.0,28.75,0.0,0.0,0.0,0.0,0.0,0.0,0.0,0.0,0.0,0.0,0,SAFE
0.0,0.0,0.0,0.0,28.75,0.0,0.0,0.0,0.0,0.0,0.0,0.0,0.0,0.0,0.0,0,SAFE
0.0,0.0,0.0,0.0,28.81,0.0,0.0,0.0,0.0,0.0,0.0,0.0,0.0,0.0,0.0,0,SAFE
0.0,0.0,0.0,0.0,28.75,0.0,0.0,0.0,0.0,0.0,0.0,0.0,0.0,0.0,0.0,0,SAFE
0.0,0.0,0.0,0.0,28.75,0.0,0.0,0.0,0.0,0.0,0.0,0.0,0.0,0.0,0.0,0,SAFE
0.0,0.0,0.0,0.0,28.76,0.0,0.0,0.0,0.0,0.0,0.0,0.0,0.0,0.0,0.0,0,SAFE
0.0,0.0,0.0,0.0,28.75,0.0,0.0,0.0,0.0,0.0,0.0,0.0,0.0,0.0,0.0,0,SAFE
0.0,0.0,0.0,0.0,28.81,0.0,0.0,0.0,0.0,0.0,0.0,0.0,0.0,0.0,0.0,0,SAFE
0.0,0.0,0.0,0.0,28.75,0.0,0.0,0.0,0.0,0.0,0.0,0.0,0.0,0.0,0.0,0,SAFE
0.0,0.0,0.0,0.0,28.75,0.0,0.0,0.0,0.0,0.0,0.0,0.0,0.0,0.0,0.0,0,SAFE
0.0,0.0,0.0,0.0,28.75,0.0,0.0,0.0,0.0,0.0,0.0,0.0,0.0,0.0,0.0,0,SAFE
0.0,0.0,0.0,0.0,28.75,0.0,0.0,0.0,0.0,0.0,0.0,0.0,0.0,0.0,0.0,0,SAFE
0.0,0.0,0.0,0.0,28.75,0.0,0.0,0.0,0.0,0.0,0.0,0.0,0.0,0.0,0.0,0,SAFE
0.0,0.0,0.0,0.0,28.75,0.0,0.0,0.0,0.0,0.0,0.0,0.0,0.0,0.0,0.0,0,SAFE
0.0,0.0,0.0,0.0,28.75,0.0,0.0,0.0,0.0,0.0,0.0,0.0,0.0,0.0,0.0,0,SAFE
0.0,0.0,0.0,0.0,28.75,0.0,0.0,0.0,0.0,0.0,0.0,0.0,0.0,0.0,0.0,0,SAFE
0.0,0.0,0.0,0.0,28.76,0.0,0.0,0.0,0.0,0.0,0.0,0.0,0.0,0.0,0.0,0,SAFE
0.0,0.0,0.0,0.0,28.75,0.0,0.0,0.0,0.0,0.0,0.0,0.0,0.0,0.0,0.0,0,SAFE
0.0,0.0,0.0,0.0,28.75,0.0,0.0,0.0,0.0,0.0,0.0,0.0,0.0,0.0,0.0,0,SAFE
0.0,0.0,0.0,0.0,28.75,0.0,0.0,0.0,0.0,0.0,0.0,0.0,0.0,0.0,0.0,0,SAFE
0.0,0.0,0.0,0.0,28.75,0.0,0.0,0.0,0.0,0.0,0.0,0.0,0.0,0.0,0.0,0,SAFE
0.0,0.0,0.0,0.0,28.75,0.0,0.0,0.0,0.0,0.0,0.0,0.0,0.0,0.0,0.0,0,SAFE
0.0,0.0,0.0,0.0,28.75,0.0,0.0,0.0,0.0,0.0,0.0,0.0,0.0,0.0,0.0,0,SAFE
0.0,0.0,0.0,0.0,28.75,0.0,0.0,0.0,0.0,0.0,0.0,0.0,0.0,0.0,0.0,0,SAFE
0.0,0.0,0.0,0.0,28.75,0.0,0.0,0.0,0.0,0.0,0.0,0.0,0.0,0.0,0.0,0,SAFE
0.0,0.0,0.0,0.0,28.75,0.0,0.0,0.0,0.0,0.0,0.0,0.0,0.0,0.0,0.0,0,SAFE
0.0,0.0,0.0,0.0,28.75,0.0,0.0,0.0,0.0,0.0,0.0,0.0,0.0,0.0,0.0,0,SAFE
0.0,0.0,0.0,0.0,28.75,0.0,0.0,0.0,0.0,0.0,0.0,0.0,0.0,0.0,0.0,0,SAFE
0.0,0.0,0.0,0.0,28.75,0.0,0.0,0.0,0.0,0.0,0.0,0.0,0.0,0.0,0.0,0,SAFE
0.0,0.0,0.0,0.0,28.75,0.0,0.0,0.0,0.0,0.0,0.0,0.0,0.0,0.0,0.0,0,SAFE
0.0,0.0,0.0,0.0,28.75,0.0,0.0,0.0,0.0,0.0,0.0,0.0,0.0,0.0,0.0,0,SAFE
0.0,0.0,0.0,0.0,28.75,0.0,0.0,0.0,0.0,0.0,0.0,0.0,0.0,0.0,0.0,0,SAFE
0.0,0.0,0.0,0.0,28.75,0.0,0.0,0.0,0.0,0.0,0.0,0.0,0.0,0.0,0.0,0,SAFE
0.0,0.0,0.0,0.0,28.75,0.0,0.0,0.0,0.0,0.0,0.0,0.0,0.0,0.0,0.0,0,SAFE
0.0,0.0,0.0,0.0,28.75,0.0,0.0,0.0,0.0,0.0,0.0,0.0,0.0,0.0,0.0,0,SAFE
0.0,0.0,0.0,0.0,28.75,0.0,0.0,0.0,0.0,0.0,0.0,0.0,0.0,0.0,0.0,0,SAFE
0.0,0.0,0.0,0.0,28.75,0.0,0.0,0.0,0.0,0.0,0.0,0.0,0.0,0.0,0.0,0,SAFE
0.0,0.0,0.0,0.0,28.75,0.0,0.0,0.0,0.0,0.0,0.0,0.0,0.0,0.0,0.0,0,SAFE
0.0,0.0,0.0,0.0,28.75,0.0,0.0,0.0,0.0,0.0,0.0,0.0,0.0,0.0,0.0,0,SAFE
0.0,0.0,0.0,0.0,28.75,0.0,0.0,0.0,0.0,0.0,0.0,0.0,0.0,0.0,0.0,0,SAFE
0.0,0.0,0.0,0.0,28.69,0.0,0.0,0.0,0.0,0.0,0.0,0.0,0.0,0.0,0.0,0,SAFE
0.0,0.0,0.0,0.0,28.75,0.0,0.0,0.0,0.0,0.0,0.0,0.0,0.0,0.0,0.0,0,SAFE
0.0,0.0,0.0,0.0,28.75,0.0,0.0,0.0,0.0,0.0,0.0,0.0,0.0,0.0,0.0,0,SAFE
0.0,0.0,0.0,0.0,28.75,0.0,0.0,0.0,0.0,0.0,0.0,0.0,0.0,0.0,0.0,0,SAFE
0.0,0.0,0.0,0.0,28.75,0.0,0.0,0.0,0.0,0.0,0.0,0.0,0.0,0.0,0.0,0,SAFE
0.0,0.0,0.0,0.0,28.75,0.0,0.0,0.0,0.0,0.0,0.0,0.0,0.0,0.0,0.0,0,SAFE
0.0,0.0,0.0,0.0,28.75,0.0,0.0,0.0,0.0,0.0,0.0,0.0,0.0,0.0,0.0,0,SAFE
0.0,0.0,0.0,0.0,28.75,0.0,0.0,0.0,0.0,0.0,0.0,0.0,0.0,0.0,0.0,0,SAFE
0.0,0.0,0.0,0.0,28.75,0.0,0.0,0.0,0.0,0.0,0.0,0.0,0.0,0.0,0.0,0,SAFE
0.0,0.0,0.0,0.0,28.74,0.0,0.0,0.0,0.0,0.0,0.0,0.0,0.0,0.0,0.0,0,SAFE
0.0,0.0,0.0,0.0,28.75,0.0,0.0,0.0,0.0,0.0,0.0,0.0,0.0,0.0,0.0,0,SAFE
0.0,0.0,0.0,0.0,28.75,0.0,0.0,0.0,0.0,0.0,0.0,0.0,0.0,0.0,0.0,0,SAFE
0.0,0.0,0.0,0.0,28.75,0.0,0.0,0.0,0.0,0.0,0.0,0.0,0.0,0.0,0.0,0,SAFE
0.0,0.0,0.0,0.0,28.75,0.0,0.0,0.0,0.0,0.0,0.0,0.0,0.0,0.0,0.0,0,SAFE
0.0,0.0,0.0,0.0,28.75,0.0,0.0,0.0,0.0,0.0,0.0,0.0,0.0,0.0,0.0,0,SAFE
0.0,0.0,0.0,0.0,28.75,0.0,0.0,0.0,0.0,0.0,0.0,0.0,0.0,0.0,0.0,0,SAFE
0.0,0.0,0.0,0.0,28.75,0.0,0.0,0.0,0.0,0.0,0.0,0.0,0.0,0.0,0.0,0,SAFE
0.0,0.0,0.0,0.0,28.75,0.0,0.0,0.0,0.0,0.0,0.0,0.0,0.0,0.0,0.0,0,SAFE
0.0,0.0,0.0,0.0,28.69,0.0,0.0,0.0,0.0,0.0,0.0,0.0,0.0,0.0,0.0,0,SAFE
0.0,0.0,0.0,0.0,28.75,0.0,0.0,0.0,0.0,0.0,0.0,0.0,0.0,0.0,0.0,0,SAFE
0.0,0.0,0.0,0.0,28.74,0.0,0.0,0.0,0.0,0.0,0.0,0.0,0.0,0.0,0.0,0,SAFE
0.0,0.0,0.0,0.0,28.75,0.0,0.0,0.0,0.0,0.0,0.0,0.0,0.0,0.0,0.0,0,SAFE
0.0,0.0,0.0,0.0,28.75,0.0,0.0,0.0,0.0,0.0,0.0,0.0,0.0,0.0,0.0,0,SAFE
0.0,0.0,0.0,0.0,28.75,0.0,0.0,0.0,0.0,0.0,0.0,0.0,0.0,0.0,0.0,0,SAFE
0.0,0.0,0.0,0.0,28.75,0.0,0.0,0.0,0.0,0.0,0.0,0.0,0.0,0.0,0.0,0,SAFE
0.0,0.0,0.0,0.0,28.69,0.0,0.0,0.0,0.0,0.0,0.0,0.0,0.0,0.0,0.0,0,SAFE
0.0,0.0,0.0,0.0,28.75,0.0,0.0,0.0,0.0,0.0,0.0,0.0,0.0,0.0,0.0,0,SAFE
0.0,0.0,0.0,0.0,28.75,0.0,0.0,0.0,0.0,0.0,0.0,0.0,0.0,0.0,0.0,0,SAFE
0.0,0.0,0.0,0.0,28.75,0.0,0.0,0.0,0.0,0.0,0.0,0.0,0.0,0.0,0.0,0,SAFE
0.0,0.0,0.0,0.0,28.75,0.0,0.0,0.0,0.0,0.0,0.0,0.0,0.0,0.0,0.0,0,SAFE
0.0,0.0,0.0,0.0,28.75,0.0,0.0,0.0,0.0,0.0,0.0,0.0,0.0,0.0,0.0,0,SAFE
0.0,0.0,0.0,0.0,28.74,0.0,0.0,0.0,0.0,0.0,0.0,0.0,0.0,0.0,0.0,0,SAFE
0.0,0.0,0.0,0.0,28.75,0.0,0.0,0.0,0.0,0.0,0.0,0.0,0.0,0.0,0.0,0,SAFE
0.0,0.0,0.0,0.0,28.69,0.0,0.0,0.0,0.0,0.0,0.0,0.0,0.0,0.0,0.0,0,SAFE
0.0,0.0,0.0,0.0,28.69,0.0,0.0,0.0,0.0,0.0,0.0,0.0,0.0,0.0,0.0,0,SAFE
0.0,0.0,0.0,0.0,28.69,0.0,0.0,0.0,0.0,0.0,0.0,0.0,0.0,0.0,0.0,0,SAFE
0.0,0.0,0.0,0.0,28.75,0.0,0.0,0.0,0.0,0.0,0.0,0.0,0.0,0.0,0.0,0,SAFE
0.0,0.0,0.0,0.0,28.75,0.0,0.0,0.0,0.0,0.0,0.0,0.0,0.0,0.0,0.0,0,SAFE
0.0,0.0,0.0,0.0,28.69,0.0,0.0,0.0,0.0,0.0,0.0,0.0,0.0,0.0,0.0,0,SAFE
0.0,0.0,0.0,0.0,28.75,0.0,0.0,0.0,0.0,0.0,0.0,0.0,0.0,0.0,0.0,0,SAFE
0.0,0.0,0.0,0.0,28.75,0.0,0.0,0.0,0.0,0.0,0.0,0.0,0.0,0.0,0.0,0,SAFE
0.0,0.0,0.0,0.0,28.75,0.0,0.0,0.0,0.0,0.0,0.0,0.0,0.0,0.0,0.0,0,SAFE
0.0,0.0,0.0,0.0,28.73,0.0,0.0,0.0,0.0,0.0,0.0,0.0,0.0,0.0,0.0,0,SAFE
0.0,0.0,0.0,0.0,28.75,0.0,0.0,0.0,0.0,0.0,0.0,0.0,0.0,0.0,0.0,0,SAFE
0.0,0.0,0.0,0.0,28.69,0.0,0.0,0.0,0.0,0.0,0.0,0.0,0.0,0.0,0.0,0,SAFE
0.0,0.0,0.0,0.0,28.75,0.0,0.0,0.0,0.0,0.0,0.0,0.0,0.0,0.0,0.0,0,SAFE
0.0,0.0,0.0,0.0,28.69,0.0,0.0,0.0,0.0,0.0,0.0,0.0,0.0,0.0,0.0,0,SAFE
0.0,0.0,0.0,0.0,28.69,0.0,0.0,0.0,0.0,0.0,0.0,0.0,0.0,0.0,0.0,0,SAFE
0.0,0.0,0.0,0.0,28.75,0.0,0.0,0.0,0.0,0.0,0.0,0.0,0.0,0.0,0.0,0,SAFE
0.0,0.0,0.0,0.0,28.69,0.0,0.0,0.0,0.0,0.0,0.0,0.0,0.0,0.0,0.0,0,SAFE
0.0,0.0,0.0,0.0,28.69,0.0,0.0,0.0,0.0,0.0,0.0,0.0,0.0,0.0,0.0,0,SAFE
0.0,0.0,0.0,0.0,28.69,0.0,0.0,0.0,0.0,0.0,0.0,0.0,0.0,0.0,0.0,0,SAFE
0.0,0.0,0.0,0.0,28.75,0.0,0.0,0.0,0.0,0.0,0.0,0.0,0.0,0.0,0.0,0,SAFE
0.0,0.0,0.0,0.0,28.71,0.0,0.0,0.0,0.0,0.0,0.0,0.0,0.0,0.0,0.0,0,SAFE
0.0,0.0,0.0,0.0,28.69,0.0,0.0,0.0,0.0,0.0,0.0,0.0,0.0,0.0,0.0,0,SAFE
0.0,0.0,0.0,0.0,28.75,0.0,0.0,0.0,0.0,0.0,0.0,0.0,0.0,0.0,0.0,0,SAFE
0.0,0.0,0.0,0.0,28.69,0.0,0.0,0.0,0.0,0.0,0.0,0.0,0.0,0.0,0.0,0,SAFE
0.0,0.0,0.0,0.0,28.75,0.0,0.0,0.0,0.0,0.0,0.0,0.0,0.0,0.0,0.0,0,SAFE
0.0,0.0,0.0,0.0,28.75,0.0,0.0,0.0,0.0,0.0,0.0,0.0,0.0,0.0,0.0,0,SAFE
0.0,0.0,0.0,0.0,28.75,0.0,0.0,0.0,0.0,0.0,0.0,0.0,0.0,0.0,0.0,0,SAFE
0.0,0.0,0.0,0.0,28.69,0.0,0.0,0.0,0.0,0.0,0.0,0.0,0.0,0.0,0.0,0,SAFE
0.0,0.0,0.0,0.0,28.75,0.0,0.0,0.0,0.0,0.0,0.0,0.0,0.0,0.0,0.0,0,SAFE
0.0,0.0,0.0,0.0,28.69,0.0,0.0,0.0,0.0,0.0,0.0,0.0,0.0,0.0,0.0,0,SAFE
0.0,0.0,0.0,0.0,28.69,0.0,0.0,0.0,0.0,0.0,0.0,0.0,0.0,0.0,0.0,0,SAFE
0.0,0.0,0.0,0.0,28.72,0.0,0.0,0.0,0.0,0.0,0.0,0.0,0.0,0.0,0.0,0,SAFE
0.0,0.0,0.0,0.0,28.69,0.0,0.0,0.0,0.0,0.0,0.0,0.0,0.0,0.0,0.0,0,SAFE
0.0,0.0,0.0,0.0,28.69,0.0,0.0,0.0,0.0,0.0,0.0,0.0,0.0,0.0,0.0,0,SAFE
0.0,0.0,0.0,0.0,28.69,0.0,0.0,0.0,0.0,0.0,0.0,0.0,0.0,0.0,0.0,0,SAFE
0.0,0.0,0.0,0.0,28.69,0.0,0.0,0.0,0.0,0.0,0.0,0.0,0.0,0.0,0.0,0,SAFE
0.0,0.0,0.0,0.0,28.69,0.0,0.0,0.0,0.0,0.0,0.0,0.0,0.0,0.0,0.0,0,SAFE
0.0,0.0,0.0,0.0,28.69,0.0,0.0,0.0,0.0,0.0,0.0,0.0,0.0,0.0,0.0,0,SAFE
0.0,0.0,0.0,0.0,28.69,0.0,0.0,0.0,0.0,0.0,0.0,0.0,0.0,0.0,0.0,0,SAFE
0.0,0.0,0.0,0.0,28.69,0.0,0.0,0.0,0.0,0.0,0.0,0.0,0.0,0.0,0.0,0,SAFE
0.0,0.0,0.0,0.0,28.69,0.0,0.0,0.0,0.0,0.0,0.0,0.0,0.0,0.0,0.0,0,SAFE
0.0,0.0,0.0,0.0,28.69,0.0,0.0,0.0,0.0,0.0,0.0,0.0,0.0,0.0,0.0,0,SAFE
0.0,0.0,0.0,0.0,28.69,0.0,0.0,0.0,0.0,0.0,0.0,0.0,0.0,0.0,0.0,0,SAFE
0.0,0.0,0.0,0.0,28.69,0.0,0.0,0.0,0.0,0.0,0.0,0.0,0.0,0.0,0.0,0,SAFE
0.0,0.0,0.0,0.0,28.69,0.0,0.0,0.0,0.0,0.0,0.0,0.0,0.0,0.0,0.0,0,SAFE
0.0,0.0,0.0,0.0,28.69,0.0,0.0,0.0,0.0,0.0,0.0,0.0,0.0,0.0,0.0,0,SAFE
0.0,0.0,0.0,0.0,28.69,0.0,0.0,0.0,0.0,0.0,0.0,0.0,0.0,0.0,0.0,0,SAFE
0.0,0.0,0.0,0.0,28.69,0.0,0.0,0.0,0.0,0.0,0.0,0.0,0.0,0.0,0.0,0,SAFE
0.0,0.0,0.0,0.0,28.69,0.0,0.0,0.0,0.0,0.0,0.0,0.0,0.0,0.0,0.0,0,SAFE
0.0,0.0,0.0,0.0,28.69,0.0,0.0,0.0,0.0,0.0,0.0,0.0,0.0,0.0,0.0,0,SAFE
3719.0,2603.0,4095.0,4095.0,29.06,3628.0,4095.0,2603.0,705.9471179439246,14512.0,1492.0,6322.0,8190.0,0.12872105842552914,0.2821802645891552,3,LOW
3773.0,1905.0,3065.0,0.0,29.06,2185.75,3773.0,0.0,1648.1066662486787,8743.0,3773.0,5678.0,3065.0,0.2988676655268366,0.4315452361395922,1,LOW
3215.3,1017.3,3582.5,1226.5,28.94,2260.4,3582.5,1017.3,1325.8995990144454,9041.6,2565.2,4232.6,4809.0,0.06374977879316159,0.39622411958102277,1,LOW
0.0,0.0,0.0,0.0,29.12,0.0,0.0,0.0,0.0,0.0,0.0,0.0,0.0,0.0,0.0,0,LOW
0.0,0.0,0.0,0.0,29.12,0.0,0.0,0.0,0.0,0.0,0.0,0.0,0.0,0.0,0.0,0,LOW
4095.0,0.0,4095.0,0.0,29.19,2047.5,4095.0,0.0,2364.2493523315175,8190.0,4095.0,4095.0,4095.0,0.0,0.4999999999389499,2,LOW
4095.0,3649.0,4095.0,4095.0,29.19,3983.5,4095.0,3649.0,223.0,15934.0,446.0,7744.0,8190.0,0.02799046064842535,0.2569976151464166,4,LOW
4095.0,2559.0,4095.0,0.0,29.25,2687.25,4095.0,0.0,1932.2940381836302,10749.0,4095.0,6654.0,4095.0,0.2380686575273915,0.3809656711897883,2,LOW
0.0,0.0,0.0,0.0,29.25,0.0,0.0,0.0,0.0,0.0,0.0,0.0,0.0,0.0,0.0,0,LOW
0.0,0.0,0.0,0.0,29.31,0.0,0.0,0.0,0.0,0.0,0.0,0.0,0.0,0.0,0.0,0,LOW
0.0,0.0,0.0,0.0,29.37,0.0,0.0,0.0,0.0,0.0,0.0,0.0,0.0,0.0,0.0,0,LOW
4095.0,0.0,4095.0,0.0,29.44,2047.5,4095.0,0.0,2364.2493523315175,8190.0,4095.0,4095.0,4095.0,0.0,0.4999999999389499,2,LOW
4095.0,3495.0,4095.0,4095.0,29.44,3945.0,4095.0,3495.0,300.0,15780.0,600.0,7590.0,8190.0,0.03802281368580337,0.259505703405608,3,LOW
2047.5,970.3,2047.5,819.0,29.27,1471.075,2047.5,819.0,668.4581681002933,5884.3,1228.5,3017.8,2866.5,0.025712489161716378,0.3479598252386928,0,LOW
4095.0,1746.0,4095.0,4095.0,29.5,3507.75,4095.0,1746.0,1174.5,14031.0,2349.0,5841.0,8190.0,0.16741500960962047,0.29185375238458744,3,LOW
4095.0,2276.0,4095.0,4095.0,29.5,3640.25,4095.0,2276.0,909.5,14561.0,1819.0,6371.0,8190.0,0.12492273881430377,0.2812306846864068,3,LOW
4095.0,1900.0,4095.0,0.0,29.56,2522.5,4095.0,0.0,1974.506267399524,10090.0,4095.0,5995.0,4095.0,0.1883052527068082,0.40584737359704187,2,LOW
0.0,0.0,0.0,0.0,29.56,0.0,0.0,0.0,0.0,0.0,0.0,0.0,0.0,0.0,0.0,0,LOW
0.0,0.0,0.0,0.0,29.56,0.0,0.0,0.0,0.0,0.0,0.0,0.0,0.0,0.0,0.0,0,LOW
0.0,0.0,0.0,0.0,29.62,0.0,0.0,0.0,0.0,0.0,0.0,0.0,0.0,0.0,0.0,0,LOW
4095.0,0.0,4095.0,4095.0,29.69,3071.25,4095.0,0.0,2047.5,12285.0,4095.0,4095.0,8190.0,0.33333333330619996,0.33333333330619996,3,LOW
4095.0,0.0,4095.0,4095.0,29.69,3071.25,4095.0,0.0,2047.5,12285.0,4095.0,4095.0,8190.0,0.33333333330619996,0.33333333330619996,3,LOW
4095.0,2928.0,4095.0,4095.0,29.75,3803.25,4095.0,2928.0,583.5,15213.0,1167.0,7023.0,8190.0,0.07671070794210802,0.26917767696909367,3,LOW
2697.0,0.0,0.0,0.0,29.75,674.25,2697.0,0.0,1348.5,2697.0,2697.0,2697.0,0.0,0.9999999996292177,0.9999999996292177,0,LOW
2726.7,885.0,2457.0,2047.5,29.62,2029.05,2726.7,885.0,812.2084153713257,8116.2,1841.6999999999998,3611.7,4504.5,0.11000221777309553,0.33595771415983366,0,LOW
0.0,0.0,0.0,0.0,29.81,0.0,0.0,0.0,0.0,0.0,0.0,0.0,0.0,0.0,0.0,0,LOW
4095.0,0.0,4095.0,0.0,29.81,2047.5,4095.0,0.0,2364.2493523315175,8190.0,4095.0,4095.0,4095.0,0.0,0.4999999999389499,2,LOW
4095.0,3390.0,4095.0,4095.0,29.87,3918.75,4095.0,3390.0,352.5,15675.0,705.0,7485.0,8190.0,0.04497607655215464,0.26124401912208967,3,LOW
4095.0,3233.0,4095.0,4095.0,29.87,3879.5,4095.0,3233.0,431.0,15518.0,862.0,7328.0,8190.0,0.05554839540820026,0.26388709883593975,3,LOW
4095.0,1675.0,4095.0,3570.0,29.94,3358.75,4095.0,1675.0,1149.4591119304766,13435.0,2420.0,5770.0,7665.0,0.14104949757044663,0.3048008931667435,3,LOW
3441.0,0.0,0.0,0.0,29.94,860.25,3441.0,0.0,1720.5,3441.0,3441.0,3441.0,0.0,0.9999999997093868,0.9999999997093868,0,LOW
0.0,0.0,0.0,0.0,30.0,0.0,0.0,0.0,0.0,0.0,0.0,0.0,0.0,0.0,0.0,0,LOW
0.0,0.0,0.0,0.0,30.0,0.0,0.0,0.0,0.0,0.0,0.0,0.0,0.0,0.0,0.0,0,LOW
0.0,0.0,0.0,0.0,30.06,0.0,0.0,0.0,0.0,0.0,0.0,0.0,0.0,0.0,0.0,0,LOW
4095.0,2477.0,4095.0,4095.0,30.06,3690.5,4095.0,2477.0,809.0,14762.0,1618.0,6572.0,8190.0,0.10960574447164302,0.2774014361009754,3,LOW
2391.6,1077.5,2047.5,1585.5,29.94,1775.525,2391.6,1077.5,570.6333345503047,7102.1,1314.1,3469.1,3633.0,0.023077681245958576,0.3367454696024069,0,LOW
4095.0,3341.0,4095.0,0.0,30.06,2882.75,4095.0,0.0,1954.4258108201498,11531.0,4095.0,7436.0,4095.0,0.28974069896021676,0.3551296504765302,2,LOW
4095.0,2462.0,4095.0,4095.0,30.12,3686.75,4095.0,2462.0,816.5,14747.0,1633.0,6557.0,8190.0,0.11073438664740391,0.2776835966448984,3,LOW
4054.0,150.0,4095.0,0.0,30.12,2074.75,4095.0,0.0,2309.9849025480667,8299.0,4095.0,4204.0,4095.0,0.013134112542097348,0.4934329436687031,2,LOW
0.0,0.0,0.0,0.0,30.19,0.0,0.0,0.0,0.0,0.0,0.0,0.0,0.0,0.0,0.0,0,LOW
0.0,0.0,0.0,0.0,30.19,0.0,0.0,0.0,0.0,0.0,0.0,0.0,0.0,0.0,0.0,0,LOW
0.0,0.0,0.0,0.0,30.25,0.0,0.0,0.0,0.0,0.0,0.0,0.0,0.0,0.0,0.0,0,LOW
4095.0,0.0,4095.0,0.0,30.25,2047.5,4095.0,0.0,2364.2493523315175,8190.0,4095.0,4095.0,4095.0,0.0,0.4999999999389499,2,LOW
4095.0,2559.0,4095.0,4095.0,30.31,3711.0,4095.0,2559.0,768.0,14844.0,1536.0,6654.0,8190.0,0.1034761519736273,0.275869037976565,3,LOW
4095.0,3521.0,4095.0,4095.0,30.31,3951.5,4095.0,3521.0,287.0,15806.0,574.0,7616.0,8190.0,0.03631532329265372,0.25907883080734667,4,LOW
4095.0,2283.0,4095.0,0.0,30.31,2618.25,4095.0,0.0,1943.2967477974125,10473.0,4095.0,6378.0,4095.0,0.21798911484598596,0.3910054425292652,2,LOW
2862.4,1431.6,2866.5,1228.5,30.21,2097.25,2866.5,1228.5,889.7596248425751,8389.0,1638.0,4294.0,4095.0,0.0237215401092238,0.3416974609200504,0,LOW
0.0,0.0,0.0,0.0,30.37,0.0,0.0,0.0,0.0,0.0,0.0,0.0,0.0,0.0,0.0,0,LOW
0.0,0.0,0.0,0.0,30.37,0.0,0.0,0.0,0.0,0.0,0.0,0.0,0.0,0.0,0.0,0,LOW
4095.0,2240.0,4095.0,3874.0,30.44,3576.0,4095.0,2240.0,896.7389066315047,14304.0,1855.0,6335.0,7969.0,0.11423378075264025,0.2862835570269656,3,LOW
4095.0,3453.0,4095.0,4095.0,30.44,3934.5,4095.0,3453.0,321.0,15738.0,642.0,7548.0,8190.0,0.040792985128936775,0.2601982462663491,3,LOW
4095.0,2243.0,4095.0,4095.0,30.5,3632.0,4095.0,2243.0,926.0,14528.0,1852.0,6338.0,8190.0,0.1274779735595073,0.28186949337266864,3,LOW
0.0,0.0,0.0,0.0,30.5,0.0,0.0,0.0,0.0,0.0,0.0,0.0,0.0,0.0,0.0,0,LOW
0.0,0.0,0.0,0.0,30.5,0.0,0.0,0.0,0.0,0.0,0.0,0.0,0.0,0.0,0.0,0,LOW
4095.0,2645.0,4095.0,0.0,30.5,2708.75,4095.0,0.0,1930.8692990464165,10835.0,4095.0,6740.0,4095.0,0.24411628977903863,0.3779418550643339,2,LOW
4095.0,3169.0,4095.0,4095.0,30.56,3863.5,4095.0,3169.0,463.0,15454.0,926.0,7264.0,8190.0,0.05991976187007119,0.26497994045134077,3,LOW
4095.0,3254.0,4095.0,4095.0,30.56,3884.75,4095.0,3254.0,420.5,15539.0,841.0,7349.0,8190.0,0.054121886861823676,0.2635304716993674,3,LOW
2457.0,1700.4,2457.0,2025.4,30.48,2159.95,2457.0,1700.4,367.771355600188,8639.8,756.5999999999999,4157.4,4482.4,0.0376166114912826,0.28438158287409643,0,LOW
3818.0,0.0,4008.0,0.0,30.62,1956.5,4008.0,0.0,2260.502820170769,7826.0,4008.0,3818.0,4008.0,0.024278047530759257,0.51213902370149,2,LOW
0.0,0.0,0.0,0.0,30.62,0.0,0.0,0.0,0.0,0.0,0.0,0.0,0.0,0.0,0.0,0,LOW
3120.0,0.0,4095.0,0.0,30.62,1803.75,4095.0,0.0,2120.4849091658257,7215.0,4095.0,3120.0,4095.0,0.13513513511640537,0.5675675674889026,1,LOW
4095.0,2800.0,4095.0,3017.0,30.62,3501.75,4095.0,2800.0,690.7307121206256,14007.0,1295.0,6895.0,7112.0,0.01549225387195743,0.2923538230675838,2,LOW
4095.0,3598.0,4095.0,4095.0,30.69,3970.75,4095.0,3598.0,248.5,15883.0,497.0,7693.0,8190.0,0.03129131775915814,0.25782282942404944,4,LOW
4095.0,3205.0,4095.0,4095.0,30.69,3872.5,4095.0,3205.0,445.0,15490.0,890.0,7300.0,8190.0,0.05745642349532237,0.26436410585769116,3,LOW
0.0,0.0,0.0,0.0,30.69,0.0,0.0,0.0,0.0,0.0,0.0,0.0,0.0,0.0,0.0,0,LOW
0.0,0.0,0.0,0.0,30.75,0.0,0.0,0.0,0.0,0.0,0.0,0.0,0.0,0.0,0.0,0,LOW
4095.0,0.0,4095.0,0.0,30.75,2047.5,4095.0,0.0,2364.2493523315175,8190.0,4095.0,4095.0,4095.0,0.0,0.4999999999389499,2,LOW
4095.0,3615.0,4095.0,4095.0,30.75,3975.0,4095.0,3615.0,240.0,15900.0,480.0,7710.0,8190.0,0.03018867924338436,0.2575471697951228,4,LOW
2741.3,1321.8,2857.8,1530.2,30.68,2112.775,2857.8,1321.8,798.9870686271046,8451.1,1536.0000000000002,4063.1000000000004,4388.0,0.038444699502023984,0.338157162932854,0,LOW
4095.0,2451.0,4095.0,4095.0,30.81,3684.0,4095.0,2451.0,822.0,14736.0,1644.0,6546.0,8190.0,0.11156351790773864,0.2778908794599694,3,LOW
3892.0,1583.0,3851.0,0.0,30.81,2331.5,3892.0,0.0,1892.1050886953046,9326.0,3892.0,5475.0,3851.0,0.17413682176987594,0.4173279004484958,2,LOW
0.0,0.0,0.0,0.0,30.81,0.0,0.0,0.0,0.0,0.0,0.0,0.0,0.0,0.0,0.0,0,LOW
0.0,0.0,0.0,0.0,30.81,0.0,0.0,0.0,0.0,0.0,0.0,0.0,0.0,0.0,0.0,0,LOW
3990.0,0.0,0.0,0.0,30.87,997.5,3990.0,0.0,1995.0,3990.0,3990.0,3990.0,0.0,0.9999999997493735,0.9999999997493735,1,LOW
4095.0,2739.0,4095.0,1129.0,30.87,3014.5,4095.0,1129.0,1410.197503897947,12058.0,2966.0,6834.0,5224.0,0.13352131363961509,0.3396085586051079,2,LOW
4095.0,3408.0,4095.0,4095.0,30.87,3923.25,4095.0,3408.0,343.5,15693.0,687.0,7503.0,8190.0,0.04377748040248662,0.26094437008469096,3,LOW
4095.0,1783.0,4095.0,4095.0,30.94,3517.0,4095.0,1783.0,1156.0,14068.0,2312.0,5878.0,8190.0,0.1643446118734472,0.291086152950591,3,LOW
0.0,0.0,0.0,0.0,30.94,0.0,0.0,0.0,0.0,0.0,0.0,0.0,0.0,0.0,0.0,0,LOW
0.0,0.0,0.0,0.0,30.94,0.0,0.0,0.0,0.0,0.0,0.0,0.0,0.0,0.0,0.0,0,LOW
2426.2,1196.4,2023.1,1341.4,30.87,1746.775,2426.2,1196.4,578.8538582117826,6987.1,1229.7999999999997,3622.6,3364.5,0.03693950279272665,0.34723991350528255,0,LOW
4095.0,0.0,4095.0,0.0,30.94,2047.5,4095.0,0.0,2364.2493523315175,8190.0,4095.0,4095.0,4095.0,0.0,0.4999999999389499,2,LOW
4095.0,3239.0,4095.0,4095.0,31.0,3881.0,4095.0,3239.0,428.0,15524.0,856.0,7334.0,8190.0,0.055140427721261244,0.2637851069142112,3,LOW
4095.0,3243.0,0.0,4095.0,31.0,2858.25,4095.0,0.0,1947.3680314722228,11433.0,4095.0,7338.0,4095.0,0.2836525845986484,0.35817370765694273,2,LOW
4053.0,2944.0,4095.0,4095.0,31.0,3796.75,4095.0,2944.0,568.8446624518859,15187.0,1151.0,6997.0,8190.0,0.0785540264648348,0.26963850659974725,3,LOW
2386.0,0.0,0.0,0.0,31.0,596.5,2386.0,0.0,1193.0,2386.0,2386.0,2386.0,0.0,0.9999999995808886,0.9999999995808886,0,LOW
0.0,0.0,0.0,0.0,31.06,0.0,0.0,0.0,0.0,0.0,0.0,0.0,0.0,0.0,0.0,0,LOW
0.0,0.0,0.0,0.0,31.06,0.0,0.0,0.0,0.0,0.0,0.0,0.0,0.0,0.0,0.0,0,LOW
1575.0,0.0,0.0,0.0,31.06,393.75,1575.0,0.0,787.5,1575.0,1575.0,1575.0,0.0,0.9999999993650793,0.9999999993650793,0,LOW
4095.0,2897.0,4095.0,4095.0,31.06,3795.5,4095.0,2897.0,599.0,15182.0,1198.0,6992.0,8190.0,0.07890923461474712,0.2697273086372199,3,LOW
4095.0,2863.0,4095.0,4095.0,31.06,3787.0,4095.0,2863.0,616.0,15148.0,1232.0,6958.0,8190.0,0.08133086875618359,0.2703327171725421,3,LOW
2848.9,1518.6,2047.5,2047.5,31.02,2115.625,2848.9,1518.6,548.760150247811,8462.5,1330.3000000000002,4367.5,4095.0,0.032200886259119536,0.3366499261049749,0,LOW
4095.0,3511.0,4086.0,4095.0,31.06,3946.75,4095.0,3511.0,290.5309794152768,15787.0,584.0,7606.0,8181.0,0.036422372836104236,0.25939063785016847,4,LOW
3923.0,3443.0,4095.0,1013.0,31.12,3118.5,4095.0,1013.0,1430.5247289019508,12474.0,3082.0,7366.0,5108.0,0.18101651433533616,0.3282828282565109,2,LOW
0.0,1904.0,2800.0,0.0,31.12,1176.0,2800.0,0.0,1406.3323457371898,4704.0,2800.0,1904.0,2800.0,0.19047619043569808,0.5952380951115565,0,LOW
0.0,0.0,0.0,0.0,31.12,0.0,0.0,0.0,0.0,0.0,0.0,0.0,0.0,0.0,0.0,0,LOW
0.0,0.0,0.0,4095.0,31.19,1023.75,4095.0,0.0,2047.5,4095.0,4095.0,0.0,4095.0,0.9999999997557998,0.9999999997557998,1,LOW
4095.0,3399.0,0.0,0.0,31.19,1873.5,4095.0,0.0,2181.911776401603,7494.0,4095.0,7494.0,0.0,0.9999999998665599,0.5464371496468592,1,LOW
4095.0,3622.0,4095.0,4095.0,31.19,3976.75,4095.0,3622.0,236.5,15907.0,473.0,7717.0,8190.0,0.02973533664237535,0.25743383414487747,4,LOW
3337.0,2597.0,4095.0,0.0,31.19,2507.25,4095.0,0.0,1779.8682301413962,10029.0,4095.0,5934.0,4095.0,0.18336823210854838,0.40831588389587037,1,LOW
0.0,0.0,0.0,0.0,31.19,0.0,0.0,0.0,0.0,0.0,0.0,0.0,0.0,0.0,0.0,0,LOW
0.0,0.0,0.0,0.0,31.25,0.0,0.0,0.0,0.0,0.0,0.0,0.0,0.0,0.0,0.0,0,LOW
1954.5,1847.6,1917.1,1329.8,31.16,1762.25,1954.5,1329.8,291.6825957555004,7049.0,624.7,3802.1,3246.8999999999996,0.07876294508742195,0.27727337207018393,0,LOW
4095.0,564.0,4095.0,3387.0,31.25,3035.25,4095.0,564.0,1680.9664630800937,12141.0,3531.0,4659.0,7482.0,0.2325179144854198,0.3372868791419745,2,LOW
4095.0,3402.0,4095.0,4095.0,31.19,3921.75,4095.0,3402.0,346.5,15687.0,693.0,7497.0,8190.0,0.0441767068244931,0.2610441766901865,3,LOW
4095.0,0.0,4095.0,0.0,31.25,2047.5,4095.0,0.0,2364.2493523315175,8190.0,4095.0,4095.0,4095.0,0.0,0.4999999999389499,2,LOW
4095.0,1455.0,4095.0,4095.0,31.25,3435.0,4095.0,1455.0,1320.0,13740.0,2640.0,5550.0,8190.0,0.1921397379772824,0.29803493447612556,3,LOW
3525.0,0.0,0.0,0.0,31.25,881.25,3525.0,0.0,1762.5,3525.0,3525.0,3525.0,0.0,0.999999999716312,0.999999999716312,1,LOW
0.0,0.0,0.0,0.0,31.31,0.0,0.0,0.0,0.0,0.0,0.0,0.0,0.0,0.0,0.0,0,LOW
0.0,0.0,0.0,0.0,31.25,0.0,0.0,0.0,0.0,0.0,0.0,0.0,0.0,0.0,0.0,0,LOW
4095.0,0.0,0.0,0.0,31.31,1023.75,4095.0,0.0,2047.5,4095.0,4095.0,4095.0,0.0,0.9999999997557998,0.9999999997557998,1,LOW
4095.0,3862.0,4095.0,4095.0,31.31,4036.75,4095.0,3862.0,116.5,16147.0,233.0,7957.0,8190.0,0.014429925062585624,0.25360748125016364,4,LOW
4095.0,3580.0,4095.0,4095.0,31.31,3966.25,4095.0,3580.0,257.5,15865.0,515.0,7675.0,8190.0,0.032461393001420646,0.2581153482345972,4,LOW
3219.0,1286.3,2457.0,1976.7,31.27,2234.75,3219.0,1286.3,813.2835360438572,8939.0,1932.7,4505.3,4433.7,0.00800984450072609,0.3601073945228653,0,LOW
3677.0,0.0,4095.0,2623.0,31.31,2598.75,4095.0,0.0,1839.880136494404,10395.0,4095.0,3677.0,6718.0,0.29254449251634973,0.3939393939014969,2,LOW
1884.0,0.0,0.0,0.0,31.31,471.0,1884.0,0.0,942.0,1884.0,1884.0,1884.0,0.0,0.9999999994692144,0.9999999994692144,0,LOW
0.0,0.0,0.0,0.0,31.31,0.0,0.0,0.0,0.0,0.0,0.0,0.0,0.0,0.0,0.0,0,LOW
0.0,0.0,0.0,0.0,31.37,0.0,0.0,0.0,0.0,0.0,0.0,0.0,0.0,0.0,0.0,0,LOW
4095.0,0.0,941.0,0.0,31.37,1259.0,4095.0,0.0,1942.00772398052,5036.0,4095.0,4095.0,941.0,0.6262907067858835,0.8131453532936566,1,LOW
4095.0,0.0,0.0,4095.0,31.37,2047.5,4095.0,0.0,2364.2493523315175,8190.0,4095.0,4095.0,4095.0,0.0,0.4999999999389499,2,LOW
4095.0,3862.0,4095.0,4095.0,31.37,4036.75,4095.0,3862.0,116.5,16147.0,233.0,7957.0,8190.0,0.014429925062585624,0.25360748125016364,4,LOW
4095.0,3422.0,4095.0,4095.0,31.37,3926.75,4095.0,3422.0,336.5,15707.0,673.0,7517.0,8190.0,0.042847138215900735,0.2607117845380587,3,LOW
3703.0,1569.0,4095.0,3962.0,31.37,3332.25,4095.0,1569.0,1186.7151792518148,13329.0,2526.0,5272.0,8057.0,0.20894290642891866,0.3072248480525752,3,LOW
157.0,0.0,0.0,0.0,31.37,39.25,157.0,0.0,78.5,157.0,157.0,157.0,0.0,0.9999999936305733,0.9999999936305733,0,LOW
2580.1,885.3,1732.1,1887.0,31.36,1771.125,2580.1,885.3,696.1983547572248,7084.5,1694.8,3465.3999999999996,3619.1,0.021695250191023363,0.36418942757227896,0,LOW
0.0,0.0,0.0,0.0,31.44,0.0,0.0,0.0,0.0,0.0,0.0,0.0,0.0,0.0,0.0,0,LOW
3823.0,0.0,0.0,0.0,31.44,955.75,3823.0,0.0,1911.5,3823.0,3823.0,3823.0,0.0,0.9999999997384253,0.9999999997384253,1,LOW
4095.0,3419.0,3758.0,0.0,31.44,2818.0,4095.0,0.0,1898.8289373541086,11272.0,4095.0,7514.0,3758.0,0.3332150461024472,0.36328956703661375,2,LOW
4095.0,3174.0,4095.0,4095.0,31.44,3864.75,4095.0,3174.0,460.5,15459.0,921.0,7269.0,8190.0,0.059576945464805166,0.26489423635002946,3,LOW
4095.0,0.0,4095.0,4095.0,31.44,3071.25,4095.0,0.0,2047.5,12285.0,4095.0,4095.0,8190.0,0.33333333330619996,0.33333333330619996,3,LOW
2650.0,0.0,0.0,2704.0,31.44,1338.5,2704.0,0.0,1545.7238865118613,5354.0,2704.0,2650.0,2704.0,0.010085917069464713,0.5050429584413442,0,LOW
0.0,0.0,0.0,0.0,31.44,0.0,0.0,0.0,0.0,0.0,0.0,0.0,0.0,0.0,0.0,0,LOW
0.0,0.0,0.0,0.0,31.44,0.0,0.0,0.0,0.0,0.0,0.0,0.0,0.0,0.0,0.0,0,LOW
4016.0,0.0,0.0,0.0,31.44,1004.0,4016.0,0.0,2008.0,4016.0,4016.0,4016.0,0.0,0.9999999997509961,0.9999999997509961,1,LOW
4095.0,2213.0,4095.0,0.0,31.5,2600.75,4095.0,0.0,1947.6324730297551,10403.0,4095.0,6308.0,4095.0,0.21272709793206507,0.3936364509859044,2,LOW
2686.9,880.6,1604.3,1089.4,31.44,1565.3000000000002,2686.9,880.6,807.2179507419294,6261.200000000001,1806.3000000000002,3567.5,2693.7,0.13955791219901012,0.429134990029206,0,LOW
4095.0,3747.0,4095.0,4095.0,31.5,4008.0,4095.0,3747.0,174.0,16032.0,348.0,7842.0,8190.0,0.02170658682499335,0.2554266466906545,4,LOW
4095.0,0.0,4095.0,4095.0,31.5,3071.25,4095.0,0.0,2047.5,12285.0,4095.0,4095.0,8190.0,0.33333333330619996,0.33333333330619996,3,LOW
3942.0,0.0,4095.0,0.0,31.5,2009.25,4095.0,0.0,2320.9227152147914,8037.0,4095.0,3942.0,4095.0,0.01903695408497736,0.5095184769802764,2,LOW
0.0,0.0,0.0,0.0,31.5,0.0,0.0,0.0,0.0,0.0,0.0,0.0,0.0,0.0,0.0,0,LOW
0.0,0.0,0.0,0.0,31.56,0.0,0.0,0.0,0.0,0.0,0.0,0.0,0.0,0.0,0.0,0,LOW
4062.0,0.0,0.0,0.0,31.5,1015.5,4062.0,0.0,2031.0,4062.0,4062.0,4062.0,0.0,0.9999999997538159,0.9999999997538159,1,LOW
4095.0,3643.0,4095.0,4095.0,31.5,3982.0,4095.0,3643.0,226.0,15928.0,452.0,7738.0,8190.0,0.028377699646636258,0.2570944248959634,4,LOW
4095.0,3823.0,4095.0,4095.0,31.56,4027.0,4095.0,3823.0,136.0,16108.0,272.0,7918.0,8190.0,0.016886019368209212,0.25422150482653205,4,LOW
4095.0,3515.0,4095.0,4095.0,31.5,3950.0,4095.0,3515.0,290.0,15800.0,580.0,7610.0,8190.0,0.03670886075717032,0.2591772151734698,4,LOW
4031.0,1561.0,4095.0,3383.0,31.56,3267.5,4095.0,1561.0,1182.2536388891626,13070.0,2534.0,5592.0,7478.0,0.14429992347786536,0.31331293035093244,2,LOW
3251.0,1628.9,2866.5,2385.8,31.52,2533.05,3251.0,1628.9,699.0018812564097,10132.2,1622.1,4879.9,5252.3,0.036754110653485564,0.32085825385199085,0,LOW
0.0,0.0,0.0,0.0,31.56,0.0,0.0,0.0,0.0,0.0,0.0,0.0,0.0,0.0,0.0,0,LOW
0.0,0.0,0.0,0.0,31.56,0.0,0.0,0.0,0.0,0.0,0.0,0.0,0.0,0.0,0.0,0,LOW
0.0,0.0,0.0,0.0,31.56,0.0,0.0,0.0,0.0,0.0,0.0,0.0,0.0,0.0,0.0,0,LOW
4095.0,3603.0,4095.0,4084.0,31.56,3969.25,4095.0,3603.0,244.22172303052815,15877.0,492.0,7698.0,8179.0,0.0302953958537321,0.2579202619979895,4,LOW
4095.0,3186.0,4095.0,4095.0,31.56,3867.75,4095.0,3186.0,454.5,15471.0,909.0,7281.0,8190.0,0.058755090164904974,0.26468877252506695,3,LOW
4095.0,3234.0,4095.0,4095.0,31.56,3879.75,4095.0,3234.0,430.5,15519.0,861.0,7329.0,8190.0,0.05548037888681742,0.2638700947055951,3,LOW
4080.0,1728.0,4095.0,1519.0,31.56,2855.5,4095.0,1519.0,1425.1606926939853,11422.0,2576.0,5808.0,5614.0,0.016984766239101317,0.3585186481913396,2,LOW
0.0,0.0,0.0,0.0,31.62,0.0,0.0,0.0,0.0,0.0,0.0,0.0,0.0,0.0,0.0,0,LOW
0.0,0.0,0.0,0.0,31.56,0.0,0.0,0.0,0.0,0.0,0.0,0.0,0.0,0.0,0.0,0,LOW
2407.0,0.0,0.0,0.0,31.62,601.75,2407.0,0.0,1203.5,2407.0,2407.0,2407.0,0.0,0.9999999995845451,0.9999999995845451,0,LOW
1877.2,1175.1,1638.0,1379.3,31.58,1517.4,1877.2,1175.1,305.636657923533,6069.6,702.1000000000001,3052.3,3017.3,0.0057664425982327586,0.30927902986864386,0,LOW
4095.0,3503.0,4095.0,4003.0,31.62,3924.0,4095.0,3503.0,283.9976525724582,15696.0,592.0,7598.0,8098.0,0.031855249743128485,0.26089449539622234,4,LOW
4095.0,3162.0,4095.0,4095.0,31.62,3861.75,4095.0,3162.0,466.5,15447.0,933.0,7257.0,8190.0,0.060400077681077226,0.26510001940408495,3,LOW
4095.0,2469.0,4095.0,4095.0,31.56,3688.5,4095.0,2469.0,813.0,14754.0,1626.0,6564.0,8190.0,0.11020740137520622,0.277551850326857,3,LOW
0.0,0.0,0.0,0.0,31.56,0.0,0.0,0.0,0.0,0.0,0.0,0.0,0.0,0.0,0.0,0,LOW
0.0,0.0,0.0,0.0,31.62,0.0,0.0,0.0,0.0,0.0,0.0,0.0,0.0,0.0,0.0,0,LOW
2187.0,0.0,4095.0,0.0,31.62,1570.5,4095.0,0.0,1973.6694252077777,6282.0,4095.0,2187.0,4095.0,0.3037249283184137,0.6518624640796143,1,LOW
4095.0,2319.0,4095.0,4095.0,31.62,3651.0,4095.0,2319.0,888.0,14604.0,1776.0,6414.0,8190.0,0.12161051765806556,0.2804026293973978,3,LOW
4095.0,3042.0,4095.0,4095.0,31.62,3831.75,4095.0,3042.0,526.5,15327.0,1053.0,7137.0,8190.0,0.06870229007185344,0.26717557250165225,3,LOW
4095.0,3735.0,4095.0,4095.0,31.62,4005.0,4095.0,3735.0,180.0,16020.0,360.0,7830.0,8190.0,0.022471910110956807,0.2556179775121337,4,LOW
4080.0,1950.0,4095.0,104.0,31.62,2557.25,4095.0,104.0,1920.9919963393913,10229.0,3991.0,6030.0,4199.0,0.1790008798339035,0.40033238826861545,2,LOW
3083.7,2018.0,3276.0,2458.2,31.61,2708.9750000000004,3276.0,2018.0,578.0054000612797,10835.900000000001,1258.0,5101.7,5734.2,0.05837078599300742,0.3023283714040985,0,LOW
0.0,0.0,0.0,0.0,31.62,0.0,0.0,0.0,0.0,0.0,0.0,0.0,0.0,0.0,0.0,0,LOW
0.0,0.0,0.0,0.0,31.62,0.0,0.0,0.0,0.0,0.0,0.0,0.0,0.0,0.0,0.0,0,LOW
4045.0,0.0,4095.0,0.0,31.62,2035.0,4095.0,0.0,2349.9042533686347,8140.0,4095.0,4045.0,4095.0,0.006142506141751535,0.5030712530094507,2,LOW
4095.0,1652.0,4095.0,4095.0,31.62,3484.25,4095.0,1652.0,1221.5,13937.0,2443.0,5747.0,8190.0,0.17528879958561464,0.2938221998784658,3,LOW
4095.0,3101.0,4095.0,4095.0,31.62,3846.5,4095.0,3101.0,497.0,15386.0,994.0,7196.0,8190.0,0.064604185619095,0.2661510463885252,3,LOW
4084.0,2535.0,4095.0,4095.0,31.62,3702.25,4095.0,2535.0,778.1839435506236,14809.0,1560.0,6619.0,8190.0,0.106084138017011,0.27652103448737114,3,LOW
2753.0,0.0,4095.0,0.0,31.62,1712.0,4095.0,0.0,2051.361986583548,6848.0,4095.0,2753.0,4095.0,0.19596962613960722,0.5979848129967895,1,LOW
0.0,0.0,0.0,0.0,31.62,0.0,0.0,0.0,0.0,0.0,0.0,0.0,0.0,0.0,0.0,0,LOW
4095.0,572.0,4095.0,3469.0,31.62,3057.75,4095.0,572.0,1683.2364411058438,12231.0,3523.0,4667.0,7564.0,0.23685716619762429,0.3348050036518024,2,LOW
4095.0,2311.0,4095.0,4095.0,31.69,3649.0,4095.0,2311.0,892.0,14596.0,1784.0,6406.0,8190.0,0.1222252671881183,0.2805563167799016,3,LOW
2726.2,1017.1,2866.5,1984.9,31.63,2148.6749999999997,2866.5,1017.1,847.7602034183959,8594.699999999999,1849.4,3743.2999999999997,4851.4,0.12892829300278913,0.33351949453343116,0,LOW
4095.0,3344.0,4095.0,4095.0,31.62,3907.25,4095.0,3344.0,375.5,15629.0,751.0,7439.0,8190.0,0.04805169876204161,0.2620129246745145,3,LOW
3607.0,932.0,4095.0,0.0,31.62,2158.5,4095.0,0.0,2000.9671828060216,8634.0,4095.0,4539.0,4095.0,0.05142460041100016,0.4742876997365893,2,LOW
0.0,0.0,0.0,0.0,31.62,0.0,0.0,0.0,0.0,0.0,0.0,0.0,0.0,0.0,0.0,0,LOW
0.0,0.0,0.0,0.0,31.69,0.0,0.0,0.0,0.0,0.0,0.0,0.0,0.0,0.0,0.0,0,LOW
4095.0,83.0,4095.0,0.0,31.69,2068.25,4095.0,0.0,2340.5346077338827,8273.0,4095.0,4178.0,4095.0,0.010032636285503126,0.49498368179681085,2,LOW
4095.0,3695.0,4095.0,4095.0,31.69,3995.0,4095.0,3695.0,200.0,15980.0,400.0,7790.0,8190.0,0.025031289109822823,0.25625782226181115,4,LOW
4095.0,1535.0,4095.0,4095.0,31.69,3455.0,4095.0,1535.0,1280.0,13820.0,2560.0,5630.0,8190.0,0.1852387843570739,0.29630969607117874,3,LOW
4095.0,1636.0,4095.0,0.0,31.69,2456.5,4095.0,0.0,2006.4044956089986,9826.0,4095.0,5731.0,4095.0,0.16649704862950365,0.41675147563436277,2,LOW
0.0,0.0,0.0,0.0,31.69,0.0,0.0,0.0,0.0,0.0,0.0,0.0,0.0,0.0,0.0,0,LOW
0.0,0.0,0.0,0.0,31.69,0.0,0.0,0.0,0.0,0.0,0.0,0.0,0.0,0.0,0.0,0,LOW
2408.2,1122.5,2457.0,1228.5,31.67,1804.05,2457.0,1122.5,727.3488686089136,7216.2,1334.5,3530.7,3685.5,0.021451733596428654,0.34048391115261717,0,LOW
4095.0,2997.0,4095.0,4095.0,31.69,3820.5,4095.0,2997.0,549.0,15282.0,1098.0,7092.0,8190.0,0.07184923438870244,0.2679623085808165,3,LOW
4095.0,3376.0,4095.0,4095.0,31.69,3915.25,4095.0,3376.0,359.5,15661.0,719.0,7471.0,8190.0,0.04591022284363002,0.2614775556949443,3,LOW
4095.0,3504.0,4095.0,4095.0,31.69,3947.25,4095.0,3504.0,295.5,15789.0,591.0,7599.0,8190.0,0.0374311229313173,0.2593577807169955,4,LOW
3821.0,292.0,4095.0,0.0,31.69,2052.0,4095.0,0.0,2206.9219892571346,8208.0,4095.0,4113.0,4095.0,0.0021929824558731747,0.4989035087111472,2,LOW
0.0,0.0,0.0,0.0,31.69,0.0,0.0,0.0,0.0,0.0,0.0,0.0,0.0,0.0,0.0,0,LOW
0.0,0.0,0.0,0.0,31.69,0.0,0.0,0.0,0.0,0.0,0.0,0.0,0.0,0.0,0.0,0,LOW
4095.0,0.0,4095.0,4095.0,31.69,3071.25,4095.0,0.0,2047.5,12285.0,4095.0,4095.0,8190.0,0.33333333330619996,0.33333333330619996,3,LOW
4095.0,2753.0,4095.0,4095.0,31.69,3759.5,4095.0,2753.0,671.0,15038.0,1342.0,6848.0,8190.0,0.08924059049812205,0.27231014760790595,3,LOW
4095.0,3646.0,4095.0,4095.0,31.69,3982.75,4095.0,3646.0,224.5,15931.0,449.0,7741.0,8190.0,0.028184043686637118,0.2570460109059666,4,LOW
4095.0,2673.0,4095.0,4095.0,31.69,3739.5,4095.0,2673.0,711.0,14958.0,1422.0,6768.0,8190.0,0.09506618531253735,0.2737665463114209,3,LOW
3248.6,1924.1,3276.0,2866.5,31.69,2828.8,3276.0,1924.1,631.4330948986864,11315.2,1351.9,5172.7,6142.5,0.08570772058066074,0.2895220587979424,0,LOW
2105.0,369.0,4095.0,0.0,31.69,1642.25,4095.0,0.0,1875.1240625622615,6569.0,4095.0,2474.0,4095.0,0.2467651088070079,0.6233825543273889,1,LOW
0.0,0.0,0.0,0.0,31.69,0.0,0.0,0.0,0.0,0.0,0.0,0.0,0.0,0.0,0.0,0,LOW
0.0,0.0,0.0,0.0,31.69,0.0,0.0,0.0,0.0,0.0,0.0,0.0,0.0,0.0,0.0,0,LOW
0.0,0.0,0.0,0.0,31.75,0.0,0.0,0.0,0.0,0.0,0.0,0.0,0.0,0.0,0.0,0,LOW
3815.0,0.0,4067.0,0.0,31.69,1970.5,4067.0,0.0,2277.6620322895433,7882.0,4067.0,3815.0,4067.0,0.03197158081299523,0.5159857903430619,2,LOW
3675.0,0.0,4095.0,0.0,31.69,1942.5,4095.0,0.0,2249.549954990998,7770.0,4095.0,3675.0,4095.0,0.05405405404709729,0.5270270269591986,2,LOW
4095.0,3441.0,4095.0,4095.0,31.69,3931.5,4095.0,3441.0,327.0,15726.0,654.0,7536.0,8190.0,0.04158718046282671,0.26039679509980945,3,LOW
4095.0,3606.0,4095.0,4095.0,31.75,3972.75,4095.0,3606.0,244.5,15891.0,489.0,7701.0,8190.0,0.030772135168914975,0.25769303377649655,4,LOW
4048.0,2772.0,4095.0,3854.0,31.69,3692.25,4095.0,2772.0,622.3045208470421,14769.0,1323.0,6820.0,7949.0,0.07644390276413814,0.2772699573243097,3,LOW
3399.0,0.0,4095.0,0.0,31.69,1873.5,4095.0,0.0,2181.911776401603,7494.0,4095.0,3399.0,4095.0,0.09287429942715848,0.5464371496468592,1,LOW
2523.2,1018.8,2863.7,1204.4,31.7,1902.525,2863.7,1018.8,926.9022292021957,7610.1,1844.8999999999999,3542.0,4068.1,0.06913181166224729,0.37630254525219076,0,LOW
0.0,0.0,0.0,0.0,31.69,0.0,0.0,0.0,0.0,0.0,0.0,0.0,0.0,0.0,0.0,0,LOW
0.0,0.0,0.0,0.0,31.69,0.0,0.0,0.0,0.0,0.0,0.0,0.0,0.0,0.0,0.0,0,LOW
0.0,0.0,0.0,0.0,31.69,0.0,0.0,0.0,0.0,0.0,0.0,0.0,0.0,0.0,0.0,0,LOW
4095.0,0.0,4095.0,0.0,31.69,2047.5,4095.0,0.0,2364.2493523315175,8190.0,4095.0,4095.0,4095.0,0.0,0.4999999999389499,2,LOW
4095.0,2889.0,4095.0,4095.0,31.75,3793.5,4095.0,2889.0,603.0,15174.0,1206.0,6984.0,8190.0,0.07947805456178476,0.26986951362397066,3,LOW
4095.0,3614.0,4095.0,4095.0,31.75,3974.75,4095.0,3614.0,240.5,15899.0,481.0,7709.0,8190.0,0.030253475059421758,0.25756336874913116,4,LOW
4095.0,2979.0,4095.0,4095.0,31.75,3816.0,4095.0,2979.0,558.0,15264.0,1116.0,7074.0,8190.0,0.0731132075423799,0.2682783018692166,3,LOW
4095.0,3122.0,4095.0,4095.0,31.69,3851.75,4095.0,3122.0,486.5,15407.0,973.0,7217.0,8190.0,0.0631531122176184,0.2657882780381782,3,LOW
2794.0,0.0,2640.0,0.0,31.69,1358.5,2794.0,0.0,1569.9200616591916,5434.0,2794.0,2794.0,2640.0,0.02834008096644459,0.5141700403912091,0,LOW
0.0,0.0,0.0,0.0,31.69,0.0,0.0,0.0,0.0,0.0,0.0,0.0,0.0,0.0,0.0,0,LOW
2326.9,1260.4,2311.5,1638.0,31.71,1884.2,2326.9,1260.4,525.4551867983923,7536.8,1066.5,3587.3,3949.5,0.048057531041283075,0.30873845659845844,0,LOW
0.0,0.0,0.0,0.0,31.69,0.0,0.0,0.0,0.0,0.0,0.0,0.0,0.0,0.0,0.0,0,LOW
4095.0,1941.0,4095.0,0.0,31.75,2532.75,4095.0,0.0,1970.2995330659753,10131.0,4095.0,6036.0,4095.0,0.19159016876995458,0.40420491556566923,2,LOW
4095.0,778.0,4095.0,4095.0,31.69,3265.75,4095.0,778.0,1658.5,13063.0,3317.0,4873.0,8190.0,0.25392329478267445,0.3134808236765306,3,LOW
4095.0,3699.0,4095.0,4095.0,31.69,3996.0,4095.0,3699.0,198.0,15984.0,396.0,7794.0,8190.0,0.0247747747732248,0.25619369367766553,4,LOW
4095.0,2313.0,4095.0,3981.0,31.75,3621.0,4095.0,2313.0,873.6543939110019,14484.0,1782.0,6408.0,8076.0,0.11516155757282784,0.2827257663433633,3,LOW
3637.0,0.0,4095.0,0.0,31.69,1933.0,4095.0,0.0,2239.854013099961,7732.0,4095.0,3637.0,4095.0,0.0592343507424684,0.5296171753065678,2,LOW
0.0,0.0,0.0,0.0,31.69,0.0,0.0,0.0,0.0,0.0,0.0,0.0,0.0,0.0,0.0,0,LOW
0.0,0.0,0.0,0.0,31.69,0.0,0.0,0.0,0.0,0.0,0.0,0.0,0.0,0.0,0.0,0,LOW
0.0,3914.0,4095.0,0.0,31.69,2002.25,4095.0,0.0,2313.1796838983346,8009.0,4095.0,3914.0,4095.0,0.022599575474765942,0.5112997876749532,2,LOW
4095.0,3792.0,4095.0,4095.0,31.69,4019.25,4095.0,3792.0,151.5,16077.0,303.0,7887.0,8190.0,0.018846799774905342,0.25471169992817616,4,LOW
2411.2,1643.7,2866.5,1626.6,31.7,2137.0,2866.5,1626.6,608.6074104050984,8548.0,1239.9,4054.8999999999996,4493.1,0.05126345343340399,0.33534160033512617,0,LOW
4095.0,3799.0,4095.0,4095.0,31.75,4021.0,4095.0,3799.0,148.0,16084.0,296.0,7894.0,8190.0,0.018403382242078874,0.2546008455449763,4,LOW
4095.0,3555.0,4095.0,4095.0,31.69,3960.0,4095.0,3555.0,270.0,15840.0,540.0,7650.0,8190.0,0.034090909088756886,0.2585227272564064,4,LOW
4035.0,0.0,4095.0,3459.0,31.75,2897.25,4095.0,0.0,1952.6649098091561,11589.0,4095.0,4035.0,7554.0,0.30365001291710675,0.3533523168216971,2,LOW
4095.0,2054.0,4095.0,3705.0,31.75,3487.25,4095.0,2054.0,973.02633571759,13949.0,2041.0,6149.0,7800.0,0.11835973904090905,0.29356943147942005,3,LOW
0.0,0.0,0.0,0.0,31.75,0.0,0.0,0.0,0.0,0.0,0.0,0.0,0.0,0.0,0.0,0,LOW
0.0,0.0,0.0,0.0,31.75,0.0,0.0,0.0,0.0,0.0,0.0,0.0,0.0,0.0,0.0,0,LOW
0.0,0.0,0.0,0.0,31.75,0.0,0.0,0.0,0.0,0.0,0.0,0.0,0.0,0.0,0.0,0,LOW
4095.0,0.0,4095.0,3283.0,31.69,2868.25,4095.0,0.0,1950.1031382980748,11473.0,4095.0,4095.0,7378.0,0.28615009149427784,0.3569249542092805,2,LOW
4095.0,3759.0,4095.0,4095.0,31.69,4011.0,4095.0,3759.0,168.0,16044.0,336.0,7854.0,8190.0,0.02094240837565804,0.25523560207833235,4,LOW
4095.0,802.0,4095.0,4095.0,31.75,3271.75,4095.0,802.0,1646.5,13087.0,3293.0,4897.0,8190.0,0.2516237487390828,0.3129059371656678,3,LOW
2860.5,1396.9,2866.5,2682.7,31.73,2451.6499999999996,2866.5,1396.9,708.3173747221886,9806.599999999999,1469.6,4257.4,5549.2,0.1317276120029646,0.29230314275158537,0,LOW
4095.0,3583.0,4095.0,4095.0,31.69,3967.0,4095.0,3583.0,256.0,15868.0,512.0,7678.0,8190.0,0.032266196115939866,0.25806654901323,4,LOW
3070.0,0.0,4095.0,0.0,31.75,1791.25,4095.0,0.0,2110.2621282674813,7165.0,4095.0,3070.0,4095.0,0.14305652475323705,0.5715282623068348,1,LOW
0.0,0.0,0.0,0.0,31.75,0.0,0.0,0.0,0.0,0.0,0.0,0.0,0.0,0.0,0.0,0,LOW
2753.0,0.0,0.0,0.0,31.75,688.25,2753.0,0.0,1376.5,2753.0,2753.0,2753.0,0.0,0.9999999996367599,0.9999999996367599,0,LOW
4095.0,3583.0,4095.0,4040.0,31.75,3953.25,4095.0,3583.0,248.1912904730274,15813.0,512.0,7678.0,8135.0,0.028900271926332745,0.25896414340991813,4,LOW
4095.0,3251.0,4095.0,4095.0,31.75,3884.0,4095.0,3251.0,422.0,15536.0,844.0,7346.0,8190.0,0.05432543768960315,0.2635813594063091,3,LOW
4095.0,3495.0,4095.0,4095.0,31.75,3945.0,4095.0,3495.0,300.0,15780.0,600.0,7590.0,8190.0,0.03802281368580337,0.259505703405608,3,LOW
3551.0,0.0,3258.0,0.0,31.75,1702.25,3551.0,0.0,1969.2252918343295,6809.0,3551.0,3551.0,3258.0,0.04303128212027738,0.5215156409867064,1,LOW
0.0,0.0,0.0,0.0,31.75,0.0,0.0,0.0,0.0,0.0,0.0,0.0,0.0,0.0,0.0,0,LOW
0.0,0.0,0.0,0.0,31.75,0.0,0.0,0.0,0.0,0.0,0.0,0.0,0.0,0.0,0.0,0,LOW
2575.4,1391.2,2373.3,1632.5,31.74,1993.1000000000001,2575.4,1391.2,570.3628377328477,7972.400000000001,1184.2,3966.6000000000004,4005.8,0.0049169635235415746,0.3230394861869651,0,LOW
4095.0,0.0,4095.0,0.0,31.75,2047.5,4095.0,0.0,2364.2493523315175,8190.0,4095.0,4095.0,4095.0,0.0,0.4999999999389499,2,LOW
4095.0,3249.0,4095.0,4095.0,31.69,3883.5,4095.0,3249.0,423.0,15534.0,846.0,7344.0,8190.0,0.05446118192001666,0.26361529546391044,3,LOW
4095.0,2309.0,4095.0,4095.0,31.75,3648.5,4095.0,2309.0,893.0,14594.0,1786.0,6404.0,8190.0,0.12237905987923947,0.28059476495267954,3,LOW
4095.0,3826.0,4095.0,4095.0,31.75,4027.75,4095.0,3826.0,134.5,16111.0,269.0,7921.0,8190.0,0.01669666687252829,0.2541741667026147,4,LOW
4095.0,3504.0,4095.0,4095.0,31.75,3947.25,4095.0,3504.0,295.5,15789.0,591.0,7599.0,8190.0,0.0374311229313173,0.2593577807169955,4,LOW
4095.0,3149.0,4095.0,4095.0,31.75,3858.5,4095.0,3149.0,473.0,15434.0,946.0,7244.0,8190.0,0.06129324866779232,0.26532331215075006,3,LOW
4009.0,2171.0,3943.0,4095.0,31.75,3554.5,4095.0,2171.0,924.4304552894537,14218.0,1924.0,6180.0,8038.0,0.13067942044375583,0.2880151919898709,3,LOW
0.0,3726.0,3907.0,0.0,31.75,1908.25,3907.0,0.0,2204.695954094351,7633.0,3907.0,3726.0,3907.0,0.023712825884486723,0.5118564128767383,2,LOW
0.0,0.0,0.0,0.0,31.75,0.0,0.0,0.0,0.0,0.0,0.0,0.0,0.0,0.0,0.0,0,LOW
0.0,0.0,0.0,0.0,31.75,0.0,0.0,0.0,0.0,0.0,0.0,0.0,0.0,0.0,0.0,0,LOW
2857.9,2193.4,3242.0,2457.0,31.74,2687.575,3242.0,2193.4,459.62718497350295,10750.3,1048.6,5051.3,5699.0,0.06024948140421666,0.30157297933066307,0,LOW
0.0,0.0,0.0,0.0,31.75,0.0,0.0,0.0,0.0,0.0,0.0,0.0,0.0,0.0,0.0,0,LOW
3839.0,0.0,4095.0,0.0,31.75,1983.5,4095.0,0.0,2292.7317767240024,7934.0,4095.0,3839.0,4095.0,0.03226619611390645,0.5161330979939333,2,LOW
4095.0,2157.0,4095.0,4095.0,31.75,3610.5,4095.0,2157.0,969.0,14442.0,1938.0,6252.0,8190.0,0.13419194016519928,0.2835479850239892,3,LOW
4095.0,3055.0,4095.0,4095.0,31.75,3835.0,4095.0,3055.0,520.0,15340.0,1040.0,7150.0,8190.0,0.06779661016507192,0.2669491525249707,3,LOW
4095.0,3543.0,4095.0,4095.0,31.75,3957.0,4095.0,3543.0,276.0,15828.0,552.0,7638.0,8190.0,0.034874905229032416,0.2587187262914633,4,LOW
4095.0,3559.0,4095.0,4095.0,31.75,3961.0,4095.0,3559.0,268.0,15844.0,536.0,7654.0,8190.0,0.033829840947120056,0.2584574602210012,4,LOW
4095.0,3040.0,4095.0,4077.0,31.75,3826.75,4095.0,3040.0,524.5686323065839,15307.0,1055.0,7135.0,8172.0,0.06774678251337644,0.267524661901906,3,LOW
3577.0,301.0,2159.0,0.0,31.75,1509.25,3577.0,0.0,1676.8491037259932,6037.0,3577.0,3878.0,2159.0,0.28474407813736224,0.5925128374039237,1,LOW
2496.0,0.0,0.0,0.0,31.75,624.0,2496.0,0.0,1248.0,2496.0,2496.0,2496.0,0.0,0.999999999599359,0.999999999599359,0,LOW
0.0,0.0,0.0,0.0,31.75,0.0,0.0,0.0,0.0,0.0,0.0,0.0,0.0,0.0,0.0,0,LOW
3038.7,1565.5,2672.9,2045.7,31.75,2330.7000000000003,3038.7,1565.5,654.5025795722021,9322.800000000001,1473.1999999999998,4604.2,4718.6,0.012270991546287547,0.3259428497526555,0,LOW
0.0,0.0,0.0,0.0,31.75,0.0,0.0,0.0,0.0,0.0,0.0,0.0,0.0,0.0,0.0,0,LOW
0.0,0.0,0.0,0.0,31.75,0.0,0.0,0.0,0.0,0.0,0.0,0.0,0.0,0.0,0.0,0,LOW
3664.0,0.0,2345.0,0.0,31.75,1502.25,3664.0,0.0,1816.3058433718334,6009.0,3664.0,3664.0,2345.0,0.21950407718097784,0.6097520385072803,1,LOW
4095.0,2864.0,4095.0,0.0,31.75,2763.5,4095.0,0.0,1931.5638741703574,11054.0,4095.0,6959.0,4095.0,0.2590917314764708,0.3704541342165321,2,LOW
4095.0,3568.0,4095.0,4095.0,31.75,3963.25,4095.0,3568.0,263.5,15853.0,527.0,7663.0,8190.0,0.03324291931916717,0.2583107298140219,4,LOW
4095.0,3799.0,4095.0,4095.0,31.75,4021.0,4095.0,3799.0,148.0,16084.0,296.0,7894.0,8190.0,0.018403382242078874,0.2546008455449763,4,LOW
4095.0,3735.0,4095.0,4095.0,31.75,4005.0,4095.0,3735.0,180.0,16020.0,360.0,7830.0,8190.0,0.022471910110956807,0.2556179775121337,4,LOW
4095.0,3762.0,4095.0,4095.0,31.75,4011.75,4095.0,3762.0,166.5,16047.0,333.0,7857.0,8190.0,0.02075154234307026,0.25518788557018834,4,LOW
4014.0,3319.0,4095.0,4033.0,31.81,3865.25,4095.0,3319.0,365.80538997304745,15461.0,776.0,7333.0,8128.0,0.05141970118029754,0.2648599702305892,3,LOW
0.0,3349.0,4095.0,0.0,31.75,1861.0,4095.0,0.0,2170.3718575396247,7444.0,4095.0,3349.0,4095.0,0.10021493819180347,0.5501074690287335,1,LOW
2815.3,2439.6,3101.0,2041.3,31.76,2599.2999999999997,3101.0,2041.3,460.15467689317984,10397.199999999999,1059.7,5254.9,5142.3,0.010829838801712925,0.2982533758802126,0,LOW
0.0,0.0,0.0,0.0,31.75,0.0,0.0,0.0,0.0,0.0,0.0,0.0,0.0,0.0,0.0,0,LOW
0.0,0.0,0.0,0.0,31.75,0.0,0.0,0.0,0.0,0.0,0.0,0.0,0.0,0.0,0.0,0,LOW
0.0,0.0,0.0,0.0,31.75,0.0,0.0,0.0,0.0,0.0,0.0,0.0,0.0,0.0,0.0,0,LOW
0.0,0.0,0.0,0.0,31.75,0.0,0.0,0.0,0.0,0.0,0.0,0.0,0.0,0.0,0.0,0,LOW
0.0,0.0,0.0,0.0,31.75,0.0,0.0,0.0,0.0,0.0,0.0,0.0,0.0,0.0,0.0,0,LOW
3317.0,833.0,4095.0,0.0,31.75,2061.25,4095.0,0.0,1955.3684009243202,8245.0,4095.0,4150.0,4095.0,0.006670709520112709,0.4966646451793008,1,LOW
4095.0,3664.0,4095.0,3455.0,31.75,3827.25,4095.0,3455.0,320.7287275356959,15309.0,640.0,7759.0,7550.0,0.013652100070961388,0.26748971191668364,3,LOW
4095.0,3323.0,4095.0,2845.0,31.75,3589.5,4095.0,2845.0,615.4572825685522,14358.0,1250.0,7418.0,6940.0,0.03329154478107734,0.28520685330232576,2,LOW
4095.0,3763.0,4095.0,4095.0,31.75,4012.0,4095.0,3763.0,166.0,16048.0,332.0,7858.0,8190.0,0.020687936190136594,0.2551719840319559,4,LOW
4095.0,3856.0,4095.0,4095.0,31.75,4035.25,4095.0,3856.0,119.5,16141.0,239.0,7951.0,8190.0,0.014807013195291058,0.2537017532833343,4,LOW
1969.7,1543.9,2047.5,1449.0,31.75,1752.525,2047.5,1449.0,299.9038998857245,7010.1,598.5,3513.6000000000004,3496.5,0.0024393375269341415,0.2920785723039502,0,LOW
4095.0,3915.0,4095.0,4095.0,31.75,4050.0,4095.0,3915.0,90.0,16200.0,180.0,8010.0,8190.0,0.01111111111042524,0.2527777777621742,4,LOW
4095.0,3867.0,4095.0,4095.0,31.75,4038.0,4095.0,3867.0,114.0,16152.0,228.0,7962.0,8190.0,0.014115898959007188,0.2535289747242738,4,LOW
4095.0,3917.0,4095.0,4095.0,31.75,4050.5,4095.0,3917.0,89.0,16202.0,178.0,8012.0,8190.0,0.010986297987224645,0.25274657448137594,4,LOW
4095.0,3642.0,4095.0,4095.0,31.75,3981.75,4095.0,3642.0,226.5,15927.0,453.0,7737.0,8190.0,0.028442267845266385,0.25711056694561996,4,LOW
4095.0,3184.0,4095.0,3911.0,31.75,3821.25,4095.0,3184.0,433.59764375128543,15285.0,911.0,7279.0,8006.0,0.047562970229142104,0.2679097153897344,3,LOW
4095.0,3504.0,4095.0,1694.0,31.75,3347.0,4095.0,1694.0,1136.6714564903968,13388.0,2401.0,7599.0,5789.0,0.13519569762957903,0.30587092916747305,3,LOW
3963.0,3345.0,4095.0,0.0,31.75,2850.75,4095.0,0.0,1928.4118465721995,11403.0,4095.0,7308.0,4095.0,0.28176795577639496,0.3591160220679544,2,LOW
2298.0,1264.0,4095.0,0.0,31.81,1914.25,4095.0,0.0,1731.0991450520678,7657.0,4095.0,3562.0,4095.0,0.06960950763097694,0.5348047537501888,1,LOW
0.0,0.0,0.0,0.0,31.75,0.0,0.0,0.0,0.0,0.0,0.0,0.0,0.0,0.0,0.0,0,LOW
0.0,0.0,0.0,0.0,31.75,0.0,0.0,0.0,0.0,0.0,0.0,0.0,0.0,0.0,0.0,0,LOW
3083.1,2663.8,3276.0,2198.5,31.76,2805.35,3276.0,2198.5,478.5254469026002,11221.4,1077.5,5746.9,5474.5,0.02427504589228836,0.29194218187641985,0,LOW
0.0,0.0,0.0,0.0,31.75,0.0,0.0,0.0,0.0,0.0,0.0,0.0,0.0,0.0,0.0,0,LOW
4095.0,792.0,4095.0,0.0,31.81,2245.5,4095.0,0.0,2159.956249556921,8982.0,4095.0,4887.0,4095.0,0.08817635269559382,0.4559118235965362,2,LOW
4095.0,3359.0,4095.0,4095.0,31.75,3911.0,4095.0,3359.0,368.0,15644.0,736.0,7454.0,8190.0,0.04704679109901261,0.26176169775877256,3,LOW
4095.0,3725.0,4095.0,4095.0,31.81,4002.5,4095.0,3725.0,185.0,16010.0,370.0,7820.0,8190.0,0.02311055590111739,0.2557776389596641,4,LOW
4095.0,3570.0,4095.0,4095.0,31.75,3963.75,4095.0,3570.0,262.5,15855.0,525.0,7665.0,8190.0,0.03311258277936849,0.2582781456790742,4,LOW
4095.0,2660.0,4095.0,3997.0,31.75,3711.75,4095.0,2660.0,702.6869264947703,14847.0,1435.0,6755.0,8092.0,0.09005186232302473,0.27581329559669876,3,LOW
3880.0,988.0,4095.0,0.0,31.75,2240.75,4095.0,0.0,2058.780120200633,8963.0,4095.0,4868.0,4095.0,0.08624344526539736,0.4568782773115164,2,LOW
1054.0,0.0,0.0,0.0,31.75,263.5,1054.0,0.0,527.0,1054.0,1054.0,1054.0,0.0,0.9999999990512333,0.9999999990512333,0,LOW
0.0,0.0,0.0,0.0,31.75,0.0,0.0,0.0,0.0,0.0,0.0,0.0,0.0,0.0,0.0,0,LOW
0.0,0.0,0.0,0.0,31.81,0.0,0.0,0.0,0.0,0.0,0.0,0.0,0.0,0.0,0.0,0,LOW
2540.9,1509.4,2457.0,1628.2,31.77,2033.875,2540.9,1509.4,540.2947798810078,8135.5,1031.5,4050.3,4085.2,0.004289840820565398,0.31232253699068,0,LOW
0.0,0.0,0.0,0.0,31.81,0.0,0.0,0.0,0.0,0.0,0.0,0.0,0.0,0.0,0.0,0,LOW
3792.0,0.0,4095.0,0.0,31.75,1971.75,4095.0,0.0,2280.138647100215,7887.0,4095.0,3792.0,4095.0,0.03841764929143937,0.5192088245823242,2,LOW
4095.0,3359.0,4095.0,4095.0,31.81,3911.0,4095.0,3359.0,368.0,15644.0,736.0,7454.0,8190.0,0.04704679109901261,0.26176169775877256,3,LOW
4095.0,3666.0,4095.0,4095.0,31.81,3987.75,4095.0,3666.0,214.5,15951.0,429.0,7761.0,8190.0,0.02689486552398628,0.25672371636532354,4,LOW
4095.0,3670.0,4095.0,4095.0,31.81,3988.75,4095.0,3670.0,212.5,15955.0,425.0,7765.0,8190.0,0.026637417735716866,0.25665935441826015,4,LOW
4095.0,3831.0,4095.0,4095.0,31.75,4029.0,4095.0,3831.0,132.0,16116.0,264.0,7926.0,8190.0,0.016381236037702827,0.2540953089939132,4,LOW
4095.0,3024.0,4095.0,3818.0,31.75,3758.0,4095.0,3024.0,506.45631598391583,15032.0,1071.0,7119.0,7913.0,0.05282064927801885,0.27241883979028614,3,LOW
3888.0,3344.0,4095.0,4095.0,31.81,3855.5,4095.0,3344.0,354.68718612320913,15422.0,751.0,7232.0,8190.0,0.062119050702754565,0.26552976265947803,3,LOW
4095.0,2835.0,0.0,4095.0,31.56,2756.25,4095.0,0.0,1931.1152865636998,11025.0,4095.0,6930.0,4095.0,0.2571428571195335,0.3714285713948817,2,MEDIUM
4095.0,2018.0,0.0,4095.0,31.56,2552.0,4095.0,0.0,1962.9533871185022,10208.0,4095.0,6113.0,4095.0,0.19768808775492866,0.4011559560735545,2,MEDIUM
0.0,0.0,0.0,0.0,31.56,0.0,0.0,0.0,0.0,0.0,0.0,0.0,0.0,0.0,0.0,0,MEDIUM
4095.0,2930.0,0.0,4095.0,31.56,2780.0,4095.0,0.0,1932.9899120274788,11120.0,4095.0,7025.0,4095.0,0.26348920860939845,0.3682553956503367,2,MEDIUM
4095.0,0.0,0.0,4095.0,31.56,2047.5,4095.0,0.0,2364.2493523315175,8190.0,4095.0,4095.0,4095.0,0.0,0.4999999999389499,2,MEDIUM
4095.0,3003.0,0.0,4095.0,31.56,2798.25,4095.0,0.0,1935.2214989504432,11193.0,4095.0,7098.0,4095.0,0.26829268290285957,0.36585365850389945,2,MEDIUM
4095.0,2928.0,0.0,4095.0,31.62,2779.5,4095.0,0.0,1932.9384366813135,11118.0,4095.0,7023.0,4095.0,0.26335671881063527,0.3683216405497102,2,MEDIUM
4095.0,3141.0,0.0,4095.0,31.56,2832.75,4095.0,0.0,1941.3089012313317,11331.0,4095.0,7236.0,4095.0,0.27720413023764856,0.36139793483704896,2,MEDIUM
4095.0,2875.0,0.0,4095.0,31.62,2766.25,4095.0,0.0,1931.7624724587647,11065.0,4095.0,6970.0,4095.0,0.2598282873691976,0.3700858562702137,2,MEDIUM
3685.5,2268.7,0.0,3685.5,31.58,2409.925,3685.5,0.0,1739.9105501433112,9639.7,3685.5,5954.2,3685.5,0.23534964778620185,0.3823251760550302,2,MEDIUM
4095.0,2444.0,0.0,4095.0,31.62,2658.5,4095.0,0.0,1935.6908327519661,10634.0,4095.0,6539.0,4095.0,0.22982885083413307,0.38508557453591447,2,MEDIUM
4095.0,3056.0,0.0,4095.0,31.56,2811.5,4095.0,0.0,1937.2710187271166,11246.0,4095.0,7151.0,4095.0,0.27174106346507726,0.36412946822300113,2,MEDIUM
4095.0,3378.0,0.0,4095.0,31.62,2892.0,4095.0,0.0,1957.4028711535088,11568.0,4095.0,7473.0,4095.0,0.29201244810753696,0.35399377590300884,2,MEDIUM
4095.0,1136.0,0.0,4095.0,31.62,2331.5,4095.0,0.0,2088.4585224514276,9326.0,4095.0,5231.0,4095.0,0.12180999355331225,0.4390950031697303,2,MEDIUM
4095.0,1755.0,0.0,4095.0,31.62,2486.25,4095.0,0.0,1991.0063410245584,9945.0,4095.0,5850.0,4095.0,0.17647058821754946,0.4117647058409487,2,MEDIUM
4095.0,2529.0,0.0,4095.0,31.62,2679.75,4095.0,0.0,1933.0158431839093,10719.0,4095.0,6624.0,4095.0,0.23593618805523497,0.3820319059257363,2,MEDIUM
4095.0,2689.0,0.0,4095.0,31.62,2719.75,4095.0,0.0,1930.5103599825618,10879.0,4095.0,6784.0,4095.0,0.24717345341969174,0.376413273244194,2,MEDIUM
4095.0,2612.0,0.0,4095.0,31.62,2700.5,4095.0,0.0,1931.3029280773123,10802.0,4095.0,6707.0,4095.0,0.2418070727419175,0.3790964635827535,2,MEDIUM
4095.0,2021.0,0.0,4095.0,31.62,2552.75,4095.0,0.0,1962.681902397839,10211.0,4095.0,6116.0,4095.0,0.1979238076390242,0.4010380961315211,2,MEDIUM
4095.0,2225.0,0.0,4095.0,31.62,2603.75,4095.0,0.0,1946.8452044268954,10415.0,4095.0,6320.0,4095.0,0.21363418144852286,0.39318290922773086,2,MEDIUM
4095.0,2384.5,0.0,4095.0,31.62,2643.625,4095.0,0.0,1938.1157247440103,10574.5,4095.0,6479.5,4095.0,0.22549529526450468,0.38725235232046407,2,MEDIUM
4095.0,2247.0,0.0,4095.0,31.62,2609.25,4095.0,0.0,1945.449112672958,10437.0,4095.0,6342.0,4095.0,0.21529175048239035,0.3923541247108983,2,MEDIUM
4095.0,2219.0,0.0,4095.0,31.62,2602.25,4095.0,0.0,1947.236567548997,10409.0,4095.0,6314.0,4095.0,0.21318090112276097,0.39340954939058415,2,MEDIUM
4095.0,2316.0,0.0,4095.0,31.62,2626.5,4095.0,0.0,1941.4682588185674,10506.0,4095.0,6411.0,4095.0,0.22044545971631016,0.38977727009425306,2,MEDIUM
4095.0,0.0,0.0,0.0,31.62,1023.75,4095.0,0.0,2047.5,4095.0,4095.0,4095.0,0.0,0.9999999997557998,0.9999999997557998,1,MEDIUM
4095.0,0.0,0.0,0.0,31.62,1023.75,4095.0,0.0,2047.5,4095.0,4095.0,4095.0,0.0,0.9999999997557998,0.9999999997557998,1,MEDIUM
4095.0,3197.0,0.0,4095.0,31.62,2846.75,4095.0,0.0,1944.4722291665676,11387.0,4095.0,7292.0,4095.0,0.2807587599648056,0.3596206199736875,2,MEDIUM
4095.0,2995.0,0.0,4095.0,31.62,2796.25,4095.0,0.0,1934.9434746265845,11185.0,4095.0,7090.0,4095.0,0.2677693339054296,0.3661153330025824,2,MEDIUM
4095.0,2031.0,0.0,4095.0,31.62,2555.25,4095.0,0.0,1961.7849652803438,10221.0,4095.0,6126.0,4095.0,0.19870854121918516,0.4006457293414885,2,MEDIUM
4095.0,685.0,0.0,4095.0,31.69,2218.75,4095.0,0.0,2184.480773547801,8875.0,4095.0,4780.0,4095.0,0.0771830985828526,0.4614084506522356,2,MEDIUM
4095.0,710.0,0.0,4095.0,31.69,2225.0,4095.0,0.0,2178.657843719385,8900.0,4095.0,4805.0,4095.0,0.07977528088991288,0.46011235949886375,2,MEDIUM
4095.0,1640.0,0.0,3276.0,31.64,2252.75,4095.0,0.0,1815.7891535087438,9011.0,4095.0,5735.0,3276.0,0.27288869156887263,0.4544445677000949,1,MEDIUM
4095.0,695.0,0.0,4095.0,31.69,2221.25,4095.0,0.0,2182.144873742346,8885.0,4095.0,4790.0,4095.0,0.07822172199457268,0.460889138946439,2,MEDIUM
4095.0,624.0,0.0,4095.0,31.62,2203.5,4095.0,0.0,2198.92223600563,8814.0,4095.0,4719.0,4095.0,0.07079646016895888,0.4646017698587926,2,MEDIUM
4095.0,1095.0,0.0,4095.0,31.69,2321.25,4095.0,0.0,2096.3673938506104,9285.0,4095.0,5190.0,4095.0,0.11793214861411608,0.44103392563909166,2,MEDIUM
4095.0,579.0,0.0,4095.0,31.62,2192.25,4095.0,0.0,2209.7851139873305,8769.0,4095.0,4674.0,4095.0,0.06602805336229581,0.46698597326183305,2,MEDIUM
4095.0,1373.0,0.0,4095.0,31.69,2390.75,4095.0,0.0,2046.1701419969943,9563.0,4095.0,5468.0,4095.0,0.14357419218408718,0.42821290385567157,2,MEDIUM
4095.0,1456.0,0.0,4095.0,31.69,2411.5,4095.0,0.0,2032.7860192356695,9646.0,4095.0,5551.0,4095.0,0.1509433962107668,0.4245283018427816,2,MEDIUM
4095.0,1430.0,0.0,4095.0,31.69,2405.0,4095.0,0.0,2036.8971500790117,9620.0,4095.0,5525.0,4095.0,0.1486486486331966,0.4256756756314266,2,MEDIUM
4095.0,1776.0,0.0,4095.0,31.69,2491.5,4095.0,0.0,1988.4614655557195,9966.0,4095.0,5871.0,4095.0,0.1782059000423233,0.41089704992866777,2,MEDIUM
4095.0,1770.0,0.0,4095.0,31.69,2490.0,4095.0,0.0,1989.183249477031,9960.0,4095.0,5865.0,4095.0,0.17771084335565152,0.4111445782719734,2,MEDIUM
4095.0,1424.0,0.0,4095.0,31.69,2403.5,4095.0,0.0,2037.8564718841217,9614.0,4095.0,5519.0,4095.0,0.14811732887995452,0.4259413355080152,2,MEDIUM
4095.0,1222.2,0.0,4095.0,31.67,2353.05,4095.0,0.0,2072.393594373424,9412.2,4095.0,5317.2,4095.0,0.1298527442967794,0.4350736277984877,2,MEDIUM
4095.0,1655.0,0.0,4095.0,31.69,2461.25,4095.0,0.0,2003.8353849555606,9845.0,4095.0,5750.0,4095.0,0.16810563736230516,0.4159471812680602,2,MEDIUM
4095.0,1382.0,0.0,4095.0,31.69,2393.0,4095.0,0.0,2044.682371421048,9572.0,4095.0,5477.0,4095.0,0.14437944001834732,0.4278102799385906,2,MEDIUM
4095.0,1137.0,0.0,4095.0,31.69,2331.75,4095.0,0.0,2088.2677630035855,9327.0,4095.0,5232.0,4095.0,0.12190414923105991,0.43904792533086223,2,MEDIUM
4095.0,1369.0,0.0,4095.0,31.69,2389.75,4095.0,0.0,2046.8342018834842,9559.0,4095.0,5464.0,4095.0,0.14321581753915516,0.42839209117811566,2,MEDIUM
4095.0,575.0,0.0,4095.0,31.69,2191.25,4095.0,0.0,2210.7592021746736,8765.0,4095.0,4670.0,4095.0,0.06560182543461474,0.46719908722564757,2,MEDIUM
4095.0,593.0,0.0,4095.0,31.69,2195.75,4095.0,0.0,2206.3866954820046,8783.0,4095.0,4688.0,4095.0,0.06751679379852935,0.46624160304380713,2,MEDIUM
4095.0,2346.0,0.0,4095.0,31.69,2634.0,4095.0,0.0,1939.9262872593897,10536.0,4095.0,6441.0,4095.0,0.22266514804264756,0.38866742593121983,2,MEDIUM
4095.0,2230.0,0.0,4095.0,31.69,2605.0,4095.0,0.0,1946.5225403267232,10420.0,4095.0,6325.0,4095.0,0.21401151629424073,0.39299424180489495,2,MEDIUM
4095.0,1825.0,0.0,4095.0,31.69,2503.75,4095.0,0.0,1982.7269731357367,10015.0,4095.0,5920.0,4095.0,0.18222665999178964,0.40888666995418005,2,MEDIUM
4095.0,1714.0,0.0,4095.0,31.69,2476.0,4095.0,0.0,1996.1247456008355,9904.0,4095.0,5809.0,4095.0,0.17306138932016746,0.4134693052894316,2,MEDIUM
4095.0,1482.6,0.0,4095.0,31.69,2418.15,4095.0,0.0,2028.6576078776823,9672.6,4095.0,5577.6,4095.0,0.15327833259379298,0.4233608336514111,2,MEDIUM
4095.0,1680.0,0.0,4095.0,31.75,2467.5,4095.0,0.0,2000.5186827420532,9870.0,4095.0,5775.0,4095.0,0.17021276594020132,0.41489361697924076,2,MEDIUM
4095.0,1712.0,0.0,4095.0,31.75,2475.5,4095.0,0.0,1996.3794729459628,9902.0,4095.0,5807.0,4095.0,0.1728943647573324,0.41355281757083895,2,MEDIUM
4095.0,1653.0,0.0,4095.0,31.69,2460.75,4095.0,0.0,2004.1038520994864,9843.0,4095.0,5748.0,4095.0,0.1679366046766294,0.41603169761088776,2,MEDIUM
4095.0,2059.0,0.0,4095.0,31.69,2562.25,4095.0,0.0,1959.3392381106444,10249.0,4095.0,6154.0,4095.0,0.20089764853147646,0.3995511756854765,2,MEDIUM
4095.0,2147.0,0.0,4095.0,31.75,2584.25,4095.0,0.0,1952.2864159748692,10337.0,4095.0,6242.0,4095.0,0.2077004933532262,0.39614975327501695,2,MEDIUM
4095.0,2023.0,0.0,4095.0,31.75,2553.25,4095.0,0.0,1962.501528661825,10213.0,4095.0,6118.0,4095.0,0.19808087729383325,0.40095956130412613,2,MEDIUM
4095.0,1135.0,0.0,4095.0,31.75,2331.25,4095.0,0.0,2088.6493841715032,9325.0,4095.0,5230.0,4095.0,0.12171581768131734,0.439142091105722,2,MEDIUM
4095.0,1718.0,0.0,4095.0,31.69,2477.0,4095.0,0.0,1995.616696662964,9908.0,4095.0,5813.0,4095.0,0.17339523615528912,0.41330238187189117,2,MEDIUM
4095.0,2007.0,0.0,4095.0,31.75,2549.25,4095.0,0.0,1963.9583116756833,10197.0,4095.0,6102.0,4095.0,0.1968225948615453,0.4015887025201933,2,MEDIUM
4095.0,1338.0,0.0,4095.0,31.75,2382.0,4095.0,0.0,2052.0394733045464,9528.0,4095.0,5433.0,4095.0,0.1404282115721633,0.4297858941614414,2,MEDIUM
4095.0,1747.2,0.0,4095.0,31.73,2484.3,4095.0,0.0,1991.964849087453,9937.2,4095.0,5842.2,4095.0,0.17582417580648224,0.41208791204644285,2,MEDIUM
4095.0,731.0,0.0,4095.0,31.75,2230.25,4095.0,0.0,2173.810076800639,8921.0,4095.0,4826.0,4095.0,0.08194148637126539,0.45902925675831974,2,MEDIUM
4095.0,928.0,0.0,4095.0,31.75,2279.5,4095.0,0.0,2130.317112544515,9118.0,4095.0,5023.0,4095.0,0.10177670540669262,0.44911164724181707,2,MEDIUM
4095.0,1631.0,0.0,4095.0,31.75,2455.25,4095.0,0.0,2007.0875043206263,9821.0,4095.0,5726.0,4095.0,0.16607270133733096,0.4169636492804232,2,MEDIUM
4095.0,555.0,0.0,4095.0,31.75,2186.25,4095.0,0.0,2215.650299573468,8745.0,4095.0,4650.0,4095.0,0.06346483704248544,0.46826758142158176,2,MEDIUM
4095.0,1313.0,0.0,4095.0,31.75,2375.75,4095.0,0.0,2056.3127801966316,9503.0,4095.0,5408.0,4095.0,0.13816689465030338,0.43091655262223333,2,MEDIUM
4095.0,981.0,0.0,4095.0,31.75,2292.75,4095.0,0.0,2119.2452076152017,9171.0,4095.0,5076.0,4095.0,0.1069676152974629,0.4465161922967488,2,MEDIUM
4095.0,944.0,0.0,4095.0,31.75,2283.5,4095.0,0.0,2126.9459325521184,9134.0,4095.0,5039.0,4095.0,0.10335012041785087,0.448324939736334,2,MEDIUM
4095.0,1179.0,0.0,4095.0,31.75,2342.25,4095.0,0.0,2080.348588578366,9369.0,4095.0,5274.0,4095.0,0.12584053793085276,0.4370797309812061,2,MEDIUM
4095.0,1075.0,0.0,4095.0,31.75,2316.25,4095.0,0.0,2100.2871827443028,9265.0,4095.0,5170.0,4095.0,0.116028062588664,0.4419859686517014,2,MEDIUM
4095.0,0.0,0.0,3370.0,31.75,1866.25,4095.0,0.0,2175.1910835602466,7465.0,4095.0,4095.0,3370.0,0.09711989282021166,0.5485599463431265,1,MEDIUM
4095.0,933.7,0.0,4022.5,31.75,2262.8,4095.0,0.0,2108.733552000663,9051.2,4095.0,5028.7,4022.5,0.11116757997711156,0.45242619758126806,2,MEDIUM
3778.0,0.0,0.0,0.0,31.75,944.5,3778.0,0.0,1889.0,3778.0,3778.0,3778.0,0.0,0.9999999997353097,0.9999999997353097,1,MEDIUM
3495.0,0.0,0.0,0.0,31.75,873.75,3495.0,0.0,1747.5,3495.0,3495.0,3495.0,0.0,0.999999999713877,0.999999999713877,0,MEDIUM
4095.0,2047.0,0.0,4095.0,31.75,2559.25,4095.0,0.0,1960.3755380028592,10237.0,4095.0,6142.0,4095.0,0.1999609260330213,0.4000195369346469,2,MEDIUM
4095.0,1251.0,0.0,3961.0,31.75,2326.75,4095.0,0.0,2030.4748828783872,9307.0,4095.0,5346.0,3961.0,0.14881272159140294,0.4399914042720542,2,MEDIUM
4095.0,0.0,0.0,0.0,31.75,1023.75,4095.0,0.0,2047.5,4095.0,4095.0,4095.0,0.0,0.9999999997557998,0.9999999997557998,1,MEDIUM
4095.0,2866.0,0.0,4095.0,31.75,2764.0,4095.0,0.0,1931.598819631033,11056.0,4095.0,6961.0,4095.0,0.2592257597450049,0.3703871200822732,2,MEDIUM
4095.0,346.0,0.0,0.0,31.75,1110.25,4095.0,0.0,1996.5070122591605,4441.0,4095.0,4441.0,0.0,0.9999999997748255,0.9220896192474466,1,MEDIUM
4095.0,2618.0,0.0,0.0,31.75,1678.25,4095.0,0.0,2029.5202019196556,6713.0,4095.0,6713.0,0.0,0.9999999998510353,0.6100104274378056,1,MEDIUM
2294.0,3982.0,0.0,4095.0,31.75,2592.75,4095.0,0.0,1914.7127504319458,10371.0,4095.0,6276.0,4095.0,0.2102979461758463,0.3948510268638655,2,MEDIUM
4095.0,3621.0,0.0,4095.0,31.75,2952.75,4095.0,0.0,1981.1411484293592,11811.0,4095.0,7716.0,4095.0,0.3065786131312693,0.3467106933920319,3,MEDIUM
3823.2,1673.1,0.0,2034.1,31.75,1882.6,3823.2,0.0,1568.1149638977365,7530.4,3823.2,5496.299999999999,2034.1,0.45976309353291145,0.5077021140301043,1,MEDIUM
4095.0,3147.0,0.0,4095.0,31.81,2834.25,4095.0,0.0,1941.6287621479034,11337.0,4095.0,7242.0,4095.0,0.2775866631139114,0.36120666839894094,2,MEDIUM
3530.0,3283.0,0.0,4095.0,31.81,2727.0,4095.0,0.0,1849.4952464568992,10908.0,4095.0,6813.0,4095.0,0.24917491746890585,0.37541254121970913,2,MEDIUM
4095.0,3263.0,0.0,4095.0,31.81,2863.25,4095.0,0.0,1948.71040691017,11453.0,4095.0,7358.0,4095.0,0.28490351870384145,0.3575482406044226,2,MEDIUM
4095.0,3429.0,0.0,4095.0,31.81,2904.75,4095.0,0.0,1961.7849652803438,11619.0,4095.0,7524.0,4095.0,0.2951200619420673,0.3524399689859334,2,MEDIUM
4095.0,3199.0,0.0,0.0,31.75,1823.5,4095.0,0.0,2137.1333603685102,7294.0,4095.0,7294.0,0.0,0.999999999862901,0.5614203454124732,1,MEDIUM
4095.0,3501.0,0.0,4095.0,31.81,2922.75,4095.0,0.0,1968.5172719587706,11691.0,4095.0,7596.0,4095.0,0.29946112391587876,0.35026943799929267,3,MEDIUM
4095.0,3143.0,0.0,4095.0,31.75,2833.25,4095.0,0.0,1941.4150123041697,11333.0,4095.0,7238.0,4095.0,0.2773316862015943,0.3613341568550839,2,MEDIUM
3984.0,3178.0,0.0,4095.0,31.81,2814.25,4095.0,0.0,1920.152142409554,11257.0,4095.0,7162.0,4095.0,0.27245269607600137,0.3637736519175825,2,MEDIUM
4095.0,3375.0,0.0,4095.0,31.81,2891.25,4095.0,0.0,1957.1551420365224,11565.0,4095.0,7470.0,4095.0,0.29182879374908527,0.3540856030822235,2,MEDIUM
4095.0,3206.0,0.0,4095.0,31.81,2849.0,4095.0,0.0,1945.0177377083223,11396.0,4095.0,7301.0,4095.0,0.2813267813020949,0.3593366093050775,2,MEDIUM
4027.4,3272.4,0.0,3685.5,31.8,2746.325,4027.4,0.0,1856.7228071255008,10985.3,4027.4,7299.8,3685.5,0.32901240746005916,0.3666172065973058,2,MEDIUM
4095.0,2595.0,0.0,0.0,31.81,1672.5,4095.0,0.0,2025.999753208277,6690.0,4095.0,6690.0,0.0,0.9999999998505231,0.6121076232268897,1,MEDIUM
4095.0,3023.0,0.0,4095.0,31.81,2803.25,4095.0,0.0,1935.9525433233118,11213.0,4095.0,7118.0,4095.0,0.2695977882574157,0.36520110582670107,2,MEDIUM
4095.0,3344.0,0.0,4095.0,31.81,2883.5,4095.0,0.0,1954.6608401459318,11534.0,4095.0,7439.0,4095.0,0.28992543781082664,0.35503728105123655,2,MEDIUM
4095.0,2710.0,0.0,4095.0,31.81,2725.0,4095.0,0.0,1930.4274138128064,10900.0,4095.0,6805.0,4095.0,0.24862385318819963,0.37568807336002863,2,MEDIUM
4095.0,2841.0,0.0,4095.0,31.81,2757.75,4095.0,0.0,1931.199174088473,11031.0,4095.0,6936.0,4095.0,0.2575469132211452,0.37122654334410055,2,MEDIUM
4095.0,3583.0,0.0,4095.0,31.81,2943.25,4095.0,0.0,1976.9552979265868,11773.0,4095.0,7678.0,4095.0,0.3043404399639565,0.3478297799755517,3,MEDIUM
4095.0,3071.0,0.0,4095.0,31.81,2815.25,4095.0,0.0,1937.9164713681548,11261.0,4095.0,7166.0,4095.0,0.27271112687392673,0.3636444365186356,2,MEDIUM
4095.0,3091.0,0.0,4095.0,31.81,2820.25,4095.0,0.0,1938.821871652989,11281.0,4095.0,7186.0,4095.0,0.2740005318434535,0.3629997340339509,2,MEDIUM
4095.0,2710.0,0.0,4095.0,31.81,2725.0,4095.0,0.0,1930.4274138128064,10900.0,4095.0,6805.0,4095.0,0.24862385318819963,0.37568807336002863,2,MEDIUM
4095.0,3351.0,0.0,4095.0,31.81,2885.25,4095.0,0.0,1955.2136072562507,11541.0,4095.0,7446.0,4095.0,0.2903561216280776,0.3548219391426374,2,MEDIUM
4095.0,3031.9,0.0,3685.5,31.81,2703.1,4095.0,0.0,1854.485950337721,10812.4,4095.0,7126.9,3685.5,0.31828271241183426,0.3787318263864885,2,MEDIUM
4095.0,3671.0,0.0,2309.0,31.81,2518.75,4095.0,0.0,1843.939690806978,10075.0,4095.0,7766.0,2309.0,0.5416377170678275,0.4064516128628832,2,MEDIUM
4095.0,3455.0,0.0,4095.0,31.81,2911.25,4095.0,0.0,1964.142624658403,11645.0,4095.0,7550.0,4095.0,0.2966938600002839,0.35165306995692114,2,MEDIUM
4095.0,3555.0,0.0,4095.0,31.81,2936.25,4095.0,0.0,1973.982332747687,11745.0,4095.0,7650.0,4095.0,0.3026819923113936,0.34865900380173187,3,MEDIUM
4095.0,3613.0,0.0,4095.0,31.81,2950.75,4095.0,0.0,1980.245502456703,11803.0,4095.0,7708.0,4095.0,0.3061086164275092,0.3469456917438833,3,MEDIUM
4095.0,3466.0,0.0,4095.0,31.81,2914.0,4095.0,0.0,1965.1651330104553,11656.0,4095.0,7561.0,4095.0,0.29735758405135915,0.351321207931424,2,MEDIUM
4095.0,3555.0,0.0,4095.0,31.81,2936.25,4095.0,0.0,1973.982332747687,11745.0,4095.0,7650.0,4095.0,0.3026819923113936,0.34865900380173187,3,MEDIUM
4048.0,3456.0,0.0,4095.0,31.81,2899.75,4095.0,0.0,1954.9138727831464,11599.0,4095.0,7504.0,4095.0,0.2939046469269847,0.35304767649340046,2,MEDIUM
4095.0,328.0,0.0,0.0,31.81,1105.75,4095.0,0.0,1998.822716000596,4423.0,4095.0,4423.0,0.0,0.9999999997739091,0.9258421883504765,1,MEDIUM
4095.0,2787.0,0.0,0.0,31.81,1720.5,4095.0,0.0,2057.175490812585,6882.0,4095.0,6882.0,0.0,0.9999999998546933,0.5950305142988912,1,MEDIUM
3994.0,0.0,0.0,4095.0,31.87,2022.25,4095.0,0.0,2335.4571822236435,8089.0,4095.0,3994.0,4095.0,0.012486092222464322,0.5062430460494198,2,MEDIUM
4080.2,2788.6,0.0,3097.4,31.82,2491.5499999999997,4080.2,0.0,1749.9450610423935,9966.199999999999,4080.2,6868.799999999999,3097.4,0.37841905637269774,0.4094037847515198,1,MEDIUM
4095.0,3639.0,0.0,4095.0,31.81,2957.25,4095.0,0.0,1983.1843711566507,11829.0,4095.0,7734.0,4095.0,0.3076337813587257,0.34618310927836815,3,MEDIUM
3991.0,0.0,0.0,0.0,31.87,997.75,3991.0,0.0,1995.5,3991.0,3991.0,3991.0,0.0,0.9999999997494362,0.9999999997494362,1,MEDIUM
4095.0,0.0,0.0,0.0,31.87,1023.75,4095.0,0.0,2047.5,4095.0,4095.0,4095.0,0.0,0.9999999997557998,0.9999999997557998,1,MEDIUM
4095.0,327.0,0.0,3686.0,31.87,2027.0,4095.0,0.0,2162.377857822263,8108.0,4095.0,4422.0,3686.0,0.09077454364938646,0.5050567340274967,2,MEDIUM
4087.0,2973.0,0.0,4095.0,31.87,2788.75,4095.0,0.0,1932.4265186547198,11155.0,4095.0,7060.0,4095.0,0.2658000896220708,0.3670999551441416,2,MEDIUM
4095.0,528.0,0.0,4095.0,31.87,2179.5,4095.0,0.0,2222.3075844716004,8718.0,4095.0,4623.0,4095.0,0.06056434961452577,0.4697178251353845,2,MEDIUM
4095.0,1657.0,0.0,4095.0,31.87,2461.75,4095.0,0.0,2003.5673809482923,9847.0,4095.0,5752.0,4095.0,0.16827460138435313,0.41586269925704655,2,MEDIUM
4095.0,931.0,0.0,4095.0,31.87,2280.25,4095.0,0.0,2129.6831337079234,9121.0,4095.0,5026.0,4095.0,0.10207214120139545,0.4489639293444837,2,MEDIUM
4095.0,1769.0,0.0,4095.0,31.87,2489.75,4095.0,0.0,1989.3039611884353,9959.0,4095.0,5864.0,4095.0,0.17762827591348243,0.4111858619930529,2,MEDIUM
4095.0,2213.0,0.0,0.0,31.87,1577.0,4095.0,0.0,1976.4174660228036,6308.0,4095.0,6308.0,0.0,0.9999999998414711,0.6491756498653811,1,MEDIUM
4083.8,1403.7,0.0,2825.6,31.87,2078.275,4083.8,0.0,1765.8712285535812,8313.1,4083.8,5487.5,2825.6,0.32020545881557955,0.4912487519106893,1,MEDIUM
4095.0,2710.0,0.0,4095.0,31.87,2725.0,4095.0,0.0,1930.4274138128064,10900.0,4095.0,6805.0,4095.0,0.24862385318819963,0.37568807336002863,2,MEDIUM
4095.0,2559.0,0.0,4095.0,31.87,2687.25,4095.0,0.0,1932.2940381836302,10749.0,4095.0,6654.0,4095.0,0.2380686575273915,0.3809656711897883,2,MEDIUM
4095.0,2130.0,0.0,4095.0,31.87,2580.0,4095.0,0.0,1953.5736484709246,10320.0,4095.0,6225.0,4095.0,0.20639534881720975,0.3968023255429455,2,MEDIUM
4095.0,2001.0,0.0,4095.0,31.87,2547.75,4095.0,0.0,1964.5127258432306,10191.0,4095.0,6096.0,4095.0,0.1963497203222108,0.4018251397898317,2,MEDIUM
4095.0,2061.0,0.0,4095.0,31.87,2562.75,4095.0,0.0,1959.1682546427705,10251.0,4095.0,6156.0,4095.0,0.20105355573104539,0.3994732220857016,2,MEDIUM
4095.0,1991.0,0.0,4095.0,31.87,2545.25,4095.0,0.0,1965.4465777527507,10181.0,4095.0,6086.0,4095.0,0.1955603575095216,0.4022198211961281,2,MEDIUM
4095.0,2395.0,0.0,4095.0,31.87,2646.25,4095.0,0.0,1937.6548325230683,10585.0,4095.0,6490.0,4095.0,0.226263580517122,0.3868682096942023,2,MEDIUM
4095.0,2445.0,0.0,4095.0,31.87,2658.75,4095.0,0.0,1935.6539592602805,10635.0,4095.0,6540.0,4095.0,0.22990126937189456,0.38504936526703815,2,MEDIUM
4095.0,2786.0,0.0,4095.0,31.87,2744.0,4095.0,0.0,1930.6045685225133,10976.0,4095.0,6881.0,4095.0,0.2538265305891193,0.3730867346598864,2,MEDIUM
4095.0,0.0,0.0,0.0,31.87,1023.75,4095.0,0.0,2047.5,4095.0,4095.0,4095.0,0.0,0.9999999997557998,0.9999999997557998,1,MEDIUM
4095.0,2107.8,0.0,3685.5,31.87,2472.075,4095.0,0.0,1857.4298432242333,9888.3,4095.0,6202.8,3685.5,0.25457358694066995,0.41412578497677804,2,MEDIUM
4095.0,3762.0,0.0,0.0,31.87,1964.25,4095.0,0.0,2272.1910681102504,7857.0,4095.0,7857.0,0.0,0.9999999998727249,0.521191294320836,2,MEDIUM
4095.0,3323.0,0.0,0.0,31.87,1854.5,4095.0,0.0,2164.4609028577993,7418.0,4095.0,7418.0,0.0,0.9999999998651927,0.5520355890331577,1,MEDIUM
4095.0,3083.0,0.0,4095.0,31.87,2818.25,4095.0,0.0,1938.4535717937636,11273.0,4095.0,7178.0,4095.0,0.2734853188793147,0.36325734051598885,2,MEDIUM
4095.0,3600.0,0.0,4095.0,31.87,2947.5,4095.0,0.0,1978.8064584491328,11790.0,4095.0,7695.0,4095.0,0.3053435114244831,0.3473282442453496,3,MEDIUM
4095.0,2916.0,0.0,0.0,31.87,1752.75,4095.0,0.0,2080.348588578366,7011.0,4095.0,7011.0,0.0,0.999999999857367,0.5840821565277303,1,MEDIUM
4095.0,3722.0,0.0,4095.0,31.87,2978.0,4095.0,0.0,1993.104613410947,11912.0,4095.0,7817.0,4095.0,0.312458025494253,0.343770987210899,3,MEDIUM
4095.0,3349.0,0.0,4095.0,31.87,2884.75,4095.0,0.0,1955.05505037582,11539.0,4095.0,7444.0,4095.0,0.2902331224291331,0.35488343874210215,2,MEDIUM
4095.0,2793.0,0.0,4034.0,31.87,2730.5,4095.0,0.0,1916.6384635606164,10922.0,4095.0,6888.0,4034.0,0.26130745282353895,0.3749313312236833,2,MEDIUM
4095.0,1869.0,0.0,3881.0,31.87,2461.25,4095.0,0.0,1922.9613230639873,9845.0,4095.0,5964.0,3881.0,0.21157948194905235,0.4159471812680602,2,MEDIUM
4095.0,2474.0,0.0,3920.0,31.87,2622.25,4095.0,0.0,1893.0857305820393,10489.0,4095.0,6569.0,3920.0,0.25255029075674035,0.3904089998674412,2,MEDIUM
4095.0,3089.1,0.0,2821.5,31.87,2501.4,4095.0,0.0,1755.412413081325,10005.6,4095.0,7184.1,2821.5,0.43601583109098746,0.4092708083064213,1,MEDIUM
4095.0,2502.0,0.0,3931.0,31.87,2632.0,4095.0,0.0,1894.9137183523687,10528.0,4095.0,6597.0,3931.0,0.2532294832586218,0.3889627659205012,2,MEDIUM
4095.0,2442.0,0.0,3834.0,31.94,2592.75,4095.0,0.0,1874.614160300727,10371.0,4095.0,6537.0,3834.0,0.26063060454530607,0.3948510268638655,2,MEDIUM
4095.0,2687.0,0.0,2122.0,31.87,2226.0,4095.0,0.0,1700.154306722383,8904.0,4095.0,6782.0,2122.0,0.5233602874524528,0.4599056603257069,1,MEDIUM
4095.0,554.0,0.0,2551.0,31.94,1800.0,4095.0,0.0,1881.8025046924204,7200.0,4095.0,4649.0,2551.0,0.2913888888484182,0.5687499999210069,1,MEDIUM
4095.0,2103.0,0.0,3278.0,31.87,2369.0,4095.0,0.0,1778.4144623793409,9476.0,4095.0,6198.0,3278.0,0.3081468973925552,0.43214436466524436,1,MEDIUM
4095.0,2699.0,0.0,3694.0,31.87,2622.0,4095.0,0.0,1843.8841250649853,10488.0,4095.0,6794.0,3694.0,0.2955758962342128,0.390446224219065,2,MEDIUM
4095.0,2681.0,0.0,3807.0,31.87,2645.75,4095.0,0.0,1866.374627452913,10583.0,4095.0,6776.0,3807.0,0.28054426908432917,0.3869413209499252,2,MEDIUM
4095.0,2761.0,0.0,3735.0,31.94,2647.75,4095.0,0.0,1852.9301794725025,10591.0,4095.0,6856.0,3735.0,0.2946841657733279,0.3866490416026202,2,MEDIUM
4095.0,2639.0,0.0,3772.0,31.94,2626.5,4095.0,0.0,1858.971131208515,10506.0,4095.0,6734.0,3772.0,0.281934132849616,0.38977727009425306,2,MEDIUM
4095.0,3148.0,0.0,0.0,31.87,1810.75,4095.0,0.0,2126.316592137681,7243.0,4095.0,7243.0,0.0,0.9999999998619357,0.565373463956182,1,MEDIUM
4095.0,2421.6,0.0,3072.4,31.9,2397.25,4095.0,0.0,1740.2665571687573,9589.0,4095.0,6516.6,3072.4,0.35918239645852723,0.4270518301775939,1,MEDIUM
4095.0,3198.0,0.0,4095.0,31.94,2847.0,4095.0,0.0,1944.5323345215938,11388.0,4095.0,7293.0,4095.0,0.2808219177835597,0.3595890410643143,2,MEDIUM
4095.0,3066.0,0.0,4087.0,31.87,2812.0,4095.0,0.0,1935.9385320820493,11248.0,4095.0,7161.0,4087.0,0.2732930298476802,0.3640647225849871,2,MEDIUM
4095.0,3125.0,0.0,3849.0,31.87,2767.25,4095.0,0.0,1890.2169848988237,11069.0,4095.0,7220.0,3849.0,0.30454422257615466,0.3699521184958034,2,MEDIUM
4095.0,2935.0,0.0,4059.0,31.94,2772.25,4095.0,0.0,1925.032532192638,11089.0,4095.0,7030.0,4059.0,0.2679231670783729,0.3692848768717391,2,MEDIUM
4095.0,2957.0,0.0,0.0,31.94,1763.0,4095.0,0.0,2088.0771058560076,7052.0,4095.0,7052.0,0.0,0.9999999998581962,0.5806863300367716,1,MEDIUM
4095.0,2938.0,0.0,4095.0,31.94,2782.0,4095.0,0.0,1933.2009724806162,11128.0,4095.0,7033.0,4095.0,0.2640186915650594,0.36799065417253857,2,MEDIUM
4095.0,3101.0,0.0,4086.0,31.94,2820.5,4095.0,0.0,1937.3298634976957,11282.0,4095.0,7196.0,4086.0,0.2756603438862205,0.36296755891127747,2,MEDIUM
4095.0,3071.0,0.0,4016.0,31.87,2795.5,4095.0,0.0,1920.8540635179272,11182.0,4095.0,7166.0,4016.0,0.28170273651567673,0.36621355747037976,2,MEDIUM
4095.0,3184.0,0.0,4095.0,31.94,2843.5,4095.0,0.0,1943.7023949154357,11374.0,4095.0,7279.0,4095.0,0.2799366977070567,0.36003165110251173,2,MEDIUM
4095.0,3152.0,0.0,4095.0,31.94,2835.5,4095.0,0.0,1941.8988130178152,11342.0,4095.0,7247.0,4095.0,0.2779051313456264,0.3610474342831028,2,MEDIUM
4095.0,3072.7,0.0,3647.7,31.92,2703.85,4095.0,0.0,1850.4959956725115,10815.4,4095.0,7167.7,3647.7,0.32546184141821277,0.378626772899881,2,MEDIUM
4095.0,3167.0,0.0,4095.0,31.94,2839.25,4095.0,0.0,1942.7280432422856,11357.0,4095.0,7262.0,4095.0,0.27885885354593126,0.36057057318300867,2,MEDIUM
4095.0,3345.0,0.0,4095.0,31.94,2883.75,4095.0,0.0,1954.7394327633542,11535.0,4095.0,7440.0,4095.0,0.2899869960736899,0.3550065019198087,2,MEDIUM
4095.0,2207.0,0.0,3823.0,31.94,2531.25,4095.0,0.0,1882.046470379163,10125.0,4095.0,6302.0,3823.0,0.24483950614865782,0.4044444444044993,2,MEDIUM
4095.0,1489.0,0.0,3583.0,31.94,2291.75,4095.0,0.0,1898.7331522184295,9167.0,4095.0,5584.0,3583.0,0.21828297150449624,0.4467110286411355,2,MEDIUM
4095.0,2499.0,0.0,0.0,31.94,1648.5,4095.0,0.0,2011.9490550210262,6594.0,4095.0,6594.0,0.0,0.999999999848347,0.6210191081860753,1,MEDIUM
4095.0,3063.0,0.0,4095.0,31.87,2813.25,4095.0,0.0,1937.5686439452925,11253.0,4095.0,7158.0,4095.0,0.2721940815540572,0.36390295917853877,2,MEDIUM
4095.0,3546.0,0.0,0.0,31.94,1910.25,4095.0,0.0,2217.124319924347,7641.0,4095.0,7641.0,0.0,0.999999999869127,0.5359246171265639,2,MEDIUM
4095.0,3238.0,0.0,4095.0,31.94,2857.0,4095.0,0.0,1947.0403180211754,11428.0,4095.0,7333.0,4095.0,0.2833391669335545,0.35833041648947056,2,MEDIUM
4095.0,2714.0,0.0,4095.0,31.94,2726.0,4095.0,0.0,1930.41808943037,10904.0,4095.0,6809.0,4095.0,0.2488994864041728,0.37555025675205883,2,MEDIUM
4095.0,2778.0,0.0,4095.0,31.94,2742.0,4095.0,0.0,1930.5506986349776,10968.0,4095.0,6873.0,4095.0,0.2532822756880669,0.3733588621103794,2,MEDIUM
4095.0,2804.6,0.0,3197.6,31.93,2524.3,4095.0,0.0,1767.3982724143793,10097.2,4095.0,6899.6,3197.6,0.36663629517424273,0.40555797642855856,1,MEDIUM
4095.0,3154.0,0.0,4095.0,31.94,2836.0,4095.0,0.0,1942.00772398052,11344.0,4095.0,7249.0,4095.0,0.2780324400319083,0.36098377993996966,2,MEDIUM
4095.0,2627.0,0.0,4095.0,31.94,2704.25,4095.0,0.0,1931.0883589313048,10817.0,4095.0,6722.0,4095.0,0.2428584635071777,0.3785707682001876,2,MEDIUM
4095.0,2272.0,0.0,3885.0,31.94,2563.0,4095.0,0.0,1892.8248730402927,10252.0,4095.0,6367.0,3885.0,0.24209910259050924,0.39943425669143245,2,MEDIUM
4095.0,2416.0,0.0,4095.0,31.94,2651.5,4095.0,0.0,1936.7754128963948,10606.0,4095.0,6511.0,4095.0,0.22779558738187858,0.38610220626191755,2,MEDIUM
4095.0,3063.0,0.0,4095.0,31.94,2813.25,4095.0,0.0,1937.5686439452925,11253.0,4095.0,7158.0,4095.0,0.2721940815540572,0.36390295917853877,2,MEDIUM
4095.0,2723.0,0.0,4095.0,31.94,2728.25,4095.0,0.0,1930.404685551711,10913.0,4095.0,6818.0,4095.0,0.24951892236328058,0.37524053877254276,2,MEDIUM
4095.0,2903.0,0.0,4095.0,31.94,2773.25,4095.0,0.0,1932.3385443549998,11093.0,4095.0,6998.0,4095.0,0.26169656537801345,0.3691517172659198,2,MEDIUM
4095.0,2832.0,0.0,3901.0,31.94,2707.0,4095.0,0.0,1888.1784873258143,10828.0,4095.0,6927.0,3901.0,0.27946065752867927,0.378186183932565,2,MEDIUM
4095.0,2439.0,0.0,3534.0,31.94,2517.0,4095.0,0.0,1813.4447882414286,10068.0,4095.0,6534.0,3534.0,0.2979737782779128,0.40673420734935095,2,MEDIUM
4095.0,2889.0,0.0,3918.0,31.94,2725.5,4095.0,0.0,1893.2044263628795,10902.0,4095.0,6984.0,3918.0,0.2812328012950621,0.3756191524146377,2,MEDIUM
4095.0,2731.8,0.0,3980.8,31.94,2701.9,4095.0,0.0,1904.1595206284585,10807.6,4095.0,6826.8,3980.8,0.26333320993899356,0.37890003327483435,2,MEDIUM
4095.0,2369.0,0.0,3598.0,31.94,2515.5,4095.0,0.0,1827.1862703804084,10062.0,4095.0,6464.0,3598.0,0.28483402899176763,0.4069767441455996,2,MEDIUM
4095.0,542.0,0.0,0.0,31.94,1159.25,4095.0,0.0,1973.7736065719391,4637.0,4095.0,4637.0,0.0,0.9999999997843433,0.8831140821904002,1,MEDIUM
4095.0,2538.0,0.0,4091.0,31.94,2681.0,4095.0,0.0,1931.8131379613299,10724.0,4095.0,6633.0,4091.0,0.23703841847845594,0.3818537858651759,2,MEDIUM
4095.0,1777.0,0.0,346.0,31.94,1554.5,4095.0,0.0,1860.1602977521409,6218.0,4095.0,5872.0,346.0,0.8887101960616419,0.6585718879609888,1,MEDIUM
4095.0,3306.0,0.0,4095.0,31.94,2874.0,4095.0,0.0,1951.766891818795,11496.0,4095.0,7401.0,4095.0,0.28757828807519326,0.35621085591891,2,MEDIUM
4095.0,1294.0,0.0,2665.0,31.94,2013.5,4095.0,0.0,1763.420634259828,8054.0,4095.0,5389.0,2665.0,0.3382170349716641,0.5084430096214995,1,MEDIUM
4095.0,2542.0,0.0,3984.0,31.94,2655.25,4095.0,0.0,1906.273393299083,10621.0,4095.0,6637.0,3984.0,0.2497881555173912,0.38555691550837423,2,MEDIUM
4095.0,1901.0,0.0,4095.0,31.94,2522.75,4095.0,0.0,1974.401238350503,10091.0,4095.0,5996.0,4095.0,0.18838569020033835,0.4058071548502817,2,MEDIUM
4095.0,3269.0,0.0,4095.0,31.94,2864.75,4095.0,0.0,1949.122943787795,11459.0,4095.0,7364.0,4095.0,0.28527794743997925,0.35736102623637656,2,MEDIUM
4095.0,3024.0,0.0,4095.0,31.94,2803.5,4095.0,0.0,1935.990444191293,11214.0,4095.0,7119.0,4095.0,0.2696629213242676,0.3651685392932791,2,MEDIUM
4095.0,2256.2,0.0,3106.4,31.94,2364.4,4095.0,0.0,1746.1992020767086,9457.6,4095.0,6351.2,3106.4,0.3430891557749228,0.432985112456333,1,MEDIUM
4095.0,2211.0,0.0,4095.0,31.94,2600.25,4095.0,0.0,1947.7654504585505,10401.0,4095.0,6306.0,4095.0,0.212575713853228,0.3937121430253137,2,MEDIUM
4095.0,1535.0,0.0,4095.0,31.94,2431.25,4095.0,0.0,2020.7563559222076,9725.0,4095.0,5630.0,4095.0,0.15784061695035057,0.4210796914734108,2,MEDIUM
4095.0,902.0,0.0,3895.0,31.94,2223.0,4095.0,0.0,2080.603918737698,8892.0,4095.0,4997.0,3895.0,0.1239316239176865,0.4605263157376826,2,MEDIUM
0.0,3888.0,0.0,4095.0,31.94,1995.75,4095.0,0.0,2306.0425516455675,7983.0,4095.0,3888.0,4095.0,0.025930101462366264,0.51296505066855,2,MEDIUM
4095.0,3099.0,0.0,4095.0,31.94,2822.25,4095.0,0.0,1939.1983524126665,11289.0,4095.0,7194.0,4095.0,0.2745150145916808,0.3627424926598687,2,MEDIUM
4095.0,3087.0,0.0,4095.0,31.94,2819.25,4095.0,0.0,1938.6366988169805,11277.0,4095.0,7182.0,4095.0,0.27374301673550205,0.36312849158791094,2,MEDIUM
4095.0,2845.0,0.0,4095.0,31.94,2758.75,4095.0,0.0,1931.2576860688478,11035.0,4095.0,6940.0,4095.0,0.2578160398497675,0.37109198002980587,2,MEDIUM
4095.0,2279.0,0.0,4095.0,31.94,2617.25,4095.0,0.0,1943.5277847254977,10469.0,4095.0,6374.0,4095.0,0.21769032379236886,0.3911548380560555,2,MEDIUM
4095.0,2941.0,0.0,4095.0,31.94,2782.75,4095.0,0.0,1933.2822478882902,11131.0,4095.0,7036.0,4095.0,0.2642170514541176,0.3678914742280216,2,MEDIUM
4095.0,483.0,0.0,3697.0,31.94,2068.75,4095.0,0.0,2125.3405021313642,8275.0,4095.0,4578.0,3697.0,0.10646525678471719,0.4948640482785663,2,MEDIUM
3685.5,2327.0,0.0,4035.2,31.94,2511.925,4035.2,0.0,1829.5363226329598,10047.7,4035.2,6012.5,4035.2,0.19679130545330858,0.401604347223583,2,MEDIUM
4095.0,2915.0,0.0,4095.0,31.94,2776.25,4095.0,0.0,1932.6164259883542,11105.0,4095.0,7010.0,4095.0,0.26249437188091,0.3687528140145202,2,MEDIUM
4095.0,2651.0,0.0,0.0,31.94,1686.5,4095.0,0.0,2034.6741753902515,6746.0,4095.0,6746.0,0.0,0.9999999998517639,0.6070263859165392,1,MEDIUM
4095.0,2522.0,0.0,4095.0,31.94,2678.0,4095.0,0.0,1933.2009724806162,10712.0,4095.0,6617.0,4095.0,0.2354368931819047,0.382281553362371,2,MEDIUM
4095.0,485.0,0.0,4095.0,31.94,2168.75,4095.0,0.0,2233.0374493053178,8675.0,4095.0,4580.0,4095.0,0.055907780973382386,0.4720461094556719,2,MEDIUM
4095.0,0.0,0.0,4095.0,31.94,2047.5,4095.0,0.0,2364.2493523315175,8190.0,4095.0,4095.0,4095.0,0.0,0.4999999999389499,2,MEDIUM
4095.0,2247.0,0.0,4095.0,31.94,2609.25,4095.0,0.0,1945.449112672958,10437.0,4095.0,6342.0,4095.0,0.21529175048239035,0.3923541247108983,2,MEDIUM
4095.0,2523.0,0.0,4095.0,31.94,2678.25,4095.0,0.0,1933.1741385607247,10713.0,4095.0,6618.0,4095.0,0.23550826096933555,0.38224586946865996,2,MEDIUM
4095.0,1034.0,0.0,0.0,31.94,1282.25,4095.0,0.0,1937.4829676670709,5129.0,4095.0,5129.0,0.0,0.9999999998050302,0.7984012476509258,1,MEDIUM
3923.0,3402.0,0.0,4095.0,31.94,2855.0,4095.0,0.0,1926.0025960522482,11420.0,4095.0,7325.0,4095.0,0.2828371278211176,0.35858143604565834,2,MEDIUM
4057.0,3383.0,0.0,4095.0,31.94,2883.75,4095.0,0.0,1950.1202313361775,11535.0,4095.0,7440.0,4095.0,0.2899869960736899,0.3550065019198087,2,MEDIUM
4074.0,2116.2,0.0,3276.0,31.94,2366.55,4074.0,0.0,1770.6607834365113,9466.2,4074.0,6190.2,3276.0,0.3078532039986633,0.4303733282171966,1,MEDIUM
4095.0,3329.0,0.0,4095.0,31.94,2879.75,4095.0,0.0,1953.4969285872962,11519.0,4095.0,7424.0,4095.0,0.28900078129273366,0.3554996093102266,2,MEDIUM
4095.0,3305.0,0.0,4095.0,31.94,2873.75,4095.0,0.0,1951.693175168679,11495.0,4095.0,7400.0,4095.0,0.2875163114147441,0.35624184424913075,2,MEDIUM
4095.0,3210.0,0.0,4095.0,31.94,2850.0,4095.0,0.0,1945.2634782979915,11400.0,4095.0,7305.0,4095.0,0.28157894734372113,0.35921052628427974,2,MEDIUM
4095.0,3299.0,0.0,4095.0,31.94,2872.25,4095.0,0.0,1951.25350736392,11489.0,4095.0,7394.0,4095.0,0.2871442248857913,0.35642788751358445,2,MEDIUM
4095.0,3307.0,0.0,4095.0,31.94,2874.25,4095.0,0.0,1951.8407337690235,11497.0,4095.0,7402.0,4095.0,0.2876402539542802,0.35617987297937026,2,MEDIUM
3998.0,3195.0,0.0,4095.0,31.94,2822.0,4095.0,0.0,1924.0857569245711,11288.0,4095.0,7193.0,4095.0,0.2744507441287694,0.3627746278913205,2,MEDIUM
4095.0,3233.0,0.0,4095.0,31.94,2855.75,4095.0,0.0,1946.7157599403154,11423.0,4095.0,7328.0,4095.0,0.28302547489424623,0.35848726250910556,2,MEDIUM
4095.0,3338.0,0.0,4095.0,31.94,2882.0,4095.0,0.0,1954.1919045989316,11528.0,4095.0,7433.0,4095.0,0.2895558639582273,0.3552220679775137,2,MEDIUM
4095.0,3345.0,0.0,4095.0,31.94,2883.75,4095.0,0.0,1954.7394327633542,11535.0,4095.0,7440.0,4095.0,0.2899869960736899,0.3550065019198087,2,MEDIUM
4095.0,3328.0,0.0,4095.0,31.94,2879.5,4095.0,0.0,1953.4203336711737,11518.0,4095.0,7423.0,4095.0,0.28893905189365,0.3555304740097647,2,MEDIUM
4085.3,3288.9,0.0,4095.0,31.94,2867.3,4095.0,0.0,1948.4974672808792,11469.2,4095.0,7374.200000000001,4095.0,0.28591357720800814,0.3570432113524009,2,MEDIUM
4095.0,3071.0,0.0,4095.0,31.94,2815.25,4095.0,0.0,1937.9164713681548,11261.0,4095.0,7166.0,4095.0,0.27271112687392673,0.3636444365186356,2,MEDIUM
4095.0,3212.0,0.0,4095.0,31.94,2850.5,4095.0,0.0,1945.3871080070414,11402.0,4095.0,7307.0,4095.0,0.2817049640166896,0.3591475179478032,2,MEDIUM
4095.0,3119.0,0.0,4095.0,31.94,2827.25,4095.0,0.0,1940.175314243535,11309.0,4095.0,7214.0,4095.0,0.2757980369373244,0.3621009814871252,2,MEDIUM
4095.0,2611.0,0.0,4095.0,31.94,2700.25,4095.0,0.0,1931.3182674018283,10801.0,4095.0,6706.0,4095.0,0.24173687619278428,0.37913156185731584,2,MEDIUM
3919.0,3130.0,0.0,4095.0,31.94,2786.0,4095.0,0.0,1904.1447774088329,11144.0,4095.0,7049.0,4095.0,0.2650753768606357,0.36746231152481496,2,MEDIUM
4081.0,2992.0,0.0,4095.0,31.94,2792.0,4095.0,0.0,1931.7171980736034,11168.0,4095.0,7073.0,4095.0,0.2666547277698196,0.3666726360703194,2,MEDIUM
4095.0,3006.0,0.0,4095.0,31.94,2799.0,4095.0,0.0,1935.3278791977343,11196.0,4095.0,7101.0,4095.0,0.2684887459567266,0.3657556269769779,2,MEDIUM
4095.0,3060.0,0.0,4095.0,31.94,2812.5,4095.0,0.0,1937.4403216615474,11250.0,4095.0,7155.0,4095.0,0.2719999999758222,0.3639999999676444,2,MEDIUM
4095.0,2864.0,0.0,4095.0,31.94,2763.5,4095.0,0.0,1931.5638741703574,11054.0,4095.0,6959.0,4095.0,0.2590917314764708,0.3704541342165321,2,MEDIUM
4095.0,3071.0,0.0,4095.0,31.94,2815.25,4095.0,0.0,1937.9164713681548,11261.0,4095.0,7166.0,4095.0,0.27271112687392673,0.3636444365186356,2,MEDIUM
4076.0,3013.6,0.0,4095.0,31.94,2796.15,4095.0,0.0,1931.3869515627018,11184.6,4095.0,7089.6,4095.0,0.2677431468029484,0.36612842655382144,2,MEDIUM
4095.0,2992.0,0.0,4095.0,31.94,2795.5,4095.0,0.0,1934.841337164368,11182.0,4095.0,7087.0,4095.0,0.267572884969811,0.36621355747037976,2,MEDIUM
4095.0,3071.0,0.0,4095.0,31.94,2815.25,4095.0,0.0,1937.9164713681548,11261.0,4095.0,7166.0,4095.0,0.27271112687392673,0.3636444365186356,2,MEDIUM
4095.0,2826.0,0.0,4095.0,31.94,2754.0,4095.0,0.0,1930.9981874667826,11016.0,4095.0,6921.0,4095.0,0.25653594768913074,0.3717320261100461,2,MEDIUM
4095.0,3035.0,0.0,4095.0,31.94,2806.25,4095.0,0.0,1936.415825694471,11225.0,4095.0,7130.0,4095.0,0.27037861912958766,0.3648106903906627,2,MEDIUM
4095.0,2928.0,0.0,4095.0,31.94,2779.5,4095.0,0.0,1932.9384366813135,11118.0,4095.0,7023.0,4095.0,0.26335671881063527,0.3683216405497102,2,MEDIUM
4095.0,3408.0,0.0,4084.0,32.0,2896.75,4095.0,0.0,1957.7114828288668,11587.0,4095.0,7503.0,4084.0,0.2950720634939957,0.3534133079871051,2,MEDIUM
4095.0,2455.0,0.0,0.0,31.94,1637.5,4095.0,0.0,2005.8601646176635,6550.0,4095.0,6550.0,0.0,0.9999999998473282,0.6251908395992075,1,MEDIUM
4095.0,2523.0,0.0,4095.0,32.0,2678.25,4095.0,0.0,1933.1741385607247,10713.0,4095.0,6618.0,4095.0,0.23550826096933555,0.38224586946865996,2,MEDIUM
4095.0,2604.0,0.0,4095.0,31.94,2698.5,4095.0,0.0,1931.4292635248125,10794.0,4095.0,6699.0,4095.0,0.2412451361644205,0.3793774318714677,2,MEDIUM
4095.0,2630.0,0.0,4095.0,31.94,2705.0,4095.0,0.0,1931.0489377537795,10820.0,4095.0,6725.0,4095.0,0.2430683918444484,0.37846580403156505,2,MEDIUM
4095.0,2847.2,0.0,3684.4,31.95,2656.65,4095.0,0.0,1845.645262954576,10626.6,4095.0,6942.2,3684.4,0.3065703046782065,0.3853537349307065,2,MEDIUM
4095.0,2484.0,0.0,4095.0,31.94,2668.5,4095.0,0.0,1934.3161582326711,10674.0,4095.0,6579.0,4095.0,0.23271500840990114,0.38364249574820664,2,MEDIUM
4095.0,2551.0,0.0,4095.0,31.94,2685.25,4095.0,0.0,1932.4751615480081,10741.0,4095.0,6646.0,4095.0,0.23750116374290092,0.3812494180819989,2,MEDIUM
4095.0,0.0,0.0,2709.0,31.94,1701.0,4095.0,0.0,2044.0239724621626,6804.0,4095.0,4095.0,2709.0,0.2037037036737649,0.6018518517633963,1,MEDIUM
4095.0,3715.0,0.0,4095.0,32.0,2976.25,4095.0,0.0,1992.2364944955707,11905.0,4095.0,7810.0,4095.0,0.3120537588986095,0.34397312050869605,3,MEDIUM
4095.0,2267.0,0.0,4095.0,31.94,2614.25,4095.0,0.0,1944.2330750195563,10457.0,4095.0,6362.0,4095.0,0.2167925791128629,0.39160371039575365,2,MEDIUM
4095.0,3136.0,0.0,3826.0,31.94,2764.25,4095.0,0.0,1886.574033356055,11057.0,4095.0,7231.0,3826.0,0.3079497150847472,0.370353622106326,2,MEDIUM
4095.0,3154.0,0.0,0.0,31.94,1812.25,4095.0,0.0,2127.576144348305,7249.0,4095.0,7249.0,0.0,0.9999999998620499,0.5649055041295481,1,MEDIUM
3981.0,0.0,0.0,0.0,31.94,995.25,3981.0,0.0,1990.5,3981.0,3981.0,3981.0,0.0,0.9999999997488068,0.9999999997488068,1,MEDIUM
4061.0,0.0,0.0,0.0,31.94,1015.25,4061.0,0.0,2030.5,4061.0,4061.0,4061.0,0.0,0.9999999997537553,0.9999999997537553,1,MEDIUM
3993.0,0.0,0.0,0.0,31.94,998.25,3993.0,0.0,1996.5,3993.0,3993.0,3993.0,0.0,0.9999999997495618,0.9999999997495618,1,MEDIUM
4070.0,1730.7,0.0,2291.5,31.94,2023.05,4070.0,0.0,1677.326198646723,8092.2,4070.0,5800.7,2291.5,0.43365215881544544,0.5029534612956978,1,MEDIUM
0.0,3098.0,0.0,4095.0,31.94,1798.25,4095.0,0.0,2115.956580367376,7193.0,4095.0,3098.0,4095.0,0.13860697898809857,0.5693034894245372,1,MEDIUM
2832.0,3280.0,0.0,2800.0,31.94,2228.0,3280.0,0.0,1501.4091159085633,8912.0,3280.0,6112.0,2800.0,0.3716337522024648,0.3680430879299772,0,MEDIUM
2559.0,3712.0,0.0,4095.0,31.94,2591.5,4095.0,0.0,1846.8857571598737,10366.0,4095.0,6271.0,4095.0,0.209917036445117,0.3950414817292069,2,MEDIUM
4075.0,3521.0,0.0,4017.0,31.94,2903.25,4075.0,0.0,1951.4022949322025,11613.0,4075.0,7596.0,4017.0,0.3081890983976415,0.3508998535821149,3,MEDIUM
4095.0,3303.0,0.0,4095.0,31.94,2873.25,4095.0,0.0,1951.5461178255564,11493.0,4095.0,7398.0,4095.0,0.2873923257385024,0.35630383708724406,2,MEDIUM
4095.0,3543.0,0.0,4095.0,32.0,2933.25,4095.0,0.0,1972.7372480895676,11733.0,4095.0,7638.0,4095.0,0.30196880590624997,0.34901559700426016,3,MEDIUM
4095.0,3186.0,0.0,4095.0,31.94,2844.0,4095.0,0.0,1943.8194360588125,11376.0,4095.0,7281.0,4095.0,0.2800632911146217,0.3599683543987369,2,MEDIUM
4095.0,3065.0,0.0,4095.0,31.94,2813.75,4095.0,0.0,1937.6548325230683,11255.0,4095.0,7160.0,4095.0,0.2723234117927745,0.36383829405918805,2,MEDIUM
4095.0,3275.0,0.0,4095.0,32.0,2866.25,4095.0,0.0,1949.540009848477,11465.0,4095.0,7370.0,4095.0,0.28565198427512845,0.35717400781882475,2,MEDIUM
4095.0,3061.0,0.0,4095.0,31.94,2812.75,4095.0,0.0,1937.4829676670709,11251.0,4095.0,7156.0,4095.0,0.2720647053353422,0.3639676472878884,2,MEDIUM
3403.6,3304.4,0.0,3957.7,31.95,2666.425,3957.7,0.0,1800.7084242504855,10665.7,3957.7,6708.0,3957.7,0.2578639939002725,0.3710680030029845,1,MEDIUM
4095.0,3277.0,0.0,4095.0,32.0,2866.75,4095.0,0.0,1949.680037852365,11467.0,4095.0,7372.0,4095.0,0.2857765762373963,0.35711171183769846,2,MEDIUM
4095.0,3333.0,0.0,4095.0,32.0,2880.75,4095.0,0.0,1953.8045577795135,11523.0,4095.0,7428.0,4095.0,0.289247591747874,0.3553762040826715,2,MEDIUM
4095.0,3264.0,0.0,4095.0,31.94,2863.5,4095.0,0.0,1948.7788484073815,11454.0,4095.0,7359.0,4095.0,0.2849659507346808,0.3575170245890067,2,MEDIUM
4095.0,3361.0,0.0,4095.0,31.94,2887.75,4095.0,0.0,1956.0138675377534,11551.0,4095.0,7456.0,4095.0,0.2909704787212388,0.35451476059609427,2,MEDIUM
4095.0,3056.0,0.0,4095.0,31.94,2811.5,4095.0,0.0,1937.2710187271166,11246.0,4095.0,7151.0,4095.0,0.27174106346507726,0.36412946822300113,2,MEDIUM
4095.0,3280.0,0.0,4095.0,31.94,2867.5,4095.0,0.0,1949.8910225958782,11470.0,4095.0,7375.0,4095.0,0.2859633827126449,0.3570183086000856,2,MEDIUM
4095.0,3267.0,0.0,4095.0,32.0,2864.25,4095.0,0.0,1948.9849281100148,11457.0,4095.0,7362.0,4095.0,0.2851531814362265,0.3574234092382453,2,MEDIUM
4095.0,3445.0,0.0,4095.0,32.0,2908.75,4095.0,0.0,1963.2259803700642,11635.0,4095.0,7540.0,4095.0,0.29608938544941216,0.3519553072323201,2,MEDIUM
4095.0,3299.0,0.0,4095.0,32.0,2872.25,4095.0,0.0,1951.25350736392,11489.0,4095.0,7394.0,4095.0,0.2871442248857913,0.35642788751358445,2,MEDIUM
4095.0,3238.0,0.0,4095.0,32.0,2857.0,4095.0,0.0,1947.0403180211754,11428.0,4095.0,7333.0,4095.0,0.2833391669335545,0.35833041648947056,2,MEDIUM
4095.0,3282.0,0.0,4095.0,31.98,2868.0,4095.0,0.0,1950.0323074246744,11472.0,4095.0,7377.0,4095.0,0.2860878660838487,0.3569560669144913,2,MEDIUM
4095.0,3266.0,0.0,4095.0,31.94,2864.0,4095.0,0.0,1948.9161090206012,11456.0,4095.0,7361.0,4095.0,0.2850907820980193,0.3574546089073451,2,MEDIUM
4095.0,3299.0,0.0,4095.0,32.0,2872.25,4095.0,0.0,1951.25350736392,11489.0,4095.0,7394.0,4095.0,0.2871442248857913,0.35642788751358445,2,MEDIUM
4095.0,3463.0,0.0,4095.0,32.0,2913.25,4095.0,0.0,1964.8847930603972,11653.0,4095.0,7558.0,4095.0,0.29717669267165736,0.3514116536212639,2,MEDIUM
4095.0,3326.0,0.0,4095.0,31.94,2879.0,4095.0,0.0,1953.2675188002283,11516.0,4095.0,7421.0,4095.0,0.2888155609335867,0.3555922194897888,2,MEDIUM
4095.0,3489.0,0.0,4095.0,31.94,2919.75,4095.0,0.0,1967.3510744145285,11679.0,4095.0,7584.0,4095.0,0.29874133056779334,0.35062933467329144,2,MEDIUM
4095.0,3411.0,0.0,4095.0,31.94,2900.25,4095.0,0.0,1960.2015840213985,11601.0,4095.0,7506.0,4095.0,0.29402637701111745,0.35298681145134153,2,MEDIUM
4095.0,3301.0,0.0,4095.0,32.0,2872.75,4095.0,0.0,1951.3995618529793,11491.0,4095.0,7396.0,4095.0,0.2872682969030312,0.3563658515049721,2,MEDIUM
4085.0,3386.0,0.0,4080.0,32.0,2887.75,4085.0,0.0,1952.965330806805,11551.0,4085.0,7471.0,4080.0,0.2935676564545435,0.3536490346849927,2,MEDIUM
4095.0,3333.0,0.0,4095.0,31.94,2880.75,4095.0,0.0,1953.8045577795135,11523.0,4095.0,7428.0,4095.0,0.289247591747874,0.3553762040826715,2,MEDIUM
4095.0,3394.0,0.0,4095.0,31.94,2896.0,4095.0,0.0,1958.7429642502868,11584.0,4095.0,7489.0,4095.0,0.29299033146642,0.353504834223627,2,MEDIUM
4094.0,3366.8,0.0,4093.5,31.96,2888.575,4094.0,0.0,1955.9702083194757,11554.3,4094.0,7460.8,4093.5,0.29143262678903675,0.3543269604948524,2,MEDIUM
4095.0,3459.0,0.0,4095.0,31.94,2912.25,4095.0,0.0,1964.5127258432306,11649.0,4095.0,7554.0,4095.0,0.2969353592328152,0.3515323203406702,2,MEDIUM
4095.0,3423.0,0.0,4095.0,32.0,2903.25,4095.0,0.0,1961.2527246634993,11613.0,4095.0,7518.0,4095.0,0.2947558770089765,0.35262206145245656,2,MEDIUM
4095.0,3451.0,0.0,4095.0,32.0,2910.25,4095.0,0.0,1963.7744906174944,11641.0,4095.0,7546.0,4095.0,0.29645219480315677,0.35177390255547,2,MEDIUM
4095.0,3471.0,0.0,4095.0,32.0,2915.25,4095.0,0.0,1965.634821120139,11661.0,4095.0,7566.0,4095.0,0.2976588628507282,0.35117056853175793,2,MEDIUM
4095.0,3469.0,0.0,4095.0,32.0,2914.75,4095.0,0.0,1965.4465777527507,11659.0,4095.0,7564.0,4095.0,0.29753838234003444,0.35123080878709745,2,MEDIUM
4095.0,3479.0,0.0,4095.0,32.0,2917.25,4095.0,0.0,1966.392699844057,11669.0,4095.0,7574.0,4095.0,0.2981403719000651,0.35092981400711887,2,MEDIUM
4095.0,3440.0,0.0,4095.0,32.0,2907.5,4095.0,0.0,1962.772274106194,11630.0,4095.0,7535.0,4095.0,0.2957867583580579,0.3521066207779788,2,MEDIUM
4095.0,3541.0,0.0,4095.0,32.0,2932.75,4095.0,0.0,1972.5314319422137,11731.0,4095.0,7636.0,4095.0,0.301849799650341,0.3490751001322074,3,MEDIUM
4095.0,3563.0,0.0,4095.0,31.94,2938.25,4095.0,0.0,1974.8220805935912,11753.0,4095.0,7658.0,4095.0,0.3031566408318594,0.348421679541528,3,MEDIUM
4095.0,3632.0,0.0,4095.0,32.0,2955.5,4095.0,0.0,1982.3851795249075,11822.0,4095.0,7727.0,4095.0,0.30722381997062903,0.34638808997239146,3,MEDIUM
4095.0,3492.8,0.0,4095.0,31.99,2920.7,4095.0,0.0,1967.7184656347563,11682.8,4095.0,7587.8,4095.0,0.2989694251122189,0.3505152874010926,2,MEDIUM
4095.0,3551.0,0.0,4095.0,32.0,2935.25,4095.0,0.0,1973.5653650183467,11741.0,4095.0,7646.0,4095.0,0.3024444254916579,0.3487777872115852,3,MEDIUM
4095.0,3520.0,0.0,4095.0,32.0,2927.5,4095.0,0.0,1970.399705643502,11710.0,4095.0,7615.0,4095.0,0.3005977796498209,0.349701110132391,3,MEDIUM
4095.0,3622.0,0.0,4095.0,32.0,2953.0,4095.0,0.0,1981.2536435297727,11812.0,4095.0,7717.0,4095.0,0.30663731795575366,0.3466813409797933,3,MEDIUM
4095.0,3696.0,0.0,4095.0,32.0,2971.5,4095.0,0.0,1989.9092944152003,11886.0,4095.0,7791.0,4095.0,0.3109540635780789,0.3445229681688942,3,MEDIUM
4095.0,3636.0,0.0,4095.0,32.0,2956.5,4095.0,0.0,1982.8411434101322,11826.0,4095.0,7731.0,4095.0,0.30745814304858293,0.34627092843342877,3,MEDIUM
4095.0,3645.0,0.0,4095.0,32.0,2958.75,4095.0,0.0,1983.8740509417426,11835.0,4095.0,7740.0,4095.0,0.3079847908485015,0.34600760453350166,3,MEDIUM
4095.0,3653.0,0.0,4095.0,32.0,2960.75,4095.0,0.0,1984.8003048165829,11843.0,4095.0,7748.0,4095.0,0.3084522502483786,0.3457738748335917,3,MEDIUM
4095.0,3647.0,0.0,4095.0,32.0,2959.25,4095.0,0.0,1984.1048989405776,11837.0,4095.0,7742.0,4095.0,0.3081017149355325,0.3459491424899933,3,MEDIUM
4095.0,3632.0,0.0,4095.0,32.0,2955.5,4095.0,0.0,1982.3851795249075,11822.0,4095.0,7727.0,4095.0,0.30722381997062903,0.34638808997239146,3,MEDIUM
4095.0,3655.0,0.0,4095.0,32.0,2961.25,4095.0,0.0,1985.0330601780918,11845.0,4095.0,7750.0,4095.0,0.3085690164365919,0.3457154917394921,3,MEDIUM
4095.0,3625.7,0.0,4095.0,32.0,2953.925,4095.0,0.0,1981.6709168022828,11815.7,4095.0,7720.7,4095.0,0.3068544394063107,0.34657278025452803,3,MEDIUM
0.0,0.0,4095.0,0.0,31.87,1023.75,4095.0,0.0,2047.5,4095.0,4095.0,0.0,4095.0,0.9999999997557998,0.9999999997557998,1,MEDIUM
0.0,0.0,4095.0,0.0,31.81,1023.75,4095.0,0.0,2047.5,4095.0,4095.0,0.0,4095.0,0.9999999997557998,0.9999999997557998,1,MEDIUM
0.0,0.0,4095.0,0.0,31.87,1023.75,4095.0,0.0,2047.5,4095.0,4095.0,0.0,4095.0,0.9999999997557998,0.9999999997557998,1,MEDIUM
0.0,0.0,4095.0,0.0,31.81,1023.75,4095.0,0.0,2047.5,4095.0,4095.0,0.0,4095.0,0.9999999997557998,0.9999999997557998,1,MEDIUM
0.0,0.0,4095.0,0.0,31.81,1023.75,4095.0,0.0,2047.5,4095.0,4095.0,0.0,4095.0,0.9999999997557998,0.9999999997557998,1,MEDIUM
0.0,0.0,4095.0,0.0,31.81,1023.75,4095.0,0.0,2047.5,4095.0,4095.0,0.0,4095.0,0.9999999997557998,0.9999999997557998,1,MEDIUM
0.0,0.0,4095.0,0.0,31.81,1023.75,4095.0,0.0,2047.5,4095.0,4095.0,0.0,4095.0,0.9999999997557998,0.9999999997557998,1,MEDIUM
847.0,0.0,4095.0,0.0,31.81,1235.5,4095.0,0.0,1947.6988987007205,4942.0,4095.0,847.0,4095.0,0.6572237959010069,0.8286118978493298,1,MEDIUM
1646.0,0.0,4095.0,0.0,31.81,1435.25,4095.0,0.0,1935.5077499199015,5741.0,4095.0,1646.0,4095.0,0.4265807349892735,0.7132903674075439,1,MEDIUM
52.0,0.0,4095.0,0.0,31.81,1036.75,4095.0,0.0,2038.9806889718207,4147.0,4095.0,52.0,4095.0,0.974921629858953,0.9874608148089074,1,MEDIUM
254.5,0.0,4095.0,0.0,31.83,1087.375,4095.0,0.0,2008.669351212389,4349.5,4095.0,254.5,4095.0,0.8829750544009713,0.9414875270855299,1,MEDIUM
0.0,0.0,4095.0,0.0,31.75,1023.75,4095.0,0.0,2047.5,4095.0,4095.0,0.0,4095.0,0.9999999997557998,0.9999999997557998,1,MEDIUM
0.0,0.0,4095.0,0.0,31.81,1023.75,4095.0,0.0,2047.5,4095.0,4095.0,0.0,4095.0,0.9999999997557998,0.9999999997557998,1,MEDIUM
0.0,0.0,4095.0,0.0,31.75,1023.75,4095.0,0.0,2047.5,4095.0,4095.0,0.0,4095.0,0.9999999997557998,0.9999999997557998,1,MEDIUM
0.0,0.0,4095.0,0.0,31.75,1023.75,4095.0,0.0,2047.5,4095.0,4095.0,0.0,4095.0,0.9999999997557998,0.9999999997557998,1,MEDIUM
0.0,0.0,4095.0,0.0,31.75,1023.75,4095.0,0.0,2047.5,4095.0,4095.0,0.0,4095.0,0.9999999997557998,0.9999999997557998,1,MEDIUM
0.0,0.0,4095.0,0.0,31.75,1023.75,4095.0,0.0,2047.5,4095.0,4095.0,0.0,4095.0,0.9999999997557998,0.9999999997557998,1,MEDIUM
0.0,0.0,4095.0,0.0,31.75,1023.75,4095.0,0.0,2047.5,4095.0,4095.0,0.0,4095.0,0.9999999997557998,0.9999999997557998,1,MEDIUM
0.0,0.0,4095.0,0.0,31.75,1023.75,4095.0,0.0,2047.5,4095.0,4095.0,0.0,4095.0,0.9999999997557998,0.9999999997557998,1,MEDIUM
0.0,1702.0,4095.0,0.0,31.69,1449.25,4095.0,0.0,1937.7415333320387,5797.0,4095.0,1702.0,4095.0,0.4127997239239607,0.7063998618757288,1,MEDIUM
0.0,0.0,4095.0,0.0,31.75,1023.75,4095.0,0.0,2047.5,4095.0,4095.0,0.0,4095.0,0.9999999997557998,0.9999999997557998,1,MEDIUM
0.0,170.2,4095.0,0.0,31.75,1066.3,4095.0,0.0,2020.7267900436218,4265.2,4095.0,170.2,4095.0,0.9201913155490502,0.9600956576572972,1,MEDIUM
0.0,0.0,4095.0,0.0,31.75,1023.75,4095.0,0.0,2047.5,4095.0,4095.0,0.0,4095.0,0.9999999997557998,0.9999999997557998,1,MEDIUM
0.0,208.0,4095.0,0.0,31.75,1075.75,4095.0,0.0,2015.2201492640947,4303.0,4095.0,208.0,4095.0,0.9033232626299503,0.9516616311987771,1,MEDIUM
0.0,0.0,4095.0,0.0,31.69,1023.75,4095.0,0.0,2047.5,4095.0,4095.0,0.0,4095.0,0.9999999997557998,0.9999999997557998,1,MEDIUM
0.0,66.0,4095.0,0.0,31.75,1040.25,4095.0,0.0,2036.7376487903393,4161.0,4095.0,66.0,4095.0,0.9682768562921709,0.984138428025922,1,MEDIUM
0.0,0.0,4095.0,0.0,31.69,1023.75,4095.0,0.0,2047.5,4095.0,4095.0,0.0,4095.0,0.9999999997557998,0.9999999997557998,1,MEDIUM
0.0,0.0,4095.0,0.0,31.75,1023.75,4095.0,0.0,2047.5,4095.0,4095.0,0.0,4095.0,0.9999999997557998,0.9999999997557998,1,MEDIUM
0.0,0.0,4095.0,0.0,31.75,1023.75,4095.0,0.0,2047.5,4095.0,4095.0,0.0,4095.0,0.9999999997557998,0.9999999997557998,1,MEDIUM
0.0,0.0,4095.0,0.0,31.75,1023.75,4095.0,0.0,2047.5,4095.0,4095.0,0.0,4095.0,0.9999999997557998,0.9999999997557998,1,MEDIUM
0.0,0.0,4095.0,0.0,31.75,1023.75,4095.0,0.0,2047.5,4095.0,4095.0,0.0,4095.0,0.9999999997557998,0.9999999997557998,1,MEDIUM
0.0,0.0,4095.0,0.0,31.69,1023.75,4095.0,0.0,2047.5,4095.0,4095.0,0.0,4095.0,0.9999999997557998,0.9999999997557998,1,MEDIUM
0.0,27.4,4095.0,0.0,31.73,1030.6,4095.0,0.0,2042.9741652796297,4122.4,4095.0,27.4,4095.0,0.9867067725143832,0.9933533861359031,1,MEDIUM
0.0,0.0,4095.0,0.0,31.75,1023.75,4095.0,0.0,2047.5,4095.0,4095.0,0.0,4095.0,0.9999999997557998,0.9999999997557998,1,MEDIUM
0.0,0.0,4095.0,0.0,31.69,1023.75,4095.0,0.0,2047.5,4095.0,4095.0,0.0,4095.0,0.9999999997557998,0.9999999997557998,1,MEDIUM
263.0,0.0,4095.0,0.0,31.75,1089.5,4095.0,0.0,2007.498692403061,4358.0,4095.0,263.0,4095.0,0.8793024321066308,0.9396512159385838,1,MEDIUM
52.0,0.0,4095.0,0.0,31.69,1036.75,4095.0,0.0,2038.9806889718207,4147.0,4095.0,52.0,4095.0,0.974921629858953,0.9874608148089074,1,MEDIUM
0.0,0.0,4095.0,0.0,31.69,1023.75,4095.0,0.0,2047.5,4095.0,4095.0,0.0,4095.0,0.9999999997557998,0.9999999997557998,1,MEDIUM
2067.0,0.0,4095.0,0.0,31.75,1540.5,4095.0,0.0,1962.0527515844217,6162.0,4095.0,2067.0,4095.0,0.32911392399722267,0.6645569619174688,1,MEDIUM
1896.0,0.0,4095.0,0.0,31.69,1497.75,4095.0,0.0,1948.5739016008606,5991.0,4095.0,1896.0,4095.0,0.3670505758025287,0.6835252878178057,1,MEDIUM
1761.0,0.0,4095.0,0.0,31.75,1464.0,4095.0,0.0,1940.529309234983,5856.0,4095.0,1761.0,4095.0,0.39856557370243073,0.6992827867658328,1,MEDIUM
2787.0,0.0,4095.0,0.0,31.75,1720.5,4095.0,0.0,2057.175490812585,6882.0,4095.0,2787.0,4095.0,0.19006102874308906,0.5950305142988912,1,MEDIUM
0.0,0.0,4095.0,0.0,31.69,1023.75,4095.0,0.0,2047.5,4095.0,4095.0,0.0,4095.0,0.9999999997557998,0.9999999997557998,1,MEDIUM
882.6,0.0,4095.0,0.0,31.72,1244.4,4095.0,0.0,1945.4118946896567,4977.6,4095.0,882.6,4095.0,0.6453712631297469,0.8226856314644234,1,MEDIUM
4079.0,0.0,0.0,0.0,31.75,1019.75,4079.0,0.0,2039.5,4079.0,4079.0,4079.0,0.0,0.9999999997548419,0.9999999997548419,1,MEDIUM
0.0,0.0,4095.0,0.0,31.69,1023.75,4095.0,0.0,2047.5,4095.0,4095.0,0.0,4095.0,0.9999999997557998,0.9999999997557998,1,MEDIUM
0.0,0.0,4095.0,0.0,31.75,1023.75,4095.0,0.0,2047.5,4095.0,4095.0,0.0,4095.0,0.9999999997557998,0.9999999997557998,1,MEDIUM
2381.0,0.0,4095.0,0.0,31.69,1619.0,4095.0,0.0,1996.1247456008355,6476.0,4095.0,2381.0,4095.0,0.26466954906351614,0.6323347744545499,1,MEDIUM
1577.0,0.0,4095.0,0.0,31.69,1418.0,4095.0,0.0,1933.3095975554459,5672.0,4095.0,1577.0,4095.0,0.44393511980889716,0.7219675598162962,1,MEDIUM
0.0,0.0,4095.0,0.0,31.69,1023.75,4095.0,0.0,2047.5,4095.0,4095.0,0.0,4095.0,0.9999999997557998,0.9999999997557998,1,MEDIUM
0.0,0.0,4095.0,0.0,31.69,1023.75,4095.0,0.0,2047.5,4095.0,4095.0,0.0,4095.0,0.9999999997557998,0.9999999997557998,1,MEDIUM
1183.0,0.0,4095.0,0.0,31.69,1319.5,4095.0,0.0,1932.5452129251723,5278.0,4095.0,1183.0,4095.0,0.5517241378265016,0.7758620688185179,1,MEDIUM
0.0,0.0,4095.0,0.0,31.69,1023.75,4095.0,0.0,2047.5,4095.0,4095.0,0.0,4095.0,0.9999999997557998,0.9999999997557998,1,MEDIUM
2465.0,0.0,4095.0,0.0,31.69,1640.0,4095.0,0.0,2007.2244518239609,6560.0,4095.0,2465.0,4095.0,0.24847560971822016,0.6242378047828906,1,MEDIUM
1168.5,0.0,3685.5,0.0,31.7,1213.5,3685.5,0.0,1737.6203555437535,4854.0,3685.5,1168.5,3685.5,0.5185414090402675,0.7592707044171259,1,MEDIUM
0.0,0.0,4095.0,0.0,31.69,1023.75,4095.0,0.0,2047.5,4095.0,4095.0,0.0,4095.0,0.9999999997557998,0.9999999997557998,1,MEDIUM
656.0,0.0,4095.0,0.0,31.69,1187.75,4095.0,0.0,1962.681902397839,4751.0,4095.0,656.0,4095.0,0.7238476108769001,0.861923805333209,1,MEDIUM
2336.0,0.0,4095.0,0.0,31.62,1607.75,4095.0,0.0,1990.517583444065,6431.0,4095.0,2336.0,4095.0,0.273518892820165,0.6367594463323341,1,MEDIUM
2477.0,0.0,4095.0,0.0,31.62,1643.0,4095.0,0.0,2008.8768006027647,6572.0,4095.0,2477.0,4095.0,0.2461959829205423,0.6230979913841908,1,MEDIUM
2443.0,0.0,4095.0,0.0,31.62,1634.5,4095.0,0.0,2004.2382592895488,6538.0,4095.0,2443.0,4095.0,0.2526766594902605,0.6263383296686542,1,MEDIUM
2687.0,0.0,4095.0,0.0,31.62,1695.5,4095.0,0.0,2040.434022456987,6782.0,4095.0,2687.0,4095.0,0.20760837507997515,0.603804187466263,1,MEDIUM
2688.0,0.0,4095.0,0.0,31.69,1695.75,4095.0,0.0,2040.596052627761,6783.0,4095.0,2688.0,4095.0,0.20743034052669462,0.6037151701896336,1,MEDIUM
2556.0,0.0,4095.0,0.0,31.62,1662.75,4095.0,0.0,2020.1658966530447,6651.0,4095.0,2556.0,4095.0,0.23139377533733366,0.6156968875934902,1,MEDIUM
2157.0,0.0,4095.0,0.0,31.62,1563.0,4095.0,0.0,1970.6004161168748,6252.0,4095.0,2157.0,4095.0,0.3099808060924535,0.6549904029662523,1,MEDIUM
2623.0,0.0,4095.0,0.0,31.62,1679.5,4095.0,0.0,2030.2933285611712,6718.0,4095.0,2623.0,4095.0,0.21911283116714603,0.6095564155091461,1,MEDIUM
2062.3,0.0,4095.0,0.0,31.64,1539.325,4095.0,0.0,1961.6337126232308,6157.3,4095.0,2062.3,4095.0,0.3301284653451791,0.6650642325913851,1,MEDIUM
2689.0,0.0,4095.0,0.0,31.62,1696.0,4095.0,0.0,2040.7581924373108,6784.0,4095.0,2689.0,4095.0,0.20725235846001586,0.6036261791563051,1,MEDIUM
2559.0,0.0,4095.0,0.0,31.62,1663.5,4095.0,0.0,2020.6085716931916,6654.0,4095.0,2559.0,4095.0,0.2308385932926302,0.6154192965711723,1,MEDIUM
2883.0,0.0,4095.0,0.0,31.62,1744.5,4095.0,0.0,2074.254323847488,6978.0,4095.0,2883.0,4095.0,0.17368873600262413,0.5868443679296583,1,MEDIUM
2672.0,0.0,4095.0,0.0,31.56,1691.75,4095.0,0.0,2038.0167442884272,6767.0,4095.0,2672.0,4095.0,0.21028520759416502,0.6051426037231945,1,MEDIUM
2943.0,0.0,4095.0,0.0,31.62,1759.5,4095.0,0.0,2085.4186630027075,7038.0,4095.0,2943.0,4095.0,0.16368286442687086,0.5818414321423925,1,MEDIUM
3056.0,0.0,4095.0,0.0,31.62,1787.75,4095.0,0.0,2107.44400874614,7151.0,4095.0,3056.0,4095.0,0.14529436440423796,0.5726471821321987,1,MEDIUM
3133.0,0.0,4095.0,0.0,31.56,1807.0,4095.0,0.0,2123.182987874573,7228.0,4095.0,3133.0,4095.0,0.13309352516144252,0.5665467625115458,1,MEDIUM
3152.0,0.0,4095.0,0.0,31.62,1811.75,4095.0,0.0,2127.1559063688774,7247.0,4095.0,3152.0,4095.0,0.1301228094204329,0.5650614046412223,1,MEDIUM
3089.0,0.0,4095.0,0.0,31.56,1796.0,4095.0,0.0,2114.117782906146,7184.0,4095.0,3089.0,4095.0,0.14003340755289068,0.5700167037068462,1,MEDIUM
3097.0,0.0,4095.0,0.0,31.56,1798.0,4095.0,0.0,2115.751875811528,7192.0,4095.0,3097.0,4095.0,0.13876529475267446,0.5693826473068155,1,MEDIUM
2927.3,0.0,4095.0,0.0,31.6,1755.575,4095.0,0.0,2082.461361586332,7022.3,4095.0,2927.3,4095.0,0.16628455062212028,0.5831422752398584,1,MEDIUM
1746.0,0.0,4095.0,0.0,31.56,1460.25,4095.0,0.0,1939.7784022923856,5841.0,4095.0,1746.0,4095.0,0.4021571648001785,0.7010785823144875,1,MEDIUM
2139.0,0.0,4095.0,0.0,31.56,1558.5,4095.0,0.0,1968.8115704657976,6234.0,4095.0,2139.0,4095.0,0.31376323382839855,0.6568816168339939,1,MEDIUM
3216.0,0.0,4095.0,0.0,31.56,1827.75,4095.0,0.0,2140.7943035238113,7311.0,4095.0,3216.0,4095.0,0.12022979070985777,0.5601148952865388,1,MEDIUM
2422.0,0.0,4095.0,0.0,31.56,1629.25,4095.0,0.0,2001.4400440682703,6517.0,4095.0,2422.0,4095.0,0.2567132115610383,0.6283566057037967,1,MEDIUM
2795.0,0.0,4095.0,0.0,31.56,1722.5,4095.0,0.0,2058.561390874705,6890.0,4095.0,2795.0,4095.0,0.18867924525563434,0.5943396225552482,1,MEDIUM
0.0,0.0,4095.0,0.0,31.5,1023.75,4095.0,0.0,2047.5,4095.0,4095.0,0.0,4095.0,0.9999999997557998,0.9999999997557998,1,MEDIUM
3059.0,0.0,4095.0,0.0,31.56,1788.5,4095.0,0.0,2108.0462518645077,7154.0,4095.0,3059.0,4095.0,0.14481408999932707,0.5724070449297726,1,MEDIUM
2294.0,0.0,4095.0,0.0,31.5,1597.25,4095.0,0.0,1985.5,6389.0,4095.0,2294.0,4095.0,0.2818907496819704,0.6409453747627257,1,MEDIUM
3527.0,0.0,4095.0,0.0,31.5,1905.5,4095.0,0.0,2212.467174897743,7622.0,4095.0,3527.0,4095.0,0.07452112305503528,0.537260561461918,2,MEDIUM
3495.0,0.0,4095.0,0.0,31.5,1897.5,4095.0,0.0,2204.6938562984205,7590.0,4095.0,3495.0,4095.0,0.07905138338879428,0.5395256916285209,1,MEDIUM
2469.3,0.0,4095.0,0.0,31.54,1641.075,4095.0,0.0,2007.8146384813515,6564.3,4095.0,2469.3,4095.0,0.2476577852554487,0.6238288925515547,1,MEDIUM
3380.0,0.0,4095.0,0.0,31.56,1868.75,4095.0,0.0,2177.5,7475.0,4095.0,3380.0,4095.0,0.0956521739002472,0.547826086883234,1,MEDIUM
3266.0,0.0,4095.0,0.0,31.5,1840.25,4095.0,0.0,2151.7203001319667,7361.0,4095.0,3266.0,4095.0,0.1126205678423284,0.5563102838532387,1,MEDIUM
2763.0,0.0,4095.0,0.0,31.5,1714.5,4095.0,0.0,2053.058937293326,6858.0,4095.0,2763.0,4095.0,0.19422572175645586,0.5971128608053203,1,MEDIUM
3456.0,0.0,4095.0,0.0,31.5,1887.75,4095.0,0.0,2195.3405772225865,7551.0,4095.0,3456.0,4095.0,0.08462455302812547,0.5423122764478463,1,MEDIUM
0.0,0.0,4095.0,0.0,31.5,1023.75,4095.0,0.0,2047.5,4095.0,4095.0,0.0,4095.0,0.9999999997557998,0.9999999997557998,1,MEDIUM
0.0,0.0,4095.0,0.0,31.5,1023.75,4095.0,0.0,2047.5,4095.0,4095.0,0.0,4095.0,0.9999999997557998,0.9999999997557998,1,MEDIUM
0.0,0.0,4095.0,0.0,31.5,1023.75,4095.0,0.0,2047.5,4095.0,4095.0,0.0,4095.0,0.9999999997557998,0.9999999997557998,1,MEDIUM
0.0,0.0,4095.0,0.0,31.5,1023.75,4095.0,0.0,2047.5,4095.0,4095.0,0.0,4095.0,0.9999999997557998,0.9999999997557998,1,MEDIUM
0.0,0.0,4095.0,0.0,31.5,1023.75,4095.0,0.0,2047.5,4095.0,4095.0,0.0,4095.0,0.9999999997557998,0.9999999997557998,1,MEDIUM
0.0,0.0,4095.0,0.0,31.5,1023.75,4095.0,0.0,2047.5,4095.0,4095.0,0.0,4095.0,0.9999999997557998,0.9999999997557998,1,MEDIUM
1286.5,0.0,4095.0,0.0,31.51,1345.375,4095.0,0.0,1930.8004978505676,5381.5,4095.0,1286.5,4095.0,0.5218805164876186,0.7609402581508984,1,MEDIUM
0.0,0.0,4095.0,0.0,31.5,1023.75,4095.0,0.0,2047.5,4095.0,4095.0,0.0,4095.0,0.9999999997557998,0.9999999997557998,1,MEDIUM
0.0,0.0,4095.0,0.0,31.5,1023.75,4095.0,0.0,2047.5,4095.0,4095.0,0.0,4095.0,0.9999999997557998,0.9999999997557998,1,MEDIUM
976.0,0.0,4095.0,0.0,31.5,1267.75,4095.0,0.0,1940.175314243535,5071.0,4095.0,976.0,4095.0,0.6150660617994348,0.8075330308011175,1,MEDIUM
1687.0,0.0,4095.0,0.0,31.44,1445.5,4095.0,0.0,1937.1037659351139,5782.0,4095.0,1687.0,4095.0,0.41646489096913436,0.7082324453980919,1,MEDIUM
702.0,0.0,4095.0,0.0,31.5,1199.25,4095.0,0.0,1958.658278005635,4797.0,4095.0,702.0,4095.0,0.7073170730232817,0.8536585364074091,1,MEDIUM
0.0,0.0,4095.0,0.0,31.5,1023.75,4095.0,0.0,2047.5,4095.0,4095.0,0.0,4095.0,0.9999999997557998,0.9999999997557998,1,MEDIUM
0.0,0.0,4095.0,0.0,31.44,1023.75,4095.0,0.0,2047.5,4095.0,4095.0,0.0,4095.0,0.9999999997557998,0.9999999997557998,1,MEDIUM
0.0,0.0,4095.0,0.0,31.5,1023.75,4095.0,0.0,2047.5,4095.0,4095.0,0.0,4095.0,0.9999999997557998,0.9999999997557998,1,MEDIUM
0.0,0.0,4095.0,0.0,31.44,1023.75,4095.0,0.0,2047.5,4095.0,4095.0,0.0,4095.0,0.9999999997557998,0.9999999997557998,1,MEDIUM
0.0,0.0,4095.0,0.0,31.44,1023.75,4095.0,0.0,2047.5,4095.0,4095.0,0.0,4095.0,0.9999999997557998,0.9999999997557998,1,MEDIUM
336.5,0.0,4095.0,0.0,31.48,1107.875,4095.0,0.0,1997.7244711170758,4431.5,4095.0,336.5,4095.0,0.8481326862578962,0.9240663430161195,1,MEDIUM
208.0,0.0,4095.0,0.0,31.44,1075.75,4095.0,0.0,2015.2201492640947,4303.0,4095.0,208.0,4095.0,0.9033232626299503,0.9516616311987771,1,MEDIUM
0.0,0.0,4095.0,0.0,31.44,1023.75,4095.0,0.0,2047.5,4095.0,4095.0,0.0,4095.0,0.9999999997557998,0.9999999997557998,1,MEDIUM
0.0,0.0,4095.0,0.0,31.44,1023.75,4095.0,0.0,2047.5,4095.0,4095.0,0.0,4095.0,0.9999999997557998,0.9999999997557998,1,MEDIUM
525.0,0.0,4095.0,0.0,31.44,1155.0,4095.0,0.0,1975.5632108338118,4620.0,4095.0,525.0,4095.0,0.7727272725600157,0.8863636361717827,1,MEDIUM
0.0,0.0,4095.0,0.0,31.44,1023.75,4095.0,0.0,2047.5,4095.0,4095.0,0.0,4095.0,0.9999999997557998,0.9999999997557998,1,MEDIUM
0.0,0.0,4095.0,0.0,31.44,1023.75,4095.0,0.0,2047.5,4095.0,4095.0,0.0,4095.0,0.9999999997557998,0.9999999997557998,1,MEDIUM
0.0,0.0,4095.0,0.0,31.44,1023.75,4095.0,0.0,2047.5,4095.0,4095.0,0.0,4095.0,0.9999999997557998,0.9999999997557998,1,MEDIUM
0.0,0.0,4095.0,0.0,31.44,1023.75,4095.0,0.0,2047.5,4095.0,4095.0,0.0,4095.0,0.9999999997557998,0.9999999997557998,1,MEDIUM
0.0,0.0,4095.0,0.0,31.44,1023.75,4095.0,0.0,2047.5,4095.0,4095.0,0.0,4095.0,0.9999999997557998,0.9999999997557998,1,MEDIUM
0.0,0.0,4095.0,0.0,31.37,1023.75,4095.0,0.0,2047.5,4095.0,4095.0,0.0,4095.0,0.9999999997557998,0.9999999997557998,1,MEDIUM
73.3,0.0,4095.0,0.0,31.43,1042.075,4095.0,0.0,2035.576631448691,4168.3,4095.0,73.3,4095.0,0.9648297864921358,0.9824148931261149,1,MEDIUM
0.0,0.0,4095.0,0.0,31.44,1023.75,4095.0,0.0,2047.5,4095.0,4095.0,0.0,4095.0,0.9999999997557998,0.9999999997557998,1,MEDIUM
0.0,0.0,4095.0,0.0,31.44,1023.75,4095.0,0.0,2047.5,4095.0,4095.0,0.0,4095.0,0.9999999997557998,0.9999999997557998,1,MEDIUM
0.0,0.0,4095.0,0.0,31.37,1023.75,4095.0,0.0,2047.5,4095.0,4095.0,0.0,4095.0,0.9999999997557998,0.9999999997557998,1,MEDIUM
0.0,0.0,4095.0,0.0,31.37,1023.75,4095.0,0.0,2047.5,4095.0,4095.0,0.0,4095.0,0.9999999997557998,0.9999999997557998,1,MEDIUM
624.0,0.0,4095.0,0.0,31.37,1179.75,4095.0,0.0,1965.634821120139,4719.0,4095.0,624.0,4095.0,0.7355371899267774,0.867768594857434,1,MEDIUM
0.0,0.0,4095.0,0.0,31.37,1023.75,4095.0,0.0,2047.5,4095.0,4095.0,0.0,4095.0,0.9999999997557998,0.9999999997557998,1,MEDIUM
1283.0,0.0,4095.0,0.0,31.37,1344.5,4095.0,0.0,1930.8368651960218,5378.0,4095.0,1283.0,4095.0,0.5228709556484062,0.7614354777312318,1,MEDIUM
2530.0,0.0,4095.0,0.0,31.37,1656.25,4095.0,0.0,2016.3720514825632,6625.0,4095.0,2530.0,4095.0,0.2362264150586828,0.6181132074538697,1,MEDIUM
2559.0,0.0,4095.0,0.0,31.37,1663.5,4095.0,0.0,2020.6085716931916,6654.0,4095.0,2559.0,4095.0,0.2308385932926302,0.6154192965711723,1,MEDIUM
2251.0,0.0,4095.0,0.0,31.37,1586.5,4095.0,0.0,1980.5804704681907,6346.0,4095.0,2251.0,4095.0,0.2905767412085445,0.6452883705254824,1,MEDIUM
924.7,0.0,4095.0,0.0,31.39,1254.925,4095.0,0.0,1942.9143116720304,5019.7,4095.0,924.7,4095.0,0.6315716077391933,0.8157858037699891,1,MEDIUM
2656.0,0.0,4095.0,0.0,31.37,1687.75,4095.0,0.0,2035.4656101246221,6751.0,4095.0,2656.0,4095.0,0.21315360684148218,0.606576803346678,1,MEDIUM
2730.0,0.0,4095.0,0.0,31.31,1706.25,4095.0,0.0,2047.5,6825.0,4095.0,2730.0,4095.0,0.19999999997069595,0.5999999999120879,1,MEDIUM
2610.0,0.0,4095.0,0.0,31.37,1676.25,4095.0,0.0,2028.2889956808424,6705.0,4095.0,2610.0,4095.0,0.22147651003408253,0.61073825494247,1,MEDIUM
2709.0,0.0,4095.0,0.0,31.37,1701.0,4095.0,0.0,2044.0239724621626,6804.0,4095.0,2709.0,4095.0,0.2037037036737649,0.6018518517633963,1,MEDIUM
2534.0,0.0,4095.0,0.0,31.31,1657.25,4095.0,0.0,2016.9507306823336,6629.0,4095.0,2534.0,4095.0,0.23548046458960922,0.6177402322193785,1,MEDIUM
0.0,0.0,4095.0,0.0,31.37,1023.75,4095.0,0.0,2047.5,4095.0,4095.0,0.0,4095.0,0.9999999997557998,0.9999999997557998,1,MEDIUM
0.0,0.0,4095.0,0.0,31.37,1023.75,4095.0,0.0,2047.5,4095.0,4095.0,0.0,4095.0,0.9999999997557998,0.9999999997557998,1,MEDIUM
2808.0,0.0,4095.0,0.0,31.37,1725.75,4095.0,0.0,2060.8280495955987,6903.0,4095.0,2808.0,4095.0,0.18644067793909305,0.5932203388971142,1,MEDIUM
1959.0,0.0,4095.0,0.0,31.31,1513.5,4095.0,0.0,1953.1152039754338,6054.0,4095.0,1959.0,4095.0,0.3528245787326025,0.6764122892837112,1,MEDIUM
1952.0,0.0,4095.0,0.0,31.31,1511.75,4095.0,0.0,1952.5860416381142,6047.0,4095.0,1952.0,4095.0,0.35439060685391255,0.6771953033442706,1,MEDIUM
1995.8,0.0,4095.0,0.0,31.35,1522.7,4095.0,0.0,1955.9977402849934,6090.8,4095.0,1995.8,4095.0,0.34465094891563486,0.6723254743757263,1,MEDIUM
0.0,0.0,4095.0,0.0,31.31,1023.75,4095.0,0.0,2047.5,4095.0,4095.0,0.0,4095.0,0.9999999997557998,0.9999999997557998,1,MEDIUM
0.0,0.0,4095.0,0.0,31.37,1023.75,4095.0,0.0,2047.5,4095.0,4095.0,0.0,4095.0,0.9999999997557998,0.9999999997557998,1,MEDIUM
0.0,0.0,4095.0,0.0,31.31,1023.75,4095.0,0.0,2047.5,4095.0,4095.0,0.0,4095.0,0.9999999997557998,0.9999999997557998,1,MEDIUM
0.0,0.0,4095.0,0.0,31.37,1023.75,4095.0,0.0,2047.5,4095.0,4095.0,0.0,4095.0,0.9999999997557998,0.9999999997557998,1,MEDIUM
1535.0,0.0,4095.0,0.0,31.37,1407.5,4095.0,0.0,1932.2719787855954,5630.0,4095.0,1535.0,4095.0,0.45470692709507865,0.7273534634587293,1,MEDIUM
1011.0,0.0,4095.0,0.0,31.31,1276.5,4095.0,0.0,1938.4991617228004,5106.0,4095.0,1011.0,4095.0,0.6039952995291822,0.8019976496666671,1,MEDIUM
1775.0,0.0,4095.0,0.0,31.31,1467.5,4095.0,0.0,1941.2560366937691,5870.0,4095.0,1775.0,4095.0,0.39522998289689437,0.6976149913632683,1,MEDIUM
0.0,0.0,4095.0,0.0,31.31,1023.75,4095.0,0.0,2047.5,4095.0,4095.0,0.0,4095.0,0.9999999997557998,0.9999999997557998,1,MEDIUM
619.0,0.0,4095.0,0.0,31.31,1178.5,4095.0,0.0,1966.1075758971074,4714.0,4095.0,619.0,4095.0,0.7373780227540564,0.8686890112709611,1,MEDIUM
2368.0,0.0,4095.0,0.0,31.31,1615.75,4095.0,0.0,1994.4804461312726,6463.0,4095.0,2368.0,4095.0,0.26721336836342047,0.6336066841043467,1,MEDIUM
730.8,0.0,4095.0,0.0,31.33,1206.45,4095.0,0.0,1956.272580700348,4825.8,4095.0,730.8,4095.0,0.697127937192356,0.8485639684925682,1,MEDIUM
2321.0,0.0,4095.0,0.0,31.31,1604.0,4095.0,0.0,1988.701586462886,6416.0,4095.0,2321.0,4095.0,0.2764962593085261,0.6382481295763328,1,MEDIUM
2559.0,0.0,4095.0,0.0,31.31,1663.5,4095.0,0.0,2020.6085716931916,6654.0,4095.0,2559.0,4095.0,0.2308385932926302,0.6154192965711723,1,MEDIUM
586.0,0.0,4095.0,0.0,31.31,1170.25,4095.0,0.0,1969.3045092113105,4681.0,4095.0,586.0,4095.0,0.7496261480987767,0.8748130739425736,1,MEDIUM
1840.0,0.0,4095.0,0.0,31.31,1483.75,4095.0,0.0,1944.9566190534945,5935.0,4095.0,1840.0,4095.0,0.3799494523369925,0.6899747260842503,1,MEDIUM
2805.0,0.0,4095.0,0.0,31.31,1725.0,4095.0,0.0,2060.3033757192165,6900.0,4095.0,2805.0,4095.0,0.18695652171203528,0.5934782607835538,1,MEDIUM
2835.0,0.0,4095.0,0.0,31.31,1732.5,4095.0,0.0,2065.5931351551303,6930.0,4095.0,2835.0,4095.0,0.18181818179194542,0.5909090908238226,1,MEDIUM
2860.0,0.0,4095.0,0.0,31.31,1738.75,4095.0,0.0,2070.073972108243,6955.0,4095.0,2860.0,4095.0,0.17757009343241262,0.5887850466443155,1,MEDIUM
3023.0,0.0,4095.0,0.0,31.31,1779.5,4095.0,0.0,2100.878625718297,7118.0,4095.0,3023.0,4095.0,0.15060410225476198,0.5753020510571365,1,MEDIUM
3038.0,0.0,4095.0,0.0,31.31,1783.25,4095.0,0.0,2103.849388620773,7133.0,4095.0,3038.0,4095.0,0.14818449458177702,0.5740922472207918,1,MEDIUM
3119.0,0.0,4095.0,0.0,31.31,1803.5,4095.0,0.0,2120.278047804108,7214.0,4095.0,3119.0,4095.0,0.13529248681240746,0.5676462433368941,1,MEDIUM
2498.6,0.0,4095.0,0.0,31.31,1648.4,4095.0,0.0,2011.8927009162294,6593.6,4095.0,2498.6,4095.0,0.24211356463205022,0.6210567822401939,1,MEDIUM
3115.0,0.0,4095.0,0.0,31.31,1802.5,4095.0,0.0,2119.4515800083755,7210.0,4095.0,3115.0,4095.0,0.13592233007823545,0.5679611649697696,1,MEDIUM
3139.0,0.0,4095.0,0.0,31.31,1808.5,4095.0,0.0,2124.4338069236237,7234.0,4095.0,3139.0,4095.0,0.13215371853301716,0.5660768591973905,1,MEDIUM
3483.0,0.0,4095.0,0.0,31.31,1894.5,4095.0,0.0,2201.801762193863,7578.0,4095.0,3483.0,4095.0,0.0807600950012193,0.5403800474346292,1,MEDIUM
0.0,0.0,4095.0,0.0,31.31,1023.75,4095.0,0.0,2047.5,4095.0,4095.0,0.0,4095.0,0.9999999997557998,0.9999999997557998,1,MEDIUM
3065.0,0.0,4095.0,0.0,31.31,1790.0,4095.0,0.0,2109.253422422256,7160.0,4095.0,3065.0,4095.0,0.1438547485832605,0.5719273742217978,1,MEDIUM
3221.0,0.0,4095.0,0.0,31.31,1829.0,4095.0,0.0,2141.8762802739097,7316.0,4095.0,3221.0,4095.0,0.11946418806458936,0.5597320939639513,1,MEDIUM
3254.0,0.0,4095.0,0.0,31.31,1837.25,4095.0,0.0,2149.076604032532,7349.0,4095.0,3254.0,4095.0,0.11443733839781775,0.5572186691308724,1,MEDIUM
3467.0,0.0,4095.0,0.0,31.31,1890.5,4095.0,0.0,2197.9651953568327,7562.0,4095.0,3467.0,4095.0,0.08304681300144845,0.5415234064346042,1,MEDIUM
3543.0,0.0,4095.0,0.0,31.31,1909.5,4095.0,0.0,2216.3869247042585,7638.0,4095.0,3543.0,4095.0,0.07227022779886486,0.5361351138339703,2,MEDIUM
3602.0,0.0,4095.0,0.0,31.31,1924.25,4095.0,0.0,2231.0294148665994,7697.0,4095.0,3602.0,4095.0,0.0640509289250291,0.5320254643975542,2,MEDIUM
2988.9,0.0,4095.0,0.0,31.31,1770.975,4095.0,0.0,2094.2093502083308,7083.9,4095.0,2988.9,4095.0,0.15614280267138964,0.5780714012651123,1,MEDIUM
3612.0,0.0,4095.0,0.0,31.31,1926.75,4095.0,0.0,2233.5402951368483,7707.0,4095.0,3612.0,4095.0,0.06267029971938883,0.5313351497948183,2,MEDIUM
3575.0,0.0,4095.0,0.0,31.31,1917.5,4095.0,0.0,2224.2920221949275,7670.0,4095.0,3575.0,4095.0,0.06779661016065233,0.5338983050151371,2,MEDIUM
3583.0,0.0,4095.0,0.0,31.31,1919.5,4095.0,0.0,2226.281877930106,7678.0,4095.0,3583.0,4095.0,0.06668403229139307,0.5333420160805754,2,MEDIUM
3670.0,0.0,4095.0,0.0,31.31,1941.25,4095.0,0.0,2248.267388457165,7765.0,4095.0,3670.0,4095.0,0.05473277526661522,0.5273663875689161,2,MEDIUM
3638.0,0.0,4095.0,0.0,31.31,1933.25,4095.0,0.0,2240.1076425029223,7733.0,4095.0,3638.0,4095.0,0.059097374879206334,0.5295486873749452,2,MEDIUM
3669.0,0.0,4095.0,0.0,31.31,1941.0,4095.0,0.0,2248.0111209689335,7764.0,4095.0,3669.0,4095.0,0.054868624413334795,0.5274343121422675,2,MEDIUM
3648.0,0.0,4095.0,0.0,31.31,1935.75,4095.0,0.0,2242.6484900670457,7743.0,4095.0,3648.0,4095.0,0.057729562177743825,0.5288647810242975,2,MEDIUM
3642.0,0.0,4095.0,0.0,31.31,1934.25,4095.0,0.0,2241.1229885929956,7737.0,4095.0,3642.0,4095.0,0.058549825506197514,0.5292749126884742,2,MEDIUM
3676.0,0.0,4095.0,0.0,31.37,1942.75,4095.0,0.0,2249.8067139201094,7771.0,4095.0,3676.0,4095.0,0.05391841461151481,0.5269592072414157,2,MEDIUM
3685.0,0.0,4095.0,0.0,31.31,1945.0,4095.0,0.0,2252.1212223146426,7780.0,4095.0,3685.0,4095.0,0.05269922878500009,0.5263496143282327,2,MEDIUM
3639.8,0.0,4095.0,0.0,31.32,1933.7,4095.0,0.0,2240.564384256788,7734.8,4095.0,3639.8,4095.0,0.0588509075788836,0.5294254537247989,2,MEDIUM
3195.0,0.0,4095.0,0.0,31.31,1822.5,4095.0,0.0,2136.275965319088,7290.0,4095.0,3195.0,4095.0,0.12345679010652169,0.5617283949846738,1,MEDIUM
2213.0,0.0,4095.0,0.0,31.37,1577.0,4095.0,0.0,1976.4174660228036,6308.0,4095.0,2213.0,4095.0,0.29835129988929115,0.6491756498653811,1,MEDIUM
0.0,0.0,4095.0,0.0,31.37,1023.75,4095.0,0.0,2047.5,4095.0,4095.0,0.0,4095.0,0.9999999997557998,0.9999999997557998,1,MEDIUM
0.0,0.0,4095.0,0.0,31.37,1023.75,4095.0,0.0,2047.5,4095.0,4095.0,0.0,4095.0,0.9999999997557998,0.9999999997557998,1,MEDIUM
0.0,0.0,4095.0,0.0,31.37,1023.75,4095.0,0.0,2047.5,4095.0,4095.0,0.0,4095.0,0.9999999997557998,0.9999999997557998,1,MEDIUM
0.0,0.0,4095.0,0.0,31.37,1023.75,4095.0,0.0,2047.5,4095.0,4095.0,0.0,4095.0,0.9999999997557998,0.9999999997557998,1,MEDIUM
0.0,0.0,4095.0,0.0,31.37,1023.75,4095.0,0.0,2047.5,4095.0,4095.0,0.0,4095.0,0.9999999997557998,0.9999999997557998,1,MEDIUM
0.0,0.0,4095.0,0.0,31.37,1023.75,4095.0,0.0,2047.5,4095.0,4095.0,0.0,4095.0,0.9999999997557998,0.9999999997557998,1,MEDIUM
0.0,0.0,4095.0,0.0,31.37,1023.75,4095.0,0.0,2047.5,4095.0,4095.0,0.0,4095.0,0.9999999997557998,0.9999999997557998,1,MEDIUM
0.0,0.0,4095.0,0.0,31.37,1023.75,4095.0,0.0,2047.5,4095.0,4095.0,0.0,4095.0,0.9999999997557998,0.9999999997557998,1,MEDIUM
540.8,0.0,4095.0,0.0,31.37,1158.95,4095.0,0.0,1973.8987841325604,4635.8,4095.0,540.8,4095.0,0.7666853615844761,0.8833426806843817,1,MEDIUM
0.0,0.0,4095.0,0.0,31.37,1023.75,4095.0,0.0,2047.5,4095.0,4095.0,0.0,4095.0,0.9999999997557998,0.9999999997557998,1,MEDIUM
0.0,0.0,4095.0,0.0,31.37,1023.75,4095.0,0.0,2047.5,4095.0,4095.0,0.0,4095.0,0.9999999997557998,0.9999999997557998,1,MEDIUM
0.0,0.0,4095.0,0.0,31.37,1023.75,4095.0,0.0,2047.5,4095.0,4095.0,0.0,4095.0,0.9999999997557998,0.9999999997557998,1,MEDIUM
0.0,0.0,4095.0,0.0,31.37,1023.75,4095.0,0.0,2047.5,4095.0,4095.0,0.0,4095.0,0.9999999997557998,0.9999999997557998,1,MEDIUM
0.0,0.0,4095.0,0.0,31.37,1023.75,4095.0,0.0,2047.5,4095.0,4095.0,0.0,4095.0,0.9999999997557998,0.9999999997557998,1,MEDIUM
0.0,0.0,4095.0,0.0,31.37,1023.75,4095.0,0.0,2047.5,4095.0,4095.0,0.0,4095.0,0.9999999997557998,0.9999999997557998,1,MEDIUM
0.0,0.0,4095.0,0.0,31.37,1023.75,4095.0,0.0,2047.5,4095.0,4095.0,0.0,4095.0,0.9999999997557998,0.9999999997557998,1,MEDIUM
0.0,0.0,4095.0,0.0,31.37,1023.75,4095.0,0.0,2047.5,4095.0,4095.0,0.0,4095.0,0.9999999997557998,0.9999999997557998,1,MEDIUM
0.0,0.0,4095.0,0.0,31.37,1023.75,4095.0,0.0,2047.5,4095.0,4095.0,0.0,4095.0,0.9999999997557998,0.9999999997557998,1,MEDIUM
91.0,0.0,4095.0,0.0,31.37,1046.5,4095.0,0.0,2032.7860192356695,4186.0,4095.0,91.0,4095.0,0.9565217389019297,0.978260869331519,1,MEDIUM
9.1,0.0,4095.0,0.0,31.37,1026.025,4095.0,0.0,2045.9878304867798,4104.1,4095.0,9.1,4095.0,0.9955654099569782,0.9977827048566595,1,MEDIUM
0.0,0.0,4095.0,0.0,31.44,1023.75,4095.0,0.0,2047.5,4095.0,4095.0,0.0,4095.0,0.9999999997557998,0.9999999997557998,1,MEDIUM
0.0,0.0,4095.0,0.0,31.37,1023.75,4095.0,0.0,2047.5,4095.0,4095.0,0.0,4095.0,0.9999999997557998,0.9999999997557998,1,MEDIUM
2032.0,0.0,4095.0,0.0,31.37,1531.75,4095.0,0.0,1958.99776671644,6127.0,4095.0,2032.0,4095.0,0.3367063815347305,0.6683531906857592,1,MEDIUM
0.0,0.0,4095.0,0.0,31.37,1023.75,4095.0,0.0,2047.5,4095.0,4095.0,0.0,4095.0,0.9999999997557998,0.9999999997557998,1,MEDIUM
0.0,0.0,4095.0,0.0,31.37,1023.75,4095.0,0.0,2047.5,4095.0,4095.0,0.0,4095.0,0.9999999997557998,0.9999999997557998,1,MEDIUM
1132.0,0.0,4095.0,0.0,31.37,1306.75,4095.0,0.0,1933.913713173367,5227.0,4095.0,1132.0,4095.0,0.5668643580319754,0.7834321789203305,1,MEDIUM
0.0,0.0,4095.0,0.0,31.37,1023.75,4095.0,0.0,2047.5,4095.0,4095.0,0.0,4095.0,0.9999999997557998,0.9999999997557998,1,MEDIUM
0.0,0.0,4095.0,0.0,31.37,1023.75,4095.0,0.0,2047.5,4095.0,4095.0,0.0,4095.0,0.9999999997557998,0.9999999997557998,1,MEDIUM
64.0,0.0,4095.0,0.0,31.37,1039.75,4095.0,0.0,2037.0567616048404,4159.0,4095.0,64.0,4095.0,0.9692233707696024,0.98461168526458,1,MEDIUM
278.0,0.0,4095.0,0.0,31.37,1093.25,4095.0,0.0,2005.4531283478057,4373.0,4095.0,278.0,4095.0,0.8728561626176866,0.9364280811945053,1,MEDIUM
350.6,0.0,4095.0,0.0,31.38,1111.4,4095.0,0.0,1995.9213010537264,4445.6,4095.0,350.6,4095.0,0.8422710093480584,0.9211355045615583,1,MEDIUM
0.0,0.0,4095.0,0.0,31.37,1023.75,4095.0,0.0,2047.5,4095.0,4095.0,0.0,4095.0,0.9999999997557998,0.9999999997557998,1,MEDIUM
0.0,0.0,4095.0,0.0,31.37,1023.75,4095.0,0.0,2047.5,4095.0,4095.0,0.0,4095.0,0.9999999997557998,0.9999999997557998,1,MEDIUM
0.0,0.0,4095.0,0.0,31.37,1023.75,4095.0,0.0,2047.5,4095.0,4095.0,0.0,4095.0,0.9999999997557998,0.9999999997557998,1,MEDIUM
0.0,0.0,4095.0,0.0,31.37,1023.75,4095.0,0.0,2047.5,4095.0,4095.0,0.0,4095.0,0.9999999997557998,0.9999999997557998,1,MEDIUM
0.0,0.0,4095.0,0.0,31.37,1023.75,4095.0,0.0,2047.5,4095.0,4095.0,0.0,4095.0,0.9999999997557998,0.9999999997557998,1,MEDIUM
0.0,0.0,4095.0,0.0,31.37,1023.75,4095.0,0.0,2047.5,4095.0,4095.0,0.0,4095.0,0.9999999997557998,0.9999999997557998,1,MEDIUM
0.0,0.0,4095.0,0.0,31.37,1023.75,4095.0,0.0,2047.5,4095.0,4095.0,0.0,4095.0,0.9999999997557998,0.9999999997557998,1,MEDIUM
0.0,0.0,4095.0,0.0,31.37,1023.75,4095.0,0.0,2047.5,4095.0,4095.0,0.0,4095.0,0.9999999997557998,0.9999999997557998,1,MEDIUM
2265.0,0.0,4095.0,0.0,31.37,1590.0,4095.0,0.0,1982.1579150007196,6360.0,4095.0,2265.0,4095.0,0.2877358490113623,0.6438679244270648,1,MEDIUM
0.0,0.0,4095.0,0.0,31.37,1023.75,4095.0,0.0,2047.5,4095.0,4095.0,0.0,4095.0,0.9999999997557998,0.9999999997557998,1,MEDIUM
226.5,0.0,4095.0,0.0,31.37,1080.375,4095.0,0.0,2012.5842994766704,4321.5,4095.0,226.5,4095.0,0.8951752861517586,0.9475876429601786,1,MEDIUM
2251.0,0.0,4095.0,0.0,31.37,1586.5,4095.0,0.0,1980.5804704681907,6346.0,4095.0,2251.0,4095.0,0.2905767412085445,0.6452883705254824,1,MEDIUM
1311.0,0.0,4095.0,0.0,31.37,1351.5,4095.0,0.0,1930.5903242272816,5406.0,4095.0,1311.0,4095.0,0.514983351736037,0.7574916757755287,1,MEDIUM
2315.0,0.0,4095.0,0.0,31.37,1602.5,4095.0,0.0,1987.982645799505,6410.0,4095.0,2315.0,4095.0,0.2776911076009842,0.638845553722489,1,MEDIUM
2338.0,0.0,4095.0,0.0,31.37,1608.25,4095.0,0.0,1990.7617260737156,6433.0,4095.0,2338.0,4095.0,0.27312295969639,0.6365614797704707,1,MEDIUM
2482.0,0.0,4095.0,0.0,31.37,1644.25,4095.0,0.0,2009.5701654831562,6577.0,4095.0,2482.0,4095.0,0.24524859354641193,0.6226242966971834,1,MEDIUM
0.0,0.0,4095.0,0.0,31.37,1023.75,4095.0,0.0,2047.5,4095.0,4095.0,0.0,4095.0,0.9999999997557998,0.9999999997557998,1,MEDIUM
0.0,3369.0,4095.0,0.0,31.31,1866.0,4095.0,0.0,2174.960689299924,7464.0,4095.0,3369.0,4095.0,0.09726688101590743,0.5486334404409655,1,MEDIUM
4095.0,3423.0,4073.0,0.0,31.37,2897.75,4095.0,0.0,1956.822488116896,11591.0,4095.0,7518.0,4073.0,0.2972133551637293,0.3532913467040556,2,MEDIUM
0.0,0.0,4095.0,0.0,31.37,1023.75,4095.0,0.0,2047.5,4095.0,4095.0,0.0,4095.0,0.9999999997557998,0.9999999997557998,1,MEDIUM
0.0,0.0,4095.0,0.0,31.37,1023.75,4095.0,0.0,2047.5,4095.0,4095.0,0.0,4095.0,0.9999999997557998,0.9999999997557998,1,MEDIUM
1479.2,679.2,4092.8,0.0,31.37,1562.8000000000002,4092.8,0.0,1791.7386118888362,6251.200000000001,4092.8,2158.4,4092.8,0.30944458658986357,0.6547222932149471,1,MEDIUM
1603.0,0.0,4095.0,0.0,31.37,1424.5,4095.0,0.0,1934.0659244193307,5698.0,4095.0,1603.0,4095.0,0.4373464372696829,0.7186732185470913,1,MEDIUM
2558.0,0.0,4095.0,0.0,31.37,1663.25,4095.0,0.0,2020.4609003888197,6653.0,4095.0,2558.0,4095.0,0.23102359834194744,0.6155117990958197,1,MEDIUM
1822.0,0.0,4095.0,0.0,31.37,1479.25,4095.0,0.0,1943.8781469011888,5917.0,4095.0,1822.0,4095.0,0.38414737191412074,0.692073685872558,1,MEDIUM
2736.0,0.0,4095.0,0.0,31.37,1707.75,4095.0,0.0,2048.5019526473484,6831.0,4095.0,2736.0,4095.0,0.1989459815255532,0.5994729906895808,1,MEDIUM
1925.0,0.0,4095.0,0.0,31.37,1505.0,4095.0,0.0,1950.6024710329882,6020.0,4095.0,1925.0,4095.0,0.3604651162191918,0.6802325580265394,1,MEDIUM
3467.0,0.0,4095.0,0.0,31.37,1890.5,4095.0,0.0,2197.9651953568327,7562.0,4095.0,3467.0,4095.0,0.08304681300144845,0.5415234064346042,1,MEDIUM
0.0,0.0,0.0,0.0,31.37,0.0,0.0,0.0,0.0,0.0,0.0,0.0,0.0,0.0,0.0,0,MEDIUM
4095.0,0.0,0.0,0.0,31.37,1023.75,4095.0,0.0,2047.5,4095.0,4095.0,4095.0,0.0,0.9999999997557998,0.9999999997557998,1,MEDIUM
4095.0,0.0,0.0,0.0,31.37,1023.75,4095.0,0.0,2047.5,4095.0,4095.0,4095.0,0.0,0.9999999997557998,0.9999999997557998,1,MEDIUM
1138.0,0.0,4095.0,0.0,31.37,1308.25,4095.0,0.0,1933.7353102221616,5233.0,4095.0,1138.0,4095.0,0.5650678386078601,0.7825339192083826,1,MEDIUM
2343.9,0.0,2866.5,0.0,31.37,1302.6,2866.5,0.0,1519.1688977858914,5210.4,2866.5,2343.9,2866.5,0.10029940117835492,0.5501497004932155,0,MEDIUM
0.0,0.0,4095.0,0.0,31.37,1023.75,4095.0,0.0,2047.5,4095.0,4095.0,0.0,4095.0,0.9999999997557998,0.9999999997557998,1,MEDIUM
0.0,0.0,4095.0,0.0,31.37,1023.75,4095.0,0.0,2047.5,4095.0,4095.0,0.0,4095.0,0.9999999997557998,0.9999999997557998,1,MEDIUM
0.0,0.0,4095.0,0.0,31.37,1023.75,4095.0,0.0,2047.5,4095.0,4095.0,0.0,4095.0,0.9999999997557998,0.9999999997557998,1,MEDIUM
1936.0,0.0,4095.0,0.0,31.37,1507.75,4095.0,0.0,1951.3995618529793,6031.0,4095.0,1936.0,4095.0,0.35798375056243015,0.6789918751983101,1,MEDIUM
2320.0,0.0,4095.0,0.0,31.37,1603.75,4095.0,0.0,1988.5814667747459,6415.0,4095.0,2320.0,4095.0,0.27669524547518387,0.6383476226596496,1,MEDIUM
0.0,0.0,4095.0,0.0,31.37,1023.75,4095.0,0.0,2047.5,4095.0,4095.0,0.0,4095.0,0.9999999997557998,0.9999999997557998,1,MEDIUM
0.0,0.0,4095.0,0.0,31.37,1023.75,4095.0,0.0,2047.5,4095.0,4095.0,0.0,4095.0,0.9999999997557998,0.9999999997557998,1,MEDIUM
1116.0,0.0,4095.0,0.0,31.37,1302.75,4095.0,0.0,1934.412119999252,5211.0,4095.0,1116.0,4095.0,0.571675302135545,0.7858376509718216,1,MEDIUM
1584.0,0.0,4095.0,0.0,31.44,1419.75,4095.0,0.0,1933.5046547655375,5679.0,4095.0,1584.0,4095.0,0.44215530895542254,0.7210776543896675,1,MEDIUM
1616.0,0.0,4095.0,0.0,31.37,1427.75,4095.0,0.0,1934.476738035379,5711.0,4095.0,1616.0,4095.0,0.4340745928149055,0.7170372963199024,1,MEDIUM
857.2,0.0,4095.0,0.0,31.38,1238.05,4095.0,0.0,1947.0272751042805,4952.2,4095.0,857.2,4095.0,0.6538104275566798,0.8269052136773747,1,MEDIUM
2365.0,0.0,4095.0,0.0,31.37,1615.0,4095.0,0.0,1994.103808732133,6460.0,4095.0,2365.0,4095.0,0.2678018575436839,0.6339009286944426,1,MEDIUM
778.0,0.0,4095.0,0.0,31.37,1218.25,4095.0,0.0,1952.5860416381142,4873.0,4095.0,778.0,4095.0,0.6806895135069383,0.840344756650863,1,MEDIUM
1535.0,0.0,4095.0,0.0,31.37,1407.5,4095.0,0.0,1932.2719787855954,5630.0,4095.0,1535.0,4095.0,0.45470692709507865,0.7273534634587293,1,MEDIUM
1553.0,0.0,4095.0,0.0,31.37,1412.0,4095.0,0.0,1932.688800609141,5648.0,4095.0,1553.0,4095.0,0.4500708214500583,0.7250354106365022,1,MEDIUM
2220.0,0.0,4095.0,0.0,31.37,1578.75,4095.0,0.0,1977.171274826741,6315.0,4095.0,2220.0,4095.0,0.2969121139672348,0.6484560569044409,1,MEDIUM
0.0,0.0,4095.0,0.0,31.37,1023.75,4095.0,0.0,2047.5,4095.0,4095.0,0.0,4095.0,0.9999999997557998,0.9999999997557998,1,MEDIUM
0.0,0.0,4095.0,0.0,31.37,1023.75,4095.0,0.0,2047.5,4095.0,4095.0,0.0,4095.0,0.9999999997557998,0.9999999997557998,1,MEDIUM
0.0,0.0,4095.0,0.0,31.37,1023.75,4095.0,0.0,2047.5,4095.0,4095.0,0.0,4095.0,0.9999999997557998,0.9999999997557998,1,MEDIUM
0.0,0.0,4095.0,0.0,31.37,1023.75,4095.0,0.0,2047.5,4095.0,4095.0,0.0,4095.0,0.9999999997557998,0.9999999997557998,1,MEDIUM
388.0,0.0,4095.0,0.0,31.37,1120.75,4095.0,0.0,1991.2514281225262,4483.0,4095.0,388.0,4095.0,0.8269016281894039,0.9134508139831695,1,MEDIUM
883.9,0.0,4095.0,0.0,31.37,1244.725,4095.0,0.0,1945.3314119964239,4978.9,4095.0,883.9,4095.0,0.6449416536494121,0.8224708267242823,1,MEDIUM
449.0,0.0,4095.0,0.0,31.37,1136.0,4095.0,0.0,1983.9894152943457,4544.0,4095.0,449.0,4095.0,0.8023767603868008,0.9011883800833652,1,MEDIUM
528.0,0.0,4095.0,0.0,31.37,1155.75,4095.0,0.0,1975.2448582390994,4623.0,4095.0,528.0,4095.0,0.7715768979512054,0.8857884488674478,1,MEDIUM
0.0,0.0,4095.0,0.0,31.37,1023.75,4095.0,0.0,2047.5,4095.0,4095.0,0.0,4095.0,0.9999999997557998,0.9999999997557998,1,MEDIUM
0.0,0.0,4095.0,0.0,31.37,1023.75,4095.0,0.0,2047.5,4095.0,4095.0,0.0,4095.0,0.9999999997557998,0.9999999997557998,1,MEDIUM
245.0,0.0,4095.0,0.0,31.37,1085.0,4095.0,0.0,2009.987562150572,4340.0,4095.0,245.0,4095.0,0.8870967739891481,0.9435483868793667,1,MEDIUM
1023.0,0.0,4095.0,0.0,31.37,1279.5,4095.0,0.0,1937.960525913776,5118.0,4095.0,1023.0,4095.0,0.600234466471232,0.8001172331379216,1,MEDIUM
0.0,0.0,4095.0,0.0,31.37,1023.75,4095.0,0.0,2047.5,4095.0,4095.0,0.0,4095.0,0.9999999997557998,0.9999999997557998,1,MEDIUM
0.0,0.0,4095.0,0.0,31.37,1023.75,4095.0,0.0,2047.5,4095.0,4095.0,0.0,4095.0,0.9999999997557998,0.9999999997557998,1,MEDIUM
0.0,0.0,4095.0,0.0,31.31,1023.75,4095.0,0.0,2047.5,4095.0,4095.0,0.0,4095.0,0.9999999997557998,0.9999999997557998,1,MEDIUM
1147.0,0.0,4095.0,0.0,31.37,1310.5,4095.0,0.0,1933.4764027523067,5242.0,4095.0,1147.0,4095.0,0.5623807705909232,0.7811903852000781,1,MEDIUM
339.2,0.0,4095.0,0.0,31.37,1108.55,4095.0,0.0,1997.3773829699783,4434.2,4095.0,339.2,4095.0,0.8470073517552191,0.9235036757648496,1,MEDIUM
2494.0,0.0,4095.0,0.0,31.37,1647.25,4095.0,0.0,2011.2459446820521,6589.0,4095.0,2494.0,4095.0,0.24298072541463336,0.6214903626314326,1,MEDIUM
2291.0,0.0,4095.0,0.0,31.31,1596.5,4095.0,0.0,1985.1496165276812,6386.0,4095.0,2291.0,4095.0,0.2824929532911849,0.6412464765672962,1,MEDIUM
0.0,0.0,4095.0,0.0,31.37,1023.75,4095.0,0.0,2047.5,4095.0,4095.0,0.0,4095.0,0.9999999997557998,0.9999999997557998,1,MEDIUM
4095.0,2851.0,0.0,2772.0,31.31,2429.5,4095.0,0.0,1729.2897385921192,9718.0,4095.0,6946.0,2772.0,0.429512245273769,0.42138300057404987,1,MEDIUM
4095.0,3180.0,4095.0,0.0,31.31,2842.5,4095.0,0.0,1943.4698351145046,11370.0,4095.0,7275.0,4095.0,0.27968337728410875,0.36015831131397025,2,MEDIUM
0.0,0.0,4095.0,0.0,31.37,1023.75,4095.0,0.0,2047.5,4095.0,4095.0,0.0,4095.0,0.9999999997557998,0.9999999997557998,1,MEDIUM
1285.0,0.0,4095.0,0.0,31.37,1345.0,4095.0,0.0,1930.8158897212338,5380.0,4095.0,1285.0,4095.0,0.5223048326166719,0.7611524162153991,1,MEDIUM
0.0,0.0,4095.0,0.0,31.37,1023.75,4095.0,0.0,2047.5,4095.0,4095.0,0.0,4095.0,0.9999999997557998,0.9999999997557998,1,MEDIUM
0.0,0.0,4095.0,0.0,31.37,1023.75,4095.0,0.0,2047.5,4095.0,4095.0,0.0,4095.0,0.9999999997557998,0.9999999997557998,1,MEDIUM
237.0,0.0,4095.0,0.0,31.37,1083.0,4095.0,0.0,2011.105666045422,4332.0,4095.0,237.0,4095.0,0.8905817172459414,0.9452908585075505,1,MEDIUM
1449.7,603.1,3685.5,277.2,31.36,1503.875,3685.5,277.2,1536.0718003509253,6015.5,3408.3,2052.8,3962.7,0.3174964674062843,0.6126672761012938,1,MEDIUM
2183.0,0.0,4095.0,0.0,31.37,1569.5,4095.0,0.0,1973.2539116900289,6278.0,4095.0,2183.0,4095.0,0.30455559090402107,0.6522777953723673,1,MEDIUM
0.0,0.0,4095.0,0.0,31.37,1023.75,4095.0,0.0,2047.5,4095.0,4095.0,0.0,4095.0,0.9999999997557998,0.9999999997557998,1,MEDIUM
0.0,0.0,4095.0,0.0,31.37,1023.75,4095.0,0.0,2047.5,4095.0,4095.0,0.0,4095.0,0.9999999997557998,0.9999999997557998,1,MEDIUM
0.0,0.0,4095.0,0.0,31.37,1023.75,4095.0,0.0,2047.5,4095.0,4095.0,0.0,4095.0,0.9999999997557998,0.9999999997557998,1,MEDIUM
0.0,0.0,4095.0,0.0,31.37,1023.75,4095.0,0.0,2047.5,4095.0,4095.0,0.0,4095.0,0.9999999997557998,0.9999999997557998,1,MEDIUM
0.0,0.0,4095.0,0.0,31.37,1023.75,4095.0,0.0,2047.5,4095.0,4095.0,0.0,4095.0,0.9999999997557998,0.9999999997557998,1,MEDIUM
0.0,0.0,4095.0,0.0,31.37,1023.75,4095.0,0.0,2047.5,4095.0,4095.0,0.0,4095.0,0.9999999997557998,0.9999999997557998,1,MEDIUM
0.0,0.0,4095.0,0.0,31.37,1023.75,4095.0,0.0,2047.5,4095.0,4095.0,0.0,4095.0,0.9999999997557998,0.9999999997557998,1,MEDIUM
0.0,0.0,4095.0,0.0,31.37,1023.75,4095.0,0.0,2047.5,4095.0,4095.0,0.0,4095.0,0.9999999997557998,0.9999999997557998,1,MEDIUM
0.0,0.0,4095.0,0.0,31.37,1023.75,4095.0,0.0,2047.5,4095.0,4095.0,0.0,4095.0,0.9999999997557998,0.9999999997557998,1,MEDIUM
218.3,0.0,4095.0,0.0,31.37,1078.325,4095.0,0.0,2013.74780508881,4313.3,4095.0,218.3,4095.0,0.8987781974593052,0.949389098613732,1,MEDIUM
0.0,0.0,4095.0,0.0,31.37,1023.75,4095.0,0.0,2047.5,4095.0,4095.0,0.0,4095.0,0.9999999997557998,0.9999999997557998,1,MEDIUM
0.0,0.0,4095.0,0.0,31.37,1023.75,4095.0,0.0,2047.5,4095.0,4095.0,0.0,4095.0,0.9999999997557998,0.9999999997557998,1,MEDIUM
0.0,0.0,4095.0,0.0,31.37,1023.75,4095.0,0.0,2047.5,4095.0,4095.0,0.0,4095.0,0.9999999997557998,0.9999999997557998,1,MEDIUM
0.0,0.0,4095.0,0.0,31.37,1023.75,4095.0,0.0,2047.5,4095.0,4095.0,0.0,4095.0,0.9999999997557998,0.9999999997557998,1,MEDIUM
0.0,0.0,4095.0,0.0,31.37,1023.75,4095.0,0.0,2047.5,4095.0,4095.0,0.0,4095.0,0.9999999997557998,0.9999999997557998,1,MEDIUM
0.0,0.0,4095.0,0.0,31.37,1023.75,4095.0,0.0,2047.5,4095.0,4095.0,0.0,4095.0,0.9999999997557998,0.9999999997557998,1,MEDIUM
0.0,0.0,4095.0,0.0,31.37,1023.75,4095.0,0.0,2047.5,4095.0,4095.0,0.0,4095.0,0.9999999997557998,0.9999999997557998,1,MEDIUM
799.0,0.0,4095.0,0.0,31.37,1223.5,4095.0,0.0,1951.0353661581842,4894.0,4095.0,799.0,4095.0,0.6734777276923829,0.8367388637440255,1,MEDIUM
0.0,0.0,4095.0,0.0,31.37,1023.75,4095.0,0.0,2047.5,4095.0,4095.0,0.0,4095.0,0.9999999997557998,0.9999999997557998,1,MEDIUM
0.0,0.0,4095.0,0.0,31.37,1023.75,4095.0,0.0,2047.5,4095.0,4095.0,0.0,4095.0,0.9999999997557998,0.9999999997557998,1,MEDIUM
79.9,0.0,4095.0,0.0,31.37,1043.725,4095.0,0.0,2034.532010684521,4174.9,4095.0,79.9,4095.0,0.9617236338686619,0.9808618168145676,1,MEDIUM
0.0,0.0,4095.0,0.0,31.37,1023.75,4095.0,0.0,2047.5,4095.0,4095.0,0.0,4095.0,0.9999999997557998,0.9999999997557998,1,MEDIUM
0.0,0.0,4095.0,0.0,31.37,1023.75,4095.0,0.0,2047.5,4095.0,4095.0,0.0,4095.0,0.9999999997557998,0.9999999997557998,1,MEDIUM
3825.0,2507.0,4095.0,3867.0,31.37,3573.5,4095.0,2507.0,720.8279961266766,14294.0,1588.0,6332.0,7962.0,0.11403386035301288,0.28648383935312133,3,MEDIUM
0.0,0.0,4095.0,0.0,31.37,1023.75,4095.0,0.0,2047.5,4095.0,4095.0,0.0,4095.0,0.9999999997557998,0.9999999997557998,1,MEDIUM
0.0,0.0,4095.0,0.0,31.37,1023.75,4095.0,0.0,2047.5,4095.0,4095.0,0.0,4095.0,0.9999999997557998,0.9999999997557998,1,MEDIUM
0.0,0.0,4095.0,0.0,31.37,1023.75,4095.0,0.0,2047.5,4095.0,4095.0,0.0,4095.0,0.9999999997557998,0.9999999997557998,1,MEDIUM
0.0,0.0,4095.0,0.0,31.37,1023.75,4095.0,0.0,2047.5,4095.0,4095.0,0.0,4095.0,0.9999999997557998,0.9999999997557998,1,MEDIUM
0.0,0.0,4095.0,0.0,31.37,1023.75,4095.0,0.0,2047.5,4095.0,4095.0,0.0,4095.0,0.9999999997557998,0.9999999997557998,1,MEDIUM
0.0,0.0,4095.0,0.0,31.37,1023.75,4095.0,0.0,2047.5,4095.0,4095.0,0.0,4095.0,0.9999999997557998,0.9999999997557998,1,MEDIUM
293.0,0.0,4095.0,0.0,31.37,1097.0,4095.0,0.0,2003.433552679,4388.0,4095.0,293.0,4095.0,0.866453965162613,0.9332269824673594,1,MEDIUM
411.8,250.7,4095.0,386.7,31.37,1286.05,4095.0,250.7,1873.9702247723503,5144.2,3844.3,662.5,4481.7,0.7424283657823513,0.7960421443963994,1,MEDIUM
4095.0,3856.0,4095.0,4095.0,31.5,4035.25,4095.0,3856.0,119.5,16141.0,239.0,7951.0,8190.0,0.014807013195291058,0.2537017532833343,4,HIGH
4095.0,4048.0,4095.0,4095.0,31.5,4083.25,4095.0,4048.0,23.5,16333.0,47.0,8143.0,8190.0,0.0028776097469615128,0.2507194024214339,4,HIGH
4095.0,3955.0,4095.0,4095.0,31.56,4060.0,4095.0,3955.0,70.0,16240.0,140.0,8050.0,8190.0,0.008620689654641583,0.2521551723982663,4,HIGH
4081.1,3836.2,4095.0,3276.0,31.48,3822.075,4095.0,3276.0,382.9618899664386,15288.3,819.0,7917.299999999999,7371.0,0.035733207744763386,0.2678518867193964,3,HIGH
4095.0,3927.0,4095.0,4095.0,31.56,4053.0,4095.0,3927.0,84.0,16212.0,168.0,8022.0,8190.0,0.010362694299878936,0.25259067355954906,4,HIGH
4095.0,3902.0,4095.0,4095.0,31.56,4046.75,4095.0,3902.0,96.5,16187.0,193.0,7997.0,8190.0,0.011923148204613383,0.25298078703570887,4,HIGH
4095.0,3914.0,4095.0,4095.0,31.56,4049.75,4095.0,3914.0,90.5,16199.0,181.0,8009.0,8190.0,0.011173529229509628,0.25279338229194437,4,HIGH
4095.0,3909.0,4095.0,4095.0,31.62,4048.5,4095.0,3909.0,93.0,16194.0,186.0,8004.0,8190.0,0.011485735456867622,0.2528714338487791,4,HIGH
4095.0,3906.0,4095.0,4095.0,31.56,4047.75,4095.0,3906.0,94.5,16191.0,189.0,8001.0,8190.0,0.011673151750251796,0.2529182879221223,4,HIGH
4095.0,3877.0,4095.0,4095.0,31.56,4040.5,4095.0,3877.0,109.0,16162.0,218.0,7972.0,8190.0,0.01348842964896124,0.2533721073967719,4,HIGH
3574.0,3154.0,4095.0,0.0,31.62,2705.75,4095.0,0.0,1844.4407237244936,10823.0,4095.0,6728.0,4095.0,0.2432782038027092,0.3783608980524475,2,HIGH
4095.0,3746.0,4095.0,4095.0,31.62,4007.75,4095.0,3746.0,174.5,16031.0,349.0,7841.0,8190.0,0.021770320003632316,0.2554425799853133,4,HIGH
4095.0,3730.0,4095.0,4095.0,31.62,4003.75,4095.0,3730.0,182.5,16015.0,365.0,7825.0,8190.0,0.0227911333110964,0.25569778331216375,4,HIGH
4095.0,3908.0,4095.0,4095.0,31.62,4048.25,4095.0,3908.0,93.5,16193.0,187.0,8003.0,8190.0,0.011548199838723634,0.25288704994424216,4,HIGH
4042.9,3797.3,4095.0,3685.5,31.59,3905.175,4095.0,3685.5,195.70030446237598,15620.7,409.5,7840.200000000001,7780.5,0.0038218517733634772,0.2621521442533208,4,HIGH
4095.0,3968.0,4095.0,4095.0,31.62,4063.25,4095.0,3968.0,63.5,16253.0,127.0,8063.0,8190.0,0.007813942040988498,0.25195348549486535,4,HIGH
4095.0,3824.0,4095.0,4095.0,31.62,4027.25,4095.0,3824.0,135.5,16109.0,271.0,7919.0,8190.0,0.016822894033346397,0.25420572349281734,4,HIGH
4095.0,3869.0,4095.0,4095.0,31.69,4038.5,4095.0,3869.0,113.0,16154.0,226.0,7964.0,8190.0,0.01399034294824871,0.25349758572158615,4,HIGH
4095.0,3897.0,4095.0,4095.0,31.69,4045.5,4095.0,3897.0,99.0,16182.0,198.0,7992.0,8190.0,0.012235817574327288,0.25305895437813253,4,HIGH
4095.0,3854.0,4095.0,4095.0,31.69,4034.75,4095.0,3854.0,120.5,16139.0,241.0,7949.0,8190.0,0.01493277154625858,0.2537331928710742,4,HIGH
4095.0,3876.0,4095.0,4095.0,31.69,4040.25,4095.0,3876.0,109.5,16161.0,219.0,7971.0,8190.0,0.013551141636436411,0.25338778539363976,4,HIGH
4095.0,3883.0,4095.0,4095.0,31.69,4042.0,4095.0,3883.0,106.0,16168.0,212.0,7978.0,8190.0,0.013112320632538822,0.25327808014267206,4,HIGH
4095.0,3867.0,4095.0,4095.0,31.69,4038.0,4095.0,3867.0,114.0,16152.0,228.0,7962.0,8190.0,0.014115898959007188,0.2535289747242738,4,HIGH
4095.0,3873.0,4095.0,4095.0,31.75,4039.5,4095.0,3873.0,111.0,16158.0,222.0,7968.0,8190.0,0.013739324172933573,0.25343483102776115,4,HIGH
4095.0,3875.0,4095.0,4095.0,31.75,4040.0,4095.0,3875.0,110.0,16160.0,220.0,7970.0,8190.0,0.013613861385296171,0.2534034653308537,4,HIGH
4095.0,3878.6,4095.0,4095.0,31.69,4040.9,4095.0,3878.6,108.20000000000005,16163.6,216.4000000000001,7973.6,8190.0,0.013388106609085322,0.2533470266368045,4,HIGH
4095.0,3844.0,4095.0,4095.0,31.75,4032.25,4095.0,3844.0,125.5,16129.0,251.0,7939.0,8190.0,0.0155620311230974,0.25389050776527433,4,HIGH
4095.0,3874.0,4095.0,4095.0,31.75,4039.75,4095.0,3874.0,110.5,16159.0,221.0,7969.0,8190.0,0.01367658889698146,0.2534191472087741,4,HIGH
4095.0,3877.0,4095.0,4095.0,31.75,4040.5,4095.0,3877.0,109.0,16162.0,218.0,7972.0,8190.0,0.01348842964896124,0.2533721073967719,4,HIGH
4095.0,3855.0,4095.0,4095.0,31.75,4035.0,4095.0,3855.0,120.0,16140.0,240.0,7950.0,8190.0,0.014869888474915124,0.2537174721032393,4,HIGH
4095.0,3839.0,4095.0,4095.0,31.75,4031.0,4095.0,3839.0,128.0,16124.0,256.0,7934.0,8190.0,0.015876953608541494,0.25396923838663055,4,HIGH
4095.0,3787.0,4095.0,4095.0,31.75,4018.0,4095.0,3787.0,154.0,16072.0,308.0,7882.0,8190.0,0.01916376306500972,0.2547909407506974,4,HIGH
4095.0,3768.0,4095.0,4095.0,31.75,4013.25,4095.0,3768.0,163.5,16053.0,327.0,7863.0,8190.0,0.020370024293255466,0.2550925060577404,4,HIGH
4095.0,3792.0,4095.0,4095.0,31.81,4019.25,4095.0,3792.0,151.5,16077.0,303.0,7887.0,8190.0,0.018846799774905342,0.25471169992817616,4,HIGH
4095.0,3802.0,4095.0,4095.0,31.81,4021.75,4095.0,3802.0,146.5,16087.0,293.0,7897.0,8190.0,0.01821346428680217,0.25455336605616,4,HIGH
4095.0,3799.0,4095.0,4095.0,31.81,4021.0,4095.0,3799.0,148.0,16084.0,296.0,7894.0,8190.0,0.018403382242078874,0.2546008455449763,4,HIGH
4095.0,3823.7,4095.0,4095.0,31.77,4027.175,4095.0,3823.7,135.6500000000001,16108.7,271.3000000000002,7918.7,8190.0,0.016841830810876007,0.2542104576871994,4,HIGH
4095.0,3819.0,4095.0,4095.0,31.81,4026.0,4095.0,3819.0,138.0,16104.0,276.0,7914.0,8190.0,0.017138599104747975,0.2542846497606629,4,HIGH
4095.0,3783.0,4095.0,4095.0,31.81,4017.0,4095.0,3783.0,156.0,16068.0,312.0,7878.0,8190.0,0.019417475726946885,0.25485436891617785,4,HIGH
4095.0,3819.0,4095.0,4095.0,31.81,4026.0,4095.0,3819.0,138.0,16104.0,276.0,7914.0,8190.0,0.017138599104747975,0.2542846497606629,4,HIGH
4095.0,3818.0,4095.0,4095.0,31.81,4025.75,4095.0,3818.0,138.5,16103.0,277.0,7913.0,8190.0,0.01720176364545726,0.25430044089583925,4,HIGH
4095.0,3828.0,4095.0,4095.0,31.87,4028.25,4095.0,3828.0,133.5,16113.0,267.0,7923.0,8190.0,0.01657047104719354,0.25414261774628294,4,HIGH
4095.0,3819.0,4095.0,4095.0,31.81,4026.0,4095.0,3819.0,138.0,16104.0,276.0,7914.0,8190.0,0.017138599104747975,0.2542846497606629,4,HIGH
4095.0,3814.0,4095.0,4095.0,31.87,4024.75,4095.0,3814.0,140.5,16099.0,281.0,7909.0,8190.0,0.01745450027843627,0.25436362505408017,4,HIGH
4095.0,3834.0,4095.0,4095.0,31.87,4029.75,4095.0,3834.0,130.5,16119.0,261.0,7929.0,8190.0,0.016192071467448846,0.25404801785135256,4,HIGH
4095.0,3838.0,4095.0,4095.0,31.87,4030.75,4095.0,3838.0,128.5,16123.0,257.0,7933.0,8190.0,0.015939961544629414,0.25398499037065153,4,HIGH
4095.0,3823.0,4095.0,4095.0,31.87,4027.0,4095.0,3823.0,136.0,16108.0,272.0,7918.0,8190.0,0.016886019368209212,0.25422150482653205,4,HIGH
4095.0,3819.5,4095.0,4095.0,31.84,4026.125,4095.0,3819.5,137.75,16104.5,275.5,7914.5,8190.0,0.017107019776018688,0.25427675492848106,4,HIGH
4095.0,3780.0,4095.0,4095.0,31.87,4016.25,4095.0,3780.0,157.5,16065.0,315.0,7875.0,8190.0,0.01960784313603437,0.2549019607684468,4,HIGH
4095.0,3780.0,4095.0,4095.0,31.87,4016.25,4095.0,3780.0,157.5,16065.0,315.0,7875.0,8190.0,0.01960784313603437,0.2549019607684468,4,HIGH
4095.0,3768.0,4095.0,4095.0,31.87,4013.25,4095.0,3768.0,163.5,16053.0,327.0,7863.0,8190.0,0.020370024293255466,0.2550925060577404,4,HIGH
4095.0,3794.0,4095.0,4095.0,31.87,4019.75,4095.0,3794.0,150.5,16079.0,301.0,7889.0,8190.0,0.018720069654908883,0.25468001739817897,4,HIGH
4095.0,3839.0,4095.0,4095.0,31.94,4031.0,4095.0,3839.0,128.0,16124.0,256.0,7934.0,8190.0,0.015876953608541494,0.25396923838663055,4,HIGH
4095.0,2979.0,4095.0,4047.0,31.87,3804.0,4095.0,2979.0,550.4652577592885,15216.0,1116.0,7074.0,8142.0,0.07018927444333667,0.26912460566054647,3,HIGH
4095.0,2548.0,4095.0,3694.0,31.87,3608.0,4095.0,2548.0,731.5130438572735,14432.0,1547.0,6643.0,7789.0,0.07940687360868855,0.2837444567430887,3,HIGH
4095.0,4017.0,4095.0,4095.0,31.87,4075.5,4095.0,4017.0,39.0,16302.0,78.0,8112.0,8190.0,0.004784688994921808,0.2511961722333949,4,HIGH
4095.0,4049.0,4095.0,4095.0,31.87,4083.5,4095.0,4049.0,23.0,16334.0,46.0,8144.0,8190.0,0.0028162115830282714,0.25070405288045156,4,HIGH
4095.0,3845.0,4095.0,4095.0,31.94,4032.5,4095.0,3845.0,125.0,16130.0,250.0,7940.0,8190.0,0.015499070054835766,0.25387476749820986,4,HIGH
4095.0,3639.9,4095.0,4050.1,31.89,3970.0,4095.0,3639.9,221.0822019068925,15880.0,455.0999999999999,7734.9,8145.1,0.025831234255300345,0.2578715365076907,4,HIGH
4095.0,3792.0,4095.0,4095.0,31.94,4019.25,4095.0,3792.0,151.5,16077.0,303.0,7887.0,8190.0,0.018846799774905342,0.25471169992817616,4,HIGH
4095.0,3748.0,4095.0,4095.0,31.94,4008.25,4095.0,3748.0,173.5,16033.0,347.0,7843.0,8190.0,0.021642861596604324,0.25541071538355825,4,HIGH
4095.0,3705.0,4095.0,4095.0,31.94,3997.5,4095.0,3705.0,195.0,15990.0,390.0,7800.0,8190.0,0.02439024390091368,0.25609756095959363,4,HIGH
4095.0,3870.0,4095.0,4095.0,31.94,4038.75,4095.0,3870.0,112.5,16155.0,225.0,7965.0,8190.0,0.013927576600809188,0.2534818941347272,4,HIGH
4095.0,3933.0,4095.0,4095.0,31.94,4054.5,4095.0,3933.0,81.0,16218.0,162.0,8028.0,8190.0,0.00998890122024979,0.25249722528964746,4,HIGH
4095.0,3967.0,4095.0,4095.0,31.94,4063.0,4095.0,3967.0,64.0,16252.0,128.0,8062.0,8190.0,0.007875953728287229,0.2519689884166891,4,HIGH
4095.0,3927.0,4095.0,4095.0,31.94,4053.0,4095.0,3927.0,84.0,16212.0,168.0,8022.0,8190.0,0.010362694299878936,0.25259067355954906,4,HIGH
4095.0,3917.0,4095.0,4095.0,31.94,4050.5,4095.0,3917.0,89.0,16202.0,178.0,8012.0,8190.0,0.010986297987224645,0.25274657448137594,4,HIGH
4095.0,3888.0,4095.0,4095.0,31.94,4043.25,4095.0,3888.0,103.5,16173.0,207.0,7983.0,8190.0,0.012799109626364984,0.25319977739113336,4,HIGH
4095.0,3899.0,4095.0,4095.0,31.94,4046.0,4095.0,3899.0,98.0,16184.0,196.0,7994.0,8190.0,0.012110726642850301,0.25302768164526523,4,HIGH
4095.0,3864.6,4095.0,4095.0,31.94,4037.4,4095.0,3864.6,115.20000000000003,16149.6,230.4000000000001,7959.6,8190.0,0.01426660722158648,0.25356665178991633,4,HIGH
4095.0,3847.0,4095.0,4095.0,31.94,4033.0,4095.0,3847.0,124.0,16132.0,248.0,7942.0,8190.0,0.015373171335521128,0.25384329281838314,4,HIGH
4095.0,3863.0,4095.0,4095.0,31.94,4037.0,4095.0,3863.0,116.0,16148.0,232.0,7958.0,8190.0,0.014367104284470703,0.2535917760556359,4,HIGH
4095.0,3833.0,4095.0,4095.0,32.0,4029.5,4095.0,3833.0,131.0,16118.0,262.0,7928.0,8190.0,0.016255118500046215,0.25406377960950094,4,HIGH
4095.0,3858.0,4095.0,4095.0,31.94,4035.75,4095.0,3858.0,118.5,16143.0,237.0,7953.0,8190.0,0.014681286005409076,0.25367032148586566,4,HIGH
4095.0,3855.0,4095.0,4095.0,32.0,4035.0,4095.0,3855.0,120.0,16140.0,240.0,7950.0,8190.0,0.014869888474915124,0.2537174721032393,4,HIGH
4095.0,3787.0,4095.0,4095.0,31.94,4018.0,4095.0,3787.0,154.0,16072.0,308.0,7882.0,8190.0,0.01916376306500972,0.2547909407506974,4,HIGH
4095.0,3841.0,4095.0,4095.0,31.94,4031.5,4095.0,3841.0,127.0,16126.0,254.0,7936.0,8190.0,0.01575096117972523,0.2539377402794284,4,HIGH
4095.0,3820.0,4095.0,4095.0,31.94,4026.25,4095.0,3820.0,137.5,16105.0,275.0,7915.0,8190.0,0.017075442408129436,0.2542688605865092,4,HIGH
4095.0,3829.0,4095.0,4095.0,32.0,4028.5,4095.0,3829.0,133.0,16114.0,266.0,7924.0,8190.0,0.016507384881686273,0.2541268462049071,4,HIGH
4095.0,3875.0,4095.0,4095.0,32.0,4040.0,4095.0,3875.0,110.0,16160.0,220.0,7970.0,8190.0,0.013613861385296171,0.2534034653308537,4,HIGH
4095.0,3840.8,4095.0,4095.0,31.96,4031.45,4095.0,3840.8,127.09999999999991,16125.8,254.19999999999982,7935.8,8190.0,0.015763559016249505,0.2539408897385593,4,HIGH
4095.0,3813.0,4095.0,4095.0,32.0,4024.5,4095.0,3813.0,141.0,16098.0,282.0,7908.0,8190.0,0.01751770406152828,0.2543794259998522,4,HIGH
4095.0,3835.0,4095.0,4095.0,32.0,4030.0,4095.0,3835.0,130.0,16120.0,260.0,7930.0,8190.0,0.016129032257063955,0.2540322580487573,4,HIGH
4095.0,3827.0,4095.0,4095.0,32.0,4028.0,4095.0,3827.0,134.0,16112.0,268.0,7922.0,8190.0,0.01663356504365482,0.2541583912453973,4,HIGH
4095.0,3819.0,4095.0,4095.0,32.0,4026.0,4095.0,3819.0,138.0,16104.0,276.0,7914.0,8190.0,0.017138599104747975,0.2542846497606629,4,HIGH
4095.0,3809.0,4095.0,4095.0,32.0,4023.5,4095.0,3809.0,143.0,16094.0,286.0,7904.0,8190.0,0.017770597737183386,0.2544426494187621,4,HIGH
4095.0,3747.0,4095.0,4095.0,32.0,4008.0,4095.0,3747.0,174.0,16032.0,348.0,7842.0,8190.0,0.02170658682499335,0.2554266466906545,4,HIGH
4095.0,3712.0,4095.0,4095.0,32.0,3999.25,4095.0,3712.0,191.5,15997.0,383.0,7807.0,8190.0,0.0239419891214639,0.255985497264738,4,HIGH
4095.0,3737.0,4095.0,4095.0,32.0,4005.5,4095.0,3737.0,179.0,16022.0,358.0,7832.0,8190.0,0.022344276618253382,0.2555860691389598,4,HIGH
4095.0,3728.0,4095.0,4095.0,32.0,4003.25,4095.0,3728.0,183.5,16013.0,367.0,7823.0,8190.0,0.02291887840985956,0.2557297195868526,4,HIGH
4095.0,3754.0,4095.0,4095.0,32.0,4009.75,4095.0,3754.0,170.5,16039.0,341.0,7849.0,8190.0,0.021260677098244238,0.2553151692589741,4,HIGH
4095.0,3778.1,4095.0,4095.0,32.0,4015.775,4095.0,3778.1,158.45000000000005,16063.1,316.9000000000001,7873.1,8190.0,0.019728445940090714,0.25493211146945904,4,HIGH
4095.0,3791.0,4095.0,4095.0,32.0,4019.0,4095.0,3791.0,152.0,16076.0,304.0,7886.0,8190.0,0.018910176659684613,0.25472754414937,4,HIGH
4095.0,3767.0,4095.0,4095.0,32.0,4013.0,4095.0,3767.0,164.0,16052.0,328.0,7862.0,8190.0,0.020433590828530176,0.25510839769155813,4,HIGH
4095.0,3742.0,4095.0,4095.0,32.0,4006.75,4095.0,3742.0,176.5,16027.0,353.0,7837.0,8190.0,0.02202533225045078,0.25550633304701403,4,HIGH
4095.0,3761.0,4095.0,4095.0,32.0,4011.5,4095.0,3761.0,167.0,16046.0,334.0,7856.0,8190.0,0.02081515642398011,0.2552037890904148,4,HIGH
4095.0,3757.0,4095.0,4095.0,32.0,4010.5,4095.0,3757.0,169.0,16042.0,338.0,7852.0,8190.0,0.02106969205703343,0.2552674229986743,4,HIGH
4095.0,3759.0,4095.0,4095.0,32.0,4011.0,4095.0,3759.0,168.0,16044.0,336.0,7854.0,8190.0,0.02094240837565804,0.25523560207833235,4,HIGH
4095.0,3726.0,4095.0,4095.0,32.0,4002.75,4095.0,3726.0,184.5,16011.0,369.0,7821.0,8190.0,0.0230466554229563,0.25576166384012483,4,HIGH
4095.0,3787.0,4095.0,4095.0,32.0,4018.0,4095.0,3787.0,154.0,16072.0,308.0,7882.0,8190.0,0.01916376306500972,0.2547909407506974,4,HIGH
4095.0,3803.0,4095.0,4095.0,32.06,4022.0,4095.0,3803.0,146.0,16088.0,292.0,7898.0,8190.0,0.018150174041636612,0.2545375434948696,4,HIGH
4095.0,3767.0,4095.0,4095.0,32.0,4013.0,4095.0,3767.0,164.0,16052.0,328.0,7862.0,8190.0,0.020433590828530176,0.25510839769155813,4,HIGH
4095.0,3766.0,4095.0,4095.0,32.01,4012.75,4095.0,3766.0,164.5,16051.0,329.0,7861.0,8190.0,0.020497165284374983,0.2551242913055184,4,HIGH
4095.0,3737.0,4095.0,4095.0,32.0,4005.5,4095.0,3737.0,179.0,16022.0,358.0,7832.0,8190.0,0.022344276618253382,0.2555860691389598,4,HIGH
4095.0,3792.0,4095.0,4095.0,32.0,4019.25,4095.0,3792.0,151.5,16077.0,303.0,7887.0,8190.0,0.018846799774905342,0.25471169992817616,4,HIGH
4095.0,3830.0,4095.0,4095.0,32.0,4028.75,4095.0,3830.0,132.5,16115.0,265.0,7925.0,8190.0,0.01644430654567519,0.2541110766209053,4,HIGH
4095.0,3732.0,4095.0,4095.0,32.06,4004.25,4095.0,3732.0,181.5,16017.0,363.0,7827.0,8190.0,0.022663420114711653,0.2556658550130695,4,HIGH
4095.0,3760.0,4095.0,4095.0,32.06,4011.25,4095.0,3760.0,167.5,16045.0,335.0,7855.0,8190.0,0.02087877843434847,0.2552196945930059,4,HIGH
4095.0,3774.0,4095.0,4095.0,32.0,4014.75,4095.0,3774.0,160.5,16059.0,321.0,7869.0,8190.0,0.019988791330718673,0.25499719781711205,4,HIGH
4095.0,3744.0,4095.0,4095.0,32.06,4007.25,4095.0,3744.0,175.5,16029.0,351.0,7839.0,8190.0,0.021897810217611963,0.25547445253880624,4,HIGH
4095.0,3745.0,4095.0,4095.0,32.06,4007.5,4095.0,3745.0,175.0,16030.0,350.0,7840.0,8190.0,0.021834061134009104,0.2554585152679065,4,HIGH
4095.0,3760.0,4095.0,4095.0,32.0,4011.25,4095.0,3760.0,167.5,16045.0,335.0,7855.0,8190.0,0.02087877843434847,0.2552196945930059,4,HIGH
4095.0,3893.0,4095.0,4095.0,32.06,4044.5,4095.0,3893.0,101.0,16178.0,202.0,7988.0,8190.0,0.012486092223236118,0.25312152304035596,4,HIGH
4095.0,3776.7,4095.0,4095.0,32.03,4015.425,4095.0,3776.7,159.1500000000001,16061.7,318.3000000000002,7871.7,8190.0,0.019817329422177156,0.2549543323399793,4,HIGH
4095.0,3728.0,4095.0,4095.0,32.06,4003.25,4095.0,3728.0,183.5,16013.0,367.0,7823.0,8190.0,0.02291887840985956,0.2557297195868526,4,HIGH
4095.0,3735.0,4095.0,4095.0,32.06,4005.0,4095.0,3735.0,180.0,16020.0,360.0,7830.0,8190.0,0.022471910110956807,0.2556179775121337,4,HIGH
4095.0,3861.0,4095.0,4095.0,32.06,4036.5,4095.0,3861.0,117.0,16146.0,234.0,7956.0,8190.0,0.0144927536222908,0.25362318839008896,4,HIGH
4095.0,3906.0,4095.0,4095.0,32.06,4047.75,4095.0,3906.0,94.5,16191.0,189.0,8001.0,8190.0,0.011673151750251796,0.2529182879221223,4,HIGH
4095.0,3851.0,4095.0,4095.0,32.06,4034.0,4095.0,3851.0,122.0,16136.0,244.0,7946.0,8190.0,0.01512146752509163,0.2537803668657796,4,HIGH
4095.0,3831.0,4095.0,4095.0,32.06,4029.0,4095.0,3831.0,132.0,16116.0,264.0,7926.0,8190.0,0.016381236037702827,0.2540953089939132,4,HIGH
4095.0,3942.0,4095.0,4095.0,32.06,4056.75,4095.0,3942.0,76.5,16227.0,153.0,8037.0,8190.0,0.009428729894039025,0.25235718245810335,4,HIGH
4095.0,3742.0,4095.0,4095.0,32.06,4006.75,4095.0,3742.0,176.5,16027.0,353.0,7837.0,8190.0,0.02202533225045078,0.25550633304701403,4,HIGH
4095.0,3966.0,4095.0,4095.0,32.06,4062.75,4095.0,3966.0,64.5,16251.0,129.0,8061.0,8190.0,0.00793797304732398,0.25198449324644734,4,HIGH
4095.0,4010.0,4095.0,4095.0,32.06,4073.75,4095.0,4010.0,42.5,16295.0,85.0,8105.0,8190.0,0.00521632402545466,0.25130408099102153,4,HIGH
4095.0,3857.2,4095.0,4095.0,32.06,4035.55,4095.0,3857.2,118.90000000000009,16142.2,237.80000000000018,7952.2,8190.0,0.014731573142772894,0.2536828932702058,4,HIGH
4095.0,3999.0,4095.0,4095.0,32.06,4071.0,4095.0,3999.0,48.0,16284.0,96.0,8094.0,8190.0,0.005895357405680707,0.2514738393360677,4,HIGH
4095.0,4009.0,4095.0,4095.0,32.06,4073.5,4095.0,4009.0,43.0,16294.0,86.0,8104.0,8190.0,0.005278016447448262,0.251319504096519,4,HIGH
4095.0,3925.0,4095.0,4095.0,32.06,4052.5,4095.0,3925.0,85.0,16210.0,170.0,8020.0,8190.0,0.010487353484855808,0.2526218383557914,4,HIGH
4095.0,3919.0,4095.0,4095.0,32.06,4051.0,4095.0,3919.0,88.0,16204.0,176.0,8014.0,8190.0,0.010861515674471642,0.2527153789031896,4,HIGH
4095.0,3920.0,4095.0,4095.0,32.06,4051.25,4095.0,3920.0,87.5,16205.0,175.0,8015.0,8190.0,0.010799136068448062,0.2526997840016847,4,HIGH
4095.0,3946.0,4095.0,4095.0,32.06,4057.75,4095.0,3946.0,74.5,16231.0,149.0,8041.0,8190.0,0.00917996426534533,0.2522949910509337,4,HIGH
4095.0,3931.0,4095.0,4095.0,32.06,4054.0,4095.0,3931.0,82.0,16216.0,164.0,8026.0,8190.0,0.010113468178952055,0.25252836702932113,4,HIGH
4095.0,3927.0,4095.0,4095.0,32.06,4053.0,4095.0,3927.0,84.0,16212.0,168.0,8022.0,8190.0,0.010362694299878936,0.25259067355954906,4,HIGH
4095.0,3942.0,4095.0,4095.0,32.06,4056.75,4095.0,3942.0,76.5,16227.0,153.0,8037.0,8190.0,0.009428729894039025,0.25235718245810335,4,HIGH
4095.0,3929.0,4095.0,4095.0,32.06,4053.5,4095.0,3929.0,83.0,16214.0,166.0,8024.0,8190.0,0.010238065868370663,0.2525595164516739,4,HIGH
4095.0,3944.7,4095.0,4095.0,32.06,4057.425,4095.0,3944.7,75.15000000000009,16229.7,150.30000000000018,8039.7,8190.0,0.009260799644524505,0.25231519989572726,4,HIGH
4095.0,3916.0,4095.0,4095.0,32.06,4050.25,4095.0,3916.0,89.5,16201.0,179.0,8011.0,8190.0,0.011048700696805833,0.2527621751587703,4,HIGH
4095.0,3929.0,4095.0,4095.0,32.13,4053.5,4095.0,3929.0,83.0,16214.0,166.0,8024.0,8190.0,0.010238065868370663,0.2525595164516739,4,HIGH
4095.0,3937.0,4095.0,4095.0,32.13,4055.5,4095.0,3937.0,79.0,16222.0,158.0,8032.0,8190.0,0.009739859449529042,0.2524349648469711,4,HIGH
4095.0,3829.0,4095.0,4090.0,32.13,4027.25,4095.0,3829.0,132.18768222997684,16109.0,266.0,7924.0,8185.0,0.01620212303580594,0.25420572349281734,4,HIGH
4095.0,3931.0,4095.0,4095.0,32.06,4054.0,4095.0,3931.0,82.0,16216.0,164.0,8026.0,8190.0,0.010113468178952055,0.25252836702932113,4,HIGH
4095.0,3944.0,4095.0,4095.0,32.06,4057.25,4095.0,3944.0,75.5,16229.0,151.0,8039.0,8190.0,0.009304331751229014,0.2523260829224027,4,HIGH
4095.0,3946.0,4095.0,4095.0,32.06,4057.75,4095.0,3946.0,74.5,16231.0,149.0,8041.0,8190.0,0.00917996426534533,0.2522949910509337,4,HIGH
4095.0,3916.0,4095.0,4095.0,32.13,4050.25,4095.0,3916.0,89.5,16201.0,179.0,8011.0,8190.0,0.011048700696805833,0.2527621751587703,4,HIGH
4095.0,3900.0,4095.0,4095.0,32.13,4046.25,4095.0,3900.0,97.5,16185.0,195.0,7995.0,8190.0,0.012048192770339932,0.25301204817713857,4,HIGH
4095.0,3952.0,4095.0,4095.0,32.06,4059.25,4095.0,3952.0,71.5,16237.0,143.0,8047.0,8190.0,0.008807045635966801,0.25220176139359474,4,HIGH
4095.0,3920.0,4095.0,4094.5,32.09,4051.125,4095.0,3920.0,87.41698442903797,16204.5,175.0,8015.0,8189.5,0.010768613656035755,0.2527075812118419,4,HIGH
4095.0,3939.0,4095.0,4095.0,32.06,4056.0,4095.0,3939.0,78.0,16224.0,156.0,8034.0,8190.0,0.009615384614791951,0.2524038461382887,4,HIGH
4095.0,3927.0,4095.0,4095.0,32.06,4053.0,4095.0,3927.0,84.0,16212.0,168.0,8022.0,8190.0,0.010362694299878936,0.25259067355954906,4,HIGH
4095.0,3843.0,4095.0,4001.0,32.06,4008.5,4095.0,3843.0,118.89911690168266,16034.0,252.0,7938.0,8096.0,0.009854060121625666,0.25539478606365257,4,HIGH
4095.0,3887.0,4095.0,3903.0,32.06,3995.0,4095.0,3887.0,115.65465835840769,15980.0,208.0,7982.0,7998.0,0.001001251564392913,0.25625782226181115,4,HIGH
4095.0,3945.0,4095.0,4095.0,32.06,4057.5,4095.0,3945.0,75.0,16230.0,150.0,8040.0,8190.0,0.00924214417687972,0.25231053602881637,4,HIGH
4095.0,3950.0,4095.0,4095.0,32.06,4058.75,4095.0,3950.0,72.5,16235.0,145.0,8045.0,8190.0,0.008931321219037183,0.25223283028936044,4,HIGH
4095.0,4011.0,4095.0,4095.0,32.13,4074.0,4095.0,4011.0,42.0,16296.0,84.0,8106.0,8190.0,0.005154639174941419,0.25128865977839415,4,HIGH
4095.0,3926.0,4095.0,4095.0,32.06,4052.75,4095.0,3926.0,84.5,16211.0,169.0,8021.0,8190.0,0.010425020047472394,0.25260625499644646,4,HIGH
4095.0,3686.0,4095.0,3376.0,32.13,3813.0,4095.0,3376.0,349.35464311594126,15252.0,719.0,7781.0,7471.0,0.020325203250699895,0.26848937842456794,3,HIGH
4095.0,3695.0,4095.0,3771.0,32.06,3914.0,4095.0,3695.0,211.29126815843574,15656.0,400.0,7790.0,7866.0,0.00485436893172877,0.26156106283459624,4,HIGH
4095.0,3880.9,4095.0,3962.1,32.08,4008.25,4095.0,3880.9,105.51298498289202,16033.0,214.0999999999999,7975.9,8057.1,0.005064554356323594,0.25541071538355825,4,HIGH
4095.0,3933.0,4095.0,4095.0,32.13,4054.5,4095.0,3933.0,81.0,16218.0,162.0,8028.0,8190.0,0.00998890122024979,0.25249722528964746,4,HIGH
4095.0,3917.0,4095.0,4095.0,32.13,4050.5,4095.0,3917.0,89.0,16202.0,178.0,8012.0,8190.0,0.010986297987224645,0.25274657448137594,4,HIGH
4095.0,3908.0,4095.0,4095.0,32.06,4048.25,4095.0,3908.0,93.5,16193.0,187.0,8003.0,8190.0,0.011548199838723634,0.25288704994424216,4,HIGH
4095.0,3954.0,4095.0,4095.0,32.06,4059.75,4095.0,3954.0,70.5,16239.0,141.0,8049.0,8190.0,0.008682800664530895,0.25217070015073767,4,HIGH
4095.0,3905.0,4095.0,4095.0,32.13,4047.5,4095.0,3905.0,95.0,16190.0,190.0,8000.0,8190.0,0.01173563928278347,0.2529339098052542,4,HIGH
4095.0,3941.0,4095.0,4095.0,32.06,4056.5,4095.0,3941.0,77.0,16226.0,154.0,8036.0,8190.0,0.009490940465333974,0.2523727351009261,4,HIGH
4095.0,3899.0,4095.0,4095.0,32.06,4046.0,4095.0,3899.0,98.0,16184.0,196.0,7994.0,8190.0,0.012110726642850301,0.25302768164526523,4,HIGH
4095.0,3904.0,4095.0,4095.0,32.13,4047.25,4095.0,3904.0,95.5,16189.0,191.0,7999.0,8190.0,0.011798134535067136,0.2529495336183242,4,HIGH
4095.0,3967.0,4095.0,4095.0,32.13,4063.0,4095.0,3967.0,64.0,16252.0,128.0,8062.0,8190.0,0.007875953728287229,0.2519689884166891,4,HIGH
4095.0,3892.0,4095.0,4095.0,32.06,4044.25,4095.0,3892.0,101.5,16177.0,203.0,7987.0,8190.0,0.012548680224235106,0.2531371700406047,4,HIGH
4095.0,3922.0,4095.0,4095.0,32.09,4051.75,4095.0,3922.0,86.5,16207.0,173.0,8017.0,8190.0,0.010674399949979983,0.25266859997206953,4,HIGH
4095.0,3951.0,4095.0,4095.0,32.13,4059.0,4095.0,3951.0,72.0,16236.0,144.0,8046.0,8190.0,0.008869179600340652,0.25221729488468725,4,HIGH
4095.0,3978.0,4095.0,4095.0,32.13,4065.75,4095.0,3978.0,58.5,16263.0,117.0,8073.0,8190.0,0.007194244603874178,0.25179856113559623,4,HIGH
4095.0,4009.0,4095.0,4095.0,32.13,4073.5,4095.0,4009.0,43.0,16294.0,86.0,8104.0,8190.0,0.005278016447448262,0.251319504096519,4,HIGH
4095.0,3952.0,4095.0,4095.0,32.13,4059.25,4095.0,3952.0,71.5,16237.0,143.0,8047.0,8190.0,0.008807045635966801,0.25220176139359474,4,HIGH
4095.0,3836.0,4095.0,4095.0,32.13,4030.25,4095.0,3836.0,129.5,16121.0,259.0,7931.0,8190.0,0.01606600086743589,0.25401650020135125,4,HIGH
4095.0,3856.0,4095.0,4095.0,32.13,4035.25,4095.0,3856.0,119.5,16141.0,239.0,7951.0,8190.0,0.014807013195291058,0.2537017532833343,4,HIGH
4095.0,3986.0,4095.0,4095.0,32.13,4067.75,4095.0,3986.0,54.5,16271.0,109.0,8081.0,8190.0,0.006699035092698725,0.2516747587578099,4,HIGH
4095.0,3674.0,4095.0,3795.0,32.13,3914.75,4095.0,3674.0,213.91645565500565,15659.0,421.0,7769.0,7890.0,0.007727185643545106,0.26151095215138187,4,HIGH
4095.0,3813.0,4095.0,4095.0,32.13,4024.5,4095.0,3813.0,141.0,16098.0,282.0,7908.0,8190.0,0.01751770406152828,0.2543794259998522,4,HIGH
4095.0,3920.0,4095.0,4095.0,32.13,4051.25,4095.0,3920.0,87.5,16205.0,175.0,8015.0,8190.0,0.010799136068448062,0.2526997840016847,4,HIGH
4095.0,3897.5,4095.0,4065.0,32.13,4038.125,4095.0,3897.5,94.81066659400724,16152.5,197.5,7992.5,8160.0,0.010369911777720483,0.2535211267448679,4,HIGH
4095.0,3959.0,4095.0,4095.0,32.13,4061.0,4095.0,3959.0,68.0,16244.0,136.0,8054.0,8190.0,0.008372322087640216,0.25209308050651974,4,HIGH
4095.0,3901.0,4095.0,4095.0,32.13,4046.5,4095.0,3901.0,97.0,16186.0,194.0,7996.0,8190.0,0.011985666624738312,0.25299641664073913,4,HIGH
4095.0,3955.0,4095.0,4095.0,32.13,4060.0,4095.0,3955.0,70.0,16240.0,140.0,8050.0,8190.0,0.008620689654641583,0.2521551723982663,4,HIGH
4095.0,3881.0,4095.0,3659.0,32.13,3932.5,4095.0,3659.0,208.38026138128663,15730.0,436.0,7976.0,7754.0,0.01411315956680781,0.26033057849584673,4,HIGH
4095.0,3870.0,4095.0,2739.0,32.13,3699.75,4095.0,2739.0,649.2228045902269,14799.0,1356.0,7965.0,6834.0,0.07642408270312696,0.2767078856492528,3,HIGH
4095.0,3749.0,4095.0,3975.0,32.06,3978.5,4095.0,3749.0,163.12265323982442,15914.0,346.0,7844.0,8070.0,0.014201332159469565,0.25732059819923836,4,HIGH
4095.0,3836.0,4095.0,4045.0,32.13,4017.75,4095.0,3836.0,123.43790611747538,16071.0,259.0,7931.0,8140.0,0.013004791238068272,0.2548067948320075,4,HIGH
4095.0,3813.0,4095.0,4095.0,32.13,4024.5,4095.0,3813.0,141.0,16098.0,282.0,7908.0,8190.0,0.01751770406152828,0.2543794259998522,4,HIGH
4095.0,3853.0,4095.0,4095.0,32.13,4034.5,4095.0,3853.0,121.0,16138.0,242.0,7948.0,8190.0,0.01499566241076988,0.2537489155872011,4,HIGH
4095.0,3852.0,4095.0,4095.0,32.13,4034.25,4095.0,3852.0,121.5,16137.0,243.0,7947.0,8190.0,0.015058561069897839,0.2537646402519821,4,HIGH
4095.0,3866.9,4095.0,3898.8,32.12,3988.925,4095.0,3866.9,123.17525116678262,15955.7,228.0999999999999,7961.9,7993.8,0.0019992855216631835,0.2566480943953165,4,HIGH
4095.0,3918.0,4095.0,4095.0,32.13,4050.75,4095.0,3918.0,88.5,16203.0,177.0,8013.0,8190.0,0.010923902980255267,0.25273097572963454,4,HIGH
4095.0,3901.0,4095.0,4095.0,32.13,4046.5,4095.0,3901.0,97.0,16186.0,194.0,7996.0,8190.0,0.011985666624738312,0.25299641664073913,4,HIGH
4095.0,3939.0,4095.0,4095.0,32.13,4056.0,4095.0,3939.0,78.0,16224.0,156.0,8034.0,8190.0,0.009615384614791951,0.2524038461382887,4,HIGH
4095.0,3905.0,4095.0,4095.0,32.13,4047.5,4095.0,3905.0,95.0,16190.0,190.0,8000.0,8190.0,0.01173563928278347,0.2529339098052542,4,HIGH
4095.0,3907.0,4095.0,4095.0,32.13,4048.0,4095.0,3907.0,94.0,16192.0,188.0,8002.0,8190.0,0.01161067193604183,0.25290266796857075,4,HIGH
4095.0,3899.0,4095.0,4095.0,32.13,4046.0,4095.0,3899.0,98.0,16184.0,196.0,7994.0,8190.0,0.012110726642850301,0.25302768164526523,4,HIGH
4095.0,3878.0,4095.0,4095.0,32.13,4040.75,4095.0,3878.0,108.5,16163.0,217.0,7973.0,8190.0,0.013425725421430073,0.2533564313398901,4,HIGH
4095.0,3890.0,4095.0,4095.0,32.13,4043.75,4095.0,3890.0,102.5,16175.0,205.0,7985.0,8190.0,0.012673879442802233,0.2531684698452446,4,HIGH
4095.0,3942.0,4095.0,4095.0,32.13,4056.75,4095.0,3942.0,76.5,16227.0,153.0,8037.0,8190.0,0.009428729894039025,0.25235718245810335,4,HIGH
4095.0,3941.0,4095.0,4095.0,32.13,4056.5,4095.0,3941.0,77.0,16226.0,154.0,8036.0,8190.0,0.009490940465333974,0.2523727351009261,4,HIGH
4095.0,3912.0,4095.0,4095.0,32.13,4049.25,4095.0,3912.0,91.5,16197.0,183.0,8007.0,8190.0,0.011298388589782158,0.25282459713201055,4,HIGH
4095.0,3900.0,4095.0,4095.0,32.13,4046.25,4095.0,3900.0,97.5,16185.0,195.0,7995.0,8190.0,0.012048192770339932,0.25301204817713857,4,HIGH
4095.0,3895.0,4095.0,4095.0,32.13,4045.0,4095.0,3895.0,100.0,16180.0,200.0,7990.0,8190.0,0.012360939430632822,0.25309023484220705,4,HIGH
4095.0,3906.0,4095.0,4095.0,32.13,4047.75,4095.0,3906.0,94.5,16191.0,189.0,8001.0,8190.0,0.011673151750251796,0.2529182879221223,4,HIGH
4095.0,3883.0,4095.0,4095.0,32.13,4042.0,4095.0,3883.0,106.0,16168.0,212.0,7978.0,8190.0,0.013112320632538822,0.25327808014267206,4,HIGH
4095.0,3873.0,4095.0,4095.0,32.13,4039.5,4095.0,3873.0,111.0,16158.0,222.0,7968.0,8190.0,0.013739324172933573,0.25343483102776115,4,HIGH
4095.0,3888.0,4095.0,4095.0,32.13,4043.25,4095.0,3888.0,103.5,16173.0,207.0,7983.0,8190.0,0.012799109626364984,0.25319977739113336,4,HIGH
4095.0,3963.0,4095.0,4095.0,32.13,4062.0,4095.0,3963.0,66.0,16248.0,132.0,8058.0,8190.0,0.008124076808953466,0.25203101918685183,4,HIGH
4095.0,3998.0,4095.0,4095.0,32.13,4070.75,4095.0,3998.0,48.5,16283.0,97.0,8093.0,8190.0,0.005957133206045745,0.251489283286158,4,HIGH
4095.0,3947.0,4095.0,4095.0,32.13,4058.0,4095.0,3947.0,74.0,16232.0,148.0,8042.0,8190.0,0.009117792015209599,0.25227944798840074,4,HIGH
4095.0,3974.0,4095.0,4095.0,32.13,4064.75,4095.0,3974.0,60.5,16259.0,121.0,8069.0,8190.0,0.007442032104837811,0.2518605080108334,4,HIGH
4095.0,3922.7,4095.0,4095.0,32.13,4051.925,4095.0,3922.7,86.15000000000009,16207.7,172.30000000000018,8017.7,8190.0,0.01063074958133291,0.25265768737990846,4,HIGH
4095.0,3792.0,4095.0,4095.0,32.13,4019.25,4095.0,3792.0,151.5,16077.0,303.0,7887.0,8190.0,0.018846799774905342,0.25471169992817616,4,HIGH
4095.0,3853.0,4095.0,4095.0,32.13,4034.5,4095.0,3853.0,121.0,16138.0,242.0,7948.0,8190.0,0.01499566241076988,0.2537489155872011,4,HIGH
4095.0,3967.0,4095.0,4095.0,32.13,4063.0,4095.0,3967.0,64.0,16252.0,128.0,8062.0,8190.0,0.007875953728287229,0.2519689884166891,4,HIGH
4095.0,3916.0,4095.0,4095.0,32.13,4050.25,4095.0,3916.0,89.5,16201.0,179.0,8011.0,8190.0,0.011048700696805833,0.2527621751587703,4,HIGH
4095.0,3951.0,4095.0,4095.0,32.13,4059.0,4095.0,3951.0,72.0,16236.0,144.0,8046.0,8190.0,0.008869179600340652,0.25221729488468725,4,HIGH
4095.0,3917.0,4095.0,4095.0,32.13,4050.5,4095.0,3917.0,89.0,16202.0,178.0,8012.0,8190.0,0.010986297987224645,0.25274657448137594,4,HIGH
4095.0,3985.0,4095.0,4095.0,32.13,4067.5,4095.0,3985.0,55.0,16270.0,110.0,8080.0,8190.0,0.00676090964924641,0.2516902273969459,4,HIGH
4095.0,3987.0,4095.0,4095.0,32.13,4068.0,4095.0,3987.0,54.0,16272.0,108.0,8082.0,8190.0,0.006637168141185031,0.2516592920199324,4,HIGH
4095.0,3707.0,4095.0,4095.0,32.13,3998.0,4095.0,3707.0,194.0,15992.0,388.0,7802.0,8190.0,0.024262131064015625,0.2560655327503711,4,HIGH
4095.0,3824.0,4095.0,4095.0,32.13,4027.25,4095.0,3824.0,135.5,16109.0,271.0,7919.0,8190.0,0.016822894033346397,0.25420572349281734,4,HIGH
4095.0,3889.9,4095.0,4095.0,32.13,4043.725,4095.0,3889.9,102.54999999999995,16174.9,205.0999999999999,7984.9,8190.0,0.012680140216466266,0.25317003503866053,4,HIGH
4095.0,3918.0,4095.0,4095.0,32.13,4050.75,4095.0,3918.0,88.5,16203.0,177.0,8013.0,8190.0,0.010923902980255267,0.25273097572963454,4,HIGH
4095.0,3904.0,4095.0,4095.0,32.13,4047.25,4095.0,3904.0,95.5,16189.0,191.0,7999.0,8190.0,0.011798134535067136,0.2529495336183242,4,HIGH
4095.0,3966.0,4095.0,4095.0,32.13,4062.75,4095.0,3966.0,64.5,16251.0,129.0,8061.0,8190.0,0.00793797304732398,0.25198449324644734,4,HIGH
4095.0,4015.0,4095.0,4095.0,32.13,4075.0,4095.0,4015.0,40.0,16300.0,80.0,8110.0,8190.0,0.004907975459821597,0.251226993849618,4,HIGH
4095.0,3952.0,4095.0,4095.0,32.13,4059.25,4095.0,3952.0,71.5,16237.0,143.0,8047.0,8190.0,0.008807045635966801,0.25220176139359474,4,HIGH
4095.0,3664.0,4095.0,3922.0,32.13,3944.0,4095.0,3664.0,203.70403366976643,15776.0,431.0,7759.0,8017.0,0.016353955374216914,0.25957150099774523,4,HIGH
4095.0,3745.0,4095.0,4095.0,32.13,4007.5,4095.0,3745.0,175.0,16030.0,350.0,7840.0,8190.0,0.021834061134009104,0.2554585152679065,4,HIGH
4095.0,3957.0,4095.0,4095.0,32.13,4060.5,4095.0,3957.0,69.0,16242.0,138.0,8052.0,8190.0,0.008496490579454716,0.2521241226294715,4,HIGH
4095.0,3887.0,4095.0,4095.0,32.13,4043.0,4095.0,3887.0,104.0,16172.0,208.0,7982.0,8190.0,0.012861736333609836,0.2532154340679436,4,HIGH
4095.0,3892.0,4095.0,4095.0,32.13,4044.25,4095.0,3892.0,101.5,16177.0,203.0,7987.0,8190.0,0.012548680224235106,0.2531371700406047,4,HIGH
4095.0,3890.0,4095.0,4077.7,32.13,4039.425,4095.0,3890.0,99.94993329996105,16157.7,205.0,7985.0,8172.7,0.011616752383593151,0.2534395365520192,4,HIGH
4095.0,3933.0,4095.0,4095.0,32.13,4054.5,4095.0,3933.0,81.0,16218.0,162.0,8028.0,8190.0,0.00998890122024979,0.25249722528964746,4,HIGH
4095.0,3902.0,4095.0,4095.0,32.13,4046.75,4095.0,3902.0,96.5,16187.0,193.0,7997.0,8190.0,0.011923148204613383,0.25298078703570887,4,HIGH
4095.0,3904.0,4095.0,4095.0,32.13,4047.25,4095.0,3904.0,95.5,16189.0,191.0,7999.0,8190.0,0.011798134535067136,0.2529495336183242,4,HIGH
4095.0,3989.0,4095.0,4095.0,32.13,4068.5,4095.0,3989.0,53.0,16274.0,106.0,8084.0,8190.0,0.006513457047651871,0.25162836424655105,4,HIGH
4095.0,3853.0,4095.0,4011.0,32.13,4013.5,4095.0,3853.0,114.09206808538444,16054.0,242.0,7948.0,8106.0,0.009841783978457594,0.2550766164036952,4,HIGH
4095.0,3915.0,4095.0,4095.0,32.13,4050.0,4095.0,3915.0,90.0,16200.0,180.0,8010.0,8190.0,0.01111111111042524,0.2527777777621742,4,HIGH
4095.0,3923.0,4095.0,4095.0,32.13,4052.0,4095.0,3923.0,86.0,16208.0,172.0,8018.0,8190.0,0.01061204343468583,0.252653010843247,4,HIGH
4095.0,3993.0,4095.0,4095.0,32.13,4069.5,4095.0,3993.0,51.0,16278.0,102.0,8088.0,8190.0,0.006266126059327551,0.2515665314994737,4,HIGH
4095.0,3984.0,4095.0,4095.0,32.13,4067.25,4095.0,3984.0,55.5,16269.0,111.0,8079.0,8190.0,0.006822791812230451,0.251705697937691,4,HIGH
4095.0,3897.0,4095.0,4095.0,32.13,4045.5,4095.0,3897.0,99.0,16182.0,198.0,7992.0,8190.0,0.012235817574327288,0.25305895437813253,4,HIGH
4095.0,3929.3,4095.0,4086.6,32.13,4051.475,4095.0,3929.3,81.54619856253254,16205.9,165.69999999999982,8024.3,8181.6,0.009706341516996515,0.25268575023585943,4,HIGH
4095.0,3952.0,4095.0,4095.0,32.13,4059.25,4095.0,3952.0,71.5,16237.0,143.0,8047.0,8190.0,0.008807045635966801,0.25220176139359474,4,HIGH
4095.0,3900.0,4095.0,4095.0,32.13,4046.25,4095.0,3900.0,97.5,16185.0,195.0,7995.0,8190.0,0.012048192770339932,0.25301204817713857,4,HIGH
4095.0,3910.0,4095.0,4095.0,32.13,4048.75,4095.0,3910.0,92.5,16195.0,185.0,8005.0,8190.0,0.011423278789044564,0.25285581968182425,4,HIGH
4095.0,3913.0,4095.0,4095.0,32.13,4049.5,4095.0,3913.0,91.0,16198.0,182.0,8008.0,8190.0,0.011235955055486111,0.2528089887484375,4,HIGH
4095.0,3735.0,4095.0,4016.0,32.13,3985.25,4095.0,3735.0,170.9393167179511,15941.0,360.0,7830.0,8111.0,0.017627501410348943,0.2568847625458325,4,HIGH
4095.0,3874.0,4095.0,4095.0,32.13,4039.75,4095.0,3874.0,110.5,16159.0,221.0,7969.0,8190.0,0.01367658889698146,0.2534191472087741,4,HIGH
4095.0,3951.0,4095.0,4095.0,32.13,4059.0,4095.0,3951.0,72.0,16236.0,144.0,8046.0,8190.0,0.008869179600340652,0.25221729488468725,4,HIGH
4095.0,3969.0,4095.0,4095.0,32.13,4063.5,4095.0,3969.0,63.0,16254.0,126.0,8064.0,8190.0,0.007751937984019199,0.251937984480624,4,HIGH
4095.0,3965.0,4095.0,4095.0,32.13,4062.5,4095.0,3965.0,65.0,16250.0,130.0,8060.0,8190.0,0.007999999999507693,0.2519999999844923,4,HIGH
4095.0,4002.0,4095.0,4095.0,32.13,4071.75,4095.0,4002.0,46.5,16287.0,93.0,8097.0,8190.0,0.005710075520003065,0.2514275188646511,4,HIGH
4095.0,3917.1,4095.0,4087.1,32.13,4048.55,4095.0,3917.1,87.71242785375402,16194.2,177.9000000000001,8012.1,8182.1,0.010497585554674045,0.2528683108611189,4,HIGH
4095.0,3873.0,4095.0,4095.0,32.13,4039.5,4095.0,3873.0,111.0,16158.0,222.0,7968.0,8190.0,0.013739324172933573,0.25343483102776115,4,HIGH
4095.0,3881.0,4095.0,4095.0,32.13,4041.5,4095.0,3881.0,107.0,16166.0,214.0,7976.0,8190.0,0.013237659284100107,0.25330941480556046,4,HIGH
4095.0,3977.0,4095.0,4095.0,32.13,4065.5,4095.0,3977.0,59.0,16262.0,118.0,8072.0,8190.0,0.007256180051207958,0.2518140449974287,4,HIGH
4095.0,3926.0,4095.0,4095.0,32.13,4052.75,4095.0,3926.0,84.5,16211.0,169.0,8021.0,8190.0,0.010425020047472394,0.25260625499644646,4,HIGH
4095.0,3904.0,4095.0,4095.0,32.13,4047.25,4095.0,3904.0,95.5,16189.0,191.0,7999.0,8190.0,0.011798134535067136,0.2529495336183242,4,HIGH
4095.0,3895.0,4095.0,4095.0,32.13,4045.0,4095.0,3895.0,100.0,16180.0,200.0,7990.0,8190.0,0.012360939430632822,0.25309023484220705,4,HIGH
4095.0,3917.0,4095.0,4095.0,32.13,4050.5,4095.0,3917.0,89.0,16202.0,178.0,8012.0,8190.0,0.010986297987224645,0.25274657448137594,4,HIGH
4095.0,3888.0,4095.0,4095.0,32.13,4043.25,4095.0,3888.0,103.5,16173.0,207.0,7983.0,8190.0,0.012799109626364984,0.25319977739113336,4,HIGH
4095.0,3908.0,4095.0,4095.0,32.13,4048.25,4095.0,3908.0,93.5,16193.0,187.0,8003.0,8190.0,0.011548199838723634,0.25288704994424216,4,HIGH
4095.0,3875.0,4095.0,4095.0,32.13,4040.0,4095.0,3875.0,110.0,16160.0,220.0,7970.0,8190.0,0.013613861385296171,0.2534034653308537,4,HIGH
4095.0,3904.4,4095.0,4095.0,32.13,4047.35,4095.0,3904.4,95.29999999999997,16189.4,190.5999999999999,7999.4,8190.0,0.0117731355076919,0.25294328386148074,4,HIGH
4095.0,3935.0,4095.0,4095.0,32.13,4055.0,4095.0,3935.0,80.0,16220.0,160.0,8030.0,8190.0,0.009864364980896155,0.25246609122981095,4,HIGH
4095.0,3888.0,4095.0,4095.0,32.13,4043.25,4095.0,3888.0,103.5,16173.0,207.0,7983.0,8190.0,0.012799109626364984,0.25319977739113336,4,HIGH
4095.0,3796.0,4095.0,4095.0,32.13,4020.25,4095.0,3796.0,149.5,16081.0,299.0,7891.0,8190.0,0.01859337105785751,0.25464834274891807,4,HIGH
4095.0,3889.0,4095.0,4095.0,32.13,4043.5,4095.0,3889.0,103.0,16174.0,206.0,7984.0,8190.0,0.01273649066324122,0.2531841226503534,4,HIGH
4095.0,3850.0,4095.0,4095.0,32.13,4033.75,4095.0,3850.0,122.5,16135.0,245.0,7945.0,8190.0,0.015184381777800782,0.2537960954289559,4,HIGH
4095.0,3855.0,4095.0,4095.0,32.13,4035.0,4095.0,3855.0,120.0,16140.0,240.0,7950.0,8190.0,0.014869888474915124,0.2537174721032393,4,HIGH
4095.0,3952.0,4095.0,4095.0,32.13,4059.25,4095.0,3952.0,71.5,16237.0,143.0,8047.0,8190.0,0.008807045635966801,0.25220176139359474,4,HIGH
4095.0,3871.0,4095.0,4095.0,32.13,4039.0,4095.0,3871.0,112.0,16156.0,224.0,7966.0,8190.0,0.013864818023405247,0.25346620449037716,4,HIGH
4095.0,3873.0,4095.0,4095.0,32.13,4039.5,4095.0,3873.0,111.0,16158.0,222.0,7968.0,8190.0,0.013739324172933573,0.25343483102776115,4,HIGH
4095.0,3856.0,4095.0,4095.0,32.13,4035.25,4095.0,3856.0,119.5,16141.0,239.0,7951.0,8190.0,0.014807013195291058,0.2537017532833343,4,HIGH
4095.0,3876.5,4095.0,4095.0,32.13,4040.375,4095.0,3876.5,109.25,16161.5,218.5,7971.5,8190.0,0.013519784672615798,0.2533799461526851,4,HIGH
4095.0,3973.0,4095.0,4095.0,32.13,4064.5,4095.0,3973.0,61.0,16258.0,122.0,8068.0,8190.0,0.007503998031276664,0.2518759994924421,4,HIGH
4095.0,3959.0,4095.0,4095.0,32.13,4061.0,4095.0,3959.0,68.0,16244.0,136.0,8054.0,8190.0,0.008372322087640216,0.25209308050651974,4,HIGH
4095.0,3974.0,4095.0,4095.0,32.13,4064.75,4095.0,3974.0,60.5,16259.0,121.0,8069.0,8190.0,0.007442032104837811,0.2518605080108334,4,HIGH
4095.0,3980.0,4095.0,4095.0,32.13,4066.25,4095.0,3980.0,57.5,16265.0,115.0,8075.0,8190.0,0.007070396556589585,0.25176759912377694,4,HIGH
4095.0,3982.0,4095.0,4095.0,32.13,4066.75,4095.0,3982.0,56.5,16267.0,113.0,8077.0,8190.0,0.006946578963118794,0.25173664472541113,4,HIGH
4095.0,3984.0,4095.0,4095.0,32.13,4067.25,4095.0,3984.0,55.5,16269.0,111.0,8079.0,8190.0,0.006822791812230451,0.251705697937691,4,HIGH
4095.0,3984.0,4095.0,4095.0,32.13,4067.25,4095.0,3984.0,55.5,16269.0,111.0,8079.0,8190.0,0.006822791812230451,0.251705697937691,4,HIGH
4095.0,3988.0,4095.0,4095.0,32.13,4068.25,4095.0,3988.0,53.5,16273.0,107.0,8083.0,8190.0,0.006575308793303305,0.25164382718296296,4,HIGH
4095.0,3981.0,4095.0,4095.0,32.13,4066.5,4095.0,3981.0,57.0,16266.0,114.0,8076.0,8190.0,0.007008483953829553,0.2517521209730879,4,HIGH
4095.0,3984.0,4095.0,4095.0,32.13,4067.25,4095.0,3984.0,55.5,16269.0,111.0,8079.0,8190.0,0.006822791812230451,0.251705697937691,4,HIGH
4095.0,3978.9,4095.0,4095.0,32.13,4065.975,4095.0,3978.9,58.049999999999955,16263.9,116.09999999999991,8073.9,8190.0,0.007138509213218346,0.2517846272879331,4,HIGH
4095.0,3977.0,4095.0,4095.0,32.13,4065.5,4095.0,3977.0,59.0,16262.0,118.0,8072.0,8190.0,0.007256180051207958,0.2518140449974287,4,HIGH
4095.0,3974.0,4095.0,4095.0,32.13,4064.75,4095.0,3974.0,60.5,16259.0,121.0,8069.0,8190.0,0.007442032104837811,0.2518605080108334,4,HIGH
4095.0,3985.0,4095.0,4095.0,32.13,4067.5,4095.0,3985.0,55.0,16270.0,110.0,8080.0,8190.0,0.00676090964924641,0.2516902273969459,4,HIGH
4095.0,3980.0,4095.0,4095.0,32.13,4066.25,4095.0,3980.0,57.5,16265.0,115.0,8075.0,8190.0,0.007070396556589585,0.25176759912377694,4,HIGH
4095.0,3984.0,4095.0,4095.0,32.13,4067.25,4095.0,3984.0,55.5,16269.0,111.0,8079.0,8190.0,0.006822791812230451,0.251705697937691,4,HIGH
4095.0,3975.0,4095.0,4095.0,32.13,4065.0,4095.0,3975.0,60.0,16260.0,120.0,8070.0,8190.0,0.007380073800284128,0.25184501843469587,4,HIGH
4095.0,3968.0,4095.0,4095.0,32.13,4063.25,4095.0,3968.0,63.5,16253.0,127.0,8063.0,8190.0,0.007813942040988498,0.25195348549486535,4,HIGH
4095.0,3974.0,4095.0,4095.0,32.13,4064.75,4095.0,3974.0,60.5,16259.0,121.0,8069.0,8190.0,0.007442032104837811,0.2518605080108334,4,HIGH
4095.0,3983.0,4095.0,4095.0,32.13,4067.0,4095.0,3983.0,56.0,16268.0,112.0,8078.0,8190.0,0.00688468158305356,0.25172117038039576,4,HIGH
4095.0,3971.0,4095.0,4095.0,32.13,4064.0,4095.0,3971.0,62.0,16256.0,124.0,8066.0,8190.0,0.007627952755436272,0.2519069881734801,4,HIGH
4095.0,3977.1,4095.0,4095.0,32.13,4065.525,4095.0,3977.1,58.950000000000045,16262.1,117.90000000000009,8072.1,8190.0,0.007249986163702698,0.2518124965255525,4,HIGH
4095.0,3975.0,4095.0,4095.0,32.13,4065.0,4095.0,3975.0,60.0,16260.0,120.0,8070.0,8190.0,0.007380073800284128,0.25184501843469587,4,HIGH
4095.0,3970.0,4095.0,4095.0,32.13,4063.75,4095.0,3970.0,62.5,16255.0,125.0,8065.0,8190.0,0.007689941555971089,0.2519224853736129,4,HIGH
4095.0,3969.0,4095.0,4095.0,32.13,4063.5,4095.0,3969.0,63.0,16254.0,126.0,8064.0,8190.0,0.007751937984019199,0.251937984480624,4,HIGH
4095.0,3965.0,4095.0,4095.0,32.13,4062.5,4095.0,3965.0,65.0,16250.0,130.0,8060.0,8190.0,0.007999999999507693,0.2519999999844923,4,HIGH
4095.0,3949.0,4095.0,4095.0,32.13,4058.5,4095.0,3949.0,73.0,16234.0,146.0,8044.0,8190.0,0.008993470493470896,0.2522483676079679,4,HIGH
4095.0,3938.0,4095.0,4095.0,32.13,4055.75,4095.0,3938.0,78.5,16223.0,157.0,8033.0,8190.0,0.009677618195791307,0.2524194045335376,4,HIGH
4095.0,3951.0,4095.0,4095.0,32.13,4059.0,4095.0,3951.0,72.0,16236.0,144.0,8046.0,8190.0,0.008869179600340652,0.25221729488468725,4,HIGH
4095.0,3963.0,4095.0,4095.0,32.13,4062.0,4095.0,3963.0,66.0,16248.0,132.0,8058.0,8190.0,0.008124076808953466,0.25203101918685183,4,HIGH
4095.0,3960.0,4095.0,4095.0,32.13,4061.25,4095.0,3960.0,67.5,16245.0,135.0,8055.0,8190.0,0.008310249306967667,0.2520775623113526,4,HIGH
4095.0,3967.0,4095.0,4095.0,32.13,4063.0,4095.0,3967.0,64.0,16252.0,128.0,8062.0,8190.0,0.007875953728287229,0.2519689884166891,4,HIGH
4095.0,3960.7,4095.0,4095.0,32.13,4061.425,4095.0,3960.7,67.15000000000009,16245.7,134.30000000000018,8055.7,8190.0,0.008266802907337533,0.25206670071144566,4,HIGH
4095.0,3952.0,4095.0,4095.0,32.13,4059.25,4095.0,3952.0,71.5,16237.0,143.0,8047.0,8190.0,0.008807045635966801,0.25220176139359474,4,HIGH
4095.0,3952.0,4095.0,4095.0,32.13,4059.25,4095.0,3952.0,71.5,16237.0,143.0,8047.0,8190.0,0.008807045635966801,0.25220176139359474,4,HIGH
4095.0,3963.0,4095.0,4095.0,32.13,4062.0,4095.0,3963.0,66.0,16248.0,132.0,8058.0,8190.0,0.008124076808953466,0.25203101918685183,4,HIGH
4095.0,3967.0,4095.0,4095.0,32.13,4063.0,4095.0,3967.0,64.0,16252.0,128.0,8062.0,8190.0,0.007875953728287229,0.2519689884166891,4,HIGH
4095.0,3952.0,4095.0,4095.0,32.13,4059.25,4095.0,3952.0,71.5,16237.0,143.0,8047.0,8190.0,0.008807045635966801,0.25220176139359474,4,HIGH
4095.0,3920.0,4095.0,4095.0,32.13,4051.25,4095.0,3920.0,87.5,16205.0,175.0,8015.0,8190.0,0.010799136068448062,0.2526997840016847,4,HIGH
4095.0,3901.0,4095.0,4095.0,32.13,4046.5,4095.0,3901.0,97.0,16186.0,194.0,7996.0,8190.0,0.011985666624738312,0.25299641664073913,4,HIGH
4095.0,3862.0,4095.0,4095.0,32.13,4036.75,4095.0,3862.0,116.5,16147.0,233.0,7957.0,8190.0,0.014429925062585624,0.25360748125016364,4,HIGH
4095.0,3888.0,4095.0,4095.0,32.13,4043.25,4095.0,3888.0,103.5,16173.0,207.0,7983.0,8190.0,0.012799109626364984,0.25319977739113336,4,HIGH
4095.0,3925.0,4095.0,4095.0,32.13,4052.5,4095.0,3925.0,85.0,16210.0,170.0,8020.0,8190.0,0.010487353484855808,0.2526218383557914,4,HIGH
4095.0,3928.2,4095.0,4095.0,32.13,4053.3,4095.0,3928.2,83.40000000000009,16213.2,166.80000000000018,8023.2,8190.0,0.010287913551286129,0.252571978372402,4,HIGH
4095.0,3952.0,4095.0,4095.0,32.13,4059.25,4095.0,3952.0,71.5,16237.0,143.0,8047.0,8190.0,0.008807045635966801,0.25220176139359474,4,HIGH
4095.0,3950.0,4095.0,4095.0,32.13,4058.75,4095.0,3950.0,72.5,16235.0,145.0,8045.0,8190.0,0.008931321219037183,0.25223283028936044,4,HIGH
4095.0,3921.0,4095.0,4095.0,32.13,4051.5,4095.0,3921.0,87.0,16206.0,174.0,8016.0,8190.0,0.010736764160759178,0.2526841910247634,4,HIGH
4095.0,3926.0,4095.0,4095.0,32.13,4052.75,4095.0,3926.0,84.5,16211.0,169.0,8021.0,8190.0,0.010425020047472394,0.25260625499644646,4,HIGH
4095.0,3910.0,4095.0,4095.0,32.13,4048.75,4095.0,3910.0,92.5,16195.0,185.0,8005.0,8190.0,0.011423278789044564,0.25285581968182425,4,HIGH
4095.0,3920.0,4095.0,4095.0,32.19,4051.25,4095.0,3920.0,87.5,16205.0,175.0,8015.0,8190.0,0.010799136068448062,0.2526997840016847,4,HIGH
4095.0,3916.0,4095.0,4095.0,32.13,4050.25,4095.0,3916.0,89.5,16201.0,179.0,8011.0,8190.0,0.011048700696805833,0.2527621751587703,4,HIGH
4095.0,0.0,1837.0,0.0,32.0,1483.0,4095.0,0.0,1944.7740228622965,5932.0,4095.0,4095.0,1837.0,0.3806473364159394,0.6903236681236811,1,MEDIUM
4095.0,0.0,3457.0,0.0,32.0,1888.0,4095.0,0.0,2195.5787391938375,7552.0,4095.0,4095.0,3457.0,0.08448093219220326,0.542240466029894,1,MEDIUM
4095.0,0.0,2498.0,0.0,31.94,1648.25,4095.0,0.0,2011.8082040791066,6593.0,4095.0,4095.0,2498.0,0.24222660393717174,0.6211133018927478,1,MEDIUM
4095.0,0.0,4095.0,0.0,31.94,2047.5,4095.0,0.0,2364.2493523315175,8190.0,4095.0,4095.0,4095.0,0.0,0.4999999999389499,2,MEDIUM
4095.0,2787.0,0.0,0.0,31.94,1720.5,4095.0,0.0,2057.175490812585,6882.0,4095.0,6882.0,0.0,0.9999999998546933,0.5950305142988912,1,MEDIUM
4095.0,0.0,4095.0,0.0,31.94,2047.5,4095.0,0.0,2364.2493523315175,8190.0,4095.0,4095.0,4095.0,0.0,0.4999999999389499,2,MEDIUM
4095.0,0.0,4095.0,0.0,31.94,2047.5,4095.0,0.0,2364.2493523315175,8190.0,4095.0,4095.0,4095.0,0.0,0.4999999999389499,2,MEDIUM
3598.0,0.0,4095.0,0.0,31.94,1923.25,4095.0,0.0,2230.0274101454447,7693.0,4095.0,3598.0,4095.0,0.06460418561489611,0.5323020927424539,2,MEDIUM
4095.0,0.0,0.0,0.0,31.94,1023.75,4095.0,0.0,2047.5,4095.0,4095.0,4095.0,0.0,0.9999999997557998,0.9999999997557998,1,MEDIUM
3934.0,0.0,0.0,0.0,31.94,983.5,3934.0,0.0,1967.0,3934.0,3934.0,3934.0,0.0,0.9999999997458058,0.9999999997458058,1,MEDIUM
4029.2,278.7,2417.2,0.0,31.95,1681.2749999999999,4029.2,0.0,1901.5992977403696,6725.099999999999,4029.2,4307.9,2417.2,0.2811408008384796,0.5991286374032908,1,MEDIUM
4050.0,0.0,0.0,0.0,31.94,1012.5,4050.0,0.0,2025.0,4050.0,4050.0,4050.0,0.0,0.9999999997530864,0.9999999997530864,1,MEDIUM
4059.0,0.0,0.0,0.0,31.87,1014.75,4059.0,0.0,2029.5,4059.0,4059.0,4059.0,0.0,0.999999999753634,0.999999999753634,1,MEDIUM
4053.0,0.0,0.0,0.0,31.94,1013.25,4053.0,0.0,2026.5,4053.0,4053.0,4053.0,0.0,0.9999999997532693,0.9999999997532693,1,MEDIUM
4095.0,0.0,3598.0,0.0,31.87,1923.25,4095.0,0.0,2230.0274101454447,7693.0,4095.0,4095.0,3598.0,0.06460418561489611,0.5323020927424539,2,MEDIUM
4095.0,0.0,1663.0,0.0,31.87,1439.5,4095.0,0.0,1936.1433314710976,5758.0,4095.0,4095.0,1663.0,0.42236887800931416,0.7111844389178213,1,MEDIUM
4095.0,0.0,2411.0,0.0,31.87,1626.5,4095.0,0.0,1999.9947499931093,6506.0,4095.0,4095.0,2411.0,0.25883799565649585,0.6294189977513958,1,MEDIUM
4095.0,0.0,0.0,0.0,31.87,1023.75,4095.0,0.0,2047.5,4095.0,4095.0,4095.0,0.0,0.9999999997557998,0.9999999997557998,1,MEDIUM
4095.0,0.0,0.0,0.0,31.87,1023.75,4095.0,0.0,2047.5,4095.0,4095.0,4095.0,0.0,0.9999999997557998,0.9999999997557998,1,MEDIUM
4095.0,0.0,0.0,0.0,31.87,1023.75,4095.0,0.0,2047.5,4095.0,4095.0,4095.0,0.0,0.9999999997557998,0.9999999997557998,1,MEDIUM
4079.0,0.0,4095.0,0.0,31.87,2043.5,4095.0,0.0,2359.6395911240343,8174.0,4095.0,4079.0,4095.0,0.0019574259845904786,0.5009787129311256,2,MEDIUM
4081.1,0.0,1176.7,0.0,31.89,1314.45,4081.1,0.0,1926.039536631236,5257.8,4081.1,4081.1,1176.7,0.5523983414065962,0.7761991706082012,1,MEDIUM
4095.0,0.0,2735.0,0.0,31.87,1707.5,4095.0,0.0,2048.3346894489678,6830.0,4095.0,4095.0,2735.0,0.1991215226648431,0.5995607612592151,1,MEDIUM
4095.0,0.0,4048.0,0.0,31.87,2035.75,4095.0,0.0,2350.759930320406,8143.0,4095.0,4095.0,4048.0,0.005771828563702341,0.5028859142204487,2,MEDIUM
3901.0,0.0,3856.0,0.0,31.81,1939.25,3901.0,0.0,2239.328377735908,7757.0,3901.0,3901.0,3856.0,0.0058012118079410575,0.5029006058395126,2,MEDIUM
4048.0,0.0,4095.0,0.0,31.87,2035.75,4095.0,0.0,2350.759930320406,8143.0,4095.0,4048.0,4095.0,0.005771828563702341,0.5028859142204487,2,MEDIUM
4095.0,0.0,4095.0,0.0,31.81,2047.5,4095.0,0.0,2364.2493523315175,8190.0,4095.0,4095.0,4095.0,0.0,0.4999999999389499,2,MEDIUM
4095.0,0.0,4095.0,0.0,31.87,2047.5,4095.0,0.0,2364.2493523315175,8190.0,4095.0,4095.0,4095.0,0.0,0.4999999999389499,2,MEDIUM
4095.0,0.0,4095.0,0.0,31.81,2047.5,4095.0,0.0,2364.2493523315175,8190.0,4095.0,4095.0,4095.0,0.0,0.4999999999389499,2,MEDIUM
4095.0,0.0,4095.0,0.0,31.87,2047.5,4095.0,0.0,2364.2493523315175,8190.0,4095.0,4095.0,4095.0,0.0,0.4999999999389499,2,MEDIUM
4095.0,0.0,4095.0,0.0,31.81,2047.5,4095.0,0.0,2364.2493523315175,8190.0,4095.0,4095.0,4095.0,0.0,0.4999999999389499,2,MEDIUM
4095.0,0.0,4010.0,0.0,31.87,2026.25,4095.0,0.0,2339.9692839864374,8105.0,4095.0,4095.0,4010.0,0.01048735348420884,0.505243676680414,2,MEDIUM
4070.9,0.0,3921.9,0.0,31.85,1998.2,4070.9,0.0,2308.1243077442773,7992.8,4070.9,4070.9,3921.9,0.018641777597507535,0.5093208887361974,2,MEDIUM
4029.0,0.0,4095.0,0.0,31.87,2031.0,4095.0,0.0,2345.351572792446,8124.0,4095.0,4029.0,4095.0,0.008124076808453461,0.5040620383426807,2,MEDIUM
3950.0,0.0,4095.0,0.0,31.87,2011.25,4095.0,0.0,2323.14576598198,8045.0,4095.0,3950.0,4095.0,0.018023617151271147,0.5090118085134852,2,MEDIUM
3631.0,0.0,4095.0,0.0,31.87,1931.5,4095.0,0.0,2238.33397865466,7726.0,4095.0,3631.0,4095.0,0.0600569505487889,0.5300284752096779,2,MEDIUM
3749.0,0.0,4095.0,0.0,31.87,1961.0,4095.0,0.0,2268.769269890616,7844.0,4095.0,3749.0,4095.0,0.044110147878109365,0.5220550738753117,2,MEDIUM
4095.0,0.0,4095.0,0.0,31.87,2047.5,4095.0,0.0,2364.2493523315175,8190.0,4095.0,4095.0,4095.0,0.0,0.4999999999389499,2,MEDIUM
4058.0,0.0,4095.0,0.0,31.87,2038.25,4095.0,0.0,2353.6168443482893,8153.0,4095.0,4058.0,4095.0,0.004538206794488138,0.5022691033359169,2,MEDIUM
4095.0,0.0,4095.0,0.0,31.87,2047.5,4095.0,0.0,2364.2493523315175,8190.0,4095.0,4095.0,4095.0,0.0,0.4999999999389499,2,MEDIUM
3920.0,0.0,4095.0,0.0,31.87,2003.75,4095.0,0.0,2314.8339573282574,8015.0,4095.0,3920.0,4095.0,0.021834061132647027,0.5109170305039404,2,MEDIUM
4095.0,0.0,4095.0,0.0,31.87,2047.5,4095.0,0.0,2364.2493523315175,8190.0,4095.0,4095.0,4095.0,0.0,0.4999999999389499,2,MEDIUM
4095.0,0.0,4095.0,0.0,31.87,2047.5,4095.0,0.0,2364.2493523315175,8190.0,4095.0,4095.0,4095.0,0.0,0.4999999999389499,2,MEDIUM
3971.7,0.0,4095.0,0.0,31.87,2016.675,4095.0,0.0,2329.1996957109536,8066.7,4095.0,3971.7,4095.0,0.015285060803639049,0.5076425303398363,2,MEDIUM
4066.0,0.0,3879.0,0.0,31.87,1986.25,4066.0,0.0,2294.7941628825884,7945.0,4066.0,4066.0,3879.0,0.023536815604337718,0.5117684077392362,2,MEDIUM
4095.0,0.0,4095.0,0.0,31.87,2047.5,4095.0,0.0,2364.2493523315175,8190.0,4095.0,4095.0,4095.0,0.0,0.4999999999389499,2,MEDIUM
4095.0,0.0,4095.0,0.0,31.94,2047.5,4095.0,0.0,2364.2493523315175,8190.0,4095.0,4095.0,4095.0,0.0,0.4999999999389499,2,MEDIUM
3811.0,0.0,4095.0,0.0,31.94,1976.5,4095.0,0.0,2285.2087432004982,7906.0,4095.0,3811.0,4095.0,0.03592208448824664,0.5179610421808802,2,MEDIUM
3743.0,0.0,0.0,0.0,31.94,935.75,3743.0,0.0,1871.5,3743.0,3743.0,3743.0,0.0,0.9999999997328347,0.9999999997328347,1,MEDIUM
4095.0,0.0,4095.0,0.0,31.94,2047.5,4095.0,0.0,2364.2493523315175,8190.0,4095.0,4095.0,4095.0,0.0,0.4999999999389499,2,MEDIUM
4095.0,0.0,4095.0,0.0,31.94,2047.5,4095.0,0.0,2364.2493523315175,8190.0,4095.0,4095.0,4095.0,0.0,0.4999999999389499,2,MEDIUM
3877.0,0.0,4095.0,0.0,31.94,1993.0,4095.0,0.0,2303.0384278166093,7972.0,4095.0,3877.0,4095.0,0.027345709981517096,0.513672854928039,2,MEDIUM
3857.0,0.0,4095.0,0.0,31.94,1988.0,4095.0,0.0,2297.6000522284116,7952.0,4095.0,3857.0,4095.0,0.02992957746102495,0.5149647886676352,2,MEDIUM
2419.0,0.0,4095.0,0.0,31.94,1628.5,4095.0,0.0,2001.0444772668097,6514.0,4095.0,2419.0,4095.0,0.2572919864511372,0.6286459931488109,1,MEDIUM
3815.3,0.0,3663.9,0.0,31.92,1869.8000000000002,3815.3,0.0,2159.9436057452986,7479.200000000001,3815.3,3815.3,3663.9,0.02024280671458943,0.5101214032904426,2,MEDIUM
4095.0,0.0,4095.0,0.0,31.94,2047.5,4095.0,0.0,2364.2493523315175,8190.0,4095.0,4095.0,4095.0,0.0,0.4999999999389499,2,MEDIUM
4095.0,0.0,4095.0,0.0,32.0,2047.5,4095.0,0.0,2364.2493523315175,8190.0,4095.0,4095.0,4095.0,0.0,0.4999999999389499,2,MEDIUM
923.0,0.0,0.0,0.0,31.94,230.75,923.0,0.0,461.5,923.0,923.0,923.0,0.0,0.9999999989165764,0.9999999989165764,0,MEDIUM
4095.0,0.0,4095.0,0.0,32.0,2047.5,4095.0,0.0,2364.2493523315175,8190.0,4095.0,4095.0,4095.0,0.0,0.4999999999389499,2,MEDIUM
4095.0,0.0,4095.0,0.0,32.0,2047.5,4095.0,0.0,2364.2493523315175,8190.0,4095.0,4095.0,4095.0,0.0,0.4999999999389499,2,MEDIUM
4095.0,0.0,4095.0,0.0,32.0,2047.5,4095.0,0.0,2364.2493523315175,8190.0,4095.0,4095.0,4095.0,0.0,0.4999999999389499,2,MEDIUM
3995.0,0.0,3706.0,0.0,32.0,1925.25,3995.0,0.0,2226.215828859966,7701.0,3995.0,3995.0,3706.0,0.037527593814111464,0.518763796842129,2,MEDIUM
3376.0,0.0,3338.0,0.0,32.0,1678.5,3376.0,0.0,1938.2269388971629,6714.0,3376.0,3376.0,3338.0,0.005659815310446854,0.5028299075807522,0,MEDIUM
4095.0,0.0,4095.0,0.0,32.0,2047.5,4095.0,0.0,2364.2493523315175,8190.0,4095.0,4095.0,4095.0,0.0,0.4999999999389499,2,MEDIUM
4048.0,0.0,4095.0,0.0,32.0,2035.75,4095.0,0.0,2350.759930320406,8143.0,4095.0,4048.0,4095.0,0.005771828563702341,0.5028859142204487,2,MEDIUM
3691.2,0.0,3570.9,0.0,31.99,1815.525,3691.2,0.0,2096.962894879163,7262.1,3691.2,3691.2,3570.9,0.01656545627069777,0.5082827280664982,2,MEDIUM
4095.0,0.0,0.0,0.0,32.0,1023.75,4095.0,0.0,2047.5,4095.0,4095.0,4095.0,0.0,0.9999999997557998,0.9999999997557998,1,MEDIUM
4095.0,0.0,4095.0,0.0,32.06,2047.5,4095.0,0.0,2364.2493523315175,8190.0,4095.0,4095.0,4095.0,0.0,0.4999999999389499,2,MEDIUM
4095.0,0.0,4095.0,0.0,32.06,2047.5,4095.0,0.0,2364.2493523315175,8190.0,4095.0,4095.0,4095.0,0.0,0.4999999999389499,2,MEDIUM
4095.0,0.0,4095.0,0.0,32.06,2047.5,4095.0,0.0,2364.2493523315175,8190.0,4095.0,4095.0,4095.0,0.0,0.4999999999389499,2,MEDIUM
2657.0,0.0,3875.0,0.0,32.06,1633.0,3875.0,0.0,1950.0870066059447,6532.0,3875.0,2657.0,3875.0,0.18646662581346193,0.5932333128301847,1,MEDIUM
2288.0,0.0,4095.0,0.0,32.13,1595.75,4095.0,0.0,1984.8003048165829,6383.0,4095.0,2288.0,4095.0,0.2830957229699051,0.6415478614066195,1,MEDIUM
4095.0,0.0,4095.0,0.0,32.06,2047.5,4095.0,0.0,2364.2493523315175,8190.0,4095.0,4095.0,4095.0,0.0,0.4999999999389499,2,MEDIUM
4095.0,0.0,4095.0,0.0,32.06,2047.5,4095.0,0.0,2364.2493523315175,8190.0,4095.0,4095.0,4095.0,0.0,0.4999999999389499,2,MEDIUM
3790.0,0.0,0.0,0.0,32.13,947.5,3790.0,0.0,1895.0,3790.0,3790.0,3790.0,0.0,0.9999999997361478,0.9999999997361478,1,MEDIUM
3568.0,0.0,0.0,0.0,32.06,892.0,3568.0,0.0,1784.0,3568.0,3568.0,3568.0,0.0,0.999999999719731,0.999999999719731,1,MEDIUM
3687.3,0.0,2844.5,0.0,32.07,1632.95,3687.3,0.0,1916.7036573242094,6531.8,3687.3,3687.3,2844.5,0.12903028259759483,0.5645151412222488,1,MEDIUM
4095.0,0.0,4095.0,0.0,32.06,2047.5,4095.0,0.0,2364.2493523315175,8190.0,4095.0,4095.0,4095.0,0.0,0.4999999999389499,2,MEDIUM
0.0,0.0,0.0,0.0,32.13,0.0,0.0,0.0,0.0,0.0,0.0,0.0,0.0,0.0,0.0,0,MEDIUM
3696.0,0.0,4095.0,0.0,32.13,1947.75,4095.0,0.0,2254.959035104629,7791.0,4095.0,3696.0,4095.0,0.05121293799881749,0.5256064689352321,2,MEDIUM
4095.0,0.0,4095.0,0.0,32.13,2047.5,4095.0,0.0,2364.2493523315175,8190.0,4095.0,4095.0,4095.0,0.0,0.4999999999389499,2,MEDIUM
4095.0,0.0,4095.0,0.0,32.13,2047.5,4095.0,0.0,2364.2493523315175,8190.0,4095.0,4095.0,4095.0,0.0,0.4999999999389499,2,MEDIUM
4064.0,0.0,3868.0,0.0,32.19,1983.0,4064.0,0.0,2291.1688428980233,7932.0,4064.0,4064.0,3868.0,0.024710035296935193,0.5123550175854318,2,MEDIUM
4095.0,0.0,0.0,0.0,32.19,1023.75,4095.0,0.0,2047.5,4095.0,4095.0,4095.0,0.0,0.9999999997557998,0.9999999997557998,1,MEDIUM
3791.0,0.0,3847.0,0.0,32.19,1909.5,3847.0,0.0,2205.019198707047,7638.0,3847.0,3791.0,3847.0,0.0073317622404645505,0.5036658810547701,2,MEDIUM
2209.0,0.0,0.0,0.0,32.19,552.25,2209.0,0.0,1104.5,2209.0,2209.0,2209.0,0.0,0.9999999995473066,0.9999999995473066,0,MEDIUM
4095.0,0.0,4095.0,0.0,32.19,2047.5,4095.0,0.0,2364.2493523315175,8190.0,4095.0,4095.0,4095.0,0.0,0.4999999999389499,2,MEDIUM
3423.5,0.0,2819.0,0.0,32.15,1560.625,3423.5,0.0,1818.8743485555383,6242.5,3423.5,3423.5,2819.0,0.09683620342862055,0.5484181016342141,0,MEDIUM
4095.0,0.0,4095.0,0.0,32.25,2047.5,4095.0,0.0,2364.2493523315175,8190.0,4095.0,4095.0,4095.0,0.0,0.4999999999389499,2,MEDIUM
4095.0,0.0,4095.0,0.0,32.25,2047.5,4095.0,0.0,2364.2493523315175,8190.0,4095.0,4095.0,4095.0,0.0,0.4999999999389499,2,MEDIUM
4095.0,0.0,4095.0,0.0,32.19,2047.5,4095.0,0.0,2364.2493523315175,8190.0,4095.0,4095.0,4095.0,0.0,0.4999999999389499,2,MEDIUM
4095.0,0.0,4095.0,0.0,32.25,2047.5,4095.0,0.0,2364.2493523315175,8190.0,4095.0,4095.0,4095.0,0.0,0.4999999999389499,2,MEDIUM
4095.0,0.0,0.0,0.0,32.25,1023.75,4095.0,0.0,2047.5,4095.0,4095.0,4095.0,0.0,0.9999999997557998,0.9999999997557998,1,MEDIUM
4095.0,0.0,0.0,4016.0,32.25,2027.75,4095.0,0.0,2341.6661269275774,8111.0,4095.0,4095.0,4016.0,0.009739859448928632,0.5048699296628196,2,MEDIUM
4095.0,0.0,0.0,0.0,32.25,1023.75,4095.0,0.0,2047.5,4095.0,4095.0,4095.0,0.0,0.9999999997557998,0.9999999997557998,1,MEDIUM
3119.0,0.0,4095.0,0.0,32.31,1803.5,4095.0,0.0,2120.278047804108,7214.0,4095.0,3119.0,4095.0,0.13529248681240746,0.5676462433368941,1,MEDIUM
4095.0,0.0,4095.0,0.0,32.25,2047.5,4095.0,0.0,2364.2493523315175,8190.0,4095.0,4095.0,4095.0,0.0,0.4999999999389499,2,MEDIUM
4095.0,0.0,4095.0,0.0,32.25,2047.5,4095.0,0.0,2364.2493523315175,8190.0,4095.0,4095.0,4095.0,0.0,0.4999999999389499,2,MEDIUM
3997.4,0.0,2866.5,401.6,32.25,1816.375,3997.4,0.0,1928.7680876231163,7265.5,3997.4,3997.4,3268.1,0.10037850112168765,0.5501892504920254,1,MEDIUM
4095.0,0.0,4095.0,0.0,32.31,2047.5,4095.0,0.0,2364.2493523315175,8190.0,4095.0,4095.0,4095.0,0.0,0.4999999999389499,2,MEDIUM
4095.0,0.0,4095.0,0.0,32.31,2047.5,4095.0,0.0,2364.2493523315175,8190.0,4095.0,4095.0,4095.0,0.0,0.4999999999389499,2,MEDIUM
3451.0,0.0,0.0,0.0,32.31,862.75,3451.0,0.0,1725.5,3451.0,3451.0,3451.0,0.0,0.9999999997102289,0.9999999997102289,0,MEDIUM
4095.0,0.0,4095.0,0.0,32.31,2047.5,4095.0,0.0,2364.2493523315175,8190.0,4095.0,4095.0,4095.0,0.0,0.4999999999389499,2,MEDIUM
4095.0,0.0,4095.0,0.0,32.31,2047.5,4095.0,0.0,2364.2493523315175,8190.0,4095.0,4095.0,4095.0,0.0,0.4999999999389499,2,MEDIUM
4095.0,0.0,4095.0,0.0,32.38,2047.5,4095.0,0.0,2364.2493523315175,8190.0,4095.0,4095.0,4095.0,0.0,0.4999999999389499,2,MEDIUM
4095.0,0.0,4095.0,0.0,32.38,2047.5,4095.0,0.0,2364.2493523315175,8190.0,4095.0,4095.0,4095.0,0.0,0.4999999999389499,2,MEDIUM
4095.0,0.0,4095.0,0.0,32.38,2047.5,4095.0,0.0,2364.2493523315175,8190.0,4095.0,4095.0,4095.0,0.0,0.4999999999389499,2,MEDIUM
3920.0,0.0,4095.0,0.0,32.38,2003.75,4095.0,0.0,2314.8339573282574,8015.0,4095.0,3920.0,4095.0,0.021834061132647027,0.5109170305039404,2,MEDIUM
2624.0,0.0,0.0,0.0,32.38,656.0,2624.0,0.0,1312.0,2624.0,2624.0,2624.0,0.0,0.9999999996189025,0.9999999996189025,0,MEDIUM
3866.0,0.0,3276.0,0.0,32.34,1785.5,3866.0,0.0,2075.7401089731825,7142.0,3866.0,3866.0,3276.0,0.08260991317801597,0.5413049565189996,1,MEDIUM
4095.0,0.0,4095.0,0.0,32.38,2047.5,4095.0,0.0,2364.2493523315175,8190.0,4095.0,4095.0,4095.0,0.0,0.4999999999389499,2,MEDIUM
2211.0,0.0,0.0,0.0,32.38,552.75,2211.0,0.0,1105.5,2211.0,2211.0,2211.0,0.0,0.999999999547716,0.999999999547716,0,MEDIUM
4095.0,0.0,4095.0,0.0,32.38,2047.5,4095.0,0.0,2364.2493523315175,8190.0,4095.0,4095.0,4095.0,0.0,0.4999999999389499,2,MEDIUM
4095.0,0.0,4095.0,0.0,32.38,2047.5,4095.0,0.0,2364.2493523315175,8190.0,4095.0,4095.0,4095.0,0.0,0.4999999999389499,2,MEDIUM
0.0,0.0,0.0,0.0,32.44,0.0,0.0,0.0,0.0,0.0,0.0,0.0,0.0,0.0,0.0,0,MEDIUM
2231.0,0.0,4095.0,0.0,32.38,1581.5,4095.0,0.0,1978.3677615650736,6326.0,4095.0,2231.0,4095.0,0.29465697118326634,0.6473284855125943,1,MEDIUM
4095.0,0.0,4095.0,0.0,32.38,2047.5,4095.0,0.0,2364.2493523315175,8190.0,4095.0,4095.0,4095.0,0.0,0.4999999999389499,2,MEDIUM
0.0,0.0,0.0,0.0,32.38,0.0,0.0,0.0,0.0,0.0,0.0,0.0,0.0,0.0,0.0,0,MEDIUM
3820.0,0.0,4095.0,0.0,32.38,1978.75,4095.0,0.0,2287.620215420383,7915.0,4095.0,3820.0,4095.0,0.0347441566601713,0.5173720782669144,2,MEDIUM
4095.0,0.0,4095.0,0.0,32.38,2047.5,4095.0,0.0,2364.2493523315175,8190.0,4095.0,4095.0,4095.0,0.0,0.4999999999389499,2,MEDIUM
2873.7,0.0,2866.5,0.0,32.38,1435.05,2873.7,0.0,1657.0556146369981,5740.2,2873.7,2873.7,2866.5,0.0012543116962380242,0.500627155761014,0,MEDIUM
4016.0,0.0,4095.0,0.0,32.44,2027.75,4095.0,0.0,2341.6661269275774,8111.0,4095.0,4016.0,4095.0,0.009739859448928632,0.5048699296628196,2,MEDIUM
591.0,0.0,0.0,0.0,32.38,147.75,591.0,0.0,295.5,591.0,591.0,591.0,0.0,0.9999999983079526,0.9999999983079526,0,MEDIUM
4095.0,0.0,4095.0,0.0,32.38,2047.5,4095.0,0.0,2364.2493523315175,8190.0,4095.0,4095.0,4095.0,0.0,0.4999999999389499,2,MEDIUM
4095.0,0.0,4095.0,0.0,32.38,2047.5,4095.0,0.0,2364.2493523315175,8190.0,4095.0,4095.0,4095.0,0.0,0.4999999999389499,2,MEDIUM
4095.0,0.0,0.0,0.0,32.44,1023.75,4095.0,0.0,2047.5,4095.0,4095.0,4095.0,0.0,0.9999999997557998,0.9999999997557998,1,MEDIUM
3334.0,0.0,4095.0,0.0,32.38,1857.25,4095.0,0.0,2166.954141185272,7429.0,4095.0,3334.0,4095.0,0.10243639788633242,0.5512181988758624,1,MEDIUM
4095.0,0.0,4095.0,0.0,32.44,2047.5,4095.0,0.0,2364.2493523315175,8190.0,4095.0,4095.0,4095.0,0.0,0.4999999999389499,2,MEDIUM
4095.0,0.0,4095.0,0.0,32.44,2047.5,4095.0,0.0,2364.2493523315175,8190.0,4095.0,4095.0,4095.0,0.0,0.4999999999389499,2,MEDIUM
3952.0,0.0,3311.0,0.0,32.44,1815.75,3952.0,0.0,2112.9152649045504,7263.0,3952.0,3952.0,3311.0,0.08825554177498891,0.5441277708186524,1,MEDIUM
3429.0,0.0,0.0,0.0,32.44,857.25,3429.0,0.0,1714.5,3429.0,3429.0,3429.0,0.0,0.9999999997083698,0.9999999997083698,0,MEDIUM
3579.7,0.0,2788.1,0.0,32.41,1591.9499999999998,3579.7,0.0,1866.4167532109934,6367.799999999999,3579.7,3579.7,2788.1,0.12431294950778715,0.5621564746753736,1,MEDIUM
3565.0,0.0,0.0,0.0,32.44,891.25,3565.0,0.0,1782.5,3565.0,3565.0,3565.0,0.0,0.9999999997194952,0.9999999997194952,1,MEDIUM
4095.0,0.0,4095.0,0.0,32.44,2047.5,4095.0,0.0,2364.2493523315175,8190.0,4095.0,4095.0,4095.0,0.0,0.4999999999389499,2,MEDIUM
3845.0,0.0,4095.0,0.0,32.44,1985.0,4095.0,0.0,2294.3517603018067,7940.0,4095.0,3845.0,4095.0,0.031486146091752376,0.5157430729829039,2,MEDIUM
3879.0,0.0,4095.0,0.0,32.44,1993.5,4095.0,0.0,2303.58394680984,7974.0,4095.0,3879.0,4095.0,0.027088036113984443,0.5135440179942884,2,MEDIUM
1970.0,0.0,0.0,0.0,32.44,492.5,1970.0,0.0,985.0,1970.0,1970.0,1970.0,0.0,0.9999999994923857,0.9999999994923857,0,MEDIUM
0.0,0.0,0.0,0.0,32.44,0.0,0.0,0.0,0.0,0.0,0.0,0.0,0.0,0.0,0.0,0,MEDIUM
0.0,0.0,0.0,0.0,32.5,0.0,0.0,0.0,0.0,0.0,0.0,0.0,0.0,0.0,0.0,0,MEDIUM
3313.0,0.0,0.0,0.0,32.5,828.25,3313.0,0.0,1656.5,3313.0,3313.0,3313.0,0.0,0.9999999996981588,0.9999999996981588,0,MEDIUM
3838.0,0.0,0.0,0.0,32.5,959.5,3838.0,0.0,1919.0,3838.0,3838.0,3838.0,0.0,0.9999999997394476,0.9999999997394476,1,MEDIUM
4085.0,0.0,4095.0,0.0,32.5,2045.0,4095.0,0.0,2361.366130018808,8180.0,4095.0,4085.0,4095.0,0.001222493887381113,0.5006112468825659,2,MEDIUM
2859.0,0.0,1638.0,0.0,32.46,1124.25,2859.0,0.0,1390.5841398491498,4497.0,2859.0,2859.0,1638.0,0.27151434283488673,0.6357571713062581,0,MEDIUM
4095.0,0.0,4095.0,0.0,32.5,2047.5,4095.0,0.0,2364.2493523315175,8190.0,4095.0,4095.0,4095.0,0.0,0.4999999999389499,2,MEDIUM
4095.0,0.0,4095.0,0.0,32.5,2047.5,4095.0,0.0,2364.2493523315175,8190.0,4095.0,4095.0,4095.0,0.0,0.4999999999389499,2,MEDIUM
4095.0,0.0,4095.0,0.0,32.5,2047.5,4095.0,0.0,2364.2493523315175,8190.0,4095.0,4095.0,4095.0,0.0,0.4999999999389499,2,MEDIUM
4095.0,0.0,4095.0,0.0,32.56,2047.5,4095.0,0.0,2364.2493523315175,8190.0,4095.0,4095.0,4095.0,0.0,0.4999999999389499,2,MEDIUM
4095.0,0.0,4095.0,0.0,32.5,2047.5,4095.0,0.0,2364.2493523315175,8190.0,4095.0,4095.0,4095.0,0.0,0.4999999999389499,2,MEDIUM
4095.0,0.0,4095.0,0.0,32.5,2047.5,4095.0,0.0,2364.2493523315175,8190.0,4095.0,4095.0,4095.0,0.0,0.4999999999389499,2,MEDIUM
4095.0,0.0,4095.0,0.0,32.56,2047.5,4095.0,0.0,2364.2493523315175,8190.0,4095.0,4095.0,4095.0,0.0,0.4999999999389499,2,MEDIUM
4095.0,0.0,4095.0,0.0,32.56,2047.5,4095.0,0.0,2364.2493523315175,8190.0,4095.0,4095.0,4095.0,0.0,0.4999999999389499,2,MEDIUM
4095.0,0.0,4095.0,0.0,32.56,2047.5,4095.0,0.0,2364.2493523315175,8190.0,4095.0,4095.0,4095.0,0.0,0.4999999999389499,2,MEDIUM
4095.0,0.0,4095.0,0.0,32.56,2047.5,4095.0,0.0,2364.2493523315175,8190.0,4095.0,4095.0,4095.0,0.0,0.4999999999389499,2,MEDIUM
4095.0,0.0,4095.0,0.0,32.53,2047.5,4095.0,0.0,2364.2493523315175,8190.0,4095.0,4095.0,4095.0,0.0,0.4999999999389499,2,MEDIUM
4095.0,0.0,4095.0,0.0,32.56,2047.5,4095.0,0.0,2364.2493523315175,8190.0,4095.0,4095.0,4095.0,0.0,0.4999999999389499,2,MEDIUM
3917.0,0.0,4095.0,0.0,32.56,2003.0,4095.0,0.0,2314.0064822726836,8012.0,4095.0,3917.0,4095.0,0.022216674984745798,0.5111083374299665,2,MEDIUM
4095.0,0.0,4095.0,0.0,32.56,2047.5,4095.0,0.0,2364.2493523315175,8190.0,4095.0,4095.0,4095.0,0.0,0.4999999999389499,2,MEDIUM
4095.0,0.0,4095.0,0.0,32.56,2047.5,4095.0,0.0,2364.2493523315175,8190.0,4095.0,4095.0,4095.0,0.0,0.4999999999389499,2,MEDIUM
4083.0,0.0,4095.0,0.0,32.56,2044.5,4095.0,0.0,2360.7903337653684,8178.0,4095.0,4083.0,4095.0,0.0014673514304882182,0.5007336756541044,2,MEDIUM
4091.0,0.0,4095.0,0.0,32.56,2046.5,4095.0,0.0,2363.095216024949,8186.0,4095.0,4091.0,4095.0,0.0004886391399354216,0.5002443195088878,2,MEDIUM
4049.0,0.0,4095.0,0.0,32.63,2036.0,4095.0,0.0,2351.0452994359766,8144.0,4095.0,4049.0,4095.0,0.005648330058245539,0.5028241649677279,2,MEDIUM
4095.0,0.0,4095.0,0.0,32.63,2047.5,4095.0,0.0,2364.2493523315175,8190.0,4095.0,4095.0,4095.0,0.0,0.4999999999389499,2,MEDIUM
3977.0,0.0,4095.0,0.0,32.63,2018.0,4095.0,0.0,2330.6835907089576,8072.0,4095.0,3977.0,4095.0,0.01461843409135054,0.5073092169837328,2,MEDIUM
4000.0,0.0,3666.0,0.0,32.63,1916.5,4000.0,0.0,2217.180416655352,7666.0,4000.0,4000.0,3666.0,0.04356900599483837,0.5217845029321961,2,MEDIUM
4049.7,0.0,4052.1,0.0,32.59,2025.4499999999998,4052.1,0.0,2338.788410694734,8101.799999999999,4052.1,4049.7,4052.1,0.0002962304672670099,0.5001481151719188,2,MEDIUM
4095.0,0.0,4095.0,0.0,32.63,2047.5,4095.0,0.0,2364.2493523315175,8190.0,4095.0,4095.0,4095.0,0.0,0.4999999999389499,2,MEDIUM
4087.0,669.0,4095.0,0.0,32.63,2212.75,4095.0,0.0,2185.947906515615,8851.0,4095.0,4756.0,4095.0,0.07468082701675734,0.4626595864351305,2,MEDIUM
3958.0,0.0,4095.0,0.0,32.63,2013.25,4095.0,0.0,2325.373572138464,8053.0,4095.0,3958.0,4095.0,0.017012293553084278,0.5085061467144535,2,MEDIUM
4095.0,0.0,4095.0,0.0,32.63,2047.5,4095.0,0.0,2364.2493523315175,8190.0,4095.0,4095.0,4095.0,0.0,0.4999999999389499,2,MEDIUM
4055.0,0.0,4095.0,0.0,32.63,2037.5,4095.0,0.0,2352.759018684234,8150.0,4095.0,4055.0,4095.0,0.004907975459520494,0.5024539876684105,2,MEDIUM
4095.0,0.0,0.0,0.0,32.63,1023.75,4095.0,0.0,2047.5,4095.0,4095.0,4095.0,0.0,0.9999999997557998,0.9999999997557998,1,MEDIUM
3920.0,0.0,4095.0,0.0,32.63,2003.75,4095.0,0.0,2314.8339573282574,8015.0,4095.0,3920.0,4095.0,0.021834061132647027,0.5109170305039404,2,MEDIUM
3712.0,0.0,0.0,0.0,32.69,928.0,3712.0,0.0,1856.0,3712.0,3712.0,3712.0,0.0,0.9999999997306035,0.9999999997306035,1,MEDIUM
0.0,0.0,0.0,0.0,32.63,0.0,0.0,0.0,0.0,0.0,0.0,0.0,0.0,0.0,0.0,0,MEDIUM
2127.0,0.0,0.0,0.0,32.63,531.75,2127.0,0.0,1063.5,2127.0,2127.0,2127.0,0.0,0.9999999995298543,0.9999999995298543,0,MEDIUM
3414.4,66.9,2457.0,0.0,32.63,1484.575,3414.4,0.0,1720.8137849575705,5938.3,3414.4,3481.3,2457.0,0.17249044336384312,0.5749793711036864,0,MEDIUM
1893.0,0.0,0.0,0.0,32.69,473.25,1893.0,0.0,946.5,1893.0,1893.0,1893.0,0.0,0.9999999994717379,0.9999999994717379,0,MEDIUM
0.0,0.0,0.0,0.0,32.63,0.0,0.0,0.0,0.0,0.0,0.0,0.0,0.0,0.0,0.0,0,MEDIUM
1302.0,0.0,0.0,0.0,32.63,325.5,1302.0,0.0,651.0,1302.0,1302.0,1302.0,0.0,0.9999999992319507,0.9999999992319507,0,MEDIUM
3519.0,0.0,0.0,0.0,32.63,879.75,3519.0,0.0,1759.5,3519.0,3519.0,3519.0,0.0,0.9999999997158284,0.9999999997158284,1,MEDIUM
4031.0,0.0,0.0,0.0,32.63,1007.75,4031.0,0.0,2015.5,4031.0,4031.0,4031.0,0.0,0.9999999997519227,0.9999999997519227,1,MEDIUM
2581.0,0.0,0.0,0.0,32.63,645.25,2581.0,0.0,1290.5,2581.0,2581.0,2581.0,0.0,0.9999999996125534,0.9999999996125534,0,MEDIUM
0.0,0.0,0.0,0.0,32.69,0.0,0.0,0.0,0.0,0.0,0.0,0.0,0.0,0.0,0.0,0,MEDIUM
0.0,0.0,0.0,0.0,32.69,0.0,0.0,0.0,0.0,0.0,0.0,0.0,0.0,0.0,0.0,0,MEDIUM
1326.0,0.0,0.0,0.0,32.69,331.5,1326.0,0.0,663.0,1326.0,1326.0,1326.0,0.0,0.9999999992458521,0.9999999992458521,0,MEDIUM
2550.0,0.0,0.0,0.0,32.69,637.5,2550.0,0.0,1275.0,2550.0,2550.0,2550.0,0.0,0.9999999996078431,0.9999999996078431,0,MEDIUM
1720.2,0.0,0.0,0.0,32.66,430.05,1720.2,0.0,860.1,1720.2,1720.2,1720.2,0.0,0.9999999994186722,0.9999999994186722,0,MEDIUM
3459.0,0.0,0.0,0.0,32.69,864.75,3459.0,0.0,1729.5,3459.0,3459.0,3459.0,0.0,0.9999999997108991,0.9999999997108991,0,MEDIUM
3306.0,0.0,0.0,0.0,32.69,826.5,3306.0,0.0,1653.0,3306.0,3306.0,3306.0,0.0,0.9999999996975197,0.9999999996975197,0,MEDIUM
0.0,0.0,0.0,0.0,32.69,0.0,0.0,0.0,0.0,0.0,0.0,0.0,0.0,0.0,0.0,0,MEDIUM
0.0,0.0,0.0,0.0,32.69,0.0,0.0,0.0,0.0,0.0,0.0,0.0,0.0,0.0,0.0,0,MEDIUM
3888.0,0.0,0.0,0.0,32.69,972.0,3888.0,0.0,1944.0,3888.0,3888.0,3888.0,0.0,0.9999999997427984,0.9999999997427984,1,MEDIUM
1482.0,0.0,0.0,0.0,32.69,370.5,1482.0,0.0,741.0,1482.0,1482.0,1482.0,0.0,0.9999999993252361,0.9999999993252361,0,MEDIUM
995.0,0.0,0.0,0.0,32.69,248.75,995.0,0.0,497.5,995.0,995.0,995.0,0.0,0.9999999989949748,0.9999999989949748,0,MEDIUM
0.0,0.0,0.0,0.0,32.69,0.0,0.0,0.0,0.0,0.0,0.0,0.0,0.0,0.0,0.0,0,MEDIUM
4095.0,1481.0,4095.0,0.0,32.69,2417.75,4095.0,0.0,2028.9037064385288,9671.0,4095.0,5576.0,4095.0,0.15313824835558493,0.4234308757705066,2,MEDIUM
4095.0,0.0,4095.0,0.0,32.69,2047.5,4095.0,0.0,2364.2493523315175,8190.0,4095.0,4095.0,4095.0,0.0,0.4999999999389499,2,MEDIUM
2132.0,148.1,819.0,0.0,32.69,774.775,2132.0,0.0,972.4562385183887,3099.1,2132.0,2280.1,819.0,0.47145945581896054,0.6879416602600944,0,MEDIUM
4070.0,0.0,4095.0,0.0,32.69,2041.25,4095.0,0.0,2357.0545708574505,8165.0,4095.0,4070.0,4095.0,0.003061849356636638,0.5015309246170813,2,MEDIUM
3811.0,0.0,4007.0,0.0,32.69,1954.5,4007.0,0.0,2258.2802453784752,7818.0,4007.0,3811.0,4007.0,0.025070350470060072,0.512535175171075,2,MEDIUM
4095.0,0.0,4095.0,0.0,32.69,2047.5,4095.0,0.0,2364.2493523315175,8190.0,4095.0,4095.0,4095.0,0.0,0.4999999999389499,2,MEDIUM
4095.0,0.0,4095.0,0.0,32.69,2047.5,4095.0,0.0,2364.2493523315175,8190.0,4095.0,4095.0,4095.0,0.0,0.4999999999389499,2,MEDIUM
4095.0,0.0,0.0,0.0,32.69,1023.75,4095.0,0.0,2047.5,4095.0,4095.0,4095.0,0.0,0.9999999997557998,0.9999999997557998,1,MEDIUM
4049.0,0.0,4095.0,0.0,32.75,2036.0,4095.0,0.0,2351.0452994359766,8144.0,4095.0,4049.0,4095.0,0.005648330058245539,0.5028241649677279,2,MEDIUM
3913.0,0.0,4095.0,0.0,32.69,2002.0,4095.0,0.0,2312.904234939268,8008.0,4095.0,3913.0,4095.0,0.022727272724434654,0.5113636362997798,2,MEDIUM
3873.0,0.0,4095.0,0.0,32.69,1992.0,4095.0,0.0,2301.948305240585,7968.0,4095.0,3873.0,4095.0,0.02786144577963586,0.5139307228270669,2,MEDIUM
4095.0,0.0,4095.0,0.0,32.69,2047.5,4095.0,0.0,2364.2493523315175,8190.0,4095.0,4095.0,4095.0,0.0,0.4999999999389499,2,MEDIUM
4095.0,0.0,4095.0,0.0,32.69,2047.5,4095.0,0.0,2364.2493523315175,8190.0,4095.0,4095.0,4095.0,0.0,0.4999999999389499,2,MEDIUM
4019.1,0.0,3676.7,0.0,32.69,1923.9499999999998,4019.1,0.0,2225.979431621056,7695.799999999999,4019.1,4019.1,3676.7,0.044491800716690705,0.5222459002933748,2,MEDIUM
4095.0,0.0,4095.0,0.0,32.69,2047.5,4095.0,0.0,2364.2493523315175,8190.0,4095.0,4095.0,4095.0,0.0,0.4999999999389499,2,MEDIUM
4095.0,0.0,4095.0,0.0,32.69,2047.5,4095.0,0.0,2364.2493523315175,8190.0,4095.0,4095.0,4095.0,0.0,0.4999999999389499,2,MEDIUM
4095.0,0.0,4095.0,0.0,32.69,2047.5,4095.0,0.0,2364.2493523315175,8190.0,4095.0,4095.0,4095.0,0.0,0.4999999999389499,2,MEDIUM
4095.0,0.0,3575.0,0.0,32.69,1917.5,4095.0,0.0,2224.2920221949275,7670.0,4095.0,4095.0,3575.0,0.06779661016065233,0.5338983050151371,2,MEDIUM
4095.0,0.0,3988.0,0.0,32.69,2020.75,4095.0,0.0,2333.769965099388,8083.0,4095.0,4095.0,3988.0,0.01323765928328125,0.5066188295797824,2,MEDIUM
4095.0,0.0,4095.0,0.0,32.69,2047.5,4095.0,0.0,2364.2493523315175,8190.0,4095.0,4095.0,4095.0,0.0,0.4999999999389499,2,MEDIUM
4049.0,0.0,0.0,0.0,32.69,1012.25,4049.0,0.0,2024.5,4049.0,4049.0,4049.0,0.0,0.9999999997530254,0.9999999997530254,1,MEDIUM
3938.0,0.0,0.0,0.0,32.69,984.5,3938.0,0.0,1969.0,3938.0,3938.0,3938.0,0.0,0.999999999746064,0.999999999746064,1,MEDIUM
2630.0,0.0,4095.0,0.0,32.69,1681.25,4095.0,0.0,2031.3803804310014,6725.0,4095.0,2630.0,4095.0,0.21784386613861056,0.6089219329949558,1,MEDIUM
1217.0,0.0,0.0,0.0,32.69,304.25,1217.0,0.0,608.5,1217.0,1217.0,1217.0,0.0,0.9999999991783072,0.9999999991783072,0,MEDIUM
3640.4,0.0,2803.8,0.0,32.69,1611.0500000000002,3640.4,0.0,1891.3732392100721,6444.200000000001,3640.4,3640.4,2803.8,0.1298221656482073,0.5649110827465145,1,MEDIUM
4095.0,0.0,0.0,0.0,32.69,1023.75,4095.0,0.0,2047.5,4095.0,4095.0,4095.0,0.0,0.9999999997557998,0.9999999997557998,1,MEDIUM
4062.0,0.0,3856.0,0.0,32.69,1979.5,4062.0,0.0,2287.2763278624643,7918.0,4062.0,4062.0,3856.0,0.026016670873198196,0.5130083353734518,2,MEDIUM
4095.0,0.0,4095.0,0.0,32.69,2047.5,4095.0,0.0,2364.2493523315175,8190.0,4095.0,4095.0,4095.0,0.0,0.4999999999389499,2,MEDIUM
4095.0,0.0,4095.0,0.0,32.69,2047.5,4095.0,0.0,2364.2493523315175,8190.0,4095.0,4095.0,4095.0,0.0,0.4999999999389499,2,MEDIUM
3691.0,0.0,2209.0,0.0,32.69,1475.0,3691.0,0.0,1807.453272793887,5900.0,3691.0,3691.0,2209.0,0.25118644063539214,0.6255932202329503,1,MEDIUM
3974.0,0.0,3728.0,0.0,32.69,1925.5,3974.0,0.0,2225.642903372716,7702.0,3974.0,3974.0,3728.0,0.031939755903409535,0.5159698778867865,2,MEDIUM
4026.0,0.0,3870.0,0.0,32.69,1974.0,4026.0,0.0,2280.268405254083,7896.0,4026.0,4026.0,3870.0,0.01975683890327294,0.5098784193883132,2,MEDIUM
4047.0,0.0,3858.0,0.0,32.69,1976.25,4047.0,0.0,2283.2810273814302,7905.0,4047.0,4047.0,3858.0,0.023908918403047576,0.5119544591382726,2,MEDIUM
4020.0,0.0,3973.0,0.0,32.69,1998.25,4020.0,0.0,2307.4601296663827,7993.0,4020.0,4020.0,3973.0,0.005880145126250451,0.5029400725005705,2,MEDIUM
4010.0,0.0,3919.0,0.0,32.69,1982.25,4010.0,0.0,2289.2066129265545,7929.0,4010.0,4010.0,3919.0,0.0114768571053756,0.5057384284896281,2,MEDIUM
4011.5,0.0,3360.3,0.0,32.69,1842.95,4011.5,0.0,2144.5970507300435,7371.8,4011.5,4011.5,3360.3,0.08833663418861921,0.5441683170264835,1,MEDIUM
4003.0,0.0,3979.0,0.0,32.69,1995.5,4003.0,0.0,2304.225755722154,7982.0,4003.0,4003.0,3979.0,0.003006765221372242,0.5015033825480452,2,MEDIUM
4020.0,0.0,4049.0,0.0,32.69,2017.25,4049.0,0.0,2329.349748320333,8069.0,4049.0,4020.0,4049.0,0.0035940017345899118,0.5017970008053294,2,MEDIUM
4095.0,0.0,4095.0,0.0,32.69,2047.5,4095.0,0.0,2364.2493523315175,8190.0,4095.0,4095.0,4095.0,0.0,0.4999999999389499,2,MEDIUM
4095.0,0.0,4095.0,0.0,32.69,2047.5,4095.0,0.0,2364.2493523315175,8190.0,4095.0,4095.0,4095.0,0.0,0.4999999999389499,2,MEDIUM
4095.0,0.0,4095.0,0.0,32.69,2047.5,4095.0,0.0,2364.2493523315175,8190.0,4095.0,4095.0,4095.0,0.0,0.4999999999389499,2,MEDIUM
4095.0,0.0,4095.0,0.0,32.69,2047.5,4095.0,0.0,2364.2493523315175,8190.0,4095.0,4095.0,4095.0,0.0,0.4999999999389499,2,MEDIUM
4061.0,0.0,694.0,0.0,32.69,1188.75,4061.0,0.0,1942.579964034085,4755.0,4061.0,4061.0,694.0,0.7080967401244801,0.8540483699570875,1,MEDIUM
4057.0,0.0,0.0,0.0,32.69,1014.25,4057.0,0.0,2028.5,4057.0,4057.0,4057.0,0.0,0.9999999997535125,0.9999999997535125,1,MEDIUM
2871.0,0.0,0.0,0.0,32.69,717.75,2871.0,0.0,1435.5,2871.0,2871.0,2871.0,0.0,0.9999999996516894,0.9999999996516894,0,MEDIUM
4095.0,0.0,4095.0,0.0,32.63,2047.5,4095.0,0.0,2364.2493523315175,8190.0,4095.0,4095.0,4095.0,0.0,0.4999999999389499,2,MEDIUM
3948.7,0.0,2919.7,0.0,32.68,1717.1,3948.7,0.0,2026.7502839110034,6868.4,3948.7,3948.7,2919.7,0.1498165511400302,0.5749082754972179,1,MEDIUM
4095.0,0.0,4095.0,0.0,32.63,2047.5,4095.0,0.0,2364.2493523315175,8190.0,4095.0,4095.0,4095.0,0.0,0.4999999999389499,2,MEDIUM
4095.0,0.0,0.0,0.0,32.69,1023.75,4095.0,0.0,2047.5,4095.0,4095.0,4095.0,0.0,0.9999999997557998,0.9999999997557998,1,MEDIUM
4095.0,0.0,3763.0,0.0,32.69,1964.5,4095.0,0.0,2272.4548400353306,7858.0,4095.0,4095.0,3763.0,0.04224993636520107,0.5211249681189711,2,MEDIUM
4095.0,0.0,4095.0,0.0,32.69,2047.5,4095.0,0.0,2364.2493523315175,8190.0,4095.0,4095.0,4095.0,0.0,0.4999999999389499,2,MEDIUM
4095.0,0.0,4095.0,0.0,32.69,2047.5,4095.0,0.0,2364.2493523315175,8190.0,4095.0,4095.0,4095.0,0.0,0.4999999999389499,2,MEDIUM
4095.0,0.0,4095.0,0.0,32.69,2047.5,4095.0,0.0,2364.2493523315175,8190.0,4095.0,4095.0,4095.0,0.0,0.4999999999389499,2,MEDIUM
4095.0,0.0,0.0,0.0,32.69,1023.75,4095.0,0.0,2047.5,4095.0,4095.0,4095.0,0.0,0.9999999997557998,0.9999999997557998,1,MEDIUM
4095.0,0.0,3600.0,0.0,32.69,1923.75,4095.0,0.0,2230.5282446093347,7695.0,4095.0,4095.0,3600.0,0.06432748537175731,0.5321637426209014,2,MEDIUM
2813.0,0.0,0.0,0.0,32.69,703.25,2813.0,0.0,1406.5,2813.0,2813.0,2813.0,0.0,0.9999999996445077,0.9999999996445077,0,MEDIUM
4095.0,0.0,4095.0,0.0,32.69,2047.5,4095.0,0.0,2364.2493523315175,8190.0,4095.0,4095.0,4095.0,0.0,0.4999999999389499,2,MEDIUM
3966.8,0.0,2783.8,0.0,32.68,1687.65,3966.8,0.0,2007.6847851858288,6750.6,3966.8,3966.8,2783.8,0.1752436820171179,0.5876218409344914,1,MEDIUM
4095.0,0.0,4095.0,0.0,32.69,2047.5,4095.0,0.0,2364.2493523315175,8190.0,4095.0,4095.0,4095.0,0.0,0.4999999999389499,2,MEDIUM
0.0,4045.0,4095.0,0.0,32.69,2035.0,4095.0,0.0,2349.9042533686347,8140.0,4095.0,4045.0,4095.0,0.006142506141751535,0.5030712530094507,2,MEDIUM
3901.0,0.0,3629.0,0.0,32.69,1882.5,3901.0,0.0,2176.558215777071,7530.0,3901.0,3901.0,3629.0,0.036122177950050176,0.518061088908624,2,MEDIUM
4095.0,0.0,4095.0,0.0,32.69,2047.5,4095.0,0.0,2364.2493523315175,8190.0,4095.0,4095.0,4095.0,0.0,0.4999999999389499,2,MEDIUM
4095.0,0.0,4095.0,0.0,32.69,2047.5,4095.0,0.0,2364.2493523315175,8190.0,4095.0,4095.0,4095.0,0.0,0.4999999999389499,2,MEDIUM
4095.0,0.0,3908.0,0.0,32.69,2000.75,4095.0,0.0,2311.5281200971795,8003.0,4095.0,4095.0,3908.0,0.023366237657957485,0.5116831187665022,2,MEDIUM
4095.0,0.0,3029.0,0.0,32.69,1781.0,4095.0,0.0,2102.0642235669206,7124.0,4095.0,4095.0,3029.0,0.149635036475346,0.5748175181674877,1,MEDIUM
4095.0,0.0,4095.0,0.0,32.69,2047.5,4095.0,0.0,2364.2493523315175,8190.0,4095.0,4095.0,4095.0,0.0,0.4999999999389499,2,MEDIUM
4095.0,0.0,4095.0,0.0,32.69,2047.5,4095.0,0.0,2364.2493523315175,8190.0,4095.0,4095.0,4095.0,0.0,0.4999999999389499,2,MEDIUM
4095.0,1802.0,4095.0,0.0,32.69,2498.0,4095.0,0.0,1985.3830864596384,9992.0,4095.0,5897.0,4095.0,0.1803442754022874,0.40982786224881623,2,MEDIUM
3666.1,584.7,3923.1,0.0,32.69,2043.475,3923.1,0.0,2038.7673242672886,8173.9,3923.1,4250.8,3923.1,0.04009102141693797,0.4799544892303607,2,MEDIUM
3983.0,0.0,0.0,0.0,32.69,995.75,3983.0,0.0,1991.5,3983.0,3983.0,3983.0,0.0,0.9999999997489329,0.9999999997489329,1,MEDIUM
4095.0,1173.0,4095.0,0.0,32.75,2340.75,4095.0,0.0,2081.4687722855706,9363.0,4095.0,5268.0,4095.0,0.1252803588459596,0.4373598205236185,2,MEDIUM
4095.0,0.0,4077.0,0.0,32.75,2043.0,4095.0,0.0,2359.0646451507005,8172.0,4095.0,4095.0,4077.0,0.002202643171536632,0.5011013215245838,2,MEDIUM
4095.0,0.0,4095.0,0.0,32.69,2047.5,4095.0,0.0,2364.2493523315175,8190.0,4095.0,4095.0,4095.0,0.0,0.4999999999389499,2,MEDIUM
4095.0,0.0,4095.0,0.0,32.69,2047.5,4095.0,0.0,2364.2493523315175,8190.0,4095.0,4095.0,4095.0,0.0,0.4999999999389499,2,MEDIUM
4095.0,0.0,4095.0,0.0,32.69,2047.5,4095.0,0.0,2364.2493523315175,8190.0,4095.0,4095.0,4095.0,0.0,0.4999999999389499,2,MEDIUM
4095.0,0.0,4095.0,0.0,32.69,2047.5,4095.0,0.0,2364.2493523315175,8190.0,4095.0,4095.0,4095.0,0.0,0.4999999999389499,2,MEDIUM
4082.0,0.0,4095.0,0.0,32.69,2044.25,4095.0,0.0,2360.5025418329888,8177.0,4095.0,4082.0,4095.0,0.0015898251190424573,0.500794912498374,2,MEDIUM
4095.0,0.0,4048.0,0.0,32.69,2035.75,4095.0,0.0,2350.759930320406,8143.0,4095.0,4095.0,4048.0,0.005771828563702341,0.5028859142204487,2,MEDIUM
4095.0,0.0,4095.0,0.0,32.69,2047.5,4095.0,0.0,2364.2493523315175,8190.0,4095.0,4095.0,4095.0,0.0,0.4999999999389499,2,MEDIUM
4082.5,117.3,3679.0,0.0,32.7,1969.7,4082.5,0.0,2213.3484572776456,7878.8,4082.5,4199.8,3679.0,0.06610143675863059,0.518162664299365,2,MEDIUM
4095.0,0.0,4095.0,0.0,32.69,2047.5,4095.0,0.0,2364.2493523315175,8190.0,4095.0,4095.0,4095.0,0.0,0.4999999999389499,2,MEDIUM
4095.0,0.0,4095.0,0.0,32.69,2047.5,4095.0,0.0,2364.2493523315175,8190.0,4095.0,4095.0,4095.0,0.0,0.4999999999389499,2,MEDIUM
4095.0,0.0,4095.0,0.0,32.69,2047.5,4095.0,0.0,2364.2493523315175,8190.0,4095.0,4095.0,4095.0,0.0,0.4999999999389499,2,MEDIUM
4095.0,0.0,3396.0,0.0,32.69,1872.75,4095.0,0.0,2181.2130226092086,7491.0,4095.0,4095.0,3396.0,0.09331197435678654,0.5466559871116465,1,MEDIUM
4095.0,0.0,2751.0,0.0,32.69,1711.5,4095.0,0.0,2051.0238906458403,6846.0,4095.0,4095.0,2751.0,0.1963190183762315,0.5981595091150804,1,MEDIUM
4095.0,0.0,4095.0,0.0,32.69,2047.5,4095.0,0.0,2364.2493523315175,8190.0,4095.0,4095.0,4095.0,0.0,0.4999999999389499,2,MEDIUM
4095.0,0.0,4095.0,0.0,32.69,2047.5,4095.0,0.0,2364.2493523315175,8190.0,4095.0,4095.0,4095.0,0.0,0.4999999999389499,2,MEDIUM
4095.0,0.0,0.0,0.0,32.69,1023.75,4095.0,0.0,2047.5,4095.0,4095.0,4095.0,0.0,0.9999999997557998,0.9999999997557998,1,MEDIUM
4095.0,0.0,2624.0,0.0,32.69,1679.75,4095.0,0.0,2030.448287940375,6719.0,4095.0,4095.0,2624.0,0.21893138856691002,0.6094656942090392,1,MEDIUM
3992.0,0.0,0.0,0.0,32.69,998.0,3992.0,0.0,1996.0,3992.0,3992.0,3992.0,0.0,0.999999999749499,0.999999999749499,1,MEDIUM
4084.7,0.0,2924.6,0.0,32.69,1752.3249999999998,4084.7,0.0,2078.0991015428817,7009.299999999999,4084.7,4084.7,2924.6,0.16550868129977192,0.5827543405785521,1,MEDIUM
4095.0,0.0,3472.0,0.0,32.69,1891.75,4095.0,0.0,2199.161715290624,7567.0,4095.0,4095.0,3472.0,0.08233117482723257,0.5411655873475398,1,MEDIUM
4095.0,0.0,3801.0,0.0,32.69,1974.0,4095.0,0.0,2282.5367466921534,7896.0,4095.0,4095.0,3801.0,0.03723404254847593,0.5186170212109148,2,MEDIUM
3935.0,0.0,0.0,0.0,32.63,983.75,3935.0,0.0,1967.5,3935.0,3935.0,3935.0,0.0,0.9999999997458704,0.9999999997458704,1,MEDIUM
4095.0,0.0,4032.0,0.0,32.69,2031.75,4095.0,0.0,2346.203795496035,8127.0,4095.0,4095.0,4032.0,0.007751937983542274,0.5038759689302478,2,MEDIUM
4088.0,0.0,0.0,0.0,32.69,1022.0,4088.0,0.0,2044.0,4088.0,4088.0,4088.0,0.0,0.9999999997553817,0.9999999997553817,1,MEDIUM
4095.0,0.0,2949.0,0.0,32.69,1761.0,4095.0,0.0,2086.5555348468442,7044.0,4095.0,4095.0,2949.0,0.1626916524470909,0.581345826152563,1,MEDIUM
4095.0,0.0,2491.0,0.0,32.69,1646.5,4095.0,0.0,2010.8254523951102,6586.0,4095.0,4095.0,2491.0,0.24354691766724157,0.6217734587577022,1,MEDIUM
4095.0,0.0,0.0,0.0,32.63,1023.75,4095.0,0.0,2047.5,4095.0,4095.0,4095.0,0.0,0.9999999997557998,0.9999999997557998,1,MEDIUM
4095.0,0.0,4095.0,0.0,32.63,2047.5,4095.0,0.0,2364.2493523315175,8190.0,4095.0,4095.0,4095.0,0.0,0.4999999999389499,2,MEDIUM
4095.0,0.0,0.0,0.0,32.63,1023.75,4095.0,0.0,2047.5,4095.0,4095.0,4095.0,0.0,0.9999999997557998,0.9999999997557998,1,MEDIUM
4078.3,0.0,2084.0,0.0,32.66,1540.575,4078.3,0.0,1956.3658116943946,6162.3,4078.3,4078.3,2084.0,0.32362916438283934,0.6618145821102811,1,MEDIUM
4095.0,0.0,4095.0,0.0,32.63,2047.5,4095.0,0.0,2364.2493523315175,8190.0,4095.0,4095.0,4095.0,0.0,0.4999999999389499,2,MEDIUM
3996.0,0.0,0.0,0.0,32.63,999.0,3996.0,0.0,1998.0,3996.0,3996.0,3996.0,0.0,0.9999999997497497,0.9999999997497497,1,MEDIUM
4095.0,0.0,3265.0,0.0,32.63,1840.0,4095.0,0.0,2151.49947710893,7360.0,4095.0,4095.0,3265.0,0.11277173911511253,0.5563858694896214,1,MEDIUM
4095.0,0.0,3483.0,0.0,32.63,1894.5,4095.0,0.0,2201.801762193863,7578.0,4095.0,4095.0,3483.0,0.0807600950012193,0.5403800474346292,1,MEDIUM
4095.0,0.0,3427.0,0.0,32.63,1880.5,4095.0,0.0,2188.4722982025614,7522.0,4095.0,4095.0,3427.0,0.08880616856038205,0.5444030842137193,1,MEDIUM
4054.0,0.0,0.0,0.0,32.63,1013.5,4054.0,0.0,2027.0,4054.0,4054.0,4054.0,0.0,0.9999999997533301,0.9999999997533301,1,MEDIUM
4095.0,0.0,4095.0,0.0,32.63,2047.5,4095.0,0.0,2364.2493523315175,8190.0,4095.0,4095.0,4095.0,0.0,0.4999999999389499,2,MEDIUM
4003.0,0.0,0.0,0.0,32.56,1000.75,4003.0,0.0,2001.5,4003.0,4003.0,4003.0,0.0,0.9999999997501874,0.9999999997501874,1,MEDIUM
4095.0,0.0,4095.0,0.0,32.56,2047.5,4095.0,0.0,2364.2493523315175,8190.0,4095.0,4095.0,4095.0,0.0,0.4999999999389499,2,MEDIUM
3697.0,0.0,0.0,0.0,32.56,924.25,3697.0,0.0,1848.5,3697.0,3697.0,3697.0,0.0,0.9999999997295105,0.9999999997295105,1,MEDIUM
4032.0,0.0,2246.0,0.0,32.61,1569.5,4032.0,0.0,1953.4771562524093,6278.0,4032.0,4032.0,2246.0,0.28448550489256363,0.6422427523666386,1,MEDIUM
4095.0,0.0,4095.0,0.0,32.56,2047.5,4095.0,0.0,2364.2493523315175,8190.0,4095.0,4095.0,4095.0,0.0,0.4999999999389499,2,MEDIUM
4000.0,0.0,0.0,0.0,32.56,1000.0,4000.0,0.0,2000.0,4000.0,4000.0,4000.0,0.0,0.99999999975,0.99999999975,1,MEDIUM
4095.0,0.0,4095.0,0.0,32.56,2047.5,4095.0,0.0,2364.2493523315175,8190.0,4095.0,4095.0,4095.0,0.0,0.4999999999389499,2,MEDIUM
3988.0,0.0,0.0,0.0,32.56,997.0,3988.0,0.0,1994.0,3988.0,3988.0,3988.0,0.0,0.9999999997492478,0.9999999997492478,1,MEDIUM
4095.0,0.0,4095.0,0.0,32.56,2047.5,4095.0,0.0,2364.2493523315175,8190.0,4095.0,4095.0,4095.0,0.0,0.4999999999389499,2,MEDIUM
4095.0,0.0,4053.0,0.0,32.56,2037.0,4095.0,0.0,2352.187492526903,8148.0,4095.0,4095.0,4053.0,0.005154639174625105,0.5025773195259478,2,MEDIUM
4095.0,0.0,0.0,0.0,32.56,1023.75,4095.0,0.0,2047.5,4095.0,4095.0,4095.0,0.0,0.9999999997557998,0.9999999997557998,1,MEDIUM
4095.0,0.0,4095.0,0.0,32.56,2047.5,4095.0,0.0,2364.2493523315175,8190.0,4095.0,4095.0,4095.0,0.0,0.4999999999389499,2,MEDIUM
4095.0,0.0,3748.0,0.0,32.56,1960.75,4095.0,0.0,2268.506612289239,7843.0,4095.0,4095.0,3748.0,0.04424327425165839,0.522121637062078,2,MEDIUM
4095.0,0.0,4095.0,0.0,32.56,2047.5,4095.0,0.0,2364.2493523315175,8190.0,4095.0,4095.0,4095.0,0.0,0.4999999999389499,2,MEDIUM
4074.8,0.0,2827.6,0.0,32.56,1725.6,4074.8,0.0,2056.577687972586,6902.4,4074.8,4074.8,2827.6,0.18069077419728058,0.5903453870262018,1,MEDIUM
4065.0,0.0,0.0,0.0,32.56,1016.25,4065.0,0.0,2032.5,4065.0,4065.0,4065.0,0.0,0.9999999997539976,0.9999999997539976,1,MEDIUM
4095.0,0.0,3051.0,0.0,32.56,1786.5,4095.0,0.0,2106.442261254744,7146.0,4095.0,4095.0,3051.0,0.14609571786368658,0.573047858861874,1,MEDIUM
4026.0,0.0,0.0,0.0,32.5,1006.5,4026.0,0.0,2013.0,4026.0,4026.0,4026.0,0.0,0.9999999997516146,0.9999999997516146,1,MEDIUM
4095.0,0.0,3927.0,0.0,32.56,2005.5,4095.0,0.0,2316.7673599220097,8022.0,4095.0,4095.0,3927.0,0.02094240837435273,0.5104712041248477,2,MEDIUM
4095.0,0.0,3776.0,0.0,32.5,1967.75,4095.0,0.0,2275.891089221978,7871.0,4095.0,4095.0,3776.0,0.04052852241893933,0.5202642611459453,2,MEDIUM
4095.0,0.0,0.0,0.0,32.5,1023.75,4095.0,0.0,2047.5,4095.0,4095.0,4095.0,0.0,0.9999999997557998,0.9999999997557998,1,MEDIUM
4095.0,0.0,4095.0,0.0,32.5,2047.5,4095.0,0.0,2364.2493523315175,8190.0,4095.0,4095.0,4095.0,0.0,0.4999999999389499,2,MEDIUM
4095.0,0.0,0.0,0.0,32.5,1023.75,4095.0,0.0,2047.5,4095.0,4095.0,4095.0,0.0,0.9999999997557998,0.9999999997557998,1,MEDIUM
4095.0,0.0,3890.0,0.0,32.5,1996.25,4095.0,0.0,2306.5897446230006,7985.0,4095.0,4095.0,3890.0,0.025673137128907557,0.5128365685018363,2,MEDIUM
4095.0,0.0,4042.0,0.0,32.5,2034.25,4095.0,0.0,2349.049222557927,8137.0,4095.0,4095.0,4042.0,0.0065134570472516334,0.5032567284621781,2,MEDIUM
4085.1,0.0,2278.1,0.0,32.52,1590.8,4085.1,0.0,1979.4951427068468,6363.2,4085.1,4085.1,2278.1,0.2839766154947233,0.6419883076687848,1,MEDIUM
0.0,4037.0,4095.0,0.0,32.5,2033.0,4095.0,0.0,2347.6256089930525,8132.0,4095.0,4037.0,4095.0,0.007132316772364446,0.5035661583246968,2,MEDIUM
0.0,3978.0,4095.0,0.0,32.56,2018.25,4095.0,0.0,2330.963802807757,8073.0,4095.0,3978.0,4095.0,0.014492753621393193,0.5072463767487617,2,MEDIUM
0.0,4000.0,4095.0,4036.0,32.5,3032.75,4095.0,0.0,2022.212546527524,12131.0,4095.0,4000.0,8131.0,0.3405325199620367,0.33756491630223684,3,MEDIUM
0.0,3984.0,0.0,4095.0,32.5,2019.75,4095.0,0.0,2332.646619186027,8079.0,4095.0,3984.0,4095.0,0.013739324172083262,0.5068696620241527,2,MEDIUM
0.0,3887.0,4095.0,4095.0,32.5,3019.25,4095.0,0.0,2015.2201492640947,12077.0,4095.0,3887.0,8190.0,0.3562970936195829,0.3390742733841952,3,MEDIUM
0.0,3851.0,4095.0,4095.0,32.5,3010.25,4095.0,0.0,2010.1269238533173,12041.0,4095.0,3851.0,8190.0,0.3603521301918153,0.34008803252719144,3,MEDIUM
0.0,3845.0,4095.0,4078.0,32.5,3004.5,4095.0,0.0,2006.244667698002,12018.0,4095.0,3845.0,8173.0,0.3601264769212742,0.34073889163415383,3,MEDIUM
0.0,3772.0,4095.0,4095.0,32.56,2990.5,4095.0,0.0,1999.4726804835318,11962.0,4095.0,3772.0,8190.0,0.36933623136855576,0.34233405782123943,3,MEDIUM
0.0,3617.0,4095.0,4095.0,32.56,2951.75,4095.0,0.0,1980.6923663204238,11807.0,4095.0,3617.0,8190.0,0.3873126111300658,0.34682815276134255,3,MEDIUM
0.0,3899.6,3685.5,3268.4,32.52,2713.375,3899.6,0.0,1827.805004871508,10853.5,3899.6,3899.6,6953.9,0.2814115262098483,0.35929423684900774,2,MEDIUM
0.0,3477.0,4095.0,4095.0,32.56,2916.75,4095.0,0.0,1966.202494658167,11667.0,4095.0,3477.0,8190.0,0.40395988682575124,0.35098997168500984,2,MEDIUM
0.0,3438.0,4095.0,4095.0,32.56,2907.0,4095.0,0.0,1962.591653910716,11628.0,4095.0,3438.0,8190.0,0.4086687306150096,0.35216718263225255,2,MEDIUM
0.0,3657.0,4095.0,4095.0,32.56,2961.75,4095.0,0.0,1985.2662919618617,11847.0,4095.0,3657.0,8190.0,0.3826285135154361,0.34565712835775664,3,MEDIUM
0.0,3630.0,4095.0,4095.0,32.63,2955.0,4095.0,0.0,1982.1579150007196,11820.0,4095.0,3630.0,8190.0,0.38578680199781834,0.346446700478304,3,MEDIUM
0.0,3408.0,4095.0,3982.0,32.56,2871.25,4095.0,0.0,1937.6538003472137,11485.0,4095.0,3408.0,8077.0,0.40653025682137306,0.3565520243485806,2,MEDIUM
0.0,3696.0,4095.0,4095.0,32.56,2971.5,4095.0,0.0,1989.9092944152003,11886.0,4095.0,3696.0,8190.0,0.37809187275970957,0.3445229681688942,3,MEDIUM
0.0,3583.0,4095.0,4095.0,32.63,2943.25,4095.0,0.0,1976.9552979265868,11773.0,4095.0,3583.0,8190.0,0.3913191199871469,0.3478297799755517,3,MEDIUM
0.0,3311.0,4095.0,4056.0,32.56,2865.5,4095.0,0.0,1944.0954194689107,11462.0,4095.0,3311.0,8151.0,0.4222648752030828,0.3572674925530215,2,MEDIUM
2689.0,3278.0,4095.0,3979.0,32.63,3510.25,4095.0,2689.0,655.7567511407464,14041.0,1406.0,5967.0,8074.0,0.15006053698810196,0.2916458941463111,2,MEDIUM
0.0,3395.0,4095.0,4095.0,32.63,2896.25,4095.0,0.0,1958.8277744610423,11585.0,4095.0,3395.0,8190.0,0.41389728093104033,0.35347432021118047,2,MEDIUM
268.9,3487.3,4095.0,4068.2,32.59,2979.8500000000004,4095.0,268.9,1828.9177719806503,11919.400000000001,3826.1,3756.2000000000003,8163.2,0.3697333758100463,0.34355756159340584,2,MEDIUM
0.0,3597.0,4095.0,4095.0,32.63,2946.75,4095.0,0.0,1978.4772553658534,11787.0,4095.0,3597.0,8190.0,0.38966658179437796,0.3474166454273847,3,MEDIUM
0.0,3370.0,4095.0,4095.0,32.63,2890.0,4095.0,0.0,1956.7447457448302,11560.0,4095.0,3370.0,8190.0,0.41695501726496925,0.354238754294616,2,MEDIUM
0.0,3791.0,4095.0,4095.0,32.63,2995.25,4095.0,0.0,2001.9690931680238,11981.0,4095.0,3791.0,8190.0,0.36716467737524705,0.3417911693229454,3,MEDIUM
0.0,3647.0,4095.0,4095.0,32.63,2959.25,4095.0,0.0,1984.1048989405776,11837.0,4095.0,3647.0,8190.0,0.3837965700444541,0.3459491424899933,3,MEDIUM
0.0,3600.0,4095.0,4095.0,32.63,2947.5,4095.0,0.0,1978.8064584491328,11790.0,4095.0,3600.0,8190.0,0.38931297706621604,0.3473282442453496,3,MEDIUM
0.0,3767.0,4095.0,3670.0,32.63,2883.0,4095.0,0.0,1930.5835041941766,11532.0,4095.0,3767.0,7765.0,0.3466874782911301,0.35509885532820856,3,MEDIUM
0.0,3785.0,4095.0,4095.0,32.63,2993.75,4095.0,0.0,2001.1762166286107,11975.0,4095.0,3785.0,8190.0,0.367849686816881,0.3419624216833434,3,MEDIUM
0.0,3722.0,4095.0,4095.0,32.63,2978.0,4095.0,0.0,1993.104613410947,11912.0,4095.0,3722.0,8190.0,0.375083948927545,0.343770987210899,3,MEDIUM
0.0,3531.0,4095.0,4095.0,32.63,2930.25,4095.0,0.0,1971.5096373084257,11721.0,4095.0,3531.0,8190.0,0.39749168156322057,0.34937292036947587,3,MEDIUM
315.0,3412.0,4095.0,4095.0,32.63,2979.25,4095.0,315.0,1805.112808109233,11917.0,3780.0,3727.0,8190.0,0.3745070067655864,0.3436267516704182,2,MEDIUM
31.5,3622.2,4095.0,4052.5,32.63,2950.3,4095.0,31.5,1957.5517004666824,11801.2,4063.5,3653.7,8147.5,0.3807917838541172,0.34699861028141216,3,MEDIUM
0.0,3232.0,4095.0,4095.0,32.69,2855.5,4095.0,0.0,1946.651227107722,11422.0,4095.0,3232.0,8190.0,0.4340745928529089,0.3585186481913396,2,MEDIUM
0.0,3136.0,4095.0,4095.0,32.69,2831.5,4095.0,0.0,1941.045852111691,11326.0,4095.0,3136.0,8190.0,0.44622991343402524,0.3615574783364332,2,MEDIUM
0.0,3262.0,4095.0,269.0,32.69,1906.5,4095.0,0.0,2077.1022282657796,7626.0,4095.0,3262.0,4364.0,0.14450563858582408,0.5369787568139288,1,MEDIUM
0.0,3428.0,4095.0,4095.0,32.69,2904.5,4095.0,0.0,1961.6959499371965,11618.0,4095.0,3428.0,8190.0,0.4098812187631364,0.35247030466926577,2,MEDIUM
0.0,3557.0,4095.0,4095.0,32.69,2936.75,4095.0,0.0,1974.1915433918766,11747.0,4095.0,3557.0,8190.0,0.39439856981404625,0.3485996424322295,3,MEDIUM
0.0,3306.0,4095.0,3504.0,32.69,2726.25,4095.0,0.0,1848.1450835905714,10905.0,4095.0,3306.0,7599.0,0.393672627199113,0.3755158183974768,2,MEDIUM
0.0,3299.0,4095.0,4095.0,32.69,2872.25,4095.0,0.0,1951.25350736392,11489.0,4095.0,3299.0,8190.0,0.4257115501413777,0.35642788751358445,2,MEDIUM
0.0,3399.0,4095.0,0.0,32.69,1873.5,4095.0,0.0,2181.911776401603,7494.0,4095.0,3399.0,4095.0,0.09287429942715848,0.5464371496468592,1,MEDIUM
0.0,3216.0,4095.0,3825.0,32.69,2784.0,4095.0,0.0,1892.0607812647036,11136.0,4095.0,3216.0,7920.0,0.42241379306551596,0.36772629307042687,2,MEDIUM
0.0,3302.0,4095.0,0.0,32.69,1849.25,4095.0,0.0,2159.731985687113,7397.0,4095.0,3302.0,4095.0,0.1072056238870886,0.5536028118759493,1,MEDIUM
0.0,3313.7,4095.0,2807.3,32.69,2554.0,4095.0,0.0,1783.152823886201,10216.0,4095.0,3313.7,6902.3,0.3512725136696092,0.40084181671878993,1,MEDIUM
0.0,3193.0,4095.0,2932.0,32.69,2555.0,4095.0,0.0,1774.7110562943292,10220.0,4095.0,3193.0,7027.0,0.3751467710004749,0.40068493146764333,1,MEDIUM
0.0,3386.0,4095.0,4095.0,32.69,2894.0,4095.0,0.0,1958.068946692123,11576.0,4095.0,3386.0,8190.0,0.414996544539133,0.3537491361131868,2,MEDIUM
0.0,3266.0,4095.0,4095.0,32.75,2864.0,4095.0,0.0,1948.9161090206012,11456.0,4095.0,3266.0,8190.0,0.4298184357166709,0.3574546089073451,2,MEDIUM
0.0,3566.0,4095.0,4095.0,32.69,2939.0,4095.0,0.0,1975.1389824516148,11756.0,4095.0,3566.0,8190.0,0.39333106495463327,0.34833276621739256,3,MEDIUM
0.0,3536.0,4095.0,4093.0,32.69,2931.0,4095.0,0.0,1971.6258941966314,11724.0,4095.0,3536.0,8188.0,0.3967929034120784,0.3492835209528076,3,MEDIUM
0.0,3567.0,4095.0,4095.0,32.69,2939.25,4095.0,0.0,1975.2448582390994,11757.0,4095.0,3567.0,8190.0,0.3932125541895711,0.3483031385261288,3,MEDIUM
0.0,3425.0,4095.0,4095.0,32.75,2903.75,4095.0,0.0,1961.4296444175611,11615.0,4095.0,3425.0,8190.0,0.41024537232800296,0.3525613430604768,2,MEDIUM
0.0,3466.0,4095.0,3881.0,32.75,2860.5,4095.0,0.0,1924.7944479000003,11442.0,4095.0,3466.0,7976.0,0.394161859780269,0.35789197689583185,2,MEDIUM
0.0,3390.0,4095.0,4047.0,32.75,2883.0,4095.0,0.0,1948.7241980331644,11532.0,4095.0,3390.0,8142.0,0.4120707595896574,0.35509885532820856,2,MEDIUM
0.0,3395.0,4095.0,3722.0,32.75,2803.0,4095.0,0.0,1890.4230567080306,11212.0,4095.0,3395.0,7817.0,0.39439885833085986,0.36523367816935126,2,MEDIUM
0.0,3419.0,4095.0,3915.0,32.72,2857.25,4095.0,0.0,1926.1620518533741,11429.0,4095.0,3419.0,8010.0,0.4016974363109898,0.35829906375375803,2,MEDIUM
0.0,3369.0,4095.0,0.0,32.75,1866.0,4095.0,0.0,2174.960689299924,7464.0,4095.0,3369.0,4095.0,0.09726688101590743,0.5486334404409655,1,MEDIUM
0.0,3049.0,4095.0,2065.0,32.75,2302.25,4095.0,0.0,1744.3461764607773,9209.0,4095.0,3049.0,6160.0,0.3378216961301095,0.4446736887344257,1,MEDIUM
0.0,2736.0,4095.0,0.0,32.69,1707.75,4095.0,0.0,2048.5019526473484,6831.0,4095.0,2736.0,4095.0,0.1989459815255532,0.5994729906895808,1,MEDIUM
0.0,3504.0,4095.0,4029.0,32.75,2907.0,4095.0,0.0,1955.9555209666707,11628.0,4095.0,3504.0,8124.0,0.3973168214312593,0.35216718263225255,3,MEDIUM
0.0,3153.0,4095.0,0.0,32.75,1812.0,4095.0,0.0,2127.365976977163,7248.0,4095.0,3153.0,4095.0,0.12996688739928713,0.564983443630659,1,MEDIUM
0.0,3333.0,4095.0,0.0,32.75,1857.0,4095.0,0.0,2166.727024800309,7428.0,4095.0,3333.0,4095.0,0.10258481420266763,0.5512924070340209,1,MEDIUM
0.0,3136.0,4095.0,0.0,32.75,1807.75,4095.0,0.0,2123.807959774141,7231.0,4095.0,3136.0,4095.0,0.1326234268935661,0.5663117133776363,1,MEDIUM
0.0,2717.0,4095.0,0.0,32.75,1703.0,4095.0,0.0,2045.3425141036892,6812.0,4095.0,2717.0,4095.0,0.2022900763061817,0.601145038079691,1,MEDIUM
0.0,3479.0,4095.0,3600.0,32.75,2793.5,4095.0,0.0,1881.302474351214,11174.0,4095.0,3479.0,7695.0,0.37730445674088914,0.3664757472376521,2,MEDIUM
1636.0,3779.0,4095.0,4095.0,32.75,3401.25,4095.0,1636.0,1186.2238054712386,13605.0,2459.0,5415.0,8190.0,0.20396912898170017,0.30099228222704943,3,MEDIUM
163.6,3225.5,4095.0,1378.9,32.74,2215.75,4095.0,163.6,1776.026761247326,8863.0,3931.4,3389.1,5473.9,0.23522509305706585,0.4620331715601903,1,MEDIUM
0.0,3723.0,4095.0,4095.0,32.75,2978.25,4095.0,0.0,1993.22910123247,11913.0,4095.0,3723.0,8190.0,0.3749685217514506,0.3437421304168772,3,MEDIUM
0.0,3550.0,4095.0,4034.0,32.75,2919.75,4095.0,0.0,1961.710202009121,11679.0,4095.0,3550.0,8129.0,0.3920712389423691,0.35062933467329144,3,MEDIUM
0.0,3613.0,4095.0,4095.0,32.75,2950.75,4095.0,0.0,1980.245502456703,11803.0,4095.0,3613.0,8190.0,0.3877827670602573,0.3469456917438833,3,MEDIUM
0.0,3239.0,4095.0,3901.0,32.75,2808.75,4095.0,0.0,1908.0217285625095,11235.0,4095.0,3239.0,7996.0,0.4234089897264433,0.3644859812759692,2,MEDIUM
0.0,3359.0,4095.0,3511.0,32.75,2741.25,4095.0,0.0,1854.8333932368876,10965.0,4095.0,3359.0,7606.0,0.3873233013782651,0.3734610122778421,2,MEDIUM
0.0,3301.0,4095.0,4095.0,32.75,2872.75,4095.0,0.0,1951.3995618529793,11491.0,4095.0,3301.0,8190.0,0.4254634061069129,0.3563658515049721,2,MEDIUM
0.0,3579.0,4095.0,4095.0,32.75,2942.25,4095.0,0.0,1976.5247911422714,11769.0,4095.0,3579.0,8190.0,0.39179199588819846,0.34794799895080736,3,MEDIUM
0.0,3731.0,3931.0,4079.0,32.81,2935.25,4079.0,0.0,1962.0221498919593,11741.0,4079.0,3731.0,8010.0,0.36444936544038414,0.3474150412786462,3,MEDIUM
0.0,3509.0,4095.0,4095.0,32.75,2924.75,4095.0,0.0,1969.3045092113105,11699.0,4095.0,3509.0,8190.0,0.4001196683135208,0.35002991705701086,3,MEDIUM
0.0,3338.0,4095.0,4095.0,32.75,2882.0,4095.0,0.0,1954.1919045989316,11528.0,4095.0,3338.0,8190.0,0.4208882719968001,0.3552220679775137,2,MEDIUM
0.0,3494.2,4078.6,4009.5,32.76,2895.575,4078.6,0.0,1947.912004129892,11582.3,4078.6,3494.2,8088.1,0.39663106633426604,0.35214076648401954,2,MEDIUM
0.0,3359.0,4095.0,4095.0,32.81,2887.25,4095.0,0.0,1955.8528191047506,11549.0,4095.0,3359.0,8190.0,0.41830461508197203,0.3545761537488461,2,MEDIUM
180.0,3405.0,4095.0,4095.0,32.75,2943.75,4095.0,180.0,1870.9907134991345,11775.0,3915.0,3585.0,8190.0,0.39108280251455774,0.347770700607408,2,MEDIUM
1072.0,3304.0,4095.0,4069.0,32.75,3135.0,4095.0,1072.0,1423.433173703634,12540.0,3023.0,4376.0,8164.0,0.30207336520717115,0.3265550238974039,2,MEDIUM
4034.0,3460.0,0.0,3858.0,32.75,2838.0,4034.0,0.0,1907.1745244383553,11352.0,4034.0,7494.0,3858.0,0.3202959830584658,0.3553558843943485,2,MEDIUM
0.0,3798.0,2589.0,0.0,32.81,1596.75,3798.0,0.0,1908.6891444129922,6387.0,3798.0,3798.0,2589.0,0.18929074679986052,0.5946453733216462,1,MEDIUM
0.0,3728.0,4095.0,4095.0,32.81,2979.5,4095.0,0.0,1993.8533045337113,11918.0,4095.0,3728.0,8190.0,0.3743916764243672,0.3435979190851151,3,MEDIUM
0.0,3472.0,4095.0,4095.0,32.81,2915.5,4095.0,0.0,1965.7291268127458,11662.0,4095.0,3472.0,8190.0,0.40456182469520136,0.35114045615236317,2,MEDIUM
0.0,3259.0,4095.0,3936.0,32.81,2822.5,4095.0,0.0,1916.2617253392084,11290.0,4095.0,3259.0,8031.0,0.42267493353209257,0.36271036312110627,2,MEDIUM
0.0,3551.0,4095.0,4095.0,32.81,2935.25,4095.0,0.0,1973.5653650183467,11741.0,4095.0,3551.0,8190.0,0.39511114893151256,0.3487777872115852,3,MEDIUM
0.0,3202.0,4095.0,4095.0,32.81,2848.0,4095.0,0.0,1944.7740228622965,11392.0,4095.0,3202.0,8190.0,0.4378511235570706,0.3594627808673224,2,MEDIUM
528.6,3453.8,3534.9,3643.3,32.79,2790.15,3643.3,528.6,1509.6972334434035,11160.6,3114.7000000000003,3982.4,7178.200000000001,0.2863466121636519,0.32644302274730364,2,MEDIUM
0.0,3546.0,4095.0,4095.0,32.81,2934.0,4095.0,0.0,1973.0468823624035,11736.0,4095.0,3546.0,8190.0,0.3957055214386754,0.34892638033836687,3,MEDIUM
0.0,3473.0,4095.0,4095.0,32.81,2915.75,4095.0,0.0,1965.8235551544294,11663.0,4095.0,3473.0,8190.0,0.40444139583259525,0.3511103489367135,2,MEDIUM
0.0,3479.0,4095.0,4095.0,32.81,2917.25,4095.0,0.0,1966.392699844057,11669.0,4095.0,3479.0,8190.0,0.40371925611417264,0.35092981400711887,2,MEDIUM
0.0,3182.0,4095.0,4095.0,32.81,2843.0,4095.0,0.0,1943.5858612369045,11372.0,4095.0,3182.0,8190.0,0.44037988036929476,0.36009497007033986,2,MEDIUM
0.0,3435.0,4095.0,4095.0,32.81,2906.25,4095.0,0.0,1962.3216479466357,11625.0,4095.0,3435.0,8190.0,0.4090322580293305,0.35225806448582725,2,MEDIUM
0.0,3373.0,4095.0,4095.0,32.81,2890.75,4095.0,0.0,1956.9906106059886,11563.0,4095.0,3373.0,8190.0,0.4165873907795047,0.3541468476732555,2,MEDIUM
0.0,3357.0,4095.0,4095.0,32.81,2886.75,4095.0,0.0,1955.6922687375945,11547.0,4095.0,3357.0,8190.0,0.41855027276188184,0.3546375681688198,2,MEDIUM
826.0,3455.0,4095.0,4095.0,32.81,3117.75,4095.0,826.0,1557.3364815179366,12471.0,3269.0,4281.0,8190.0,0.3134471974730617,0.3283617993482189,2,MEDIUM
0.0,3461.0,4095.0,4095.0,32.81,2912.75,4095.0,0.0,1964.698513767443,11651.0,4095.0,3461.0,8190.0,0.40588790658262053,0.35147197662419777,2,MEDIUM
1221.0,3540.0,4095.0,4095.0,32.81,3237.75,4095.0,1221.0,1369.7190405334957,12951.0,2874.0,4761.0,8190.0,0.2647671994236146,0.3161917998366001,3,MEDIUM
204.7,3430.1,4095.0,4095.0,32.81,2956.2,4095.0,204.7,1860.9195164398343,11824.8,3890.3,3634.7999999999997,8190.0,0.3852242743737549,0.3463060685722967,2,MEDIUM
0.0,3509.0,4095.0,4095.0,32.81,2924.75,4095.0,0.0,1969.3045092113105,11699.0,4095.0,3509.0,8190.0,0.4001196683135208,0.35002991705701086,3,MEDIUM
865.0,3395.0,4095.0,4095.0,32.81,3112.5,4095.0,865.0,1534.2397683108943,12450.0,3230.0,4260.0,8190.0,0.3156626505770552,0.3289156626241835,2,MEDIUM
1200.0,3498.0,4095.0,4095.0,32.81,3222.0,4095.0,1200.0,1377.0642686527017,12888.0,2895.0,4698.0,8190.0,0.2709497206493676,0.31773743014294403,2,MEDIUM
650.0,3495.0,4095.0,4095.0,32.81,3083.75,4095.0,650.0,1646.9688066262822,12335.0,3445.0,4145.0,8190.0,0.3279286582628351,0.3319821645454412,2,MEDIUM
942.0,3537.0,4095.0,4095.0,32.81,3167.25,4095.0,942.0,1506.6400532310297,12669.0,3153.0,4479.0,8190.0,0.292919725290637,0.32322993130292604,3,MEDIUM
3464.0,3445.0,4095.0,4095.0,32.81,3774.75,4095.0,3445.0,369.8741903224212,15099.0,650.0,6909.0,8190.0,0.08484005562720444,0.27121001389024374,2,MEDIUM
0.0,3477.0,4095.0,4095.0,32.81,2916.75,4095.0,0.0,1966.202494658167,11667.0,4095.0,3477.0,8190.0,0.40395988682575124,0.35098997168500984,2,MEDIUM
0.0,3398.0,4095.0,4095.0,32.81,2897.0,4095.0,0.0,1959.0829487288179,11588.0,4095.0,3398.0,8190.0,0.4135312391772928,0.35338280977274916,2,MEDIUM
737.0,3504.0,4095.0,4095.0,32.88,3107.75,4095.0,737.0,1604.867050568364,12431.0,3358.0,4241.0,8190.0,0.31767355801482794,0.329418389483596,3,MEDIUM
0.0,3735.0,4095.0,4095.0,32.88,2981.25,4095.0,0.0,1994.7321248729113,11925.0,4095.0,3735.0,8190.0,0.37358490562904945,0.343396226386298,3,MEDIUM
785.8,3499.3,4095.0,4095.0,32.83,3118.775,4095.0,785.8,1580.464291223732,12475.1,3309.2,4285.1,8190.0,0.3130155269045526,0.3282538817060982,2,MEDIUM
0.0,3744.0,4095.0,4095.0,32.81,2983.5,4095.0,0.0,1995.8704867801418,11934.0,4095.0,3744.0,8190.0,0.3725490195766257,0.34313725487320784,3,MEDIUM
0.0,3835.0,4095.0,4095.0,32.88,3006.25,4095.0,0.0,2007.9109168486534,12025.0,4095.0,3835.0,8190.0,0.3621621621320447,0.34054054051222116,3,MEDIUM
0.0,3781.0,4095.0,4095.0,32.81,2992.75,4095.0,0.0,2000.6499568890106,11971.0,4095.0,3781.0,8190.0,0.36830674126068774,0.34207668529428814,3,MEDIUM
0.0,3623.0,4095.0,4095.0,32.88,2953.25,4095.0,0.0,1981.36625841867,11813.0,4095.0,3623.0,8190.0,0.3866079742329122,0.34665199353706494,3,MEDIUM
0.0,3856.0,4095.0,4095.0,32.81,3011.5,4095.0,0.0,2010.8254523951102,12046.0,4095.0,3856.0,8190.0,0.3597874812917327,0.3399468703021794,3,MEDIUM
0.0,3738.0,4095.0,4095.0,32.88,2982.0,4095.0,0.0,1995.1105232542882,11928.0,4095.0,3738.0,8190.0,0.3732394365884273,0.3433098591261477,3,MEDIUM
0.0,3893.0,4095.0,4095.0,32.81,3020.75,4095.0,0.0,2016.0833936124766,12083.0,4095.0,3893.0,8190.0,0.3556236033803175,0.33890590082438915,3,MEDIUM
0.0,3823.0,4095.0,3555.0,32.81,2868.25,4095.0,0.0,1924.8330447080339,11473.0,4095.0,3823.0,7650.0,0.33356576306689045,0.3569249542092805,3,MEDIUM
0.0,3657.0,4095.0,3687.0,32.81,2859.75,4095.0,0.0,1916.9387705401548,11439.0,4095.0,3657.0,7782.0,0.3606084447626009,0.35798583789160016,3,MEDIUM
662.0,3537.0,4095.0,3780.0,32.88,3018.5,4095.0,662.0,1587.5210234828387,12074.0,3433.0,4199.0,7875.0,0.30445585553218024,0.339158522416833,3,MEDIUM
66.2,3748.7,4095.0,3968.7,32.84,2969.6499999999996,4095.0,66.2,1940.9151046177506,11878.599999999999,4028.8,3814.8999999999996,8063.7,0.357685249073318,0.3447375953104964,3,MEDIUM
0.0,3542.0,4095.0,0.0,32.88,1909.25,4095.0,0.0,2216.1412973905794,7637.0,4095.0,3542.0,4095.0,0.0724106324378145,0.5362053161534365,2,MEDIUM
0.0,3583.0,4095.0,118.0,32.88,1949.0,4095.0,0.0,2192.9002105279055,7796.0,4095.0,3583.0,4213.0,0.08081067212919309,0.5252693688397551,2,MEDIUM
0.0,3447.0,4095.0,4095.0,32.88,2909.25,4095.0,0.0,1963.4083248270085,11637.0,4095.0,3447.0,8190.0,0.4075792729734829,0.3518948182218875,2,MEDIUM
0.0,3699.0,4095.0,4095.0,32.88,2972.25,4095.0,0.0,1990.273913309422,11889.0,4095.0,3699.0,8190.0,0.3777441332006271,0.3444360332791289,3,MEDIUM
0.0,3740.0,4095.0,4095.0,32.88,2982.5,4095.0,0.0,1995.363375428145,11930.0,4095.0,3740.0,8190.0,0.3730092204213739,0.3432523050843879,3,MEDIUM
0.0,3750.0,4095.0,4095.0,32.88,2985.0,4095.0,0.0,1996.634668636203,11940.0,4095.0,3750.0,8190.0,0.37185929645126803,0.342964824091879,3,MEDIUM
0.0,3631.0,4095.0,4095.0,32.88,2955.25,4095.0,0.0,1982.2714874607868,11821.0,4095.0,3631.0,8190.0,0.3856695710696498,0.34641739274626365,3,MEDIUM
0.0,3613.0,4095.0,4095.0,32.81,2950.75,4095.0,0.0,1980.245502456703,11803.0,4095.0,3613.0,8190.0,0.3877827670602573,0.3469456917438833,3,MEDIUM
0.0,3559.0,4095.0,3901.0,32.88,2888.75,4095.0,0.0,1938.5390332240756,11555.0,4095.0,3559.0,7996.0,0.38398961485209954,0.3543920380480838,3,MEDIUM
0.0,3568.0,4095.0,4095.0,32.88,2939.5,4095.0,0.0,1975.3508549116027,11758.0,4095.0,3568.0,8190.0,0.3930940635828292,0.34827351587444516,3,MEDIUM
0.0,3613.2,4095.0,3268.4,32.87,2744.15,4095.0,0.0,1860.5770529596457,10976.6,4095.0,3613.2,7363.4,0.34165406406886883,0.3730663410916799,2,MEDIUM
0.0,3792.0,4095.0,4095.0,32.88,2995.5,4095.0,0.0,2002.101645771263,11982.0,4095.0,3792.0,8190.0,0.3670505758331622,0.3417626439374259,3,MEDIUM
0.0,3753.0,4095.0,4095.0,32.88,2985.75,4095.0,0.0,1997.0183399258005,11943.0,4095.0,3753.0,8190.0,0.3715146947691941,0.34287867367136576,3,MEDIUM
0.0,3853.0,4095.0,4095.0,32.81,3010.75,4095.0,0.0,2010.4059913360784,12043.0,4095.0,3853.0,8190.0,0.36012621436850234,0.3400315535713666,3,MEDIUM
0.0,3773.0,4095.0,4095.0,32.88,2990.75,4095.0,0.0,1999.6030231023358,11963.0,4095.0,3773.0,8190.0,0.36922176708440846,0.34230544175020433,3,MEDIUM
0.0,3887.0,4095.0,4095.0,32.88,3019.25,4095.0,0.0,2015.2201492640947,12077.0,4095.0,3887.0,8190.0,0.3562970936195829,0.3390742733841952,3,MEDIUM
0.0,3837.0,4095.0,4095.0,32.88,3006.75,4095.0,0.0,2008.1863085879259,12027.0,4095.0,3837.0,8190.0,0.36193564476910817,0.34048391117149046,3,MEDIUM
0.0,3902.0,4095.0,4095.0,32.81,3023.0,4095.0,0.0,2017.3859323391744,12092.0,4095.0,3902.0,8190.0,0.3546146212078552,0.338653655281289,3,MEDIUM
0.0,3737.0,4095.0,4095.0,32.88,2981.75,4095.0,0.0,1994.9842731209687,11927.0,4095.0,3737.0,8190.0,0.3733545736251065,0.3433386433853158,3,MEDIUM
0.0,3625.0,4095.0,3995.0,32.88,2928.75,4095.0,0.0,1962.9373185781217,11715.0,4095.0,3625.0,8090.0,0.38113529659572043,0.3495518565642721,3,MEDIUM
0.0,3734.0,4095.0,4095.0,32.88,2981.0,4095.0,0.0,1994.606226802674,11924.0,4095.0,3734.0,8190.0,0.3737001006060298,0.34342502513054135,3,MEDIUM
0.0,3789.3,4095.0,4085.0,32.86,2992.325,4095.0,0.0,1999.9174039194718,11969.3,4095.0,3789.3,8180.0,0.3668301404119848,0.34212527045507046,3,MEDIUM
0.0,3599.0,4095.0,4095.0,32.88,2947.25,4095.0,0.0,1978.6966038278836,11789.0,4095.0,3599.0,8190.0,0.3894308253126278,0.34735770630695073,3,MEDIUM
0.0,3697.0,4095.0,4095.0,32.88,2971.75,4095.0,0.0,1990.030715843351,11887.0,4095.0,3697.0,8190.0,0.3779759400708357,0.34449398499667755,3,MEDIUM
0.0,3785.0,4095.0,4095.0,32.88,2993.75,4095.0,0.0,2001.1762166286107,11975.0,4095.0,3785.0,8190.0,0.367849686816881,0.3419624216833434,3,MEDIUM
0.0,3747.0,4095.0,4095.0,32.88,2984.25,4095.0,0.0,1996.2520507190468,11937.0,4095.0,3747.0,8190.0,0.37220407134353656,0.34305101781494085,3,MEDIUM
0.0,3743.0,4095.0,4095.0,32.88,2983.25,4095.0,0.0,1995.74353312243,11933.0,4095.0,3743.0,8190.0,0.37266404086376737,0.34316601019499154,3,MEDIUM
0.0,3623.0,4095.0,4095.0,32.88,2953.25,4095.0,0.0,1981.36625841867,11813.0,4095.0,3623.0,8190.0,0.3866079742329122,0.34665199353706494,3,MEDIUM
0.0,3568.0,4095.0,4095.0,32.88,2939.5,4095.0,0.0,1975.3508549116027,11758.0,4095.0,3568.0,8190.0,0.3930940635828292,0.34827351587444516,3,MEDIUM
0.0,3570.0,4095.0,4095.0,32.88,2940.0,4095.0,0.0,1975.5632108338118,11760.0,4095.0,3570.0,8190.0,0.3928571428237366,0.34821428568467566,3,MEDIUM
0.0,3469.0,4095.0,4095.0,32.88,2914.75,4095.0,0.0,1965.4465777527507,11659.0,4095.0,3469.0,8190.0,0.40492323523416046,0.35123080878709745,2,MEDIUM
0.0,3597.0,4095.0,4095.0,32.88,2946.75,4095.0,0.0,1978.4772553658534,11787.0,4095.0,3597.0,8190.0,0.38966658179437796,0.3474166454273847,3,MEDIUM
0.0,3639.8,4095.0,4095.0,32.88,2957.45,4095.0,0.0,1983.2760801260122,11829.8,4095.0,3639.8,8190.0,0.3846387935227444,0.346159698359553,3,MEDIUM
0.0,3575.0,4095.0,4095.0,32.88,2941.25,4095.0,0.0,1976.0962147628338,11765.0,4095.0,3575.0,8190.0,0.392265193336824,0.34806629831295655,3,MEDIUM
0.0,3561.0,4095.0,4095.0,32.88,2937.75,4095.0,0.0,1974.61141746927,11751.0,4095.0,3561.0,8190.0,0.3939239213348716,0.3484809803124431,3,MEDIUM
0.0,3776.0,4095.0,4095.0,32.88,2991.5,4095.0,0.0,1999.9947499931093,11966.0,4095.0,3776.0,8190.0,0.3688784890214877,0.3422196222344794,3,MEDIUM
0.0,3707.0,4095.0,4095.0,32.88,2974.25,4095.0,0.0,1991.2514281225262,11897.0,4095.0,3707.0,8190.0,0.37681768509903185,0.3442044212537443,3,MEDIUM
0.0,3653.0,4095.0,4095.0,32.88,2960.75,4095.0,0.0,1984.8003048165829,11843.0,4095.0,3653.0,8190.0,0.3830954994188047,0.3457738748335917,3,MEDIUM
0.0,3642.0,4095.0,4095.0,32.88,2958.0,4095.0,0.0,1983.5286738537459,11832.0,4095.0,3642.0,8190.0,0.38438133870990693,0.34609533465634756,3,MEDIUM
0.0,3674.0,4095.0,4095.0,32.88,2966.0,4095.0,0.0,1987.2679738777053,11864.0,4095.0,3674.0,8190.0,0.3806473364480236,0.34516183409093376,3,MEDIUM
0.0,3645.0,4095.0,4095.0,32.88,2958.75,4095.0,0.0,1983.8740509417426,11835.0,4095.0,3645.0,8190.0,0.38403041821850187,0.34600760453350166,3,MEDIUM
0.0,3661.0,4095.0,4095.0,32.88,2962.75,4095.0,0.0,1985.7341841243506,11851.0,4095.0,3661.0,8190.0,0.38216184285020993,0.3455404606914572,3,MEDIUM
0.0,3633.0,4095.0,4095.0,32.88,2955.75,4095.0,0.0,1982.498991172505,11823.0,4095.0,3633.0,8190.0,0.3854351687062983,0.34635879215542936,3,MEDIUM
0.0,3652.7,4095.0,4095.0,32.88,2960.675,4095.0,0.0,1984.7654326141414,11842.7,4095.0,3652.7,8190.0,0.38313053607850145,0.3457826339985153,3,MEDIUM
0.0,3623.0,4095.0,4095.0,32.88,2953.25,4095.0,0.0,1981.36625841867,11813.0,4095.0,3623.0,8190.0,0.3866079742329122,0.34665199353706494,3,MEDIUM
0.0,3617.0,4095.0,4055.0,32.88,2941.75,4095.0,0.0,1973.0827613998692,11767.0,4095.0,3617.0,8150.0,0.38522988014062803,0.3480071385783966,3,MEDIUM
0.0,3533.0,4095.0,3947.0,32.88,2893.75,4095.0,0.0,1943.7735421939803,11575.0,4095.0,3533.0,8042.0,0.3895464362514431,0.35377969759362593,3,MEDIUM
0.0,3550.0,4095.0,4095.0,32.94,2935.0,4095.0,0.0,1973.4614260228143,11740.0,4095.0,3550.0,8190.0,0.3952299829305596,0.3488074957113452,3,MEDIUM
0.0,3650.0,4095.0,4095.0,32.88,2960.0,4095.0,0.0,1984.4520654326725,11840.0,4095.0,3650.0,8190.0,0.3834459459135603,0.3458614864572752,3,MEDIUM
0.0,3763.0,4095.0,4095.0,32.88,2988.25,4095.0,0.0,1998.3048441116284,11953.0,4095.0,3763.0,8190.0,0.3703672717836219,0.3425918179249902,3,MEDIUM
0.0,3605.0,4095.0,4095.0,32.94,2948.75,4095.0,0.0,1979.3575346561317,11795.0,4095.0,3605.0,8190.0,0.3887240355753519,0.3471810088726425,3,MEDIUM
0.0,3771.0,4095.0,4095.0,32.88,2990.25,4095.0,0.0,1999.3424544084487,11961.0,4095.0,3771.0,8190.0,0.36945071479228736,0.3423626786771706,3,MEDIUM
0.0,3583.0,4095.0,4095.0,32.88,2943.25,4095.0,0.0,1976.9552979265868,11773.0,4095.0,3583.0,8190.0,0.3913191199871469,0.3478297799755517,3,MEDIUM
0.0,3638.0,4095.0,3699.0,32.88,2858.0,4095.0,0.0,1916.0735894009918,11432.0,4095.0,3638.0,7794.0,0.3635409376868841,0.35820503845711993,3,MEDIUM
0.0,3633.3,4095.0,4036.6,32.89,2941.225,4095.0,0.0,1971.5320140692618,11764.9,4095.0,3633.3,8131.6,0.38234919120584543,0.3480692568276765,3,MEDIUM
0.0,3670.0,4095.0,4095.0,32.94,2965.0,4095.0,0.0,1986.7938997289075,11860.0,4095.0,3670.0,8190.0,0.3811129847907999,0.34527824617662073,3,MEDIUM
0.0,3601.0,4095.0,3842.0,32.88,2884.5,4095.0,0.0,1933.5484650421015,11538.0,4095.0,3601.0,7937.0,0.3758016987020453,0.35491419653710227,3,MEDIUM
0.0,3632.0,4095.0,4021.0,32.94,2937.0,4095.0,0.0,1968.5031538371145,11748.0,4095.0,3632.0,8116.0,0.38168198839107237,0.3485699693268156,3,MEDIUM
0.0,3689.0,4095.0,4095.0,32.94,2969.75,4095.0,0.0,1989.0626561272522,11879.0,4095.0,3689.0,8190.0,0.37890394811188616,0.34472598700692597,3,MEDIUM
0.0,3723.0,4095.0,4095.0,32.94,2978.25,4095.0,0.0,1993.22910123247,11913.0,4095.0,3723.0,8190.0,0.3749685217514506,0.3437421304168772,3,MEDIUM
0.0,3437.0,4095.0,1822.0,32.94,2338.5,4095.0,0.0,1828.2367643898497,9354.0,4095.0,3437.0,5917.0,0.26512721827398683,0.43778062856128064,1,MEDIUM
0.0,3664.0,4095.0,4095.0,32.94,2963.5,4095.0,0.0,1986.0863526040353,11854.0,4095.0,3664.0,8190.0,0.38181204653435025,0.34545301161249764,3,MEDIUM
0.0,3520.0,4095.0,4048.0,32.94,2915.75,4095.0,0.0,1961.2357286500094,11663.0,4095.0,3520.0,8143.0,0.39638171993514687,0.3511103489367135,3,MEDIUM
0.0,3251.0,4095.0,0.0,32.94,1836.5,4095.0,0.0,2148.4177899095885,7346.0,4095.0,3251.0,4095.0,0.11489245846516574,0.5574462291645186,1,MEDIUM
0.0,3829.0,4095.0,4095.0,32.94,3004.75,4095.0,0.0,2007.0875043206263,12019.0,4095.0,3829.0,8190.0,0.3628421665394091,0.34071054161405184,3,MEDIUM
0.0,3601.6,4095.0,3420.8,32.93,2779.3500000000004,4095.0,0.0,1874.6799291256805,11117.400000000001,4095.0,3601.6,7515.8,0.3520787234108623,0.36834151866728354,2,MEDIUM
0.0,3554.0,4095.0,3967.0,32.94,2904.0,4095.0,0.0,1949.7150219113219,11616.0,4095.0,3554.0,8062.0,0.38808539941562625,0.3525309917051884,3,MEDIUM
0.0,4000.0,4095.0,2752.0,32.94,2711.75,4095.0,0.0,1908.5925660898224,10847.0,4095.0,4000.0,6847.0,0.2624688853819057,0.3775237392479465,2,MEDIUM
0.0,3933.0,4095.0,4037.0,32.94,3016.25,4095.0,0.0,2011.9498626953903,12065.0,4095.0,3933.0,8132.0,0.34803149603414574,0.33941152090017307,3,MEDIUM
0.0,3951.0,4095.0,4095.0,32.94,3035.25,4095.0,0.0,2024.6383010305817,12141.0,4095.0,3951.0,8190.0,0.3491475166502638,0.3372868791419745,3,MEDIUM
0.0,3884.0,4095.0,4095.0,32.94,3018.5,4095.0,0.0,2014.7900635053768,12074.0,4095.0,3884.0,8190.0,0.35663408975015454,0.339158522416833,3,MEDIUM
0.0,3838.0,4095.0,4095.0,32.94,3007.0,4095.0,0.0,2008.324177019238,12028.0,4095.0,3838.0,8190.0,0.3618224143363965,0.3404556035633143,3,MEDIUM
0.0,3831.0,4095.0,4095.0,32.94,3005.25,4095.0,0.0,2007.361514525971,12021.0,4095.0,3831.0,8190.0,0.3626154229795678,0.340653855724095,3,MEDIUM
0.0,3911.0,4095.0,4011.0,32.94,3004.25,4095.0,0.0,2004.245057371977,12017.0,4095.0,3911.0,8106.0,0.3490887908505377,0.3407672463725749,3,MEDIUM
0.0,3936.0,4095.0,4095.0,32.94,3031.5,4095.0,0.0,2022.3894283742684,12126.0,4095.0,3936.0,8190.0,0.35081642748220215,0.3377041068499337,3,MEDIUM
0.0,3897.0,4095.0,4095.0,32.94,3021.75,4095.0,0.0,2016.661163904338,12087.0,4095.0,3897.0,8190.0,0.3551749813555742,0.33879374531821016,3,MEDIUM
0.0,3873.5,4095.0,3933.7,32.94,2975.55,4095.0,0.0,1985.9029625504531,11902.2,4095.0,3873.5,8028.7,0.34911192885776476,0.3440540404005936,3,MEDIUM
0.0,3812.0,4095.0,4095.0,32.94,3000.5,4095.0,0.0,2004.7770449603618,12002.0,4095.0,3812.0,8190.0,0.3647725378799556,0.34119313444915905,3,MEDIUM
0.0,3639.0,4095.0,4095.0,32.94,2957.25,4095.0,0.0,1983.1843711566507,11829.0,4095.0,3639.0,8190.0,0.3847324371980106,0.34618310927836815,3,MEDIUM
0.0,3659.0,4095.0,4095.0,32.94,2962.25,4095.0,0.0,1985.5,11849.0,4095.0,3659.0,8190.0,0.3823951387980087,0.3455987846784033,3,MEDIUM
0.0,3610.0,4095.0,4095.0,32.94,2950.0,4095.0,0.0,1979.9116141888758,11800.0,4095.0,3610.0,8190.0,0.3881355931874461,0.3470338982756751,3,MEDIUM
0.0,3739.0,4095.0,4095.0,32.94,2982.25,4095.0,0.0,1995.236890697443,11929.0,4095.0,3739.0,8190.0,0.3731243188554678,0.3432810796929096,3,MEDIUM
0.0,3855.0,4095.0,3726.0,32.94,2919.0,4095.0,0.0,1951.9974385229095,11676.0,4095.0,3855.0,7821.0,0.3396711202175684,0.350719424430394,3,MEDIUM
0.0,3917.0,4095.0,4095.0,32.94,3026.75,4095.0,0.0,2019.5772453659702,12107.0,4095.0,3917.0,8190.0,0.35293631780350737,0.3382340794302276,3,MEDIUM
0.0,3904.0,4095.0,3872.0,32.94,2967.75,4095.0,0.0,1980.9479843415038,11871.0,4095.0,3904.0,7967.0,0.34226265686612223,0.34495830171468633,3,MEDIUM
0.0,3949.0,4095.0,3838.0,32.88,2970.5,4095.0,0.0,1983.1279165332057,11882.0,4095.0,3949.0,7933.0,0.33529708800409885,0.3446389496427673,3,MEDIUM
0.0,3937.0,4095.0,4074.0,32.94,3026.5,4095.0,0.0,2018.8826117434367,12106.0,4095.0,3937.0,8169.0,0.34957872126634904,0.3382620188056945,3,MEDIUM
0.0,3802.1,4095.0,4008.0,32.93,2976.275,4095.0,0.0,1987.9807097907162,11905.1,4095.0,3802.1,8103.0,0.3612653400339967,0.3439702312165399,3,MEDIUM
0.0,3911.0,4095.0,4095.0,32.88,3025.25,4095.0,0.0,2018.69766186024,12101.0,4095.0,3911.0,8190.0,0.3536071398765716,0.33840178494848344,3,MEDIUM
0.0,3767.0,4095.0,3793.0,32.88,2913.75,4095.0,0.0,1948.1963239536888,11655.0,4095.0,3767.0,7888.0,0.3535821535518162,0.3513513513212054,3,MEDIUM
0.0,3696.0,4095.0,3374.0,32.88,2791.25,4095.0,0.0,1884.0568595453801,11165.0,4095.0,3696.0,7469.0,0.3379310344524916,0.36677115984175807,2,MEDIUM
0.0,3698.0,4095.0,2109.0,32.88,2475.5,4095.0,0.0,1860.08144982955,9902.0,4095.0,3698.0,6204.0,0.25308018579548774,0.41355281757083895,2,MEDIUM
0.0,3548.0,4095.0,0.0,32.88,1910.75,4095.0,0.0,2217.6163441858016,7643.0,4095.0,3548.0,4095.0,0.07156875571482811,0.5357843777919947,2,MEDIUM
0.0,3551.0,4095.0,0.0,32.94,1911.5,4095.0,0.0,2218.3550211812358,7646.0,4095.0,3551.0,4095.0,0.07114831283401146,0.535574156351612,2,MEDIUM
0.0,3879.0,4095.0,4095.0,32.88,3017.25,4095.0,0.0,2014.0755323472852,12069.0,4095.0,3879.0,8190.0,0.35719612226719727,0.33929903054608507,3,MEDIUM
0.0,3813.0,4095.0,0.0,32.88,1977.0,4095.0,0.0,2285.7440801629564,7908.0,4095.0,3813.0,4095.0,0.0356600910425316,0.5178300454580387,2,MEDIUM
0.0,3957.0,4095.0,4095.0,32.88,3036.75,4095.0,0.0,2025.5449266802254,12147.0,4095.0,3957.0,8190.0,0.3484811064173474,0.33712027658375565,3,MEDIUM
0.0,3902.0,4095.0,4095.0,32.88,3023.0,4095.0,0.0,2017.3859323391744,12092.0,4095.0,3902.0,8190.0,0.3546146212078552,0.338653655281289,3,MEDIUM
0.0,3772.2,4095.0,2565.6,32.88,2608.2,4095.0,0.0,1859.2106066823092,10432.8,4095.0,3772.2,6660.6,0.2768576029180223,0.3925120772570631,2,MEDIUM
0.0,3894.0,4095.0,4095.0,32.88,3021.0,4095.0,0.0,2016.2276657163495,12084.0,4095.0,3894.0,8190.0,0.3555114200301629,0.3388778549868522,3,MEDIUM
0.0,3706.0,4095.0,0.0,32.88,1950.25,4095.0,0.0,2257.547397066117,7801.0,4095.0,3706.0,4095.0,0.049865401865162744,0.524932700868487,2,MEDIUM
0.0,3813.0,4095.0,0.0,32.88,1977.0,4095.0,0.0,2285.7440801629564,7908.0,4095.0,3813.0,4095.0,0.0356600910425316,0.5178300454580387,2,MEDIUM
0.0,3882.0,4095.0,3889.0,32.88,2966.5,4095.0,0.0,1980.1330763360324,11866.0,4095.0,3882.0,7984.0,0.3456935782617821,0.3451036574797654,3,MEDIUM
0.0,3776.0,4095.0,3463.0,32.88,2833.5,4095.0,0.0,1906.5397102254824,11334.0,4095.0,3776.0,7558.0,0.3336862537203382,0.3613022763048083,2,MEDIUM
0.0,3818.0,4095.0,0.0,32.88,1978.25,4095.0,0.0,2287.083787271468,7913.0,4095.0,3818.0,4095.0,0.03500568684000939,0.5175028433568175,2,MEDIUM
0.0,3679.0,4095.0,3802.0,32.88,2894.0,4095.0,0.0,1937.2081285533916,11576.0,4095.0,3679.0,7897.0,0.3643745680403961,0.3537491361131868,3,MEDIUM
0.0,3687.0,4095.0,3839.0,32.88,2905.25,4095.0,0.0,1944.1368907564097,11621.0,4095.0,3687.0,7934.0,0.3654590826636727,0.35237931328178473,3,MEDIUM
0.0,3669.0,4095.0,3948.0,32.88,2928.0,4095.0,0.0,1959.979081521025,11712.0,4095.0,3669.0,8043.0,0.3734631147222111,0.3496413934127697,3,MEDIUM
0.0,3664.0,4095.0,3548.0,32.88,2826.75,4095.0,0.0,1899.136887290294,11307.0,4095.0,3664.0,7643.0,0.35190589896949626,0.362165030480042,3,MEDIUM
0.0,3758.8,4095.0,2658.4,32.88,2628.05,4095.0,0.0,1856.3499840637094,10512.2,4095.0,3758.8,6753.4,0.284869009314428,0.3895473830036008,2,MEDIUM
0.0,3574.0,4095.0,0.0,32.88,1917.25,4095.0,0.0,2224.043670884185,7669.0,4095.0,3574.0,4095.0,0.06793584560334648,0.5339679227364756,2,MEDIUM
0.0,3889.0,4095.0,0.0,32.88,1996.0,4095.0,0.0,2306.3161101635656,7984.0,4095.0,3889.0,4095.0,0.025801603203181162,0.5129008015389653,2,MEDIUM
0.0,3771.0,4095.0,2992.0,32.88,2714.5,4095.0,0.0,1867.9301378798941,10858.0,4095.0,3771.0,7087.0,0.3053969423185304,0.3771412782853987,2,MEDIUM
0.0,3904.0,4095.0,0.0,32.88,1999.75,4095.0,0.0,2310.4285857823,7999.0,4095.0,3904.0,4095.0,0.02387798474510839,0.5119389923100464,2,MEDIUM
0.0,3673.0,4095.0,3714.0,32.81,2870.5,4095.0,0.0,1923.0764415384012,11482.0,4095.0,3673.0,7809.0,0.36021599021422956,0.35664518373483317,3,MEDIUM
0.0,3934.0,4095.0,0.0,32.88,2007.25,4095.0,0.0,2318.7044335145433,8029.0,4095.0,3934.0,4095.0,0.020052310372393533,0.5100261551239225,2,MEDIUM
0.0,3792.0,4095.0,3665.0,32.88,2888.0,4095.0,0.0,1933.7647219866226,11552.0,4095.0,3792.0,7760.0,0.343490304679407,0.3544840719914747,3,MEDIUM
0.0,3969.0,4095.0,4095.0,32.88,3039.75,4095.0,0.0,2027.3702794506976,12159.0,4095.0,3969.0,8190.0,0.34715025903880664,0.33678756473914073,3,MEDIUM
0.0,3920.0,4095.0,4095.0,32.88,3027.5,4095.0,0.0,2020.0185642711306,12110.0,4095.0,3920.0,8190.0,0.3526011560402476,0.3381502889894178,3,MEDIUM
0.0,3779.0,4095.0,3842.0,32.88,2929.0,4095.0,0.0,1957.4359078481557,11716.0,4095.0,3779.0,7937.0,0.3548992830014596,0.3495220211378011,3,MEDIUM
0.0,3820.5,4095.0,2240.3,32.87,2538.95,4095.0,0.0,1879.638345533523,10155.8,4095.0,3820.5,6335.3,0.24762204846022748,0.4032178656134211,2,MEDIUM
0.0,3699.0,4095.0,3826.0,32.88,2905.0,4095.0,0.0,1943.6908190347558,11620.0,4095.0,3699.0,7921.0,0.3633390705367178,0.352409638523889,3,MEDIUM
0.0,3810.0,4095.0,3623.0,32.88,2882.0,4095.0,0.0,1931.1100434724065,11528.0,4095.0,3810.0,7718.0,0.33900069393311927,0.3552220679775137,3,MEDIUM
0.0,4027.0,4095.0,3773.0,32.88,2973.75,4095.0,0.0,1987.33714217459,11895.0,4095.0,4027.0,7868.0,0.32290878517672056,0.3442622950530254,3,MEDIUM
0.0,3946.0,4095.0,4095.0,32.88,3034.0,4095.0,0.0,2023.8858663472108,12136.0,4095.0,3946.0,8190.0,0.3497033618696685,0.3374258404468172,3,MEDIUM
0.0,3919.0,4095.0,4095.0,32.88,3027.25,4095.0,0.0,2019.8713449128388,12109.0,4095.0,3919.0,8190.0,0.352712858175513,0.33817821452323243,3,MEDIUM
0.0,3888.0,4095.0,4029.0,32.81,3003.0,4095.0,0.0,2003.8607736067893,12012.0,4095.0,3888.0,8124.0,0.35264735261799474,0.3409090908807102,3,MEDIUM
0.0,3743.0,4095.0,4095.0,32.88,2983.25,4095.0,0.0,1995.74353312243,11933.0,4095.0,3743.0,8190.0,0.37266404086376737,0.34316601019499154,3,MEDIUM
0.0,3888.0,4095.0,4095.0,32.88,3019.5,4095.0,0.0,2015.3637388818922,12078.0,4095.0,3888.0,8190.0,0.35618479877825926,0.339046199673866,3,MEDIUM
0.0,3792.0,4095.0,4095.0,32.88,2995.5,4095.0,0.0,2002.101645771263,11982.0,4095.0,3792.0,8190.0,0.3670505758331622,0.3417626439374259,3,MEDIUM
0.0,3984.0,4095.0,4095.0,32.88,3043.5,4095.0,0.0,2029.6746044624986,12174.0,4095.0,3984.0,8190.0,0.34549038932598236,0.33637259731096003,3,MEDIUM
0.0,3869.6,4095.0,3982.1,32.87,2986.675,4095.0,0.0,1993.2418608471307,11946.7,4095.0,3869.6,8077.1,0.35218930747803245,0.3427724810748765,3,MEDIUM
0.0,3791.0,4095.0,4095.0,32.88,2995.25,4095.0,0.0,2001.9690931680238,11981.0,4095.0,3791.0,8190.0,0.36716467737524705,0.3417911693229454,3,MEDIUM
0.0,3952.0,0.0,4095.0,32.88,2011.75,4095.0,0.0,2323.70227223713,8047.0,4095.0,3952.0,4095.0,0.01777059773607921,0.5088852988059046,2,MEDIUM
0.0,3847.0,4095.0,4095.0,32.81,3009.25,4095.0,0.0,2009.5701654831562,12037.0,4095.0,3847.0,8190.0,0.3608041870598318,0.34020104674418866,3,MEDIUM
0.0,3815.0,4095.0,4095.0,32.88,3001.25,4095.0,0.0,2005.1823483164817,12005.0,4095.0,3815.0,8190.0,0.36443148685010984,0.3411078716917028,3,MEDIUM
0.0,3478.0,4095.0,2082.0,32.88,2413.75,4095.0,0.0,1816.1751705163244,9655.0,4095.0,3478.0,6177.0,0.27954427754743194,0.42413257375203184,1,MEDIUM
0.0,3551.0,4095.0,4095.0,32.81,2935.25,4095.0,0.0,1973.5653650183467,11741.0,4095.0,3551.0,8190.0,0.39511114893151256,0.3487777872115852,3,MEDIUM
0.0,3607.0,4095.0,4095.0,32.81,2949.25,4095.0,0.0,1979.5788062110587,11797.0,4095.0,3607.0,8190.0,0.388488598763373,0.34712214966965144,3,MEDIUM
0.0,3427.0,4095.0,3997.0,32.81,2879.75,4095.0,0.0,1942.2944121150463,11519.0,4095.0,3427.0,8092.0,0.4049830714120164,0.3554996093102266,2,MEDIUM
0.0,3471.0,4095.0,4079.0,32.88,2911.25,4095.0,0.0,1962.4475152217447,11645.0,4095.0,3471.0,8174.0,0.40386431941572654,0.35165306995692114,2,MEDIUM
0.0,3419.0,4095.0,4095.0,32.88,2902.25,4095.0,0.0,1960.900367178302,11609.0,4095.0,3419.0,8190.0,0.4109742440855393,0.3527435609998498,2,MEDIUM
0.0,3635.8,3685.5,3882.3,32.85,2800.9,3882.3,0.0,1870.2978318973694,11203.6,3882.3,3635.8,7567.8,0.35095862041210335,0.3465225462934661,3,MEDIUM
0.0,3797.0,4095.0,4095.0,32.81,2996.75,4095.0,0.0,2002.7661496040919,11987.0,4095.0,3797.0,8190.0,0.36648035368595305,0.34162008840063235,3,MEDIUM
0.0,3668.0,4095.0,4095.0,32.81,2964.5,4095.0,0.0,1986.5575753045769,11858.0,4095.0,3668.0,8190.0,0.38134592676831286,0.3453364816709954,3,MEDIUM
0.0,3433.0,4095.0,4095.0,32.88,2905.75,4095.0,0.0,1962.142260387865,11623.0,4095.0,3433.0,8190.0,0.40927471389406567,0.3523186784520073,2,MEDIUM
0.0,3650.0,4095.0,4095.0,32.88,2960.0,4095.0,0.0,1984.4520654326725,11840.0,4095.0,3650.0,8190.0,0.3834459459135603,0.3458614864572752,3,MEDIUM
0.0,3551.0,4095.0,4095.0,32.81,2935.25,4095.0,0.0,1973.5653650183467,11741.0,4095.0,3551.0,8190.0,0.39511114893151256,0.3487777872115852,3,MEDIUM
0.0,3641.0,4095.0,4095.0,32.88,2957.75,4095.0,0.0,1983.4137868836144,11831.0,4095.0,3641.0,8190.0,0.3844983517551772,0.3461245879176634,3,MEDIUM
0.0,3615.0,4095.0,4095.0,32.81,2951.25,4095.0,0.0,1980.4686945266265,11805.0,4095.0,3615.0,8190.0,0.3875476492683145,0.34688691229590113,3,MEDIUM
0.0,3456.0,4095.0,4095.0,32.81,2911.5,4095.0,0.0,1964.2349655782018,11646.0,4095.0,3456.0,8190.0,0.4064914991922985,0.35162287477660803,2,MEDIUM
0.0,3733.0,4095.0,4095.0,32.81,2980.75,4095.0,0.0,1994.4804461312726,11923.0,4095.0,3733.0,8190.0,0.37381531490616327,0.34345382870557295,3,MEDIUM
0.0,3737.0,4095.0,4095.0,32.81,2981.75,4095.0,0.0,1994.9842731209687,11927.0,4095.0,3737.0,8190.0,0.3733545736251065,0.3433386433853158,3,MEDIUM
0.0,3628.1,4095.0,4095.0,32.83,2954.525,4095.0,0.0,1981.9424569093826,11818.1,4095.0,3628.1,8190.0,0.3860095954183828,0.3465023988334417,3,MEDIUM
0.0,3770.0,4095.0,4095.0,32.81,2990.0,4095.0,0.0,1999.212344899861,11960.0,4095.0,3770.0,8190.0,0.3695652173604042,0.34239130431919806,3,MEDIUM
0.0,3643.0,4095.0,4095.0,32.88,2958.25,4095.0,0.0,1983.6436802006554,11833.0,4095.0,3643.0,8190.0,0.38426434544204646,0.34606608633938424,3,MEDIUM
0.0,3472.0,4095.0,4095.0,32.81,2915.5,4095.0,0.0,1965.7291268127458,11662.0,4095.0,3472.0,8190.0,0.40456182469520136,0.35114045615236317,2,MEDIUM
0.0,3679.0,4095.0,4095.0,32.81,2967.25,4095.0,0.0,1987.8632372474722,11869.0,4095.0,3679.0,8190.0,0.3800657173830933,0.34501642932471005,3,MEDIUM
0.0,3792.0,4095.0,4095.0,32.81,2995.5,4095.0,0.0,2002.101645771263,11982.0,4095.0,3792.0,8190.0,0.3670505758331622,0.3417626439374259,3,MEDIUM
0.0,3408.0,4095.0,4095.0,32.88,2899.5,4095.0,0.0,1959.941580762039,11598.0,4095.0,3408.0,8190.0,0.4123124676312888,0.3530781168862667,2,MEDIUM
0.0,3479.0,4095.0,4095.0,32.81,2917.25,4095.0,0.0,1966.392699844057,11669.0,4095.0,3479.0,8190.0,0.40371925611417264,0.35092981400711887,2,MEDIUM
0.0,3697.0,4095.0,4095.0,32.81,2971.75,4095.0,0.0,1990.030715843351,11887.0,4095.0,3697.0,8190.0,0.3779759400708357,0.34449398499667755,3,MEDIUM
0.0,3764.0,4095.0,4095.0,32.88,2988.5,4095.0,0.0,1998.4341370182806,11954.0,4095.0,3764.0,8190.0,0.37025263507024825,0.34256315874664856,3,MEDIUM
0.0,3653.0,4095.0,4095.0,32.81,2960.75,4095.0,0.0,1984.8003048165829,11843.0,4095.0,3653.0,8190.0,0.3830954994188047,0.3457738748335917,3,MEDIUM
0.0,3635.7,4095.0,4095.0,32.83,2956.425,4095.0,0.0,1982.806879779269,11825.7,4095.0,3635.7,8190.0,0.3851188512827893,0.3462797127995569,3,MEDIUM
0.0,3504.0,4095.0,4095.0,32.88,2923.5,4095.0,0.0,1968.8115704657976,11694.0,4095.0,3504.0,8190.0,0.40071831705141797,0.35017957924147597,3,MEDIUM
0.0,3786.0,4095.0,4095.0,32.88,2994.0,4095.0,0.0,2001.3080722367558,11976.0,4095.0,3786.0,8190.0,0.3677354709111777,0.34193386770691936,3,MEDIUM
0.0,3376.0,4095.0,4095.0,32.81,2891.5,4095.0,0.0,1957.2375941617308,11566.0,4095.0,3376.0,8190.0,0.4162199550046498,0.3540549887295474,2,MEDIUM
0.0,3664.0,4095.0,4095.0,32.81,2963.5,4095.0,0.0,1986.0863526040353,11854.0,4095.0,3664.0,8190.0,0.38181204653435025,0.34545301161249764,3,MEDIUM
0.0,3856.0,4095.0,4095.0,32.81,3011.5,4095.0,0.0,2010.8254523951102,12046.0,4095.0,3856.0,8190.0,0.3597874812917327,0.3399468703021794,3,MEDIUM
0.0,3652.0,4095.0,4095.0,32.81,2960.5,4095.0,0.0,1984.6841058465702,11842.0,4095.0,3652.0,8190.0,0.3832122951880415,0.3458030737758991,3,MEDIUM
0.0,3706.0,4095.0,4095.0,32.81,2974.0,4095.0,0.0,1991.1288255660406,11896.0,4095.0,3706.0,8190.0,0.37693342296764176,0.344233355720895,3,MEDIUM
0.0,3773.0,4095.0,4095.0,32.81,2990.75,4095.0,0.0,1999.6030231023358,11963.0,4095.0,3773.0,8190.0,0.36922176708440846,0.34230544175020433,3,MEDIUM
0.0,3809.0,4095.0,4095.0,32.81,2999.75,4095.0,0.0,2004.372782193971,11999.0,4095.0,3809.0,8190.0,0.36511375944952795,0.34127843984154693,3,MEDIUM
0.0,3613.0,4095.0,4095.0,32.88,2950.75,4095.0,0.0,1980.245502456703,11803.0,4095.0,3613.0,8190.0,0.3877827670602573,0.3469456917438833,3,MEDIUM
0.0,3673.9,4095.0,4095.0,32.83,2965.975,4095.0,0.0,1987.2560988710036,11863.9,4095.0,3673.9,8190.0,0.3806589738297981,0.3451647434363772,3,MEDIUM
0.0,3817.0,4095.0,4095.0,32.81,3001.75,4095.0,0.0,2005.4531283478057,12007.0,4095.0,3817.0,8190.0,0.36420421417804577,0.34105105352369025,3,MEDIUM
0.0,3811.0,4095.0,4095.0,32.81,3000.25,4095.0,0.0,2004.642175052695,12001.0,4095.0,3811.0,8190.0,0.36488625944797215,0.34122156484116145,3,MEDIUM
0.0,3675.0,4095.0,4095.0,32.81,2966.25,4095.0,0.0,1987.3867892285084,11865.0,4095.0,3675.0,8190.0,0.3805309734192557,0.34513274333374355,3,MEDIUM
0.0,3468.0,4095.0,4095.0,32.81,2914.5,4095.0,0.0,1965.352640113219,11658.0,4095.0,3468.0,8190.0,0.4050437467485809,0.35126093666570074,2,MEDIUM
0.0,3798.0,4095.0,4095.0,32.81,2997.0,4095.0,0.0,2002.8993983722696,11988.0,4095.0,3798.0,8190.0,0.36636636633580527,0.3415915915630971,3,MEDIUM
0.0,3523.0,4095.0,4095.0,32.81,2928.25,4095.0,0.0,1970.7009539755138,11713.0,4095.0,3523.0,8190.0,0.3984461708871812,0.34961154270045147,3,MEDIUM
0.0,3807.0,4095.0,4095.0,32.81,2999.25,4095.0,0.0,2004.1038520994864,11997.0,4095.0,3807.0,8190.0,0.3653413353033807,0.34133533380500664,3,MEDIUM
0.0,3812.0,4095.0,4095.0,32.81,3000.5,4095.0,0.0,2004.7770449603618,12002.0,4095.0,3812.0,8190.0,0.3647725378799556,0.34119313444915905,3,MEDIUM
0.0,3723.0,4095.0,4095.0,32.81,2978.25,4095.0,0.0,1993.22910123247,11913.0,4095.0,3723.0,8190.0,0.3749685217514506,0.3437421304168772,3,MEDIUM
0.0,3601.0,4095.0,4095.0,32.81,2947.75,4095.0,0.0,1978.9164333038423,11791.0,4095.0,3601.0,8190.0,0.38919514880932954,0.3472987871811298,3,MEDIUM
0.0,3703.5,4095.0,4095.0,32.81,2973.375,4095.0,0.0,1990.8228355381098,11893.5,4095.0,3703.5,8190.0,0.3772228527870498,0.34430571317574254,3,MEDIUM
0.0,3582.0,4095.0,4095.0,32.81,2943.0,4095.0,0.0,1976.8474903239248,11772.0,4095.0,3582.0,8190.0,0.39143730883524996,0.3478593271875757,3,MEDIUM
0.0,3721.0,4095.0,4095.0,32.81,2977.75,4095.0,0.0,1992.980243253806,11911.0,4095.0,3721.0,8190.0,0.37519939548524894,0.3437998488503232,3,MEDIUM
0.0,3797.0,4095.0,4095.0,32.81,2996.75,4095.0,0.0,2002.7661496040919,11987.0,4095.0,3797.0,8190.0,0.36648035368595305,0.34162008840063235,3,MEDIUM
0.0,3782.0,4095.0,4095.0,32.81,2993.0,4095.0,0.0,2000.7813473740703,11972.0,4095.0,3782.0,8190.0,0.3681924490170237,0.34204811223337384,3,MEDIUM
0.0,3611.0,4095.0,4095.0,32.88,2950.25,4095.0,0.0,1980.0227902728798,11801.0,4095.0,3611.0,8190.0,0.3880179645463928,0.34700449111541354,3,MEDIUM
0.0,3824.0,4095.0,4095.0,32.81,3003.5,4095.0,0.0,2006.4044956089986,12014.0,4095.0,3824.0,8190.0,0.3634093557213743,0.3408523389095345,3,MEDIUM
0.0,3932.0,4095.0,4095.0,32.81,3030.5,4095.0,0.0,2021.7940053328875,12122.0,4095.0,3932.0,8190.0,0.3512621679301054,0.33781554196190267,3,MEDIUM
0.0,3918.0,4095.0,4095.0,32.81,3027.0,4095.0,0.0,2019.724238602884,12108.0,4095.0,3918.0,8190.0,0.3528245787617423,0.33820614466978804,3,MEDIUM
0.0,3957.0,4095.0,4089.0,32.81,3035.25,4095.0,0.0,2024.5019757955288,12141.0,4095.0,3957.0,8184.0,0.3481591301912397,0.3372868791419745,3,MEDIUM
0.0,3838.0,2117.0,0.0,32.81,1488.75,3838.0,0.0,1857.0969055670375,5955.0,3838.0,3838.0,2117.0,0.28900083958203177,0.6445004197070527,1,MEDIUM
0.0,3796.2,3897.2,3684.9,32.82,2844.575,3897.2,0.0,1898.3644335321917,11378.3,3897.2,3796.2,7582.1,0.33272984537824374,0.34251162297157645,3,MEDIUM
0.0,3845.0,4095.0,4095.0,32.81,3008.75,4095.0,0.0,2009.2924749771996,12035.0,4095.0,3845.0,8190.0,0.3610303281793909,0.34025758202407497,3,MEDIUM
0.0,3955.0,4095.0,4095.0,32.81,3036.25,4095.0,0.0,2025.2422694581505,12145.0,4095.0,3955.0,8190.0,0.34870317000010675,0.33717579247944207,3,MEDIUM
0.0,3775.0,4095.0,4095.0,32.88,2991.25,4095.0,0.0,1999.864057879935,11965.0,4095.0,3775.0,8190.0,0.3689928959156713,0.34224822395802357,3,MEDIUM
0.0,3568.0,4095.0,0.0,32.81,1915.75,4095.0,0.0,2222.555342393075,7663.0,4095.0,3568.0,4095.0,0.0687720213925653,0.5343860106310341,2,MEDIUM
0.0,3943.0,4095.0,4095.0,32.81,3033.25,4095.0,0.0,2023.4357538602505,12133.0,4095.0,3943.0,8190.0,0.35003708890216456,0.33750927220493615,3,MEDIUM
0.0,3959.0,4095.0,4095.0,32.88,3037.25,4095.0,0.0,2025.848032306471,12149.0,4095.0,3959.0,8190.0,0.34825911594795794,0.3370647789664116,3,MEDIUM
0.0,3634.0,4095.0,4095.0,32.81,2956.0,4095.0,0.0,1982.612922382985,11824.0,4095.0,3634.0,8190.0,0.38531799726105226,0.3463294992941196,3,MEDIUM
0.0,3919.0,4095.0,4095.0,32.88,3027.25,4095.0,0.0,2019.8713449128388,12109.0,4095.0,3919.0,8190.0,0.352712858175513,0.33817821452323243,3,MEDIUM
0.0,3089.0,4095.0,0.0,32.81,1796.0,4095.0,0.0,2114.117782906146,7184.0,4095.0,3089.0,4095.0,0.14003340755289068,0.5700167037068462,1,MEDIUM
0.0,3931.0,4095.0,4095.0,32.88,3030.25,4095.0,0.0,2021.6454313256813,12121.0,4095.0,3931.0,8190.0,0.35137364900986934,0.33784341223184194,3,MEDIUM
0.0,3761.8,4095.0,3276.0,32.84,2783.2,4095.0,0.0,1885.6945033594386,11132.8,4095.0,3761.8,7371.0,0.3241951709970362,0.3678319919186699,2,MEDIUM
0.0,3601.0,4095.0,2273.0,32.88,2492.25,4095.0,0.0,1830.984684989655,9969.0,4095.0,3601.0,6368.0,0.27756043732796065,0.4107733974911452,2,MEDIUM
4095.0,3122.0,4095.0,4095.0,29.87,3851.75,4095.0,3122.0,486.5,15407.0,973.0,7217.0,8190.0,0.0631531122176184,0.2657882780381782,3,LOW
4095.0,3135.0,4095.0,4095.0,29.87,3855.0,4095.0,3135.0,480.0,15420.0,960.0,7230.0,8190.0,0.06225680933448399,0.2655642023174083,3,LOW
4095.0,3147.0,4095.0,4095.0,29.87,3858.0,4095.0,3147.0,474.0,15432.0,948.0,7242.0,8190.0,0.061430793153095464,0.2653576982720738,3,LOW
4095.0,3184.0,4095.0,4095.0,29.94,3867.25,4095.0,3184.0,455.5,15469.0,911.0,7279.0,8190.0,0.05889197749958679,0.2647229943587353,3,LOW
4095.0,3187.0,4095.0,4095.0,29.94,3868.0,4095.0,3187.0,454.0,15472.0,908.0,7282.0,8190.0,0.058686659768699155,0.26467166492601657,3,LOW
4095.0,3226.0,4095.0,4095.0,30.0,3877.75,4095.0,3226.0,434.5,15511.0,869.0,7321.0,8190.0,0.05602475662071918,0.2640061891390622,3,LOW
4095.0,3084.0,4095.0,4095.0,30.0,3842.25,4095.0,3084.0,505.5,15369.0,1011.0,7179.0,8190.0,0.06578176849074228,0.2664454421064191,3,LOW
4095.0,3443.0,4095.0,4095.0,30.06,3932.0,4095.0,3443.0,326.0,15728.0,652.0,7538.0,8190.0,0.04145473041445481,0.26036368258771847,3,LOW
4091.0,2007.0,4095.0,4095.0,30.12,3572.0,4095.0,2007.0,1043.335037272304,14288.0,2088.0,6098.0,8190.0,0.14641657333801675,0.286604143317007,3,LOW
4094.6,3066.9,4095.0,4095.0,29.96,3837.875,4095.0,3066.9,513.9833679215699,15351.5,1028.1,7161.5,8190.0,0.0669967104148131,0.26674917758741823,3,LOW
4095.0,3472.0,4095.0,4095.0,30.12,3939.25,4095.0,3472.0,311.5,15757.0,623.0,7567.0,8190.0,0.039537983116104715,0.2598844957631602,3,LOW
4095.0,3263.0,4095.0,4095.0,30.12,3887.0,4095.0,3263.0,416.0,15548.0,832.0,7358.0,8190.0,0.053511705682177016,0.263377926404465,3,LOW
4095.0,3280.0,4095.0,4095.0,30.12,3891.25,4095.0,3280.0,407.5,15565.0,815.0,7375.0,8190.0,0.05236106649197809,0.26309026660693285,3,LOW
4095.0,3111.0,4095.0,4095.0,30.12,3849.0,4095.0,3111.0,492.0,15396.0,984.0,7206.0,8190.0,0.06391270459444579,0.26597817613237346,3,LOW
4095.0,2987.0,4095.0,4095.0,30.19,3818.0,4095.0,2987.0,554.0,15272.0,1108.0,7082.0,8190.0,0.07255107385590943,0.2681377684476075,3,LOW
4095.0,3280.0,4095.0,4095.0,30.25,3891.25,4095.0,3280.0,407.5,15565.0,815.0,7375.0,8190.0,0.05236106649197809,0.26309026660693285,3,LOW
4095.0,3344.0,4095.0,4095.0,30.25,3907.25,4095.0,3344.0,375.5,15629.0,751.0,7439.0,8190.0,0.04805169876204161,0.2620129246745145,3,LOW
4095.0,3378.0,4095.0,4095.0,30.25,3915.75,4095.0,3378.0,358.5,15663.0,717.0,7473.0,8190.0,0.04577667113287514,0.2614441677672576,3,LOW
4095.0,3350.0,4095.0,4095.0,30.31,3908.75,4095.0,3350.0,372.5,15635.0,745.0,7445.0,8190.0,0.04764950431418935,0.2619123760625576,3,LOW
4095.0,3375.0,4095.0,4095.0,30.31,3915.0,4095.0,3375.0,360.0,15660.0,720.0,7470.0,8190.0,0.04597701149131692,0.261494252856865,3,LOW
4095.0,3284.0,4095.0,4095.0,30.21,3892.25,4095.0,3284.0,405.5,15569.0,811.0,7379.0,8190.0,0.05209069304052343,0.2630226732440733,3,LOW
4095.0,3351.0,4095.0,4095.0,30.31,3909.0,4095.0,3351.0,372.0,15636.0,744.0,7446.0,8190.0,0.04758250191560613,0.2618956254629128,3,LOW
4095.0,3281.0,4095.0,4095.0,30.31,3891.5,4095.0,3281.0,407.0,15566.0,814.0,7376.0,8190.0,0.05229346010199836,0.26307336500943895,3,LOW
4095.0,3291.0,4095.0,4095.0,30.37,3894.0,4095.0,3291.0,402.0,15576.0,804.0,7386.0,8190.0,0.05161787364845802,0.2629044683960642,3,LOW
4095.0,3186.0,4095.0,4095.0,30.37,3867.75,4095.0,3186.0,454.5,15471.0,909.0,7281.0,8190.0,0.058755090164904974,0.26468877252506695,3,LOW
4095.0,3233.0,4095.0,4095.0,30.44,3879.5,4095.0,3233.0,431.0,15518.0,862.0,7328.0,8190.0,0.05554839540820026,0.26388709883593975,3,LOW
4095.0,3270.0,4095.0,4095.0,30.44,3888.75,4095.0,3270.0,412.5,15555.0,825.0,7365.0,8190.0,0.053037608482607676,0.26325940210457993,3,LOW
4095.0,3190.0,4095.0,4095.0,30.44,3868.75,4095.0,3190.0,452.5,15475.0,905.0,7285.0,8190.0,0.05848142164403997,0.2646203553948549,3,LOW
4095.0,3312.0,4095.0,4095.0,30.44,3899.25,4095.0,3312.0,391.5,15597.0,783.0,7407.0,8190.0,0.050201961912534336,0.2625504904621049,3,LOW
4095.0,3327.0,4095.0,4095.0,30.5,3903.0,4095.0,3327.0,384.0,15612.0,768.0,7422.0,8190.0,0.04919292851337478,0.2622982321123304,3,LOW
4095.0,3318.0,4095.0,4095.0,30.5,3900.75,4095.0,3318.0,388.5,15603.0,777.0,7413.0,8190.0,0.04979811574378016,0.26244952891992246,3,LOW
4095.0,3275.9,4095.0,4095.0,30.41,3890.225,4095.0,3275.9,409.54999999999995,15560.9,819.0999999999999,7370.9,8190.0,0.05263834353715801,0.2631595858682236,3,LOW
4095.0,3391.0,4095.0,4095.0,30.5,3919.0,4095.0,3391.0,352.0,15676.0,704.0,7486.0,8190.0,0.044909415664397205,0.26122735390015134,3,LOW
4095.0,3456.0,4095.0,4095.0,30.56,3935.25,4095.0,3456.0,319.5,15741.0,639.0,7551.0,8190.0,0.04059462549770697,0.26014865635854467,3,LOW
4095.0,3405.0,4095.0,4095.0,30.56,3922.5,4095.0,3405.0,345.0,15690.0,690.0,7500.0,8190.0,0.04397705544652791,0.26099426384569824,3,LOW
4095.0,3362.0,4095.0,4095.0,30.56,3911.75,4095.0,3362.0,366.5,15647.0,733.0,7457.0,8190.0,0.046846040771595446,0.26171151017692135,3,LOW
4095.0,3397.0,4095.0,4095.0,30.56,3920.5,4095.0,3397.0,349.0,15682.0,698.0,7492.0,8190.0,0.04450962887102987,0.2611274072018156,3,LOW
4095.0,3185.0,4095.0,4095.0,30.56,3867.5,4095.0,3185.0,455.0,15470.0,910.0,7280.0,8190.0,0.05882352940796228,0.26470588233583026,3,LOW
4095.0,3255.0,4095.0,4095.0,30.62,3885.0,4095.0,3255.0,420.0,15540.0,840.0,7350.0,8190.0,0.05405405405057567,0.2635135134965564,3,LOW
4095.0,3223.0,4095.0,4095.0,30.62,3877.0,4095.0,3223.0,436.0,15508.0,872.0,7318.0,8190.0,0.05622904307091636,0.26405726075160835,3,LOW
4095.0,3293.0,4095.0,4095.0,30.62,3894.5,4095.0,3293.0,401.0,15578.0,802.0,7388.0,8190.0,0.051482860440911354,0.2628707150941796,3,LOW
4095.0,3234.0,4095.0,4095.0,30.69,3879.75,4095.0,3234.0,430.5,15519.0,861.0,7329.0,8190.0,0.05548037888681742,0.2638700947055951,3,LOW
4095.0,3320.1,4095.0,4095.0,30.59,3901.275,4095.0,3320.1,387.4500000000001,15605.1,774.9000000000001,7415.1,8190.0,0.04965684295200561,0.262414210721981,3,LOW
4095.0,3317.0,4095.0,4095.0,30.69,3900.5,4095.0,3317.0,389.0,15602.0,778.0,7412.0,8190.0,0.04986540186835884,0.26246635045106614,3,LOW
4095.0,3408.0,4095.0,4095.0,30.69,3923.25,4095.0,3408.0,343.5,15693.0,687.0,7503.0,8190.0,0.04377748040248662,0.26094437008469096,3,LOW
4095.0,3413.0,4095.0,4095.0,30.69,3924.5,4095.0,3413.0,341.0,15698.0,682.0,7508.0,8190.0,0.04344502484116161,0.2608612561943648,3,LOW
4095.0,3367.0,4095.0,4095.0,30.75,3913.0,4095.0,3367.0,364.0,15652.0,728.0,7462.0,8190.0,0.046511627904005134,0.26162790696002886,3,LOW
4095.0,3424.0,4095.0,4095.0,30.75,3927.25,4095.0,3424.0,335.5,15709.0,671.0,7519.0,8190.0,0.04271436755727835,0.26067859187340514,3,LOW
4095.0,3401.0,4095.0,4095.0,30.75,3921.5,4095.0,3401.0,347.0,15686.0,694.0,7496.0,8190.0,0.044243274254478944,0.2610608185476819,3,LOW
4095.0,3382.0,4095.0,4095.0,30.75,3916.75,4095.0,3382.0,356.5,15667.0,713.0,7477.0,8190.0,0.045509670004116314,0.261377417485072,3,LOW
4095.0,3427.0,4095.0,4095.0,30.81,3928.0,4095.0,3427.0,334.0,15712.0,668.0,7522.0,8190.0,0.04251527494637759,0.260628818720683,3,LOW
4095.0,3424.0,4095.0,4095.0,30.81,3927.25,4095.0,3424.0,335.5,15709.0,671.0,7519.0,8190.0,0.04271436755727835,0.26067859187340514,3,LOW
4095.0,3407.0,4095.0,4095.0,30.81,3923.0,4095.0,3407.0,344.0,15692.0,688.0,7502.0,8190.0,0.04384399693832246,0.2609609992186489,3,LOW
4095.0,3397.0,4095.0,4095.0,30.75,3920.5,4095.0,3397.0,349.0,15682.0,698.0,7492.0,8190.0,0.04450962887102987,0.2611274072018156,3,LOW
4095.0,3427.0,4095.0,4095.0,30.81,3928.0,4095.0,3427.0,334.0,15712.0,668.0,7522.0,8190.0,0.04251527494637759,0.260628818720683,3,LOW
4095.0,3427.0,4095.0,4095.0,30.87,3928.0,4095.0,3427.0,334.0,15712.0,668.0,7522.0,8190.0,0.04251527494637759,0.260628818720683,3,LOW
4095.0,3435.0,4095.0,4095.0,30.87,3930.0,4095.0,3435.0,330.0,15720.0,660.0,7530.0,8190.0,0.041984732821756694,0.2604961831895359,3,LOW
4095.0,3460.0,4095.0,4095.0,30.87,3936.25,4095.0,3460.0,317.5,15745.0,635.0,7555.0,8190.0,0.040330263573176865,0.2600825658774161,3,LOW
4095.0,3366.0,4095.0,4095.0,30.87,3912.75,4095.0,3366.0,364.5,15651.0,729.0,7461.0,8190.0,0.046578493384027954,0.2616446233300336,3,LOW
4095.0,3363.0,4095.0,4095.0,30.87,3912.0,4095.0,3363.0,366.0,15648.0,732.0,7458.0,8190.0,0.046779141101305016,0.26169478525934975,3,LOW
4095.0,3410.0,4095.0,4095.0,30.87,3923.75,4095.0,3410.0,342.5,15695.0,685.0,7505.0,8190.0,0.04364447275924534,0.2609111181738827,3,LOW
4095.0,3408.0,4095.0,4095.0,30.94,3923.25,4095.0,3408.0,343.5,15693.0,687.0,7503.0,8190.0,0.04377748040248662,0.26094437008469096,3,LOW
4095.0,3397.0,4095.0,4095.0,30.94,3920.5,4095.0,3397.0,349.0,15682.0,698.0,7492.0,8190.0,0.04450962887102987,0.2611274072018156,3,LOW
4095.0,3408.0,4095.0,4095.0,30.94,3923.25,4095.0,3408.0,343.5,15693.0,687.0,7503.0,8190.0,0.04377748040248662,0.26094437008469096,3,LOW
4095.0,3410.1,4095.0,4095.0,30.89,3923.775,4095.0,3410.1,342.45000000000005,15695.1,684.9000000000001,7505.1,8190.0,0.04363782326690252,0.2609094558007971,3,LOW
4095.0,3482.0,4095.0,4095.0,30.94,3941.75,4095.0,3482.0,306.5,15767.0,613.0,7577.0,8190.0,0.03887867063874683,0.2597196676438308,3,LOW
4095.0,3469.0,4095.0,4095.0,30.94,3938.5,4095.0,3469.0,313.0,15754.0,626.0,7564.0,8190.0,0.039735940076187894,0.259933985003178,3,LOW
4095.0,3402.0,4095.0,4095.0,31.0,3921.75,4095.0,3402.0,346.5,15687.0,693.0,7497.0,8190.0,0.0441767068244931,0.2610441766901865,3,LOW
4095.0,3391.0,4095.0,4095.0,31.0,3919.0,4095.0,3391.0,352.0,15676.0,704.0,7486.0,8190.0,0.044909415664397205,0.26122735390015134,3,LOW
4095.0,3457.0,4095.0,4095.0,31.0,3935.5,4095.0,3457.0,319.0,15742.0,638.0,7552.0,8190.0,0.04052852242151388,0.26013213058949736,3,LOW
4095.0,3472.0,4095.0,4095.0,31.0,3939.25,4095.0,3472.0,311.5,15757.0,623.0,7567.0,8190.0,0.039537983116104715,0.2598844957631602,3,LOW
4095.0,3487.0,4095.0,4095.0,31.06,3943.0,4095.0,3487.0,304.0,15772.0,608.0,7582.0,8190.0,0.038549327920457184,0.2596373319642634,3,LOW
4095.0,3469.0,4095.0,4095.0,31.06,3938.5,4095.0,3469.0,313.0,15754.0,626.0,7564.0,8190.0,0.039735940076187894,0.259933985003178,3,LOW
4095.0,3483.0,4095.0,4095.0,31.06,3942.0,4095.0,3483.0,306.0,15768.0,612.0,7578.0,8190.0,0.03881278538566636,0.2597031963305617,3,LOW
4095.0,3525.0,4095.0,4095.0,31.06,3952.5,4095.0,3525.0,285.0,15810.0,570.0,7620.0,8190.0,0.03605313092751087,0.25901328271606494,4,LOW
4095.0,3463.7,4095.0,4095.0,31.01,3937.175,4095.0,3463.7,315.6500000000001,15748.7,631.3000000000002,7558.7,8190.0,0.04008584835319196,0.26002146207242366,3,LOW
4095.0,3547.0,4095.0,4095.0,31.06,3958.0,4095.0,3547.0,274.0,15832.0,548.0,7642.0,8190.0,0.0346134411296985,0.2586533602666338,4,LOW
4095.0,3499.0,4095.0,4095.0,31.06,3946.0,4095.0,3499.0,298.0,15784.0,596.0,7594.0,8190.0,0.03775975671326915,0.2594399391624785,3,LOW
4095.0,3497.0,4095.0,4095.0,31.12,3945.5,4095.0,3497.0,299.0,15782.0,598.0,7592.0,8190.0,0.03789126853137174,0.2594728171170021,3,LOW
4095.0,3473.0,4095.0,4095.0,31.12,3939.5,4095.0,3473.0,311.0,15758.0,622.0,7568.0,8190.0,0.03947201421249701,0.2598680035372593,3,LOW
4095.0,3423.0,4095.0,4095.0,31.12,3927.0,4095.0,3423.0,336.0,15708.0,672.0,7518.0,8190.0,0.0427807486603781,0.26069518714917905,3,LOW
4095.0,3327.0,4095.0,4095.0,31.19,3903.0,4095.0,3327.0,384.0,15612.0,768.0,7422.0,8190.0,0.04919292851337478,0.2622982321123304,3,LOW
4095.0,3465.0,4095.0,4095.0,31.12,3937.5,4095.0,3465.0,315.0,15750.0,630.0,7560.0,8190.0,0.03999999999746032,0.25999999998349205,3,LOW
4095.0,3493.0,4095.0,4095.0,31.19,3944.5,4095.0,3493.0,301.0,15778.0,602.0,7588.0,8190.0,0.03815439218924107,0.2595385980314654,3,LOW
4095.0,3506.0,4095.0,4095.0,31.19,3947.75,4095.0,3506.0,294.5,15791.0,589.0,7601.0,8190.0,0.03729972769062759,0.2593249319068251,4,LOW
4095.0,3482.0,4095.0,4095.0,31.19,3941.75,4095.0,3482.0,306.5,15767.0,613.0,7577.0,8190.0,0.03887867063874683,0.2597196676438308,3,LOW
4095.0,3471.2,4095.0,4095.0,31.14,3939.05,4095.0,3471.2,311.9000000000001,15756.2,623.8000000000002,7566.2,8190.0,0.03959076426806015,0.25989769105114824,3,LOW
4095.0,3431.0,4095.0,4095.0,31.19,3929.0,4095.0,3431.0,332.0,15716.0,664.0,7526.0,8190.0,0.042249936367889415,0.26056248407606497,3,LOW
4095.0,3429.0,4095.0,4095.0,31.19,3928.5,4095.0,3429.0,333.0,15714.0,666.0,7524.0,8190.0,0.042382588771644226,0.2605956471770017,3,LOW
4095.0,3481.0,4095.0,4095.0,31.19,3941.5,4095.0,3481.0,307.0,15766.0,614.0,7576.0,8190.0,0.038944564249718094,0.2597361410465726,3,LOW
4095.0,3487.0,4095.0,4095.0,31.19,3943.0,4095.0,3487.0,304.0,15772.0,608.0,7582.0,8190.0,0.038549327920457184,0.2596373319642634,3,LOW
4095.0,3498.0,4095.0,4095.0,31.25,3945.75,4095.0,3498.0,298.5,15783.0,597.0,7593.0,8190.0,0.037825508456071376,0.25945637709817804,3,LOW
4095.0,3437.0,4095.0,4095.0,31.25,3930.5,4095.0,3437.0,329.0,15722.0,658.0,7532.0,8190.0,0.04185218165361581,0.26046304539750265,3,LOW
4095.0,3488.0,4095.0,4095.0,31.25,3943.25,4095.0,3488.0,303.5,15773.0,607.0,7583.0,8190.0,0.0384834844329878,0.25962087109239707,3,LOW
4095.0,3450.0,4095.0,4095.0,31.25,3933.75,4095.0,3450.0,322.5,15735.0,645.0,7545.0,8190.0,0.0409914203977762,0.2602478550835559,3,LOW
4095.0,3395.0,4095.0,4095.0,31.25,3920.0,4095.0,3395.0,350.0,15680.0,700.0,7490.0,8190.0,0.04464285714001002,0.2611607142690586,3,LOW
4095.0,3443.0,4095.0,4095.0,31.25,3932.0,4095.0,3443.0,326.0,15728.0,652.0,7538.0,8190.0,0.04145473041445481,0.26036368258771847,3,LOW
4095.0,3453.9,4095.0,4095.0,31.23,3934.725,4095.0,3453.9,320.55,15738.9,641.0999999999999,7548.9,8190.0,0.040733469299586815,0.2601833673090125,3,LOW
4095.0,3539.0,4095.0,4095.0,31.31,3956.0,4095.0,3539.0,278.0,15824.0,556.0,7634.0,8190.0,0.03513650151446306,0.258784125362817,4,LOW
4095.0,3472.0,4095.0,4095.0,31.31,3939.25,4095.0,3472.0,311.5,15757.0,623.0,7567.0,8190.0,0.039537983116104715,0.2598844957631602,3,LOW
4095.0,3440.0,4095.0,4095.0,31.25,3931.25,4095.0,3440.0,327.5,15725.0,655.0,7535.0,8190.0,0.04165341812135749,0.26041335451444114,3,LOW
4095.0,3502.0,4095.0,4095.0,31.31,3946.75,4095.0,3502.0,296.5,15787.0,593.0,7597.0,8190.0,0.03756255146401707,0.25939063785016847,4,LOW
4095.0,3488.0,4095.0,4095.0,31.31,3943.25,4095.0,3488.0,303.5,15773.0,607.0,7583.0,8190.0,0.0384834844329878,0.25962087109239707,3,LOW
4095.0,3440.0,4095.0,4095.0,31.31,3931.25,4095.0,3440.0,327.5,15725.0,655.0,7535.0,8190.0,0.04165341812135749,0.26041335451444114,3,LOW
4095.0,3495.0,4095.0,4095.0,31.31,3945.0,4095.0,3495.0,300.0,15780.0,600.0,7590.0,8190.0,0.03802281368580337,0.259505703405608,3,LOW
4095.0,3499.0,4095.0,4095.0,31.31,3946.0,4095.0,3499.0,298.0,15784.0,596.0,7594.0,8190.0,0.03775975671326915,0.2594399391624785,3,LOW
4095.0,3501.0,4095.0,4095.0,31.37,3946.5,4095.0,3501.0,297.0,15786.0,594.0,7596.0,8190.0,0.037628278218825015,0.25940706953886944,4,LOW
4095.0,3472.0,4095.0,4095.0,31.31,3939.25,4095.0,3472.0,311.5,15757.0,623.0,7567.0,8190.0,0.039537983116104715,0.2598844957631602,3,LOW
4095.0,3484.8,4095.0,4095.0,31.31,3942.45,4095.0,3484.8,305.0999999999999,15769.8,610.1999999999998,7579.8,8190.0,0.03869421298693107,0.2596735532308797,3,LOW
4095.0,3499.0,4095.0,4095.0,31.37,3946.0,4095.0,3499.0,298.0,15784.0,596.0,7594.0,8190.0,0.03775975671326915,0.2594399391624785,3,LOW
4095.0,3446.0,4095.0,4095.0,31.37,3932.75,4095.0,3446.0,324.5,15731.0,649.0,7541.0,8190.0,0.04125611848952666,0.26031402960648947,3,LOW
4095.0,3431.0,4095.0,4095.0,31.37,3929.0,4095.0,3431.0,332.0,15716.0,664.0,7526.0,8190.0,0.042249936367889415,0.26056248407606497,3,LOW
4095.0,3489.0,4095.0,4095.0,31.37,3943.5,4095.0,3489.0,303.0,15774.0,606.0,7584.0,8190.0,0.03841764929387488,0.2596044123076198,3,LOW
4095.0,3513.0,4095.0,4095.0,31.37,3949.5,4095.0,3513.0,291.0,15798.0,582.0,7608.0,8190.0,0.03684010634024306,0.259210026569236,4,LOW
4095.0,3503.0,4095.0,4095.0,31.37,3947.0,4095.0,3503.0,296.0,15788.0,592.0,7598.0,8190.0,0.03749683303537517,0.259374208243009,4,LOW
4095.0,3434.0,4095.0,4095.0,31.37,3929.75,4095.0,3434.0,330.5,15719.0,661.0,7529.0,8190.0,0.042051021054644,0.2605127552477567,3,LOW
4095.0,3430.0,4095.0,4095.0,31.44,3928.75,4095.0,3430.0,332.5,15715.0,665.0,7525.0,8190.0,0.042316258349200365,0.26057906457139174,3,LOW
4095.0,3305.0,4095.0,4095.0,31.44,3897.5,4095.0,3305.0,395.0,15590.0,790.0,7400.0,8190.0,0.050673508656146664,0.26266837714800073,3,LOW
4095.0,3405.0,4095.0,4095.0,31.44,3922.5,4095.0,3405.0,345.0,15690.0,690.0,7500.0,8190.0,0.04397705544652791,0.26099426384569824,3,LOW
4095.0,3445.5,4095.0,4095.0,31.39,3932.625,4095.0,3445.5,324.75,15730.5,649.5,7540.5,8190.0,0.04128921521621759,0.2603223037881617,3,LOW
4095.0,3531.0,4095.0,4095.0,31.44,3954.0,4095.0,3531.0,282.0,15816.0,564.0,7626.0,8190.0,0.035660091044786284,0.2589150227453898,4,LOW
4095.0,3439.0,4095.0,4095.0,31.44,3931.0,4095.0,3439.0,328.0,15724.0,656.0,7534.0,8190.0,0.04171966420492752,0.2604299160353326,3,LOW
4095.0,3433.0,4095.0,4095.0,31.44,3929.5,4095.0,3433.0,331.0,15718.0,662.0,7528.0,8190.0,0.042117317722221825,0.2605293294146501,3,LOW
4095.0,3431.0,4095.0,4095.0,31.44,3929.0,4095.0,3431.0,332.0,15716.0,664.0,7526.0,8190.0,0.042249936367889415,0.26056248407606497,3,LOW
4095.0,3499.0,4095.0,4095.0,31.44,3946.0,4095.0,3499.0,298.0,15784.0,596.0,7594.0,8190.0,0.03775975671326915,0.2594399391624785,3,LOW
4095.0,3501.0,4095.0,4095.0,31.44,3946.5,4095.0,3501.0,297.0,15786.0,594.0,7596.0,8190.0,0.037628278218825015,0.25940706953886944,4,LOW
4095.0,3454.0,4095.0,4095.0,31.44,3934.75,4095.0,3454.0,320.5,15739.0,641.0,7549.0,8190.0,0.040726856849817215,0.2601817141965702,3,LOW
4095.0,3463.0,4095.0,4095.0,31.5,3937.0,4095.0,3463.0,316.0,15748.0,632.0,7558.0,8190.0,0.040132080261612135,0.260033020049528,3,LOW
4095.0,3440.0,4095.0,4095.0,31.5,3931.25,4095.0,3440.0,327.5,15725.0,655.0,7535.0,8190.0,0.04165341812135749,0.26041335451444114,3,LOW
4095.0,3426.0,4095.0,4095.0,31.5,3927.75,4095.0,3426.0,334.5,15711.0,669.0,7521.0,8190.0,0.04258163070189156,0.26064540765956046,3,LOW
4095.0,3461.7,4095.0,4095.0,31.46,3936.675,4095.0,3461.7,316.6500000000001,15746.7,633.3000000000002,7556.7,8190.0,0.040217950425154615,0.2600544875904123,3,LOW
4095.0,3455.0,4095.0,4095.0,31.5,3935.0,4095.0,3455.0,320.0,15740.0,640.0,7550.0,8190.0,0.040660736973274415,0.2601651842274355,3,LOW
4095.0,3491.0,4095.0,4095.0,31.5,3944.0,4095.0,3491.0,302.0,15776.0,604.0,7586.0,8190.0,0.03828600405436828,0.25957150099774523,3,LOW
4095.0,3504.0,4095.0,4095.0,31.5,3947.25,4095.0,3504.0,295.5,15789.0,591.0,7599.0,8190.0,0.0374311229313173,0.2593577807169955,4,LOW
4095.0,3499.0,4095.0,4095.0,31.5,3946.0,4095.0,3499.0,298.0,15784.0,596.0,7594.0,8190.0,0.03775975671326915,0.2594399391624785,3,LOW
4095.0,3514.0,4095.0,4095.0,31.5,3949.75,4095.0,3514.0,290.5,15799.0,581.0,7609.0,8190.0,0.03677447939510257,0.25919361983295186,4,LOW
4095.0,3338.0,4095.0,4095.0,31.56,3905.75,4095.0,3338.0,378.5,15623.0,757.0,7433.0,8190.0,0.04845420213477218,0.262113550517691,3,LOW
4095.0,3413.0,4095.0,4095.0,31.5,3924.5,4095.0,3413.0,341.0,15698.0,682.0,7508.0,8190.0,0.04344502484116161,0.2608612561943648,3,LOW
4095.0,3415.0,4095.0,4095.0,31.5,3925.0,4095.0,3415.0,340.0,15700.0,680.0,7510.0,8190.0,0.04331210190806929,0.26082802546109374,3,LOW
4095.0,3419.0,4095.0,4095.0,31.56,3926.0,4095.0,3419.0,338.0,15704.0,676.0,7514.0,8190.0,0.04304635761315293,0.2607615893873687,3,LOW
4095.0,3440.0,4095.0,4095.0,31.56,3931.25,4095.0,3440.0,327.5,15725.0,655.0,7535.0,8190.0,0.04165341812135749,0.26041335451444114,3,LOW
4095.0,3448.8,4095.0,4095.0,31.52,3933.45,4095.0,3448.8,323.0999999999999,15733.8,646.1999999999998,7543.8,8190.0,0.04107081569353424,0.2602677039074942,3,LOW
4095.0,3426.0,4095.0,4095.0,31.56,3927.75,4095.0,3426.0,334.5,15711.0,669.0,7521.0,8190.0,0.04258163070189156,0.26064540765956046,3,LOW
4095.0,3392.0,4095.0,4095.0,31.56,3919.25,4095.0,3392.0,351.5,15677.0,703.0,7487.0,8190.0,0.044842763280931126,0.26121069080428583,3,LOW
4095.0,3245.0,4095.0,4095.0,31.56,3882.5,4095.0,3245.0,425.0,15530.0,850.0,7340.0,8190.0,0.05473277527013955,0.263683193801437,3,LOW
4095.0,3320.0,4095.0,4095.0,31.56,3901.25,4095.0,3320.0,387.5,15605.0,775.0,7415.0,8190.0,0.04966356936560951,0.26241589232538187,3,LOW
4095.0,3211.0,4095.0,4095.0,31.62,3874.0,4095.0,3211.0,442.0,15496.0,884.0,7306.0,8190.0,0.05704697986209041,0.2642617449493894,3,LOW
4095.0,3069.0,4095.0,4095.0,31.56,3838.5,4095.0,3069.0,513.0,15354.0,1026.0,7164.0,8190.0,0.06682297772132194,0.2667057444140481,3,LOW
4095.0,3100.0,4095.0,4095.0,31.62,3846.25,4095.0,3100.0,497.5,15385.0,995.0,7195.0,8190.0,0.0646733831612172,0.2661683457740547,3,LOW
4095.0,3476.0,4095.0,4095.0,31.62,3940.25,4095.0,3476.0,309.5,15761.0,619.0,7571.0,8190.0,0.039274157728616574,0.2598185394162922,3,LOW
4095.0,3559.0,4095.0,4095.0,31.56,3961.0,4095.0,3559.0,268.0,15844.0,536.0,7654.0,8190.0,0.033829840947120056,0.2584574602210012,4,LOW
4095.0,3536.0,4095.0,4095.0,31.62,3955.25,4095.0,3536.0,279.5,15821.0,559.0,7631.0,8190.0,0.03533278553597542,0.2588331963681921,4,LOW
4095.0,3333.4,4095.0,4095.0,31.59,3904.6,4095.0,3333.4,380.79999999999995,15618.4,761.5999999999999,7428.4,8190.0,0.048762997487017706,0.26219074935574765,3,LOW
4095.0,3551.0,4095.0,4095.0,31.62,3959.0,4095.0,3551.0,272.0,15836.0,544.0,7646.0,8190.0,0.034352109116295014,0.25858802726328695,4,LOW
4095.0,3549.0,4095.0,4095.0,31.62,3958.5,4095.0,3549.0,273.0,15834.0,546.0,7644.0,8190.0,0.03448275861851189,0.25862068963883916,4,LOW
4095.0,3530.0,4095.0,4095.0,31.62,3953.75,4095.0,3530.0,282.5,15815.0,565.0,7625.0,8190.0,0.035725576981617095,0.2589313942295965,4,LOW
4095.0,3522.0,4095.0,4095.0,31.62,3951.75,4095.0,3522.0,286.5,15807.0,573.0,7617.0,8190.0,0.036249762761039424,0.25906244067444406,4,LOW
4095.0,3547.0,4095.0,4095.0,31.62,3958.0,4095.0,3547.0,274.0,15832.0,548.0,7642.0,8190.0,0.0346134411296985,0.2586533602666338,4,LOW
4095.0,3535.0,4095.0,4095.0,31.62,3955.0,4095.0,3535.0,280.0,15820.0,560.0,7630.0,8190.0,0.03539823008625801,0.2588495575057617,4,LOW
4095.0,3520.0,4095.0,4095.0,31.62,3951.25,4095.0,3520.0,287.5,15805.0,575.0,7615.0,8190.0,0.036380892120444104,0.2590952230142932,4,LOW
4095.0,3511.0,4095.0,4095.0,31.62,3949.0,4095.0,3511.0,292.0,15796.0,584.0,7606.0,8190.0,0.03697138515845965,0.25924284627378813,4,LOW
4095.0,3531.0,4095.0,4095.0,31.62,3954.0,4095.0,3531.0,282.0,15816.0,564.0,7626.0,8190.0,0.035660091044786284,0.2589150227453898,4,LOW
4095.0,3520.0,4095.0,4095.0,31.69,3951.25,4095.0,3520.0,287.5,15805.0,575.0,7615.0,8190.0,0.036380892120444104,0.2590952230142932,4,LOW
4095.0,3531.6,4095.0,4095.0,31.63,3954.15,4095.0,3531.6,281.70000000000005,15816.6,563.4000000000001,7626.6,8190.0,0.03562080345740417,0.25890520084854485,4,LOW
4095.0,3530.0,4095.0,4095.0,31.69,3953.75,4095.0,3530.0,282.5,15815.0,565.0,7625.0,8190.0,0.035725576981617095,0.2589313942295965,4,LOW
4095.0,3525.0,4095.0,4095.0,31.69,3952.5,4095.0,3525.0,285.0,15810.0,570.0,7620.0,8190.0,0.03605313092751087,0.25901328271606494,4,LOW
4095.0,3527.0,4095.0,4095.0,31.69,3953.0,4095.0,3527.0,284.0,15812.0,568.0,7622.0,8190.0,0.03592208449051846,0.25898052110681885,4,LOW
4095.0,3520.0,4095.0,4095.0,31.69,3951.25,4095.0,3520.0,287.5,15805.0,575.0,7615.0,8190.0,0.036380892120444104,0.2590952230142932,4,LOW
4095.0,3521.0,4095.0,4095.0,31.69,3951.5,4095.0,3521.0,287.0,15806.0,574.0,7616.0,8190.0,0.03631532329265372,0.25907883080734667,4,LOW
4095.0,3523.0,4095.0,4095.0,31.69,3952.0,4095.0,3523.0,286.0,15808.0,572.0,7618.0,8190.0,0.03618421052402681,0.2590460526151919,4,LOW
4095.0,3521.0,4095.0,4095.0,31.69,3951.5,4095.0,3521.0,287.0,15806.0,574.0,7616.0,8190.0,0.03631532329265372,0.25907883080734667,4,LOW
4095.0,3542.0,4095.0,4095.0,31.69,3956.75,4095.0,3542.0,276.5,15827.0,553.0,7637.0,8190.0,0.03494029190402854,0.25873507296021137,4,LOW
4095.0,3494.0,4095.0,4095.0,31.75,3944.75,4095.0,3494.0,300.5,15779.0,601.0,7589.0,8190.0,0.038088598768103894,0.25952214967618215,3,LOW
4095.0,3440.0,4095.0,4095.0,31.75,3931.25,4095.0,3440.0,327.5,15725.0,655.0,7535.0,8190.0,0.04165341812135749,0.26041335451444114,3,LOW
4095.0,3514.3,4095.0,4095.0,31.7,3949.825,4095.0,3514.3,290.3499999999999,15799.3,580.6999999999998,7609.3,8190.0,0.03675479293153779,0.259188698217061,4,LOW
4095.0,3507.0,4095.0,4095.0,31.75,3948.0,4095.0,3507.0,294.0,15792.0,588.0,7602.0,8190.0,0.03723404255083371,0.2593085106218776,4,LOW
4095.0,3447.0,4095.0,4095.0,31.75,3933.0,4095.0,3447.0,324.0,15732.0,648.0,7542.0,8190.0,0.04118993134749619,0.26029748282098286,3,LOW
4095.0,3520.0,4095.0,4095.0,31.75,3951.25,4095.0,3520.0,287.5,15805.0,575.0,7615.0,8190.0,0.036380892120444104,0.2590952230142932,4,LOW
4095.0,3509.0,4095.0,4095.0,31.69,3948.5,4095.0,3509.0,293.0,15794.0,586.0,7604.0,8190.0,0.03710269722444582,0.25927567429028264,4,LOW
4095.0,3513.0,4095.0,4095.0,31.75,3949.5,4095.0,3513.0,291.0,15798.0,582.0,7608.0,8190.0,0.03684010634024306,0.259210026569236,4,LOW
4095.0,3505.0,4095.0,4095.0,31.75,3947.5,4095.0,3505.0,295.0,15790.0,590.0,7600.0,8190.0,0.03736542115026185,0.25934135527173263,4,LOW
4095.0,3541.0,4095.0,4095.0,31.75,3956.5,4095.0,3541.0,277.0,15826.0,554.0,7636.0,8190.0,0.0350056868422213,0.2587514216947585,4,LOW
4095.0,3530.0,4095.0,4095.0,31.75,3953.75,4095.0,3530.0,282.5,15815.0,565.0,7625.0,8190.0,0.035725576981617095,0.2589313942295965,4,LOW
4095.0,3543.0,4095.0,4095.0,31.75,3957.0,4095.0,3543.0,276.0,15828.0,552.0,7638.0,8190.0,0.034874905229032416,0.2587187262914633,4,LOW
4095.0,3533.0,4095.0,4095.0,31.75,3954.5,4095.0,3533.0,281.0,15818.0,562.0,7628.0,8190.0,0.03552914401090346,0.2588822859869211,4,LOW
4095.0,3514.8,4095.0,4095.0,31.74,3949.95,4095.0,3514.8,290.0999999999999,15799.8,580.1999999999998,7609.8,8190.0,0.036721983820255814,0.259180495939241,4,LOW
4095.0,3530.0,4095.0,4095.0,31.75,3953.75,4095.0,3530.0,282.5,15815.0,565.0,7625.0,8190.0,0.035725576981617095,0.2589313942295965,4,LOW
4095.0,3531.0,4095.0,4095.0,31.75,3954.0,4095.0,3531.0,282.0,15816.0,564.0,7626.0,8190.0,0.035660091044786284,0.2589150227453898,4,LOW
4095.0,3518.0,4095.0,4095.0,31.75,3950.75,4095.0,3518.0,288.5,15803.0,577.0,7613.0,8190.0,0.03651205467085287,0.2591280136518934,4,LOW
4095.0,3482.0,4095.0,4095.0,31.75,3941.75,4095.0,3482.0,306.5,15767.0,613.0,7577.0,8190.0,0.03887867063874683,0.2597196676438308,3,LOW
4095.0,3553.0,4095.0,4095.0,31.75,3959.5,4095.0,3553.0,271.0,15838.0,542.0,7648.0,8190.0,0.0342214926105429,0.2585553731368509,4,LOW
4095.0,3551.0,4095.0,4095.0,31.75,3959.0,4095.0,3551.0,272.0,15836.0,544.0,7646.0,8190.0,0.034352109116295014,0.25858802726328695,4,LOW
4095.0,3564.0,4095.0,4095.0,31.75,3962.25,4095.0,3564.0,265.5,15849.0,531.0,7659.0,8190.0,0.03350369108249709,0.2583759227548504,4,LOW
4095.0,3513.0,4095.0,4095.0,31.81,3949.5,4095.0,3513.0,291.0,15798.0,582.0,7608.0,8190.0,0.03684010634024306,0.259210026569236,4,LOW
4095.0,3494.0,4095.0,4095.0,31.81,3944.75,4095.0,3494.0,300.5,15779.0,601.0,7589.0,8190.0,0.038088598768103894,0.25952214967618215,3,LOW
4095.0,3549.0,4095.0,4095.0,31.81,3958.5,4095.0,3549.0,273.0,15834.0,546.0,7644.0,8190.0,0.03448275861851189,0.25862068963883916,4,LOW
4095.0,3528.5,4095.0,4095.0,31.77,3953.375,4095.0,3528.5,283.25,15813.5,566.5,7623.5,8190.0,0.035823821416142924,0.25895595533822646,4,LOW
4095.0,3547.0,4095.0,4095.0,31.81,3958.0,4095.0,3547.0,274.0,15832.0,548.0,7642.0,8190.0,0.0346134411296985,0.2586533602666338,4,LOW
4095.0,3524.0,4095.0,4095.0,31.81,3952.25,4095.0,3524.0,285.5,15809.0,571.0,7619.0,8190.0,0.036118666580041835,0.2590296666291967,4,LOW
4095.0,3527.0,4095.0,4095.0,31.81,3953.0,4095.0,3527.0,284.0,15812.0,568.0,7622.0,8190.0,0.03592208449051846,0.25898052110681885,4,LOW
4095.0,3548.0,4095.0,4095.0,31.81,3958.25,4095.0,3548.0,273.5,15833.0,547.0,7643.0,8190.0,0.03454809574720217,0.25863702392101073,4,LOW
4095.0,3540.0,4095.0,4095.0,31.81,3956.25,4095.0,3540.0,277.5,15825.0,555.0,7635.0,8190.0,0.03507109004517718,0.2587677724954965,4,LOW
4095.0,3531.0,4095.0,4095.0,31.81,3954.0,4095.0,3531.0,282.0,15816.0,564.0,7626.0,8190.0,0.035660091044786284,0.2589150227453898,4,LOW
4095.0,3536.0,4095.0,4095.0,31.81,3955.25,4095.0,3536.0,279.5,15821.0,559.0,7631.0,8190.0,0.03533278553597542,0.2588331963681921,4,LOW
4095.0,3555.0,4095.0,4095.0,31.81,3960.0,4095.0,3555.0,270.0,15840.0,540.0,7650.0,8190.0,0.034090909088756886,0.2585227272564064,4,LOW
4095.0,3493.0,4095.0,4095.0,31.81,3944.5,4095.0,3493.0,301.0,15778.0,602.0,7588.0,8190.0,0.03815439218924107,0.2595385980314654,3,LOW
4095.0,3517.0,4095.0,4095.0,31.81,3950.5,4095.0,3517.0,289.0,15802.0,578.0,7612.0,8190.0,0.036577648396622094,0.2591444120833347,4,LOW
4095.0,3531.8,4095.0,4095.0,31.81,3954.2,4095.0,3531.8,281.5999999999999,15816.8,563.1999999999998,7626.8,8190.0,0.03560770825732083,0.2589019270485242,4,LOW
4095.0,3527.0,4095.0,4095.0,31.81,3953.0,4095.0,3527.0,284.0,15812.0,568.0,7622.0,8190.0,0.03592208449051846,0.25898052110681885,4,LOW
4095.0,3483.0,4095.0,4095.0,31.81,3942.0,4095.0,3483.0,306.0,15768.0,612.0,7578.0,8190.0,0.03881278538566636,0.2597031963305617,3,LOW
4095.0,3463.0,4095.0,4095.0,31.87,3937.0,4095.0,3463.0,316.0,15748.0,632.0,7558.0,8190.0,0.040132080261612135,0.260033020049528,3,LOW
4095.0,3536.0,4095.0,4095.0,31.81,3955.25,4095.0,3536.0,279.5,15821.0,559.0,7631.0,8190.0,0.03533278553597542,0.2588331963681921,4,LOW
4095.0,3536.0,4095.0,4095.0,31.87,3955.25,4095.0,3536.0,279.5,15821.0,559.0,7631.0,8190.0,0.03533278553597542,0.2588331963681921,4,LOW
4095.0,3499.0,4095.0,4095.0,31.87,3946.0,4095.0,3499.0,298.0,15784.0,596.0,7594.0,8190.0,0.03775975671326915,0.2594399391624785,3,LOW
4095.0,3513.0,4095.0,4095.0,31.87,3949.5,4095.0,3513.0,291.0,15798.0,582.0,7608.0,8190.0,0.03684010634024306,0.259210026569236,4,LOW
4095.0,3535.0,4095.0,4095.0,31.87,3955.0,4095.0,3535.0,280.0,15820.0,560.0,7630.0,8190.0,0.03539823008625801,0.2588495575057617,4,LOW
4095.0,3503.0,4095.0,4095.0,31.87,3947.0,4095.0,3503.0,296.0,15788.0,592.0,7598.0,8190.0,0.03749683303537517,0.259374208243009,4,LOW
4095.0,3515.0,4095.0,4095.0,31.87,3950.0,4095.0,3515.0,290.0,15800.0,580.0,7610.0,8190.0,0.03670886075717032,0.2591772151734698,4,LOW
4095.0,3511.0,4095.0,4095.0,31.86,3949.0,4095.0,3511.0,292.0,15796.0,584.0,7606.0,8190.0,0.03697138515845965,0.25924284627378813,4,LOW
4095.0,3503.0,4095.0,4095.0,31.87,3947.0,4095.0,3503.0,296.0,15788.0,592.0,7598.0,8190.0,0.03749683303537517,0.259374208243009,4,LOW
4095.0,3520.0,4095.0,4095.0,31.87,3951.25,4095.0,3520.0,287.5,15805.0,575.0,7615.0,8190.0,0.036380892120444104,0.2590952230142932,4,LOW
4095.0,3515.0,4095.0,4095.0,31.87,3950.0,4095.0,3515.0,290.0,15800.0,580.0,7610.0,8190.0,0.03670886075717032,0.2591772151734698,4,LOW
4095.0,3550.0,4095.0,4095.0,31.87,3958.75,4095.0,3550.0,272.5,15835.0,545.0,7645.0,8190.0,0.034417429742063944,0.25860435741972815,4,LOW
4095.0,3545.0,4095.0,4095.0,31.94,3957.5,4095.0,3545.0,275.0,15830.0,550.0,7640.0,8190.0,0.03474415666236613,0.2586860391497987,4,LOW
4095.0,3488.0,4095.0,4095.0,31.87,3943.25,4095.0,3488.0,303.5,15773.0,607.0,7583.0,8190.0,0.0384834844329878,0.25962087109239707,3,LOW
4095.0,3474.0,4095.0,4095.0,31.87,3939.75,4095.0,3474.0,310.5,15759.0,621.0,7569.0,8190.0,0.039406053681108826,0.25985151340441326,3,LOW
4095.0,3423.0,4095.0,4095.0,31.87,3927.0,4095.0,3423.0,336.0,15708.0,672.0,7518.0,8190.0,0.0427807486603781,0.26069518714917905,3,LOW
4095.0,3471.0,4095.0,4095.0,31.87,3939.0,4095.0,3471.0,312.0,15756.0,624.0,7566.0,8190.0,0.039603960393526025,0.25990099008251455,3,LOW
4095.0,3533.0,4095.0,4095.0,31.87,3954.5,4095.0,3533.0,281.0,15818.0,562.0,7628.0,8190.0,0.03552914401090346,0.2588822859869211,4,LOW
4095.0,3502.2,4095.0,4095.0,31.88,3946.8,4095.0,3502.2,296.40000000000003,15787.2,592.8000000000002,7597.2,8190.0,0.037549407112246046,0.2593873517622259,4,LOW
4095.0,3532.0,4095.0,4095.0,31.87,3954.25,4095.0,3532.0,281.5,15817.0,563.0,7627.0,8190.0,0.03559461338840522,0.2588986533312955,4,LOW
4095.0,3508.0,4095.0,4095.0,31.87,3948.25,4095.0,3508.0,293.5,15793.0,587.0,7603.0,8190.0,0.03716836572929979,0.2592920914164951,4,LOW
4095.0,3534.0,4095.0,4095.0,31.87,3954.75,4095.0,3534.0,280.5,15819.0,561.0,7629.0,8190.0,0.035463682910710934,0.258865920711874,4,LOW
4095.0,3541.0,4095.0,4095.0,31.87,3956.5,4095.0,3541.0,277.0,15826.0,554.0,7636.0,8190.0,0.0350056868422213,0.2587514216947585,4,LOW
4095.0,3525.0,4095.0,4095.0,31.87,3952.5,4095.0,3525.0,285.0,15810.0,570.0,7620.0,8190.0,0.03605313092751087,0.25901328271606494,4,LOW
4095.0,3505.0,4095.0,4095.0,31.94,3947.5,4095.0,3505.0,295.0,15790.0,590.0,7600.0,8190.0,0.03736542115026185,0.25934135527173263,4,LOW
4095.0,3431.0,4095.0,4095.0,31.94,3929.0,4095.0,3431.0,332.0,15716.0,664.0,7526.0,8190.0,0.042249936367889415,0.26056248407606497,3,LOW
4095.0,3524.0,4095.0,4095.0,31.94,3952.25,4095.0,3524.0,285.5,15809.0,571.0,7619.0,8190.0,0.036118666580041835,0.2590296666291967,4,LOW
4095.0,3517.0,4095.0,4095.0,31.94,3950.5,4095.0,3517.0,289.0,15802.0,578.0,7612.0,8190.0,0.036577648396622094,0.2591444120833347,4,LOW
4095.0,3533.0,4095.0,4095.0,31.94,3954.5,4095.0,3533.0,281.0,15818.0,562.0,7628.0,8190.0,0.03552914401090346,0.2588822859869211,4,LOW
4095.0,3515.0,4095.0,4095.0,31.91,3950.0,4095.0,3515.0,290.0,15800.0,580.0,7610.0,8190.0,0.03670886075717032,0.2591772151734698,4,LOW
4095.0,3531.0,4095.0,4095.0,31.94,3954.0,4095.0,3531.0,282.0,15816.0,564.0,7626.0,8190.0,0.035660091044786284,0.2589150227453898,4,LOW
4095.0,3424.0,4095.0,4095.0,31.94,3927.25,4095.0,3424.0,335.5,15709.0,671.0,7519.0,8190.0,0.04271436755727835,0.26067859187340514,3,LOW
4095.0,3467.0,4095.0,4095.0,31.94,3938.0,4095.0,3467.0,314.0,15752.0,628.0,7562.0,8190.0,0.03986795327324353,0.25996698830243986,3,LOW
4095.0,3519.0,4095.0,4095.0,31.94,3951.0,4095.0,3519.0,288.0,15804.0,576.0,7614.0,8190.0,0.036446469245985415,0.25911161729567755,4,LOW
4095.0,3532.0,4095.0,4095.0,31.94,3954.25,4095.0,3532.0,281.5,15817.0,563.0,7627.0,8190.0,0.03559461338840522,0.2588986533312955,4,LOW
4095.0,3523.0,4095.0,4095.0,31.94,3952.0,4095.0,3523.0,286.0,15808.0,572.0,7618.0,8190.0,0.03618421052402681,0.2590460526151919,4,LOW
4095.0,3536.0,4095.0,4095.0,31.94,3955.25,4095.0,3536.0,279.5,15821.0,559.0,7631.0,8190.0,0.03533278553597542,0.2588331963681921,4,LOW
4095.0,3552.0,4095.0,4095.0,31.94,3959.25,4095.0,3552.0,271.5,15837.0,543.0,7647.0,8190.0,0.03428679673964218,0.2585716991691247,4,LOW
4095.0,3519.0,4095.0,4095.0,31.94,3951.0,4095.0,3519.0,288.0,15804.0,576.0,7614.0,8190.0,0.036446469245985415,0.25911161729567755,4,LOW
4095.0,3535.0,4095.0,4095.0,31.94,3955.0,4095.0,3535.0,280.0,15820.0,560.0,7630.0,8190.0,0.03539823008625801,0.2588495575057617,4,LOW
4095.0,3513.8,4095.0,4095.0,31.94,3949.7,4095.0,3513.8,290.5999999999999,15798.8,581.1999999999998,7608.8,8190.0,0.03678760411950352,0.2591969010140519,4,LOW
4095.0,3527.0,4095.0,4095.0,31.94,3953.0,4095.0,3527.0,284.0,15812.0,568.0,7622.0,8190.0,0.03592208449051846,0.25898052110681885,4,LOW
4095.0,3433.0,4095.0,4095.0,31.94,3929.5,4095.0,3433.0,331.0,15718.0,662.0,7528.0,8190.0,0.042117317722221825,0.2605293294146501,3,LOW
4095.0,3493.0,4095.0,4095.0,32.0,3944.5,4095.0,3493.0,301.0,15778.0,602.0,7588.0,8190.0,0.03815439218924107,0.2595385980314654,3,LOW
4095.0,3565.0,4095.0,4095.0,32.0,3962.5,4095.0,3565.0,265.0,15850.0,530.0,7660.0,8190.0,0.03343848580230672,0.2583596214348038,4,LOW
4095.0,3531.0,4095.0,4095.0,32.0,3954.0,4095.0,3531.0,282.0,15816.0,564.0,7626.0,8190.0,0.035660091044786284,0.2589150227453898,4,LOW
4095.0,3343.0,4095.0,4095.0,32.0,3907.0,4095.0,3343.0,376.0,15628.0,752.0,7438.0,8190.0,0.048118761194771,0.2620296902826958,3,LOW
4095.0,3191.0,4095.0,4095.0,32.0,3869.0,4095.0,3191.0,452.0,15476.0,904.0,7286.0,8190.0,0.05841302661809169,0.26460325663836887,3,LOW
4095.0,3322.0,4095.0,4095.0,32.0,3901.75,4095.0,3322.0,386.5,15607.0,773.0,7417.0,8190.0,0.04952905747103677,0.2623822643517407,3,LOW
4095.0,3520.0,4095.0,4095.0,32.0,3951.25,4095.0,3520.0,287.5,15805.0,575.0,7615.0,8190.0,0.036380892120444104,0.2590952230142932,4,LOW
4095.0,3532.0,4095.0,4095.0,32.0,3954.25,4095.0,3532.0,281.5,15817.0,563.0,7627.0,8190.0,0.03559461338840522,0.2588986533312955,4,LOW
4095.0,3445.7,4095.0,4095.0,31.99,3932.675,4095.0,3445.7,324.6500000000001,15730.7,649.3000000000002,7540.7,8190.0,0.041275976273066305,0.2603189940523741,3,LOW
4095.0,3525.0,4095.0,4095.0,32.0,3952.5,4095.0,3525.0,285.0,15810.0,570.0,7620.0,8190.0,0.03605313092751087,0.25901328271606494,4,LOW
4095.0,3520.0,4095.0,4095.0,32.0,3951.25,4095.0,3520.0,287.5,15805.0,575.0,7615.0,8190.0,0.036380892120444104,0.2590952230142932,4,LOW
4095.0,3501.0,4095.0,4095.0,32.0,3946.5,4095.0,3501.0,297.0,15786.0,594.0,7596.0,8190.0,0.037628278218825015,0.25940706953886944,4,LOW
4095.0,3568.0,4095.0,4095.0,32.0,3963.25,4095.0,3568.0,263.5,15853.0,527.0,7663.0,8190.0,0.03324291931916717,0.2583107298140219,4,LOW
4095.0,3553.0,4095.0,4095.0,32.0,3959.5,4095.0,3553.0,271.0,15838.0,542.0,7648.0,8190.0,0.0342214926105429,0.2585553731368509,4,LOW
4095.0,3566.0,4095.0,4095.0,32.0,3962.75,4095.0,3566.0,264.5,15851.0,529.0,7661.0,8190.0,0.03337328874939289,0.25834332217157635,4,LOW
4095.0,3565.0,4095.0,4095.0,32.0,3962.5,4095.0,3565.0,265.0,15850.0,530.0,7660.0,8190.0,0.03343848580230672,0.2583596214348038,4,LOW
4095.0,3523.0,4095.0,4095.0,32.0,3952.0,4095.0,3523.0,286.0,15808.0,572.0,7618.0,8190.0,0.03618421052402681,0.2590460526151919,4,LOW
4095.0,3566.0,4095.0,4095.0,32.0,3962.75,4095.0,3566.0,264.5,15851.0,529.0,7661.0,8190.0,0.03337328874939289,0.25834332217157635,4,LOW
4095.0,3513.0,4095.0,4095.0,32.0,3949.5,4095.0,3513.0,291.0,15798.0,582.0,7608.0,8190.0,0.03684010634024306,0.259210026569236,4,LOW
4095.0,3540.0,4095.0,4095.0,32.0,3956.25,4095.0,3540.0,277.5,15825.0,555.0,7635.0,8190.0,0.03507109004517718,0.2587677724954965,4,LOW
4095.0,3600.0,4095.0,4095.0,32.0,3971.25,4095.0,3600.0,247.5,15885.0,495.0,7695.0,8190.0,0.031161473085857004,0.25779036825572615,4,LOW
4095.0,3538.0,4095.0,4095.0,32.0,3955.75,4095.0,3538.0,278.5,15823.0,557.0,7633.0,8190.0,0.035201921251646215,0.2588004802971118,4,LOW
4095.0,3568.0,4095.0,4095.0,32.06,3963.25,4095.0,3568.0,263.5,15853.0,527.0,7663.0,8190.0,0.03324291931916717,0.2583107298140219,4,LOW
4095.0,3581.0,4095.0,4095.0,32.06,3966.5,4095.0,3581.0,257.0,15866.0,514.0,7676.0,8190.0,0.032396319171032625,0.2580990797770012,4,LOW
4095.0,3566.0,4095.0,4095.0,32.0,3962.75,4095.0,3566.0,264.5,15851.0,529.0,7661.0,8190.0,0.03337328874939289,0.25834332217157635,4,LOW
4095.0,3577.0,4095.0,4095.0,32.06,3965.5,4095.0,3577.0,259.0,15862.0,518.0,7672.0,8190.0,0.03265666372256609,0.25816416591488056,4,LOW
4095.0,3535.0,4095.0,4095.0,32.06,3955.0,4095.0,3535.0,280.0,15820.0,560.0,7630.0,8190.0,0.03539823008625801,0.2588495575057617,4,LOW
4095.0,3571.0,4095.0,4095.0,32.06,3964.0,4095.0,3571.0,262.0,15856.0,524.0,7666.0,8190.0,0.03304742683948995,0.25826185669410556,4,LOW
4095.0,3616.0,4095.0,4095.0,32.06,3975.25,4095.0,3616.0,239.5,15901.0,479.0,7711.0,8190.0,0.0301238915772515,0.2575309728785906,4,LOW
4095.0,3535.0,4095.0,4095.0,32.06,3955.0,4095.0,3535.0,280.0,15820.0,560.0,7630.0,8190.0,0.03539823008625801,0.2588495575057617,4,LOW
4095.0,3568.7,4095.0,4095.0,32.04,3963.425,4095.0,3568.7,263.1500000000001,15853.7,526.3000000000002,7663.7,8190.0,0.03319729778958873,0.25829932443162795,4,LOW
4095.0,3598.0,4095.0,4095.0,32.06,3970.75,4095.0,3598.0,248.5,15883.0,497.0,7693.0,8190.0,0.03129131775915814,0.25782282942404944,4,LOW
4095.0,3581.0,4095.0,4095.0,32.06,3966.5,4095.0,3581.0,257.0,15866.0,514.0,7676.0,8190.0,0.032396319171032625,0.2580990797770012,4,LOW
4095.0,3542.0,4095.0,4095.0,32.06,3956.75,4095.0,3542.0,276.5,15827.0,553.0,7637.0,8190.0,0.03494029190402854,0.25873507296021137,4,LOW
4095.0,3505.0,4095.0,4095.0,32.06,3947.5,4095.0,3505.0,295.0,15790.0,590.0,7600.0,8190.0,0.03736542115026185,0.25934135527173263,4,LOW
4095.0,3527.0,4095.0,4095.0,32.06,3953.0,4095.0,3527.0,284.0,15812.0,568.0,7622.0,8190.0,0.03592208449051846,0.25898052110681885,4,LOW
4095.0,3583.0,4095.0,4095.0,32.06,3967.0,4095.0,3583.0,256.0,15868.0,512.0,7678.0,8190.0,0.032266196115939866,0.25806654901323,4,LOW
4095.0,3565.0,4095.0,4095.0,32.06,3962.5,4095.0,3565.0,265.0,15850.0,530.0,7660.0,8190.0,0.03343848580230672,0.2583596214348038,4,LOW
4095.0,3621.0,4095.0,4095.0,32.06,3976.5,4095.0,3621.0,237.0,15906.0,474.0,7716.0,8190.0,0.029800075441355458,0.25745001884462154,4,LOW
4095.0,3534.0,4095.0,4095.0,32.06,3954.75,4095.0,3534.0,280.5,15819.0,561.0,7629.0,8190.0,0.035463682910710934,0.258865920711874,4,LOW
4095.0,2939.0,4095.0,4095.0,32.06,3806.0,4095.0,2939.0,578.0,15224.0,1156.0,7034.0,8190.0,0.07593273777746107,0.26898318442794383,3,LOW
4095.0,3499.5,4095.0,4095.0,32.06,3946.125,4095.0,3499.5,297.75,15784.5,595.5,7594.5,8190.0,0.037726883966059936,0.2594317209756767,3,LOW
4095.0,2830.0,4095.0,4095.0,32.06,3778.75,4095.0,2830.0,632.5,15115.0,1265.0,6925.0,8190.0,0.0836916969842083,0.2709229242295122,3,LOW
4095.0,2896.0,4095.0,4095.0,32.06,3795.25,4095.0,2896.0,599.5,15181.0,1199.0,6991.0,8190.0,0.07898030432257556,0.2697450760641759,3,LOW
4095.0,3307.0,4095.0,4095.0,32.06,3898.0,4095.0,3307.0,394.0,15592.0,788.0,7402.0,8190.0,0.0505387378110224,0.2626346844367217,3,LOW
4095.0,3420.0,4095.0,4095.0,32.13,3926.25,4095.0,3420.0,337.5,15705.0,675.0,7515.0,8190.0,0.04297994269067304,0.26074498565674975,3,LOW
4095.0,3468.0,4095.0,4095.0,32.13,3938.25,4095.0,3468.0,313.5,15753.0,627.0,7563.0,8190.0,0.03980194248461868,0.25995048560528466,3,LOW
4095.0,3394.0,4095.0,4095.0,32.13,3919.75,4095.0,3394.0,350.5,15679.0,701.0,7489.0,8190.0,0.04470948402036421,0.2611773709891462,3,LOW
4095.0,3482.0,4095.0,4095.0,32.13,3941.75,4095.0,3482.0,306.5,15767.0,613.0,7577.0,8190.0,0.03887867063874683,0.2597196676438308,3,LOW
4095.0,3443.0,4095.0,4095.0,32.13,3932.0,4095.0,3443.0,326.0,15728.0,652.0,7538.0,8190.0,0.04145473041445481,0.26036368258771847,3,LOW
4095.0,3536.0,4095.0,4095.0,32.13,3955.25,4095.0,3536.0,279.5,15821.0,559.0,7631.0,8190.0,0.03533278553597542,0.2588331963681921,4,LOW
4095.0,3489.0,4095.0,4095.0,32.13,3943.5,4095.0,3489.0,303.0,15774.0,606.0,7584.0,8190.0,0.03841764929387488,0.2596044123076198,3,LOW
4095.0,3326.5,4095.0,4095.0,32.11,3902.875,4095.0,3326.5,384.25,15611.5,768.5,7421.5,8190.0,0.0492265317202558,0.2623066329140501,3,LOW
4095.0,3491.0,4095.0,4095.0,32.13,3944.0,4095.0,3491.0,302.0,15776.0,604.0,7586.0,8190.0,0.03828600405436828,0.25957150099774523,3,LOW
4095.0,3537.0,4095.0,4095.0,32.13,3955.5,4095.0,3537.0,279.0,15822.0,558.0,7632.0,8190.0,0.03526734925829431,0.2588168372987728,4,LOW
4095.0,3428.0,4095.0,4095.0,32.13,3928.25,4095.0,3428.0,333.5,15713.0,667.0,7523.0,8190.0,0.042448927636832626,0.26061223189329774,3,LOW
4095.0,3431.0,4095.0,4095.0,32.13,3929.0,4095.0,3431.0,332.0,15716.0,664.0,7526.0,8190.0,0.042249936367889415,0.26056248407606497,3,LOW
4095.0,3375.0,4095.0,4095.0,32.19,3915.0,4095.0,3375.0,360.0,15660.0,720.0,7470.0,8190.0,0.04597701149131692,0.261494252856865,3,LOW
4095.0,3379.0,4095.0,4095.0,32.13,3916.0,4095.0,3379.0,358.0,15664.0,716.0,7474.0,8190.0,0.04570990806654048,0.2614274770006749,3,LOW
4095.0,3345.0,4095.0,4095.0,32.19,3907.5,4095.0,3345.0,375.0,15630.0,750.0,7440.0,8190.0,0.0479846449105576,0.26199616121164454,3,LOW
4095.0,3440.0,4095.0,4095.0,32.13,3931.25,4095.0,3440.0,327.5,15725.0,655.0,7535.0,8190.0,0.04165341812135749,0.26041335451444114,3,LOW
4095.0,3457.0,4095.0,4095.0,32.13,3935.5,4095.0,3457.0,319.0,15742.0,638.0,7552.0,8190.0,0.04052852242151388,0.26013213058949736,3,LOW
4095.0,3455.0,4095.0,4095.0,32.13,3935.0,4095.0,3455.0,320.0,15740.0,640.0,7550.0,8190.0,0.040660736973274415,0.2601651842274355,3,LOW
4095.0,3433.8,4095.0,4095.0,32.14,3929.7,4095.0,3433.8,330.59999999999997,15718.8,661.1999999999998,7528.8,8190.0,0.0420642797133328,0.2605160699124287,3,LOW
4095.0,3415.0,4095.0,4095.0,32.13,3925.0,4095.0,3415.0,340.0,15700.0,680.0,7510.0,8190.0,0.04331210190806929,0.26082802546109374,3,LOW
4095.0,3489.0,4095.0,4095.0,32.13,3943.5,4095.0,3489.0,303.0,15774.0,606.0,7584.0,8190.0,0.03841764929387488,0.2596044123076198,3,LOW
4095.0,3491.0,4095.0,4095.0,32.13,3944.0,4095.0,3491.0,302.0,15776.0,604.0,7586.0,8190.0,0.03828600405436828,0.25957150099774523,3,LOW
4095.0,3065.0,4095.0,4095.0,32.19,3837.5,4095.0,3065.0,515.0,15350.0,1030.0,7160.0,8190.0,0.06710097719432567,0.26677524428229477,3,LOW
4095.0,3363.0,4095.0,4095.0,32.13,3912.0,4095.0,3363.0,366.0,15648.0,732.0,7458.0,8190.0,0.046779141101305016,0.26169478525934975,3,LOW
4095.0,3392.0,4095.0,4095.0,32.19,3919.25,4095.0,3392.0,351.5,15677.0,703.0,7487.0,8190.0,0.044842763280931126,0.26121069080428583,3,LOW
4095.0,3531.0,4095.0,4095.0,32.19,3954.0,4095.0,3531.0,282.0,15816.0,564.0,7626.0,8190.0,0.035660091044786284,0.2589150227453898,4,LOW
4095.0,3512.0,4095.0,4095.0,32.13,3949.25,4095.0,3512.0,291.5,15797.0,583.0,7607.0,8190.0,0.036905741594169414,0.25922643538271656,4,LOW
4095.0,3407.0,4095.0,4095.0,32.19,3923.0,4095.0,3407.0,344.0,15692.0,688.0,7502.0,8190.0,0.04384399693832246,0.2609609992186489,3,LOW
4095.0,3393.0,4095.0,4095.0,32.19,3919.5,4095.0,3393.0,351.0,15678.0,702.0,7488.0,8190.0,0.04477611940012909,0.26119402983408635,3,LOW
4095.0,3405.8,4095.0,4095.0,32.16,3922.7,4095.0,3405.8,344.59999999999985,15690.8,689.1999999999998,7500.8,8190.0,0.043923827972829683,0.2609809569772745,3,LOW
4095.0,3531.0,4095.0,4095.0,32.19,3954.0,4095.0,3531.0,282.0,15816.0,564.0,7626.0,8190.0,0.035660091044786284,0.2589150227453898,4,LOW
0.0,0.0,0.0,0.0,32.0,0.0,0.0,0.0,0.0,0.0,0.0,0.0,0.0,0.0,0.0,0,SAFE
0.0,0.0,0.0,0.0,32.0,0.0,0.0,0.0,0.0,0.0,0.0,0.0,0.0,0.0,0.0,0,SAFE
0.0,0.0,0.0,0.0,31.94,0.0,0.0,0.0,0.0,0.0,0.0,0.0,0.0,0.0,0.0,0,SAFE
0.0,0.0,0.0,0.0,31.94,0.0,0.0,0.0,0.0,0.0,0.0,0.0,0.0,0.0,0.0,0,SAFE
0.0,0.0,0.0,0.0,31.94,0.0,0.0,0.0,0.0,0.0,0.0,0.0,0.0,0.0,0.0,0,SAFE
0.0,0.0,0.0,0.0,31.87,0.0,0.0,0.0,0.0,0.0,0.0,0.0,0.0,0.0,0.0,0,SAFE
0.0,0.0,0.0,0.0,31.87,0.0,0.0,0.0,0.0,0.0,0.0,0.0,0.0,0.0,0.0,0,SAFE
0.0,0.0,0.0,0.0,31.87,0.0,0.0,0.0,0.0,0.0,0.0,0.0,0.0,0.0,0.0,0,SAFE
0.0,0.0,0.0,0.0,31.87,0.0,0.0,0.0,0.0,0.0,0.0,0.0,0.0,0.0,0.0,0,SAFE
0.0,0.0,0.0,0.0,31.93,0.0,0.0,0.0,0.0,0.0,0.0,0.0,0.0,0.0,0.0,0,SAFE
0.0,0.0,0.0,0.0,31.81,0.0,0.0,0.0,0.0,0.0,0.0,0.0,0.0,0.0,0.0,0,SAFE
0.0,0.0,0.0,0.0,31.81,0.0,0.0,0.0,0.0,0.0,0.0,0.0,0.0,0.0,0.0,0,SAFE
0.0,0.0,0.0,0.0,31.81,0.0,0.0,0.0,0.0,0.0,0.0,0.0,0.0,0.0,0.0,0,SAFE
0.0,0.0,0.0,0.0,31.75,0.0,0.0,0.0,0.0,0.0,0.0,0.0,0.0,0.0,0.0,0,SAFE
0.0,0.0,0.0,0.0,31.75,0.0,0.0,0.0,0.0,0.0,0.0,0.0,0.0,0.0,0.0,0,SAFE
0.0,0.0,0.0,0.0,31.75,0.0,0.0,0.0,0.0,0.0,0.0,0.0,0.0,0.0,0.0,0,SAFE
0.0,0.0,0.0,0.0,31.75,0.0,0.0,0.0,0.0,0.0,0.0,0.0,0.0,0.0,0.0,0,SAFE
0.0,0.0,0.0,0.0,31.69,0.0,0.0,0.0,0.0,0.0,0.0,0.0,0.0,0.0,0.0,0,SAFE
0.0,0.0,0.0,0.0,31.69,0.0,0.0,0.0,0.0,0.0,0.0,0.0,0.0,0.0,0.0,0,SAFE
0.0,0.0,0.0,0.0,31.69,0.0,0.0,0.0,0.0,0.0,0.0,0.0,0.0,0.0,0.0,0,SAFE
0.0,0.0,0.0,0.0,31.75,0.0,0.0,0.0,0.0,0.0,0.0,0.0,0.0,0.0,0.0,0,SAFE
0.0,0.0,0.0,0.0,31.62,0.0,0.0,0.0,0.0,0.0,0.0,0.0,0.0,0.0,0.0,0,SAFE
0.0,0.0,0.0,0.0,31.62,0.0,0.0,0.0,0.0,0.0,0.0,0.0,0.0,0.0,0.0,0,SAFE
0.0,0.0,0.0,0.0,31.62,0.0,0.0,0.0,0.0,0.0,0.0,0.0,0.0,0.0,0.0,0,SAFE
0.0,0.0,0.0,0.0,31.56,0.0,0.0,0.0,0.0,0.0,0.0,0.0,0.0,0.0,0.0,0,SAFE
0.0,0.0,0.0,0.0,31.56,0.0,0.0,0.0,0.0,0.0,0.0,0.0,0.0,0.0,0.0,0,SAFE
0.0,0.0,0.0,0.0,31.56,0.0,0.0,0.0,0.0,0.0,0.0,0.0,0.0,0.0,0.0,0,SAFE
0.0,0.0,0.0,0.0,31.5,0.0,0.0,0.0,0.0,0.0,0.0,0.0,0.0,0.0,0.0,0,SAFE
0.0,0.0,0.0,0.0,31.5,0.0,0.0,0.0,0.0,0.0,0.0,0.0,0.0,0.0,0.0,0,SAFE
0.0,0.0,0.0,0.0,31.5,0.0,0.0,0.0,0.0,0.0,0.0,0.0,0.0,0.0,0.0,0,SAFE
0.0,0.0,0.0,0.0,31.44,0.0,0.0,0.0,0.0,0.0,0.0,0.0,0.0,0.0,0.0,0,SAFE
0.0,0.0,0.0,0.0,31.55,0.0,0.0,0.0,0.0,0.0,0.0,0.0,0.0,0.0,0.0,0,SAFE
0.0,0.0,0.0,0.0,31.44,0.0,0.0,0.0,0.0,0.0,0.0,0.0,0.0,0.0,0.0,0,SAFE
0.0,0.0,0.0,0.0,31.44,0.0,0.0,0.0,0.0,0.0,0.0,0.0,0.0,0.0,0.0,0,SAFE
0.0,0.0,0.0,0.0,31.37,0.0,0.0,0.0,0.0,0.0,0.0,0.0,0.0,0.0,0.0,0,SAFE
0.0,0.0,0.0,0.0,31.37,0.0,0.0,0.0,0.0,0.0,0.0,0.0,0.0,0.0,0.0,0,SAFE
0.0,0.0,0.0,0.0,31.37,0.0,0.0,0.0,0.0,0.0,0.0,0.0,0.0,0.0,0.0,0,SAFE
0.0,0.0,0.0,0.0,31.37,0.0,0.0,0.0,0.0,0.0,0.0,0.0,0.0,0.0,0.0,0,SAFE
0.0,0.0,0.0,0.0,31.31,0.0,0.0,0.0,0.0,0.0,0.0,0.0,0.0,0.0,0.0,0,SAFE
0.0,0.0,0.0,0.0,31.31,0.0,0.0,0.0,0.0,0.0,0.0,0.0,0.0,0.0,0.0,0,SAFE
0.0,0.0,0.0,0.0,31.31,0.0,0.0,0.0,0.0,0.0,0.0,0.0,0.0,0.0,0.0,0,SAFE
0.0,0.0,0.0,0.0,31.25,0.0,0.0,0.0,0.0,0.0,0.0,0.0,0.0,0.0,0.0,0,SAFE
0.0,0.0,0.0,0.0,31.36,0.0,0.0,0.0,0.0,0.0,0.0,0.0,0.0,0.0,0.0,0,SAFE
0.0,0.0,0.0,0.0,31.25,0.0,0.0,0.0,0.0,0.0,0.0,0.0,0.0,0.0,0.0,0,SAFE
0.0,0.0,0.0,0.0,31.25,0.0,0.0,0.0,0.0,0.0,0.0,0.0,0.0,0.0,0.0,0,SAFE
0.0,0.0,0.0,0.0,31.25,0.0,0.0,0.0,0.0,0.0,0.0,0.0,0.0,0.0,0.0,0,SAFE
0.0,0.0,0.0,0.0,31.25,0.0,0.0,0.0,0.0,0.0,0.0,0.0,0.0,0.0,0.0,0,SAFE
0.0,0.0,0.0,0.0,31.19,0.0,0.0,0.0,0.0,0.0,0.0,0.0,0.0,0.0,0.0,0,SAFE
0.0,0.0,0.0,0.0,31.19,0.0,0.0,0.0,0.0,0.0,0.0,0.0,0.0,0.0,0.0,0,SAFE
0.0,0.0,0.0,0.0,31.19,0.0,0.0,0.0,0.0,0.0,0.0,0.0,0.0,0.0,0.0,0,SAFE
0.0,0.0,0.0,0.0,31.19,0.0,0.0,0.0,0.0,0.0,0.0,0.0,0.0,0.0,0.0,0,SAFE
0.0,0.0,0.0,0.0,31.19,0.0,0.0,0.0,0.0,0.0,0.0,0.0,0.0,0.0,0.0,0,SAFE
0.0,0.0,0.0,0.0,31.12,0.0,0.0,0.0,0.0,0.0,0.0,0.0,0.0,0.0,0.0,0,SAFE
0.0,0.0,0.0,0.0,31.21,0.0,0.0,0.0,0.0,0.0,0.0,0.0,0.0,0.0,0.0,0,SAFE
0.0,0.0,0.0,0.0,31.12,0.0,0.0,0.0,0.0,0.0,0.0,0.0,0.0,0.0,0.0,0,SAFE
0.0,0.0,0.0,0.0,31.12,0.0,0.0,0.0,0.0,0.0,0.0,0.0,0.0,0.0,0.0,0,SAFE
0.0,0.0,0.0,0.0,31.12,0.0,0.0,0.0,0.0,0.0,0.0,0.0,0.0,0.0,0.0,0,SAFE
0.0,0.0,0.0,0.0,31.06,0.0,0.0,0.0,0.0,0.0,0.0,0.0,0.0,0.0,0.0,0,SAFE
0.0,0.0,0.0,0.0,31.06,0.0,0.0,0.0,0.0,0.0,0.0,0.0,0.0,0.0,0.0,0,SAFE
0.0,0.0,0.0,0.0,31.06,0.0,0.0,0.0,0.0,0.0,0.0,0.0,0.0,0.0,0.0,0,SAFE
0.0,0.0,0.0,0.0,31.0,0.0,0.0,0.0,0.0,0.0,0.0,0.0,0.0,0.0,0.0,0,SAFE
0.0,0.0,0.0,0.0,31.06,0.0,0.0,0.0,0.0,0.0,0.0,0.0,0.0,0.0,0.0,0,SAFE
0.0,0.0,0.0,0.0,31.0,0.0,0.0,0.0,0.0,0.0,0.0,0.0,0.0,0.0,0.0,0,SAFE
0.0,0.0,0.0,0.0,31.0,0.0,0.0,0.0,0.0,0.0,0.0,0.0,0.0,0.0,0.0,0,SAFE
0.0,0.0,0.0,0.0,31.06,0.0,0.0,0.0,0.0,0.0,0.0,0.0,0.0,0.0,0.0,0,SAFE
0.0,0.0,0.0,0.0,31.0,0.0,0.0,0.0,0.0,0.0,0.0,0.0,0.0,0.0,0.0,0,SAFE
0.0,0.0,0.0,0.0,30.94,0.0,0.0,0.0,0.0,0.0,0.0,0.0,0.0,0.0,0.0,0,SAFE
0.0,0.0,0.0,0.0,31.0,0.0,0.0,0.0,0.0,0.0,0.0,0.0,0.0,0.0,0.0,0,SAFE
0.0,0.0,0.0,0.0,30.94,0.0,0.0,0.0,0.0,0.0,0.0,0.0,0.0,0.0,0.0,0,SAFE
0.0,0.0,0.0,0.0,30.94,0.0,0.0,0.0,0.0,0.0,0.0,0.0,0.0,0.0,0.0,0,SAFE
0.0,0.0,0.0,0.0,30.94,0.0,0.0,0.0,0.0,0.0,0.0,0.0,0.0,0.0,0.0,0,SAFE
0.0,0.0,0.0,0.0,30.87,0.0,0.0,0.0,0.0,0.0,0.0,0.0,0.0,0.0,0.0,0,SAFE
0.0,0.0,0.0,0.0,30.87,0.0,0.0,0.0,0.0,0.0,0.0,0.0,0.0,0.0,0.0,0,SAFE
0.0,0.0,0.0,0.0,30.87,0.0,0.0,0.0,0.0,0.0,0.0,0.0,0.0,0.0,0.0,0,SAFE
0.0,0.0,0.0,0.0,30.87,0.0,0.0,0.0,0.0,0.0,0.0,0.0,0.0,0.0,0.0,0,SAFE
0.0,0.0,0.0,0.0,30.92,0.0,0.0,0.0,0.0,0.0,0.0,0.0,0.0,0.0,0.0,0,SAFE
0.0,0.0,0.0,0.0,30.87,0.0,0.0,0.0,0.0,0.0,0.0,0.0,0.0,0.0,0.0,0,SAFE
0.0,0.0,0.0,0.0,30.81,0.0,0.0,0.0,0.0,0.0,0.0,0.0,0.0,0.0,0.0,0,SAFE
0.0,0.0,0.0,0.0,30.81,0.0,0.0,0.0,0.0,0.0,0.0,0.0,0.0,0.0,0.0,0,SAFE
0.0,0.0,0.0,0.0,30.81,0.0,0.0,0.0,0.0,0.0,0.0,0.0,0.0,0.0,0.0,0,SAFE
0.0,0.0,0.0,0.0,30.75,0.0,0.0,0.0,0.0,0.0,0.0,0.0,0.0,0.0,0.0,0,SAFE
0.0,0.0,0.0,0.0,30.75,0.0,0.0,0.0,0.0,0.0,0.0,0.0,0.0,0.0,0.0,0,SAFE
0.0,0.0,0.0,0.0,30.75,0.0,0.0,0.0,0.0,0.0,0.0,0.0,0.0,0.0,0.0,0,SAFE
0.0,0.0,0.0,0.0,30.75,0.0,0.0,0.0,0.0,0.0,0.0,0.0,0.0,0.0,0.0,0,SAFE
0.0,0.0,0.0,0.0,30.75,0.0,0.0,0.0,0.0,0.0,0.0,0.0,0.0,0.0,0.0,0,SAFE
0.0,0.0,0.0,0.0,30.69,0.0,0.0,0.0,0.0,0.0,0.0,0.0,0.0,0.0,0.0,0,SAFE
0.0,0.0,0.0,0.0,30.77,0.0,0.0,0.0,0.0,0.0,0.0,0.0,0.0,0.0,0.0,0,SAFE
0.0,0.0,0.0,0.0,30.69,0.0,0.0,0.0,0.0,0.0,0.0,0.0,0.0,0.0,0.0,0,SAFE
0.0,0.0,0.0,0.0,30.69,0.0,0.0,0.0,0.0,0.0,0.0,0.0,0.0,0.0,0.0,0,SAFE
0.0,0.0,0.0,0.0,30.69,0.0,0.0,0.0,0.0,0.0,0.0,0.0,0.0,0.0,0.0,0,SAFE
0.0,0.0,0.0,0.0,30.62,0.0,0.0,0.0,0.0,0.0,0.0,0.0,0.0,0.0,0.0,0,SAFE
0.0,0.0,0.0,0.0,30.62,0.0,0.0,0.0,0.0,0.0,0.0,0.0,0.0,0.0,0.0,0,SAFE
0.0,0.0,0.0,0.0,30.62,0.0,0.0,0.0,0.0,0.0,0.0,0.0,0.0,0.0,0.0,0,SAFE
0.0,0.0,0.0,0.0,30.62,0.0,0.0,0.0,0.0,0.0,0.0,0.0,0.0,0.0,0.0,0,SAFE
0.0,0.0,0.0,0.0,30.62,0.0,0.0,0.0,0.0,0.0,0.0,0.0,0.0,0.0,0.0,0,SAFE
0.0,0.0,0.0,0.0,30.62,0.0,0.0,0.0,0.0,0.0,0.0,0.0,0.0,0.0,0.0,0,SAFE
0.0,0.0,0.0,0.0,30.56,0.0,0.0,0.0,0.0,0.0,0.0,0.0,0.0,0.0,0.0,0,SAFE
0.0,0.0,0.0,0.0,30.64,0.0,0.0,0.0,0.0,0.0,0.0,0.0,0.0,0.0,0.0,0,SAFE
0.0,0.0,0.0,0.0,30.56,0.0,0.0,0.0,0.0,0.0,0.0,0.0,0.0,0.0,0.0,0,SAFE
0.0,0.0,0.0,0.0,30.56,0.0,0.0,0.0,0.0,0.0,0.0,0.0,0.0,0.0,0.0,0,SAFE
0.0,0.0,0.0,0.0,30.56,0.0,0.0,0.0,0.0,0.0,0.0,0.0,0.0,0.0,0.0,0,SAFE
0.0,0.0,0.0,0.0,30.5,0.0,0.0,0.0,0.0,0.0,0.0,0.0,0.0,0.0,0.0,0,SAFE
0.0,0.0,0.0,0.0,30.56,0.0,0.0,0.0,0.0,0.0,0.0,0.0,0.0,0.0,0.0,0,SAFE
0.0,0.0,0.0,0.0,30.5,0.0,0.0,0.0,0.0,0.0,0.0,0.0,0.0,0.0,0.0,0,SAFE
0.0,0.0,0.0,0.0,30.5,0.0,0.0,0.0,0.0,0.0,0.0,0.0,0.0,0.0,0.0,0,SAFE
0.0,0.0,0.0,0.0,30.5,0.0,0.0,0.0,0.0,0.0,0.0,0.0,0.0,0.0,0.0,0,SAFE
0.0,0.0,0.0,0.0,30.44,0.0,0.0,0.0,0.0,0.0,0.0,0.0,0.0,0.0,0.0,0,SAFE
0.0,0.0,0.0,0.0,30.5,0.0,0.0,0.0,0.0,0.0,0.0,0.0,0.0,0.0,0.0,0,SAFE
0.0,0.0,0.0,0.0,30.52,0.0,0.0,0.0,0.0,0.0,0.0,0.0,0.0,0.0,0.0,0,SAFE
0.0,0.0,0.0,0.0,30.44,0.0,0.0,0.0,0.0,0.0,0.0,0.0,0.0,0.0,0.0,0,SAFE
0.0,0.0,0.0,0.0,30.44,0.0,0.0,0.0,0.0,0.0,0.0,0.0,0.0,0.0,0.0,0,SAFE
0.0,0.0,0.0,0.0,30.44,0.0,0.0,0.0,0.0,0.0,0.0,0.0,0.0,0.0,0.0,0,SAFE
0.0,0.0,0.0,0.0,30.44,0.0,0.0,0.0,0.0,0.0,0.0,0.0,0.0,0.0,0.0,0,SAFE
0.0,0.0,0.0,0.0,30.44,0.0,0.0,0.0,0.0,0.0,0.0,0.0,0.0,0.0,0.0,0,SAFE
0.0,0.0,0.0,0.0,30.37,0.0,0.0,0.0,0.0,0.0,0.0,0.0,0.0,0.0,0.0,0,SAFE
0.0,0.0,0.0,0.0,30.37,0.0,0.0,0.0,0.0,0.0,0.0,0.0,0.0,0.0,0.0,0,SAFE
0.0,0.0,0.0,0.0,30.37,0.0,0.0,0.0,0.0,0.0,0.0,0.0,0.0,0.0,0.0,0,SAFE
0.0,0.0,0.0,0.0,30.37,0.0,0.0,0.0,0.0,0.0,0.0,0.0,0.0,0.0,0.0,0,SAFE
0.0,0.0,0.0,0.0,30.37,0.0,0.0,0.0,0.0,0.0,0.0,0.0,0.0,0.0,0.0,0,SAFE
0.0,0.0,0.0,0.0,30.41,0.0,0.0,0.0,0.0,0.0,0.0,0.0,0.0,0.0,0.0,0,SAFE
0.0,0.0,0.0,0.0,30.37,0.0,0.0,0.0,0.0,0.0,0.0,0.0,0.0,0.0,0.0,0,SAFE
0.0,0.0,0.0,0.0,30.31,0.0,0.0,0.0,0.0,0.0,0.0,0.0,0.0,0.0,0.0,0,SAFE
0.0,0.0,0.0,0.0,30.31,0.0,0.0,0.0,0.0,0.0,0.0,0.0,0.0,0.0,0.0,0,SAFE
0.0,0.0,0.0,0.0,30.31,0.0,0.0,0.0,0.0,0.0,0.0,0.0,0.0,0.0,0.0,0,SAFE
0.0,0.0,0.0,0.0,30.31,0.0,0.0,0.0,0.0,0.0,0.0,0.0,0.0,0.0,0.0,0,SAFE
0.0,0.0,0.0,0.0,30.31,0.0,0.0,0.0,0.0,0.0,0.0,0.0,0.0,0.0,0.0,0,SAFE
0.0,0.0,0.0,0.0,30.25,0.0,0.0,0.0,0.0,0.0,0.0,0.0,0.0,0.0,0.0,0,SAFE
0.0,0.0,0.0,0.0,30.25,0.0,0.0,0.0,0.0,0.0,0.0,0.0,0.0,0.0,0.0,0,SAFE
0.0,0.0,0.0,0.0,30.25,0.0,0.0,0.0,0.0,0.0,0.0,0.0,0.0,0.0,0.0,0,SAFE
0.0,0.0,0.0,0.0,30.25,0.0,0.0,0.0,0.0,0.0,0.0,0.0,0.0,0.0,0.0,0,SAFE
0.0,0.0,0.0,0.0,30.29,0.0,0.0,0.0,0.0,0.0,0.0,0.0,0.0,0.0,0.0,0,SAFE
0.0,0.0,0.0,0.0,30.25,0.0,0.0,0.0,0.0,0.0,0.0,0.0,0.0,0.0,0.0,0,SAFE
0.0,0.0,0.0,0.0,30.25,0.0,0.0,0.0,0.0,0.0,0.0,0.0,0.0,0.0,0.0,0,SAFE
0.0,0.0,0.0,0.0,30.19,0.0,0.0,0.0,0.0,0.0,0.0,0.0,0.0,0.0,0.0,0,SAFE
0.0,0.0,0.0,0.0,30.19,0.0,0.0,0.0,0.0,0.0,0.0,0.0,0.0,0.0,0.0,0,SAFE
0.0,0.0,0.0,0.0,30.19,0.0,0.0,0.0,0.0,0.0,0.0,0.0,0.0,0.0,0.0,0,SAFE
0.0,0.0,0.0,0.0,30.19,0.0,0.0,0.0,0.0,0.0,0.0,0.0,0.0,0.0,0.0,0,SAFE
0.0,0.0,0.0,0.0,30.19,0.0,0.0,0.0,0.0,0.0,0.0,0.0,0.0,0.0,0.0,0,SAFE
0.0,0.0,0.0,0.0,30.12,0.0,0.0,0.0,0.0,0.0,0.0,0.0,0.0,0.0,0.0,0,SAFE
0.0,0.0,0.0,0.0,30.12,0.0,0.0,0.0,0.0,0.0,0.0,0.0,0.0,0.0,0.0,0,SAFE
0.0,0.0,0.0,0.0,30.19,0.0,0.0,0.0,0.0,0.0,0.0,0.0,0.0,0.0,0.0,0,SAFE
0.0,0.0,0.0,0.0,30.19,0.0,0.0,0.0,0.0,0.0,0.0,0.0,0.0,0.0,0.0,0,SAFE
0.0,0.0,0.0,0.0,30.12,0.0,0.0,0.0,0.0,0.0,0.0,0.0,0.0,0.0,0.0,0,SAFE
0.0,0.0,0.0,0.0,30.12,0.0,0.0,0.0,0.0,0.0,0.0,0.0,0.0,0.0,0.0,0,SAFE
0.0,0.0,0.0,0.0,30.12,0.0,0.0,0.0,0.0,0.0,0.0,0.0,0.0,0.0,0.0,0,SAFE
0.0,0.0,0.0,0.0,30.12,0.0,0.0,0.0,0.0,0.0,0.0,0.0,0.0,0.0,0.0,0,SAFE
0.0,0.0,0.0,0.0,30.06,0.0,0.0,0.0,0.0,0.0,0.0,0.0,0.0,0.0,0.0,0,SAFE
0.0,0.0,0.0,0.0,30.06,0.0,0.0,0.0,0.0,0.0,0.0,0.0,0.0,0.0,0.0,0,SAFE
0.0,0.0,0.0,0.0,30.12,0.0,0.0,0.0,0.0,0.0,0.0,0.0,0.0,0.0,0.0,0,SAFE
0.0,0.0,0.0,0.0,30.06,0.0,0.0,0.0,0.0,0.0,0.0,0.0,0.0,0.0,0.0,0,SAFE
0.0,0.0,0.0,0.0,30.06,0.0,0.0,0.0,0.0,0.0,0.0,0.0,0.0,0.0,0.0,0,SAFE
0.0,0.0,0.0,0.0,30.06,0.0,0.0,0.0,0.0,0.0,0.0,0.0,0.0,0.0,0.0,0,SAFE
0.0,0.0,0.0,0.0,30.09,0.0,0.0,0.0,0.0,0.0,0.0,0.0,0.0,0.0,0.0,0,SAFE
0.0,0.0,0.0,0.0,30.0,0.0,0.0,0.0,0.0,0.0,0.0,0.0,0.0,0.0,0.0,0,SAFE
0.0,0.0,0.0,0.0,30.0,0.0,0.0,0.0,0.0,0.0,0.0,0.0,0.0,0.0,0.0,0,SAFE
0.0,0.0,0.0,0.0,30.0,0.0,0.0,0.0,0.0,0.0,0.0,0.0,0.0,0.0,0.0,0,SAFE
0.0,0.0,0.0,0.0,30.0,0.0,0.0,0.0,0.0,0.0,0.0,0.0,0.0,0.0,0.0,0,SAFE
0.0,0.0,0.0,0.0,30.0,0.0,0.0,0.0,0.0,0.0,0.0,0.0,0.0,0.0,0.0,0,SAFE
0.0,0.0,0.0,0.0,30.0,0.0,0.0,0.0,0.0,0.0,0.0,0.0,0.0,0.0,0.0,0,SAFE
0.0,0.0,0.0,0.0,30.0,0.0,0.0,0.0,0.0,0.0,0.0,0.0,0.0,0.0,0.0,0,SAFE
0.0,0.0,0.0,0.0,30.0,0.0,0.0,0.0,0.0,0.0,0.0,0.0,0.0,0.0,0.0,0,SAFE
0.0,0.0,0.0,0.0,29.94,0.0,0.0,0.0,0.0,0.0,0.0,0.0,0.0,0.0,0.0,0,SAFE
0.0,0.0,0.0,0.0,30.0,0.0,0.0,0.0,0.0,0.0,0.0,0.0,0.0,0.0,0.0,0,SAFE
0.0,0.0,0.0,0.0,29.99,0.0,0.0,0.0,0.0,0.0,0.0,0.0,0.0,0.0,0.0,0,SAFE
0.0,0.0,0.0,0.0,29.94,0.0,0.0,0.0,0.0,0.0,0.0,0.0,0.0,0.0,0.0,0,SAFE
0.0,0.0,0.0,0.0,29.94,0.0,0.0,0.0,0.0,0.0,0.0,0.0,0.0,0.0,0.0,0,SAFE
0.0,0.0,0.0,0.0,29.94,0.0,0.0,0.0,0.0,0.0,0.0,0.0,0.0,0.0,0.0,0,SAFE
0.0,0.0,0.0,0.0,29.94,0.0,0.0,0.0,0.0,0.0,0.0,0.0,0.0,0.0,0.0,0,SAFE
0.0,0.0,0.0,0.0,29.94,0.0,0.0,0.0,0.0,0.0,0.0,0.0,0.0,0.0,0.0,0,SAFE
0.0,0.0,0.0,0.0,29.87,0.0,0.0,0.0,0.0,0.0,0.0,0.0,0.0,0.0,0.0,0,SAFE
0.0,0.0,0.0,0.0,29.87,0.0,0.0,0.0,0.0,0.0,0.0,0.0,0.0,0.0,0.0,0,SAFE
0.0,0.0,0.0,0.0,29.87,0.0,0.0,0.0,0.0,0.0,0.0,0.0,0.0,0.0,0.0,0,SAFE
0.0,0.0,0.0,0.0,29.87,0.0,0.0,0.0,0.0,0.0,0.0,0.0,0.0,0.0,0.0,0,SAFE
0.0,0.0,0.0,0.0,29.87,0.0,0.0,0.0,0.0,0.0,0.0,0.0,0.0,0.0,0.0,0,SAFE
0.0,0.0,0.0,0.0,29.91,0.0,0.0,0.0,0.0,0.0,0.0,0.0,0.0,0.0,0.0,0,SAFE
0.0,0.0,0.0,0.0,29.81,0.0,0.0,0.0,0.0,0.0,0.0,0.0,0.0,0.0,0.0,0,SAFE
0.0,0.0,0.0,0.0,29.87,0.0,0.0,0.0,0.0,0.0,0.0,0.0,0.0,0.0,0.0,0,SAFE
0.0,0.0,0.0,0.0,29.87,0.0,0.0,0.0,0.0,0.0,0.0,0.0,0.0,0.0,0.0,0,SAFE
0.0,0.0,0.0,0.0,29.81,0.0,0.0,0.0,0.0,0.0,0.0,0.0,0.0,0.0,0.0,0,SAFE
0.0,0.0,0.0,0.0,29.81,0.0,0.0,0.0,0.0,0.0,0.0,0.0,0.0,0.0,0.0,0,SAFE
0.0,0.0,0.0,0.0,29.81,0.0,0.0,0.0,0.0,0.0,0.0,0.0,0.0,0.0,0.0,0,SAFE
0.0,0.0,0.0,0.0,29.81,0.0,0.0,0.0,0.0,0.0,0.0,0.0,0.0,0.0,0.0,0,SAFE
0.0,0.0,0.0,0.0,29.81,0.0,0.0,0.0,0.0,0.0,0.0,0.0,0.0,0.0,0.0,0,SAFE
0.0,0.0,0.0,0.0,29.81,0.0,0.0,0.0,0.0,0.0,0.0,0.0,0.0,0.0,0.0,0,SAFE
0.0,0.0,0.0,0.0,29.81,0.0,0.0,0.0,0.0,0.0,0.0,0.0,0.0,0.0,0.0,0,SAFE
0.0,0.0,0.0,0.0,29.83,0.0,0.0,0.0,0.0,0.0,0.0,0.0,0.0,0.0,0.0,0,SAFE
0.0,0.0,0.0,0.0,29.75,0.0,0.0,0.0,0.0,0.0,0.0,0.0,0.0,0.0,0.0,0,SAFE
0.0,0.0,0.0,0.0,29.75,0.0,0.0,0.0,0.0,0.0,0.0,0.0,0.0,0.0,0.0,0,SAFE
0.0,0.0,0.0,0.0,29.75,0.0,0.0,0.0,0.0,0.0,0.0,0.0,0.0,0.0,0.0,0,SAFE
0.0,0.0,0.0,0.0,29.75,0.0,0.0,0.0,0.0,0.0,0.0,0.0,0.0,0.0,0.0,0,SAFE
0.0,0.0,0.0,0.0,29.75,0.0,0.0,0.0,0.0,0.0,0.0,0.0,0.0,0.0,0.0,0,SAFE
0.0,0.0,0.0,0.0,29.75,0.0,0.0,0.0,0.0,0.0,0.0,0.0,0.0,0.0,0.0,0,SAFE
0.0,0.0,0.0,0.0,29.75,0.0,0.0,0.0,0.0,0.0,0.0,0.0,0.0,0.0,0.0,0,SAFE
0.0,0.0,0.0,0.0,29.75,0.0,0.0,0.0,0.0,0.0,0.0,0.0,0.0,0.0,0.0,0,SAFE
0.0,0.0,0.0,0.0,29.75,0.0,0.0,0.0,0.0,0.0,0.0,0.0,0.0,0.0,0.0,0,SAFE
0.0,0.0,0.0,0.0,29.69,0.0,0.0,0.0,0.0,0.0,0.0,0.0,0.0,0.0,0.0,0,SAFE
0.0,0.0,0.0,0.0,29.74,0.0,0.0,0.0,0.0,0.0,0.0,0.0,0.0,0.0,0.0,0,SAFE
0.0,0.0,0.0,0.0,29.69,0.0,0.0,0.0,0.0,0.0,0.0,0.0,0.0,0.0,0.0,0,SAFE
0.0,0.0,0.0,0.0,29.69,0.0,0.0,0.0,0.0,0.0,0.0,0.0,0.0,0.0,0.0,0,SAFE
0.0,0.0,0.0,0.0,29.69,0.0,0.0,0.0,0.0,0.0,0.0,0.0,0.0,0.0,0.0,0,SAFE
0.0,0.0,0.0,0.0,29.69,0.0,0.0,0.0,0.0,0.0,0.0,0.0,0.0,0.0,0.0,0,SAFE
0.0,0.0,0.0,0.0,29.69,0.0,0.0,0.0,0.0,0.0,0.0,0.0,0.0,0.0,0.0,0,SAFE
0.0,0.0,0.0,0.0,29.69,0.0,0.0,0.0,0.0,0.0,0.0,0.0,0.0,0.0,0.0,0,SAFE
0.0,0.0,0.0,0.0,29.69,0.0,0.0,0.0,0.0,0.0,0.0,0.0,0.0,0.0,0.0,0,SAFE
0.0,0.0,0.0,0.0,29.62,0.0,0.0,0.0,0.0,0.0,0.0,0.0,0.0,0.0,0.0,0,SAFE
0.0,0.0,0.0,0.0,29.69,0.0,0.0,0.0,0.0,0.0,0.0,0.0,0.0,0.0,0.0,0,SAFE
0.0,0.0,0.0,0.0,29.62,0.0,0.0,0.0,0.0,0.0,0.0,0.0,0.0,0.0,0.0,0,SAFE
0.0,0.0,0.0,0.0,29.67,0.0,0.0,0.0,0.0,0.0,0.0,0.0,0.0,0.0,0.0,0,SAFE
0.0,0.0,0.0,0.0,29.62,0.0,0.0,0.0,0.0,0.0,0.0,0.0,0.0,0.0,0.0,0,SAFE
0.0,0.0,0.0,0.0,29.62,0.0,0.0,0.0,0.0,0.0,0.0,0.0,0.0,0.0,0.0,0,SAFE
0.0,0.0,0.0,0.0,29.62,0.0,0.0,0.0,0.0,0.0,0.0,0.0,0.0,0.0,0.0,0,SAFE
0.0,0.0,0.0,0.0,29.62,0.0,0.0,0.0,0.0,0.0,0.0,0.0,0.0,0.0,0.0,0,SAFE
0.0,0.0,0.0,0.0,29.62,0.0,0.0,0.0,0.0,0.0,0.0,0.0,0.0,0.0,0.0,0,SAFE
0.0,0.0,0.0,0.0,29.62,0.0,0.0,0.0,0.0,0.0,0.0,0.0,0.0,0.0,0.0,0,SAFE
0.0,0.0,0.0,0.0,29.62,0.0,0.0,0.0,0.0,0.0,0.0,0.0,0.0,0.0,0.0,0,SAFE
0.0,0.0,0.0,0.0,29.62,0.0,0.0,0.0,0.0,0.0,0.0,0.0,0.0,0.0,0.0,0,SAFE
0.0,0.0,0.0,0.0,29.56,0.0,0.0,0.0,0.0,0.0,0.0,0.0,0.0,0.0,0.0,0,SAFE
0.0,0.0,0.0,0.0,29.56,0.0,0.0,0.0,0.0,0.0,0.0,0.0,0.0,0.0,0.0,0,SAFE
0.0,0.0,0.0,0.0,29.61,0.0,0.0,0.0,0.0,0.0,0.0,0.0,0.0,0.0,0.0,0,SAFE
0.0,0.0,0.0,0.0,29.62,0.0,0.0,0.0,0.0,0.0,0.0,0.0,0.0,0.0,0.0,0,SAFE
0.0,0.0,0.0,0.0,29.56,0.0,0.0,0.0,0.0,0.0,0.0,0.0,0.0,0.0,0.0,0,SAFE
0.0,0.0,0.0,0.0,29.56,0.0,0.0,0.0,0.0,0.0,0.0,0.0,0.0,0.0,0.0,0,SAFE
0.0,0.0,0.0,0.0,29.56,0.0,0.0,0.0,0.0,0.0,0.0,0.0,0.0,0.0,0.0,0,SAFE
0.0,0.0,0.0,0.0,29.56,0.0,0.0,0.0,0.0,0.0,0.0,0.0,0.0,0.0,0.0,0,SAFE
0.0,0.0,0.0,0.0,29.56,0.0,0.0,0.0,0.0,0.0,0.0,0.0,0.0,0.0,0.0,0,SAFE
0.0,0.0,0.0,0.0,29.5,0.0,0.0,0.0,0.0,0.0,0.0,0.0,0.0,0.0,0.0,0,SAFE
0.0,0.0,0.0,0.0,29.5,0.0,0.0,0.0,0.0,0.0,0.0,0.0,0.0,0.0,0.0,0,SAFE
0.0,0.0,0.0,0.0,29.5,0.0,0.0,0.0,0.0,0.0,0.0,0.0,0.0,0.0,0.0,0,SAFE
0.0,0.0,0.0,0.0,29.5,0.0,0.0,0.0,0.0,0.0,0.0,0.0,0.0,0.0,0.0,0,SAFE
0.0,0.0,0.0,0.0,29.54,0.0,0.0,0.0,0.0,0.0,0.0,0.0,0.0,0.0,0.0,0,SAFE
0.0,0.0,0.0,0.0,29.5,0.0,0.0,0.0,0.0,0.0,0.0,0.0,0.0,0.0,0.0,0,SAFE
0.0,0.0,0.0,0.0,29.5,0.0,0.0,0.0,0.0,0.0,0.0,0.0,0.0,0.0,0.0,0,SAFE
0.0,0.0,0.0,0.0,29.5,0.0,0.0,0.0,0.0,0.0,0.0,0.0,0.0,0.0,0.0,0,SAFE
0.0,0.0,0.0,0.0,29.5,0.0,0.0,0.0,0.0,0.0,0.0,0.0,0.0,0.0,0.0,0,SAFE
0.0,0.0,0.0,0.0,29.5,0.0,0.0,0.0,0.0,0.0,0.0,0.0,0.0,0.0,0.0,0,SAFE
0.0,0.0,0.0,0.0,29.5,0.0,0.0,0.0,0.0,0.0,0.0,0.0,0.0,0.0,0.0,0,SAFE
0.0,0.0,0.0,0.0,29.5,0.0,0.0,0.0,0.0,0.0,0.0,0.0,0.0,0.0,0.0,0,SAFE
0.0,0.0,0.0,0.0,29.5,0.0,0.0,0.0,0.0,0.0,0.0,0.0,0.0,0.0,0.0,0,SAFE
0.0,0.0,0.0,0.0,29.5,0.0,0.0,0.0,0.0,0.0,0.0,0.0,0.0,0.0,0.0,0,SAFE
0.0,0.0,0.0,0.0,29.44,0.0,0.0,0.0,0.0,0.0,0.0,0.0,0.0,0.0,0.0,0,SAFE
0.0,0.0,0.0,0.0,29.49,0.0,0.0,0.0,0.0,0.0,0.0,0.0,0.0,0.0,0.0,0,SAFE
0.0,0.0,0.0,0.0,29.44,0.0,0.0,0.0,0.0,0.0,0.0,0.0,0.0,0.0,0.0,0,SAFE
0.0,0.0,0.0,0.0,29.5,0.0,0.0,0.0,0.0,0.0,0.0,0.0,0.0,0.0,0.0,0,SAFE
0.0,0.0,0.0,0.0,29.44,0.0,0.0,0.0,0.0,0.0,0.0,0.0,0.0,0.0,0.0,0,SAFE
0.0,0.0,0.0,0.0,29.44,0.0,0.0,0.0,0.0,0.0,0.0,0.0,0.0,0.0,0.0,0,SAFE
0.0,0.0,0.0,0.0,29.44,0.0,0.0,0.0,0.0,0.0,0.0,0.0,0.0,0.0,0.0,0,SAFE
0.0,0.0,0.0,0.0,29.44,0.0,0.0,0.0,0.0,0.0,0.0,0.0,0.0,0.0,0.0,0,SAFE
0.0,0.0,0.0,0.0,29.44,0.0,0.0,0.0,0.0,0.0,0.0,0.0,0.0,0.0,0.0,0,SAFE
0.0,0.0,0.0,0.0,29.44,0.0,0.0,0.0,0.0,0.0,0.0,0.0,0.0,0.0,0.0,0,SAFE
0.0,0.0,0.0,0.0,29.37,0.0,0.0,0.0,0.0,0.0,0.0,0.0,0.0,0.0,0.0,0,SAFE
0.0,0.0,0.0,0.0,29.44,0.0,0.0,0.0,0.0,0.0,0.0,0.0,0.0,0.0,0.0,0,SAFE
0.0,0.0,0.0,0.0,29.44,0.0,0.0,0.0,0.0,0.0,0.0,0.0,0.0,0.0,0.0,0,SAFE
0.0,0.0,0.0,0.0,29.44,0.0,0.0,0.0,0.0,0.0,0.0,0.0,0.0,0.0,0.0,0,SAFE
0.0,0.0,0.0,0.0,29.37,0.0,0.0,0.0,0.0,0.0,0.0,0.0,0.0,0.0,0.0,0,SAFE
0.0,0.0,0.0,0.0,29.37,0.0,0.0,0.0,0.0,0.0,0.0,0.0,0.0,0.0,0.0,0,SAFE
0.0,0.0,0.0,0.0,29.37,0.0,0.0,0.0,0.0,0.0,0.0,0.0,0.0,0.0,0.0,0,SAFE
0.0,0.0,0.0,0.0,29.37,0.0,0.0,0.0,0.0,0.0,0.0,0.0,0.0,0.0,0.0,0,SAFE
0.0,0.0,0.0,0.0,29.37,0.0,0.0,0.0,0.0,0.0,0.0,0.0,0.0,0.0,0.0,0,SAFE
0.0,0.0,0.0,0.0,29.37,0.0,0.0,0.0,0.0,0.0,0.0,0.0,0.0,0.0,0.0,0,SAFE
0.0,0.0,0.0,0.0,29.31,0.0,0.0,0.0,0.0,0.0,0.0,0.0,0.0,0.0,0.0,0,SAFE
0.0,0.0,0.0,0.0,29.37,0.0,0.0,0.0,0.0,0.0,0.0,0.0,0.0,0.0,0.0,0,SAFE
0.0,0.0,0.0,0.0,29.37,0.0,0.0,0.0,0.0,0.0,0.0,0.0,0.0,0.0,0.0,0,SAFE
0.0,0.0,0.0,0.0,29.37,0.0,0.0,0.0,0.0,0.0,0.0,0.0,0.0,0.0,0.0,0,SAFE
0.0,0.0,0.0,0.0,29.37,0.0,0.0,0.0,0.0,0.0,0.0,0.0,0.0,0.0,0.0,0,SAFE
0.0,0.0,0.0,0.0,29.37,0.0,0.0,0.0,0.0,0.0,0.0,0.0,0.0,0.0,0.0,0,SAFE
0.0,0.0,0.0,0.0,29.37,0.0,0.0,0.0,0.0,0.0,0.0,0.0,0.0,0.0,0.0,0,SAFE
0.0,0.0,0.0,0.0,29.31,0.0,0.0,0.0,0.0,0.0,0.0,0.0,0.0,0.0,0.0,0,SAFE
0.0,0.0,0.0,0.0,29.37,0.0,0.0,0.0,0.0,0.0,0.0,0.0,0.0,0.0,0.0,0,SAFE
0.0,0.0,0.0,0.0,29.31,0.0,0.0,0.0,0.0,0.0,0.0,0.0,0.0,0.0,0.0,0,SAFE
0.0,0.0,0.0,0.0,29.31,0.0,0.0,0.0,0.0,0.0,0.0,0.0,0.0,0.0,0.0,0,SAFE
0.0,0.0,0.0,0.0,29.31,0.0,0.0,0.0,0.0,0.0,0.0,0.0,0.0,0.0,0.0,0,SAFE
0.0,0.0,0.0,0.0,29.31,0.0,0.0,0.0,0.0,0.0,0.0,0.0,0.0,0.0,0.0,0,SAFE
0.0,0.0,0.0,0.0,29.31,0.0,0.0,0.0,0.0,0.0,0.0,0.0,0.0,0.0,0.0,0,SAFE
0.0,0.0,0.0,0.0,29.34,0.0,0.0,0.0,0.0,0.0,0.0,0.0,0.0,0.0,0.0,0,SAFE
0.0,0.0,0.0,0.0,29.31,0.0,0.0,0.0,0.0,0.0,0.0,0.0,0.0,0.0,0.0,0,SAFE
0.0,0.0,0.0,0.0,29.31,0.0,0.0,0.0,0.0,0.0,0.0,0.0,0.0,0.0,0.0,0,SAFE
0.0,0.0,0.0,0.0,29.31,0.0,0.0,0.0,0.0,0.0,0.0,0.0,0.0,0.0,0.0,0,SAFE
0.0,0.0,0.0,0.0,29.31,0.0,0.0,0.0,0.0,0.0,0.0,0.0,0.0,0.0,0.0,0,SAFE
0.0,0.0,0.0,0.0,29.31,0.0,0.0,0.0,0.0,0.0,0.0,0.0,0.0,0.0,0.0,0,SAFE
0.0,0.0,0.0,0.0,29.31,0.0,0.0,0.0,0.0,0.0,0.0,0.0,0.0,0.0,0.0,0,SAFE
0.0,0.0,0.0,0.0,29.25,0.0,0.0,0.0,0.0,0.0,0.0,0.0,0.0,0.0,0.0,0,SAFE
0.0,0.0,0.0,0.0,29.25,0.0,0.0,0.0,0.0,0.0,0.0,0.0,0.0,0.0,0.0,0,SAFE
0.0,0.0,0.0,0.0,29.25,0.0,0.0,0.0,0.0,0.0,0.0,0.0,0.0,0.0,0.0,0,SAFE
0.0,0.0,0.0,0.0,29.25,0.0,0.0,0.0,0.0,0.0,0.0,0.0,0.0,0.0,0.0,0,SAFE
0.0,0.0,0.0,0.0,29.29,0.0,0.0,0.0,0.0,0.0,0.0,0.0,0.0,0.0,0.0,0,SAFE
0.0,0.0,0.0,0.0,29.25,0.0,0.0,0.0,0.0,0.0,0.0,0.0,0.0,0.0,0.0,0,SAFE
0.0,0.0,0.0,0.0,29.25,0.0,0.0,0.0,0.0,0.0,0.0,0.0,0.0,0.0,0.0,0,SAFE
0.0,0.0,0.0,0.0,29.25,0.0,0.0,0.0,0.0,0.0,0.0,0.0,0.0,0.0,0.0,0,SAFE
0.0,0.0,0.0,0.0,29.25,0.0,0.0,0.0,0.0,0.0,0.0,0.0,0.0,0.0,0.0,0,SAFE
0.0,0.0,0.0,0.0,29.25,0.0,0.0,0.0,0.0,0.0,0.0,0.0,0.0,0.0,0.0,0,SAFE
0.0,0.0,0.0,0.0,29.25,0.0,0.0,0.0,0.0,0.0,0.0,0.0,0.0,0.0,0.0,0,SAFE
0.0,0.0,0.0,0.0,29.25,0.0,0.0,0.0,0.0,0.0,0.0,0.0,0.0,0.0,0.0,0,SAFE
0.0,0.0,0.0,0.0,29.25,0.0,0.0,0.0,0.0,0.0,0.0,0.0,0.0,0.0,0.0,0,SAFE
0.0,0.0,0.0,0.0,29.19,0.0,0.0,0.0,0.0,0.0,0.0,0.0,0.0,0.0,0.0,0,SAFE
0.0,0.0,0.0,0.0,29.19,0.0,0.0,0.0,0.0,0.0,0.0,0.0,0.0,0.0,0.0,0,SAFE
0.0,0.0,0.0,0.0,29.24,0.0,0.0,0.0,0.0,0.0,0.0,0.0,0.0,0.0,0.0,0,SAFE
0.0,0.0,0.0,0.0,29.25,0.0,0.0,0.0,0.0,0.0,0.0,0.0,0.0,0.0,0.0,0,SAFE
0.0,0.0,0.0,0.0,29.19,0.0,0.0,0.0,0.0,0.0,0.0,0.0,0.0,0.0,0.0,0,SAFE
0.0,0.0,0.0,0.0,29.19,0.0,0.0,0.0,0.0,0.0,0.0,0.0,0.0,0.0,0.0,0,SAFE
0.0,0.0,0.0,0.0,29.25,0.0,0.0,0.0,0.0,0.0,0.0,0.0,0.0,0.0,0.0,0,SAFE
0.0,0.0,0.0,0.0,29.19,0.0,0.0,0.0,0.0,0.0,0.0,0.0,0.0,0.0,0.0,0,SAFE
0.0,0.0,0.0,0.0,29.19,0.0,0.0,0.0,0.0,0.0,0.0,0.0,0.0,0.0,0.0,0,SAFE
0.0,0.0,0.0,0.0,29.19,0.0,0.0,0.0,0.0,0.0,0.0,0.0,0.0,0.0,0.0,0,SAFE
0.0,0.0,0.0,0.0,29.19,0.0,0.0,0.0,0.0,0.0,0.0,0.0,0.0,0.0,0.0,0,SAFE
0.0,0.0,0.0,0.0,29.19,0.0,0.0,0.0,0.0,0.0,0.0,0.0,0.0,0.0,0.0,0,SAFE
0.0,0.0,0.0,0.0,29.19,0.0,0.0,0.0,0.0,0.0,0.0,0.0,0.0,0.0,0.0,0,SAFE
0.0,0.0,0.0,0.0,29.2,0.0,0.0,0.0,0.0,0.0,0.0,0.0,0.0,0.0,0.0,0,SAFE
0.0,0.0,0.0,0.0,29.12,0.0,0.0,0.0,0.0,0.0,0.0,0.0,0.0,0.0,0.0,0,SAFE
0.0,0.0,0.0,0.0,29.19,0.0,0.0,0.0,0.0,0.0,0.0,0.0,0.0,0.0,0.0,0,SAFE
0.0,0.0,0.0,0.0,29.12,0.0,0.0,0.0,0.0,0.0,0.0,0.0,0.0,0.0,0.0,0,SAFE
0.0,0.0,0.0,0.0,29.12,0.0,0.0,0.0,0.0,0.0,0.0,0.0,0.0,0.0,0.0,0,SAFE
0.0,0.0,0.0,0.0,29.19,0.0,0.0,0.0,0.0,0.0,0.0,0.0,0.0,0.0,0.0,0,SAFE
0.0,0.0,0.0,0.0,29.19,0.0,0.0,0.0,0.0,0.0,0.0,0.0,0.0,0.0,0.0,0,SAFE
0.0,0.0,0.0,0.0,29.19,0.0,0.0,0.0,0.0,0.0,0.0,0.0,0.0,0.0,0.0,0,SAFE
0.0,0.0,0.0,0.0,29.19,0.0,0.0,0.0,0.0,0.0,0.0,0.0,0.0,0.0,0.0,0,SAFE
0.0,0.0,0.0,0.0,29.12,0.0,0.0,0.0,0.0,0.0,0.0,0.0,0.0,0.0,0.0,0,SAFE
0.0,0.0,0.0,0.0,29.19,0.0,0.0,0.0,0.0,0.0,0.0,0.0,0.0,0.0,0.0,0,SAFE
0.0,0.0,0.0,0.0,29.16,0.0,0.0,0.0,0.0,0.0,0.0,0.0,0.0,0.0,0.0,0,SAFE
0.0,0.0,0.0,0.0,29.12,0.0,0.0,0.0,0.0,0.0,0.0,0.0,0.0,0.0,0.0,0,SAFE
0.0,0.0,0.0,0.0,29.12,0.0,0.0,0.0,0.0,0.0,0.0,0.0,0.0,0.0,0.0,0,SAFE
0.0,0.0,0.0,0.0,29.12,0.0,0.0,0.0,0.0,0.0,0.0,0.0,0.0,0.0,0.0,0,SAFE
0.0,0.0,0.0,0.0,29.12,0.0,0.0,0.0,0.0,0.0,0.0,0.0,0.0,0.0,0.0,0,SAFE
0.0,0.0,0.0,0.0,29.12,0.0,0.0,0.0,0.0,0.0,0.0,0.0,0.0,0.0,0.0,0,SAFE
0.0,0.0,0.0,0.0,29.12,0.0,0.0,0.0,0.0,0.0,0.0,0.0,0.0,0.0,0.0,0,SAFE
0.0,0.0,0.0,0.0,29.12,0.0,0.0,0.0,0.0,0.0,0.0,0.0,0.0,0.0,0.0,0,SAFE
0.0,0.0,0.0,0.0,29.12,0.0,0.0,0.0,0.0,0.0,0.0,0.0,0.0,0.0,0.0,0,SAFE
0.0,0.0,0.0,0.0,29.12,0.0,0.0,0.0,0.0,0.0,0.0,0.0,0.0,0.0,0.0,0,SAFE
0.0,0.0,0.0,0.0,29.12,0.0,0.0,0.0,0.0,0.0,0.0,0.0,0.0,0.0,0.0,0,SAFE
0.0,0.0,0.0,0.0,29.12,0.0,0.0,0.0,0.0,0.0,0.0,0.0,0.0,0.0,0.0,0,SAFE
0.0,0.0,0.0,0.0,29.12,0.0,0.0,0.0,0.0,0.0,0.0,0.0,0.0,0.0,0.0,0,SAFE
4095.0,3765.0,4095.0,3984.0,28.69,3984.75,4095.0,3765.0,155.5642953893984,15939.0,330.0,7860.0,8079.0,0.013739883304238667,0.2569169960313121,4,HIGH
4095.0,3853.0,4095.0,4095.0,28.75,4034.5,4095.0,3853.0,121.0,16138.0,242.0,7948.0,8190.0,0.01499566241076988,0.2537489155872011,4,HIGH
4095.0,3878.0,4095.0,4095.0,28.75,4040.75,4095.0,3878.0,108.5,16163.0,217.0,7973.0,8190.0,0.013425725421430073,0.2533564313398901,4,HIGH
4095.0,3919.0,4095.0,4095.0,28.75,4051.0,4095.0,3919.0,88.0,16204.0,176.0,8014.0,8190.0,0.010861515674471642,0.2527153789031896,4,HIGH
4095.0,3958.0,4095.0,4095.0,28.75,4060.75,4095.0,3958.0,68.5,16243.0,137.0,8053.0,8190.0,0.008434402511331995,0.2521086006124417,4,HIGH
4095.0,3982.0,4095.0,4095.0,28.75,4066.75,4095.0,3982.0,56.5,16267.0,113.0,8077.0,8190.0,0.006946578963118794,0.25173664472541113,4,HIGH
4095.0,3960.0,4095.0,4095.0,28.75,4061.25,4095.0,3960.0,67.5,16245.0,135.0,8055.0,8190.0,0.008310249306967667,0.2520775623113526,4,HIGH
4095.0,3991.0,4095.0,4095.0,28.75,4069.0,4095.0,3991.0,52.0,16276.0,104.0,8086.0,8190.0,0.006389776357434887,0.2515974440739987,4,HIGH
4095.0,3975.0,4095.0,4095.0,28.75,4065.0,4095.0,3975.0,60.0,16260.0,120.0,8070.0,8190.0,0.007380073800284128,0.25184501843469587,4,HIGH
4095.0,3970.0,4095.0,4095.0,28.75,4063.75,4095.0,3970.0,62.5,16255.0,125.0,8065.0,8190.0,0.007689941555971089,0.2519224853736129,4,HIGH
4095.0,3925.1,4095.0,4083.9,28.74,4049.75,4095.0,3925.1,83.26457830314166,16199.0,169.9000000000001,8020.1,8178.9,0.009803074263238237,0.25279338229194437,4,HIGH
4095.0,3980.0,4095.0,4095.0,28.75,4066.25,4095.0,3980.0,57.5,16265.0,115.0,8075.0,8190.0,0.007070396556589585,0.25176759912377694,4,HIGH
4095.0,3919.0,4095.0,4095.0,28.75,4051.0,4095.0,3919.0,88.0,16204.0,176.0,8014.0,8190.0,0.010861515674471642,0.2527153789031896,4,HIGH
4095.0,3970.0,4095.0,4095.0,28.75,4063.75,4095.0,3970.0,62.5,16255.0,125.0,8065.0,8190.0,0.007689941555971089,0.2519224853736129,4,HIGH
4095.0,3981.0,4095.0,4095.0,28.75,4066.5,4095.0,3981.0,57.0,16266.0,114.0,8076.0,8190.0,0.007008483953829553,0.2517521209730879,4,HIGH
4095.0,3955.0,4095.0,4095.0,28.75,4060.0,4095.0,3955.0,70.0,16240.0,140.0,8050.0,8190.0,0.008620689654641583,0.2521551723982663,4,HIGH
4095.0,3980.0,4095.0,4095.0,28.81,4066.25,4095.0,3980.0,57.5,16265.0,115.0,8075.0,8190.0,0.007070396556589585,0.25176759912377694,4,HIGH
4095.0,3977.0,4095.0,4095.0,28.81,4065.5,4095.0,3977.0,59.0,16262.0,118.0,8072.0,8190.0,0.007256180051207958,0.2518140449974287,4,HIGH
4095.0,3968.0,4095.0,4095.0,28.75,4063.25,4095.0,3968.0,63.5,16253.0,127.0,8063.0,8190.0,0.007813942040988498,0.25195348549486535,4,HIGH
4095.0,3920.0,4095.0,4095.0,28.81,4051.25,4095.0,3920.0,87.5,16205.0,175.0,8015.0,8190.0,0.010799136068448062,0.2526997840016847,4,HIGH
4095.0,3995.0,4095.0,4095.0,28.81,4070.0,4095.0,3995.0,50.0,16280.0,100.0,8090.0,8190.0,0.006142506142128839,0.2515356265201759,4,HIGH
4095.0,3964.5,4095.0,4095.0,28.77,4062.375,4095.0,3964.5,65.25,16249.5,130.5,8059.5,8190.0,0.008031016338470044,0.2520077540692324,4,HIGH
4095.0,4075.0,4095.0,4095.0,28.81,4090.0,4095.0,4075.0,10.0,16360.0,20.0,8170.0,8190.0,0.0012224938874558378,0.2503056234565828,4,HIGH
4095.0,4007.0,4095.0,4095.0,28.81,4073.0,4095.0,4007.0,44.0,16292.0,88.0,8102.0,8190.0,0.005401424011453387,0.25135035598751837,4,HIGH
4095.0,4049.0,4095.0,4095.0,28.81,4083.5,4095.0,4049.0,23.0,16334.0,46.0,8144.0,8190.0,0.0028162115830282714,0.25070405288045156,4,HIGH
4095.0,3949.0,4095.0,4095.0,28.81,4058.5,4095.0,3949.0,73.0,16234.0,146.0,8044.0,8190.0,0.008993470493470896,0.2522483676079679,4,HIGH
4095.0,3979.0,4095.0,4095.0,28.81,4066.0,4095.0,3979.0,58.0,16264.0,116.0,8074.0,8190.0,0.007132316772802981,0.2517830791778294,4,HIGH
4095.0,4016.0,4095.0,4095.0,28.81,4075.25,4095.0,4016.0,39.5,16301.0,79.0,8111.0,8190.0,0.004846328445810298,0.2512115820961161,4,HIGH
4095.0,4080.0,4095.0,4095.0,28.87,4091.25,4095.0,4080.0,7.5,16365.0,15.0,8175.0,8190.0,0.0009165902840869789,0.2502291475557452,4,HIGH
4095.0,4048.0,4095.0,4095.0,28.87,4083.25,4095.0,4048.0,23.5,16333.0,47.0,8143.0,8190.0,0.0028776097469615128,0.2507194024214339,4,HIGH
4095.0,4030.0,4095.0,4095.0,28.87,4078.75,4095.0,4030.0,32.5,16315.0,65.0,8125.0,8190.0,0.003984063744775724,0.2509960159208706,4,HIGH
4095.0,3983.0,4095.0,4095.0,28.87,4067.0,4095.0,3983.0,56.0,16268.0,112.0,8078.0,8190.0,0.00688468158305356,0.25172117038039576,4,HIGH
4095.0,4021.6,4095.0,4095.0,28.84,4076.65,4095.0,4021.6,36.700000000000045,16306.6,73.40000000000009,8116.6,8190.0,0.00450124489442915,0.2511253112082761,4,HIGH
4095.0,3963.0,4095.0,4095.0,28.87,4062.0,4095.0,3963.0,66.0,16248.0,132.0,8058.0,8190.0,0.008124076808953466,0.25203101918685183,4,HIGH
4095.0,3985.0,4095.0,4095.0,28.87,4067.5,4095.0,3985.0,55.0,16270.0,110.0,8080.0,8190.0,0.00676090964924641,0.2516902273969459,4,HIGH
4095.0,4059.0,4095.0,4095.0,28.87,4086.0,4095.0,4059.0,18.0,16344.0,36.0,8154.0,8190.0,0.0022026431716713995,0.2505506607776217,4,HIGH
4095.0,4039.0,4095.0,4095.0,28.87,4081.0,4095.0,4039.0,28.0,16324.0,56.0,8134.0,8190.0,0.003430531732208372,0.2508576329177372,4,HIGH
4095.0,3984.0,4095.0,4095.0,28.94,4067.25,4095.0,3984.0,55.5,16269.0,111.0,8079.0,8190.0,0.006822791812230451,0.251705697937691,4,HIGH
4095.0,4074.0,4095.0,4095.0,28.94,4089.75,4095.0,4074.0,10.5,16359.0,21.0,8169.0,8190.0,0.0012836970474183204,0.2503209242465725,4,HIGH
4095.0,3915.0,4095.0,4095.0,28.94,4050.0,4095.0,3915.0,90.0,16200.0,180.0,8010.0,8190.0,0.01111111111042524,0.2527777777621742,4,HIGH
4095.0,4007.0,4095.0,4095.0,28.94,4073.0,4095.0,4007.0,44.0,16292.0,88.0,8102.0,8190.0,0.005401424011453387,0.25135035598751837,4,HIGH
4095.0,3799.0,4095.0,3776.0,28.94,3941.25,4095.0,3776.0,177.7833419268146,15765.0,319.0,7894.0,7871.0,0.00145892800498199,0.25975261653918474,4,HIGH
4095.0,3827.0,4095.0,3698.0,28.94,3928.75,4095.0,3698.0,199.06175758626603,15715.0,397.0,7922.0,7793.0,0.008208717785032852,0.26057906457139174,4,HIGH
4095.0,3965.2,4095.0,4023.4,28.91,4044.65,4095.0,3965.2,62.80687329690391,16178.6,129.80000000000018,8060.2,8118.4,0.0035973446402286025,0.25311213576866276,4,HIGH
4095.0,3917.0,4095.0,4086.0,29.0,4048.25,4095.0,3917.0,87.60279675900765,16193.0,178.0,8012.0,8181.0,0.010436608410397294,0.25288704994424216,4,HIGH
4095.0,3983.0,4095.0,4095.0,28.94,4067.0,4095.0,3983.0,56.0,16268.0,112.0,8078.0,8190.0,0.00688468158305356,0.25172117038039576,4,HIGH
4095.0,3954.0,4095.0,4095.0,28.94,4059.75,4095.0,3954.0,70.5,16239.0,141.0,8049.0,8190.0,0.008682800664530895,0.25217070015073767,4,HIGH
4095.0,4057.0,4095.0,4095.0,29.0,4085.5,4095.0,4057.0,19.0,16342.0,38.0,8152.0,8190.0,0.002325296781157429,0.25058132417999135,4,HIGH
4095.0,3926.0,4095.0,4095.0,29.0,4052.75,4095.0,3926.0,84.5,16211.0,169.0,8021.0,8190.0,0.010425020047472394,0.25260625499644646,4,HIGH
4095.0,3995.0,4095.0,4095.0,29.0,4070.0,4095.0,3995.0,50.0,16280.0,100.0,8090.0,8190.0,0.006142506142128839,0.2515356265201759,4,HIGH
4095.0,3980.0,4095.0,4095.0,29.0,4066.25,4095.0,3980.0,57.5,16265.0,115.0,8075.0,8190.0,0.007070396556589585,0.25176759912377694,4,HIGH
4095.0,3543.0,4095.0,4062.0,29.0,3948.75,4095.0,3543.0,270.94695052722034,15795.0,552.0,7638.0,8157.0,0.03285849952308588,0.25925925924284526,4,HIGH
4095.0,3971.0,4095.0,4095.0,29.0,4064.0,4095.0,3971.0,62.0,16256.0,124.0,8066.0,8190.0,0.007627952755436272,0.2519069881734801,4,HIGH
4095.0,4031.0,4095.0,4095.0,29.0,4079.0,4095.0,4031.0,32.0,16316.0,64.0,8126.0,8190.0,0.003922530031630146,0.2509806324925852,4,HIGH
4095.0,3935.7,4095.0,4090.8,28.99,4054.125,4095.0,3935.7,78.97482193712132,16216.5,159.30000000000018,8030.7,8185.8,0.009564332623589309,0.2525205808742626,4,HIGH
4095.0,4021.0,4095.0,4095.0,29.0,4076.5,4095.0,4021.0,37.0,16306.0,74.0,8116.0,8190.0,0.0045382067947664535,0.25113455168335985,4,HIGH
4095.0,4058.0,4095.0,4095.0,29.0,4085.75,4095.0,4058.0,18.5,16343.0,37.0,8153.0,8190.0,0.0022639662239329395,0.25056599154068615,4,HIGH
4095.0,3921.0,4095.0,4095.0,29.06,4051.5,4095.0,3921.0,87.0,16206.0,174.0,8016.0,8190.0,0.010736764160759178,0.2526841910247634,4,HIGH
4095.0,3943.0,4095.0,4095.0,29.06,4057.0,4095.0,3943.0,76.0,16228.0,152.0,8038.0,8190.0,0.009366526989809802,0.252341631732047,4,HIGH
4095.0,3842.0,4095.0,4095.0,29.06,4031.75,4095.0,3842.0,126.5,16127.0,253.0,7937.0,8190.0,0.01568797668408954,0.2539219941555204,4,HIGH
4095.0,3940.0,4095.0,4095.0,29.06,4056.25,4095.0,3940.0,77.5,16225.0,155.0,8035.0,8190.0,0.009553158705112285,0.25238828966086974,4,HIGH
4095.0,3963.0,4095.0,4095.0,29.06,4062.0,4095.0,3963.0,66.0,16248.0,132.0,8058.0,8190.0,0.008124076808953466,0.25203101918685183,4,HIGH
4095.0,4016.0,4095.0,4095.0,29.06,4075.25,4095.0,4016.0,39.5,16301.0,79.0,8111.0,8190.0,0.004846328445810298,0.2512115820961161,4,HIGH
4095.0,4009.0,4095.0,4095.0,29.06,4073.5,4095.0,4009.0,43.0,16294.0,86.0,8104.0,8190.0,0.005278016447448262,0.251319504096519,4,HIGH
4095.0,3987.0,4095.0,4095.0,29.06,4068.0,4095.0,3987.0,54.0,16272.0,108.0,8082.0,8190.0,0.006637168141185031,0.2516592920199324,4,HIGH
4095.0,3970.0,4095.0,4095.0,29.05,4063.75,4095.0,3970.0,62.5,16255.0,125.0,8065.0,8190.0,0.007689941555971089,0.2519224853736129,4,HIGH
4095.0,3981.0,4095.0,4095.0,29.12,4066.5,4095.0,3981.0,57.0,16266.0,114.0,8076.0,8190.0,0.007008483953829553,0.2517521209730879,4,HIGH
4095.0,3916.0,4095.0,4095.0,29.12,4050.25,4095.0,3916.0,89.5,16201.0,179.0,8011.0,8190.0,0.011048700696805833,0.2527621751587703,4,HIGH
4095.0,3922.0,4095.0,4095.0,29.12,4051.75,4095.0,3922.0,86.5,16207.0,173.0,8017.0,8190.0,0.010674399949979983,0.25266859997206953,4,HIGH
4095.0,3943.0,4095.0,4095.0,29.12,4057.0,4095.0,3943.0,76.0,16228.0,152.0,8038.0,8190.0,0.009366526989809802,0.252341631732047,4,HIGH
4095.0,3965.0,4095.0,4095.0,29.12,4062.5,4095.0,3965.0,65.0,16250.0,130.0,8060.0,8190.0,0.007999999999507693,0.2519999999844923,4,HIGH
4095.0,4016.0,4095.0,4095.0,29.12,4075.25,4095.0,4016.0,39.5,16301.0,79.0,8111.0,8190.0,0.004846328445810298,0.2512115820961161,4,HIGH
4095.0,4050.0,4095.0,4095.0,29.12,4083.75,4095.0,4050.0,22.5,16335.0,45.0,8145.0,8190.0,0.002754820936470473,0.25068870521881303,4,HIGH
4095.0,4002.0,4095.0,4095.0,29.12,4071.75,4095.0,4002.0,46.5,16287.0,93.0,8097.0,8190.0,0.005710075520003065,0.2514275188646511,4,HIGH
4095.0,3943.0,4095.0,4095.0,29.19,4057.0,4095.0,3943.0,76.0,16228.0,152.0,8038.0,8190.0,0.009366526989809802,0.252341631732047,4,HIGH
4095.0,3996.0,4095.0,4095.0,29.19,4070.25,4095.0,3996.0,49.5,16281.0,99.0,8091.0,8190.0,0.006080707572871402,0.25152017687786254,4,HIGH
4095.0,3973.4,4095.0,4095.0,29.14,4064.6,4095.0,3973.4,60.79999999999995,16258.4,121.59999999999991,8068.4,8190.0,0.007479210745984915,0.2518698026711196,4,HIGH
4095.0,3991.0,4095.0,4095.0,29.12,4069.0,4095.0,3991.0,52.0,16276.0,104.0,8086.0,8190.0,0.006389776357434887,0.2515974440739987,4,HIGH
4095.0,3993.0,4095.0,4095.0,29.19,4069.5,4095.0,3993.0,51.0,16278.0,102.0,8088.0,8190.0,0.006266126059327551,0.2515665314994737,4,HIGH
4095.0,3957.0,4095.0,4095.0,29.19,4060.5,4095.0,3957.0,69.0,16242.0,138.0,8052.0,8190.0,0.008496490579454716,0.2521241226294715,4,HIGH
4095.0,3931.0,4095.0,4095.0,29.19,4054.0,4095.0,3931.0,82.0,16216.0,164.0,8026.0,8190.0,0.010113468178952055,0.25252836702932113,4,HIGH
4095.0,3935.0,4095.0,4095.0,29.19,4055.0,4095.0,3935.0,80.0,16220.0,160.0,8030.0,8190.0,0.009864364980896155,0.25246609122981095,4,HIGH
4095.0,3937.0,4095.0,4095.0,29.19,4055.5,4095.0,3937.0,79.0,16222.0,158.0,8032.0,8190.0,0.009739859449529042,0.2524349648469711,4,HIGH
4095.0,3969.0,4095.0,4095.0,29.19,4063.5,4095.0,3969.0,63.0,16254.0,126.0,8064.0,8190.0,0.007751937984019199,0.251937984480624,4,HIGH
4095.0,3985.0,4095.0,4095.0,29.19,4067.5,4095.0,3985.0,55.0,16270.0,110.0,8080.0,8190.0,0.00676090964924641,0.2516902273969459,4,HIGH
4095.0,4003.0,4095.0,4095.0,29.19,4072.0,4095.0,4003.0,46.0,16288.0,92.0,8098.0,8190.0,0.005648330058592318,0.25141208249929936,4,HIGH
4095.0,3987.0,4095.0,4095.0,29.19,4068.0,4095.0,3987.0,54.0,16272.0,108.0,8082.0,8190.0,0.006637168141185031,0.2516592920199324,4,HIGH
4095.0,3968.8,4095.0,4095.0,29.18,4063.45,4095.0,3968.8,63.0999999999999,16253.8,126.19999999999982,8063.8,8190.0,0.007764338185054294,0.25194108453088254,4,HIGH
4095.0,4009.0,4095.0,4095.0,29.25,4073.5,4095.0,4009.0,43.0,16294.0,86.0,8104.0,8190.0,0.005278016447448262,0.251319504096519,4,HIGH
4095.0,3999.0,4095.0,4095.0,29.19,4071.0,4095.0,3999.0,48.0,16284.0,96.0,8094.0,8190.0,0.005895357405680707,0.2514738393360677,4,HIGH
4095.0,3952.0,4095.0,4095.0,29.25,4059.25,4095.0,3952.0,71.5,16237.0,143.0,8047.0,8190.0,0.008807045635966801,0.25220176139359474,4,HIGH
4095.0,3934.0,4095.0,4095.0,29.25,4054.75,4095.0,3934.0,80.5,16219.0,161.0,8029.0,8190.0,0.009926629261364657,0.25248165729992716,4,HIGH
4095.0,3947.0,4095.0,4095.0,29.25,4058.0,4095.0,3947.0,74.0,16232.0,148.0,8042.0,8190.0,0.009117792015209599,0.25227944798840074,4,HIGH
4095.0,3949.0,4095.0,4095.0,29.25,4058.5,4095.0,3949.0,73.0,16234.0,146.0,8044.0,8190.0,0.008993470493470896,0.2522483676079679,4,HIGH
4095.0,3989.0,4095.0,4095.0,29.25,4068.5,4095.0,3989.0,53.0,16274.0,106.0,8084.0,8190.0,0.006513457047651871,0.25162836424655105,4,HIGH
4095.0,3952.0,4095.0,4095.0,29.25,4059.25,4095.0,3952.0,71.5,16237.0,143.0,8047.0,8190.0,0.008807045635966801,0.25220176139359474,4,HIGH
4095.0,3987.0,4095.0,4095.0,29.31,4068.0,4095.0,3987.0,54.0,16272.0,108.0,8082.0,8190.0,0.006637168141185031,0.2516592920199324,4,HIGH
4095.0,3990.0,4095.0,4095.0,29.25,4068.75,4095.0,3990.0,52.5,16275.0,105.0,8085.0,8190.0,0.0064516129028293935,0.25161290321034635,4,HIGH
4095.0,3970.8,4095.0,4095.0,29.25,4063.95,4095.0,3970.8,62.09999999999991,16255.8,124.19999999999982,8065.8,8190.0,0.007640349905409729,0.2519100874609733,4,HIGH
4095.0,3981.0,4095.0,4095.0,29.25,4066.5,4095.0,3981.0,57.0,16266.0,114.0,8076.0,8190.0,0.007008483953829553,0.2517521209730879,4,HIGH
4095.0,3997.0,4095.0,4095.0,29.31,4070.5,4095.0,3997.0,49.0,16282.0,98.0,8092.0,8190.0,0.0060189165946432305,0.2515047291333064,4,HIGH
4095.0,3991.0,4095.0,4095.0,29.31,4069.0,4095.0,3991.0,52.0,16276.0,104.0,8086.0,8190.0,0.006389776357434887,0.2515974440739987,4,HIGH
4095.0,4023.0,4095.0,4095.0,29.31,4077.0,4095.0,4023.0,36.0,16308.0,72.0,8118.0,8190.0,0.004415011037256867,0.25110375274398433,4,HIGH
4095.0,3961.0,4095.0,3984.0,29.31,4033.75,4095.0,3961.0,71.34598797409704,16135.0,134.0,8056.0,8079.0,0.001425472575058849,0.2537960954289559,4,HIGH
4095.0,4016.0,4095.0,4095.0,29.31,4075.25,4095.0,4016.0,39.5,16301.0,79.0,8111.0,8190.0,0.004846328445810298,0.2512115820961161,4,HIGH
4095.0,4023.0,4095.0,4095.0,29.31,4077.0,4095.0,4023.0,36.0,16308.0,72.0,8118.0,8190.0,0.004415011037256867,0.25110375274398433,4,HIGH
4095.0,4010.0,4095.0,4095.0,29.31,4073.75,4095.0,4010.0,42.5,16295.0,85.0,8105.0,8190.0,0.00521632402545466,0.25130408099102153,4,HIGH
4095.0,4045.0,4095.0,4095.0,29.37,4082.5,4095.0,4045.0,25.0,16330.0,50.0,8140.0,8190.0,0.0030618493568241364,0.2507654623238968,4,HIGH
4095.0,3997.0,4095.0,4095.0,29.37,4070.5,4095.0,3997.0,49.0,16282.0,98.0,8092.0,8190.0,0.0060189165946432305,0.2515047291333064,4,HIGH
4095.0,4004.4,4095.0,4083.9,29.32,4069.575,4095.0,4004.4,43.763940636098994,16278.3,90.59999999999991,8099.4,8178.9,0.004883802362354558,0.25156189526845174,4,HIGH
4095.0,4019.0,4095.0,4095.0,29.31,4076.0,4095.0,4019.0,38.0,16304.0,76.0,8114.0,8190.0,0.004661432776946674,0.251165358178903,4,HIGH
4095.0,4003.0,4095.0,4095.0,29.37,4072.0,4095.0,4003.0,46.0,16288.0,92.0,8098.0,8190.0,0.005648330058592318,0.25141208249929936,4,HIGH
4095.0,4015.0,4095.0,4095.0,29.37,4075.0,4095.0,4015.0,40.0,16300.0,80.0,8110.0,8190.0,0.004907975459821597,0.251226993849618,4,HIGH
4095.0,4022.0,4095.0,4095.0,29.37,4076.75,4095.0,4022.0,36.5,16307.0,73.0,8117.0,8190.0,0.0044766051386228856,0.2511191512693249,4,HIGH
4095.0,4007.0,4095.0,4095.0,29.37,4073.0,4095.0,4007.0,44.0,16292.0,88.0,8102.0,8190.0,0.005401424011453387,0.25135035598751837,4,HIGH
4095.0,4015.0,4095.0,4095.0,29.37,4075.0,4095.0,4015.0,40.0,16300.0,80.0,8110.0,8190.0,0.004907975459821597,0.251226993849618,4,HIGH
4095.0,4009.0,4095.0,4095.0,29.37,4073.5,4095.0,4009.0,43.0,16294.0,86.0,8104.0,8190.0,0.005278016447448262,0.251319504096519,4,HIGH
4095.0,4021.0,4095.0,4095.0,29.37,4076.5,4095.0,4021.0,37.0,16306.0,74.0,8116.0,8190.0,0.0045382067947664535,0.25113455168335985,4,HIGH
4095.0,3998.0,4095.0,4095.0,29.37,4070.75,4095.0,3998.0,48.5,16283.0,97.0,8093.0,8190.0,0.005957133206045745,0.251489283286158,4,HIGH
4095.0,3990.0,4095.0,4095.0,29.37,4068.75,4095.0,3990.0,52.5,16275.0,105.0,8085.0,8190.0,0.0064516129028293935,0.25161290321034635,4,HIGH
4095.0,4009.9,4095.0,4095.0,29.37,4073.725,4095.0,4009.9,42.549999999999955,16294.9,85.09999999999991,8104.9,8190.0,0.005222492926914425,0.2513056232163864,4,HIGH
4095.0,4007.0,4095.0,4095.0,29.37,4073.0,4095.0,4007.0,44.0,16292.0,88.0,8102.0,8190.0,0.005401424011453387,0.25135035598751837,4,HIGH
4095.0,4003.0,4095.0,4095.0,29.37,4072.0,4095.0,4003.0,46.0,16288.0,92.0,8098.0,8190.0,0.005648330058592318,0.25141208249929936,4,HIGH
4095.0,3997.0,4095.0,4095.0,29.44,4070.5,4095.0,3997.0,49.0,16282.0,98.0,8092.0,8190.0,0.0060189165946432305,0.2515047291333064,4,HIGH
4095.0,4027.0,4095.0,4095.0,29.44,4078.0,4095.0,4027.0,34.0,16312.0,68.0,8122.0,8190.0,0.00416871015177975,0.2510421775226188,4,HIGH
4095.0,3829.0,4095.0,4095.0,29.44,4028.5,4095.0,3829.0,133.0,16114.0,266.0,7924.0,8190.0,0.016507384881686273,0.2541268462049071,4,HIGH
4095.0,3912.0,4095.0,4095.0,29.44,4049.25,4095.0,3912.0,91.5,16197.0,183.0,8007.0,8190.0,0.011298388589782158,0.25282459713201055,4,HIGH
4095.0,3941.0,4095.0,4095.0,29.44,4056.5,4095.0,3941.0,77.0,16226.0,154.0,8036.0,8190.0,0.009490940465333974,0.2523727351009261,4,HIGH
4095.0,3860.0,4095.0,4095.0,29.44,4036.25,4095.0,3860.0,117.5,16145.0,235.0,7955.0,8190.0,0.014555589965032171,0.2536388974757734,4,HIGH
4095.0,3946.0,4095.0,4095.0,29.44,4057.75,4095.0,3946.0,74.5,16231.0,149.0,8041.0,8190.0,0.00917996426534533,0.2522949910509337,4,HIGH
4095.0,3920.0,4095.0,4095.0,29.44,4051.25,4095.0,3920.0,87.5,16205.0,175.0,8015.0,8190.0,0.010799136068448062,0.2526997840016847,4,HIGH
4095.0,3944.2,4095.0,4095.0,29.42,4057.3,4095.0,3944.2,75.40000000000009,16229.2,150.80000000000018,8039.2,8190.0,0.009291893623265983,0.25232297339041215,4,HIGH
4095.0,3909.0,4095.0,4095.0,29.44,4048.5,4095.0,3909.0,93.0,16194.0,186.0,8004.0,8190.0,0.011485735456867622,0.2528714338487791,4,HIGH
4095.0,3889.0,4095.0,4095.0,29.44,4043.5,4095.0,3889.0,103.0,16174.0,206.0,7984.0,8190.0,0.01273649066324122,0.2531841226503534,4,HIGH
4095.0,3932.0,4095.0,4095.0,29.44,4054.25,4095.0,3932.0,81.5,16217.0,163.0,8027.0,8190.0,0.010051180858971994,0.25251279519932707,4,HIGH
4095.0,3988.0,4095.0,4095.0,29.44,4068.25,4095.0,3988.0,53.5,16273.0,107.0,8083.0,8190.0,0.006575308793303305,0.25164382718296296,4,HIGH
4095.0,4021.0,4095.0,4095.0,29.5,4076.5,4095.0,4021.0,37.0,16306.0,74.0,8116.0,8190.0,0.0045382067947664535,0.25113455168335985,4,HIGH
4095.0,3993.0,4095.0,4095.0,29.5,4069.5,4095.0,3993.0,51.0,16278.0,102.0,8088.0,8190.0,0.006266126059327551,0.2515665314994737,4,HIGH
4095.0,3978.0,4095.0,4095.0,29.5,4065.75,4095.0,3978.0,58.5,16263.0,117.0,8073.0,8190.0,0.007194244603874178,0.25179856113559623,4,HIGH
4095.0,3924.0,4095.0,4095.0,29.5,4052.25,4095.0,3924.0,85.5,16209.0,171.0,8019.0,8190.0,0.010549694613452421,0.25263742363793956,4,HIGH
4095.0,3902.0,4095.0,4095.0,29.5,4046.75,4095.0,3902.0,96.5,16187.0,193.0,7997.0,8190.0,0.011923148204613383,0.25298078703570887,4,HIGH
4095.0,3846.0,4095.0,4095.0,29.5,4032.75,4095.0,3846.0,124.5,16131.0,249.0,7941.0,8190.0,0.01543611679279424,0.2538590291827004,4,HIGH
4095.0,3938.2,4095.0,4095.0,29.48,4055.8,4095.0,3938.2,78.40000000000008,16223.2,156.80000000000018,8033.2,8190.0,0.00966517086581778,0.2524162927010444,4,HIGH
4095.0,3906.0,4095.0,4095.0,29.5,4047.75,4095.0,3906.0,94.5,16191.0,189.0,8001.0,8190.0,0.011673151750251796,0.2529182879221223,4,HIGH
4095.0,3949.0,4095.0,4095.0,29.5,4058.5,4095.0,3949.0,73.0,16234.0,146.0,8044.0,8190.0,0.008993470493470896,0.2522483676079679,4,HIGH
4095.0,3942.0,4095.0,4095.0,29.5,4056.75,4095.0,3942.0,76.5,16227.0,153.0,8037.0,8190.0,0.009428729894039025,0.25235718245810335,4,HIGH
4095.0,3985.0,4095.0,4095.0,29.5,4067.5,4095.0,3985.0,55.0,16270.0,110.0,8080.0,8190.0,0.00676090964924641,0.2516902273969459,4,HIGH
4095.0,4081.0,4095.0,4095.0,29.5,4091.5,4095.0,4081.0,7.0,16366.0,14.0,8176.0,8190.0,0.0008554319931042752,0.2502138579830005,4,HIGH
4095.0,4067.0,4095.0,4095.0,29.5,4088.0,4095.0,4067.0,14.0,16352.0,28.0,8162.0,8190.0,0.0017123287670185708,0.250428082176466,4,HIGH
4095.0,3998.0,4095.0,4095.0,29.5,4070.75,4095.0,3998.0,48.5,16283.0,97.0,8093.0,8190.0,0.005957133206045745,0.251489283286158,4,HIGH
4095.0,3943.0,4095.0,4095.0,29.5,4057.0,4095.0,3943.0,76.0,16228.0,152.0,8038.0,8190.0,0.009366526989809802,0.252341631732047,4,HIGH
4095.0,4005.0,4095.0,4095.0,29.5,4072.5,4095.0,4005.0,45.0,16290.0,90.0,8100.0,8190.0,0.005524861878113882,0.25138121545418163,4,HIGH
4095.0,3999.0,4095.0,4095.0,29.5,4071.0,4095.0,3999.0,48.0,16284.0,96.0,8094.0,8190.0,0.005895357405680707,0.2514738393360677,4,HIGH
4095.0,3987.5,4095.0,4095.0,29.5,4068.125,4095.0,3987.5,53.75,16272.5,107.5,8082.5,8190.0,0.006606237516877785,0.2516515593638561,4,HIGH
4095.0,3952.0,4095.0,4095.0,29.56,4059.25,4095.0,3952.0,71.5,16237.0,143.0,8047.0,8190.0,0.008807045635966801,0.25220176139359474,4,HIGH
4095.0,3831.0,4095.0,4095.0,29.56,4029.0,4095.0,3831.0,132.0,16116.0,264.0,7926.0,8190.0,0.016381236037702827,0.2540953089939132,4,HIGH
4095.0,3989.0,4095.0,4095.0,29.5,4068.5,4095.0,3989.0,53.0,16274.0,106.0,8084.0,8190.0,0.006513457047651871,0.25162836424655105,4,HIGH
4095.0,3955.0,4095.0,4095.0,29.56,4060.0,4095.0,3955.0,70.0,16240.0,140.0,8050.0,8190.0,0.008620689654641583,0.2521551723982663,4,HIGH
4095.0,3993.0,4095.0,4095.0,29.56,4069.5,4095.0,3993.0,51.0,16278.0,102.0,8088.0,8190.0,0.006266126059327551,0.2515665314994737,4,HIGH
4095.0,4001.0,4095.0,4095.0,29.56,4071.5,4095.0,4001.0,47.0,16286.0,94.0,8096.0,8190.0,0.005771828564056746,0.25144295712566356,4,HIGH
4095.0,4017.0,4095.0,4095.0,29.56,4075.5,4095.0,4017.0,39.0,16302.0,78.0,8112.0,8190.0,0.004784688994921808,0.2511961722333949,4,HIGH
4095.0,4015.0,4095.0,4095.0,29.56,4075.0,4095.0,4015.0,40.0,16300.0,80.0,8110.0,8190.0,0.004907975459821597,0.251226993849618,4,HIGH
4095.0,3987.0,4095.0,4095.0,29.56,4068.0,4095.0,3987.0,54.0,16272.0,108.0,8082.0,8190.0,0.006637168141185031,0.2516592920199324,4,HIGH
4095.0,3977.0,4095.0,4095.0,29.56,4065.5,4095.0,3977.0,59.0,16262.0,118.0,8072.0,8190.0,0.007256180051207958,0.2518140449974287,4,HIGH
4095.0,3971.7,4095.0,4095.0,29.56,4064.175,4095.0,3971.7,61.650000000000084,16256.7,123.30000000000018,8066.7,8190.0,0.007584565132678564,0.25189614126779136,4,HIGH
4095.0,3991.0,4095.0,4095.0,29.56,4069.0,4095.0,3991.0,52.0,16276.0,104.0,8086.0,8190.0,0.006389776357434887,0.2515974440739987,4,HIGH
4095.0,4010.0,4095.0,4095.0,29.56,4073.75,4095.0,4010.0,42.5,16295.0,85.0,8105.0,8190.0,0.00521632402545466,0.25130408099102153,4,HIGH
4095.0,3952.0,4095.0,4095.0,29.56,4059.25,4095.0,3952.0,71.5,16237.0,143.0,8047.0,8190.0,0.008807045635966801,0.25220176139359474,4,HIGH
4095.0,3997.0,4095.0,4095.0,29.56,4070.5,4095.0,3997.0,49.0,16282.0,98.0,8092.0,8190.0,0.0060189165946432305,0.2515047291333064,4,HIGH
4095.0,4011.0,4095.0,4095.0,29.56,4074.0,4095.0,4011.0,42.0,16296.0,84.0,8106.0,8190.0,0.005154639174941419,0.25128865977839415,4,HIGH
4095.0,3966.0,4095.0,4095.0,29.56,4062.75,4095.0,3966.0,64.5,16251.0,129.0,8061.0,8190.0,0.00793797304732398,0.25198449324644734,4,HIGH
4095.0,3998.0,4095.0,4095.0,29.56,4070.75,4095.0,3998.0,48.5,16283.0,97.0,8093.0,8190.0,0.005957133206045745,0.251489283286158,4,HIGH
4095.0,3984.0,4095.0,4095.0,29.56,4067.25,4095.0,3984.0,55.5,16269.0,111.0,8079.0,8190.0,0.006822791812230451,0.251705697937691,4,HIGH
4095.0,3964.0,4095.0,4095.0,29.56,4062.25,4095.0,3964.0,65.5,16249.0,131.0,8059.0,8190.0,0.008062034586247643,0.25201550863117633,4,HIGH
4095.0,3934.0,4095.0,4095.0,29.62,4054.75,4095.0,3934.0,80.5,16219.0,161.0,8029.0,8190.0,0.009926629261364657,0.25248165729992716,4,HIGH
4095.0,3980.7,4095.0,4095.0,29.57,4066.425,4095.0,3980.7,57.15000000000009,16265.7,114.30000000000018,8075.7,8190.0,0.007027056935328521,0.2517567642184623,4,HIGH
4095.0,3941.0,4095.0,4095.0,29.56,4056.5,4095.0,3941.0,77.0,16226.0,154.0,8036.0,8190.0,0.009490940465333974,0.2523727351009261,4,HIGH
4095.0,3955.0,4095.0,4095.0,29.62,4060.0,4095.0,3955.0,70.0,16240.0,140.0,8050.0,8190.0,0.008620689654641583,0.2521551723982663,4,HIGH
4095.0,3943.0,4095.0,4095.0,29.62,4057.0,4095.0,3943.0,76.0,16228.0,152.0,8038.0,8190.0,0.009366526989809802,0.252341631732047,4,HIGH
4095.0,3983.0,4095.0,4095.0,29.62,4067.0,4095.0,3983.0,56.0,16268.0,112.0,8078.0,8190.0,0.00688468158305356,0.25172117038039576,4,HIGH
4095.0,3991.0,4095.0,4095.0,29.62,4069.0,4095.0,3991.0,52.0,16276.0,104.0,8086.0,8190.0,0.006389776357434887,0.2515974440739987,4,HIGH
4095.0,3985.0,4095.0,4095.0,29.62,4067.5,4095.0,3985.0,55.0,16270.0,110.0,8080.0,8190.0,0.00676090964924641,0.2516902273969459,4,HIGH
4095.0,4013.0,4095.0,4095.0,29.62,4074.5,4095.0,4013.0,41.0,16298.0,82.0,8108.0,8190.0,0.005031292182781244,0.251257823030356,4,HIGH
4095.0,4001.0,4095.0,4095.0,29.62,4071.5,4095.0,4001.0,47.0,16286.0,94.0,8096.0,8190.0,0.005771828564056746,0.25144295712566356,4,HIGH
4095.0,4011.0,4095.0,4095.0,29.62,4074.0,4095.0,4011.0,42.0,16296.0,84.0,8106.0,8190.0,0.005154639174941419,0.25128865977839415,4,HIGH
4095.0,4009.0,4095.0,4095.0,29.62,4073.5,4095.0,4009.0,43.0,16294.0,86.0,8104.0,8190.0,0.005278016447448262,0.251319504096519,4,HIGH
4095.0,3983.2,4095.0,4095.0,29.62,4067.05,4095.0,3983.2,55.90000000000009,16268.2,111.80000000000018,8078.2,8190.0,0.006872303020194482,0.2517180757396812,4,HIGH
4095.0,4021.0,4095.0,4095.0,29.62,4076.5,4095.0,4021.0,37.0,16306.0,74.0,8116.0,8190.0,0.0045382067947664535,0.25113455168335985,4,HIGH
4095.0,3999.0,4095.0,4095.0,29.62,4071.0,4095.0,3999.0,48.0,16284.0,96.0,8094.0,8190.0,0.005895357405680707,0.2514738393360677,4,HIGH
4095.0,3991.0,4095.0,4095.0,29.62,4069.0,4095.0,3991.0,52.0,16276.0,104.0,8086.0,8190.0,0.006389776357434887,0.2515974440739987,4,HIGH
4095.0,4009.0,4095.0,4095.0,29.62,4073.5,4095.0,4009.0,43.0,16294.0,86.0,8104.0,8190.0,0.005278016447448262,0.251319504096519,4,HIGH
4095.0,3962.0,4095.0,4095.0,29.62,4061.75,4095.0,3962.0,66.5,16247.0,133.0,8057.0,8190.0,0.008186126669035136,0.2520465316518713,4,HIGH
4095.0,3936.0,4095.0,4095.0,29.62,4055.25,4095.0,3936.0,79.5,16221.0,159.0,8031.0,8190.0,0.009802108377424196,0.25245052707894394,4,HIGH
4095.0,3918.0,4095.0,4095.0,29.62,4050.75,4095.0,3918.0,88.5,16203.0,177.0,8013.0,8190.0,0.010923902980255267,0.25273097572963454,4,HIGH
4095.0,3942.0,4095.0,4095.0,29.62,4056.75,4095.0,3942.0,76.5,16227.0,153.0,8037.0,8190.0,0.009428729894039025,0.25235718245810335,4,HIGH
4095.0,3927.0,4095.0,4095.0,29.69,4053.0,4095.0,3927.0,84.0,16212.0,168.0,8022.0,8190.0,0.010362694299878936,0.25259067355954906,4,HIGH
4095.0,3895.0,4095.0,4095.0,29.62,4045.0,4095.0,3895.0,100.0,16180.0,200.0,7990.0,8190.0,0.012360939430632822,0.25309023484220705,4,HIGH
4095.0,3960.0,4095.0,4095.0,29.63,4061.25,4095.0,3960.0,67.5,16245.0,135.0,8055.0,8190.0,0.008310249306967667,0.2520775623113526,4,HIGH
4095.0,3951.0,4095.0,4095.0,29.69,4059.0,4095.0,3951.0,72.0,16236.0,144.0,8046.0,8190.0,0.008869179600340652,0.25221729488468725,4,HIGH
4095.0,3993.0,4095.0,4095.0,29.69,4069.5,4095.0,3993.0,51.0,16278.0,102.0,8088.0,8190.0,0.006266126059327551,0.2515665314994737,4,HIGH
4095.0,3942.0,4095.0,4095.0,29.69,4056.75,4095.0,3942.0,76.5,16227.0,153.0,8037.0,8190.0,0.009428729894039025,0.25235718245810335,4,HIGH
4095.0,3891.0,4095.0,4095.0,29.69,4044.0,4095.0,3891.0,102.0,16176.0,204.0,7986.0,8190.0,0.012611275963612062,0.253152818975448,4,HIGH
4095.0,4006.0,4095.0,4095.0,29.69,4072.75,4095.0,4006.0,44.5,16291.0,89.0,8101.0,8190.0,0.005463139156254181,0.2513657847737176,4,HIGH
4095.0,3977.0,4095.0,4095.0,29.69,4065.5,4095.0,3977.0,59.0,16262.0,118.0,8072.0,8190.0,0.007256180051207958,0.2518140449974287,4,HIGH
4095.0,3972.0,4095.0,4095.0,29.69,4064.25,4095.0,3972.0,61.5,16257.0,123.0,8067.0,8190.0,0.007565971581007198,0.2518914928798738,4,HIGH
4095.0,4018.0,4095.0,4095.0,29.69,4075.75,4095.0,4018.0,38.5,16303.0,77.0,8113.0,8190.0,0.004723057105764396,0.25118076426110647,4,HIGH
4095.0,3941.0,4095.0,4095.0,29.69,4056.5,4095.0,3941.0,77.0,16226.0,154.0,8036.0,8190.0,0.009490940465333974,0.2523727351009261,4,HIGH
4095.0,3952.0,4095.0,4095.0,29.69,4059.25,4095.0,3952.0,71.5,16237.0,143.0,8047.0,8190.0,0.008807045635966801,0.25220176139359474,4,HIGH
4095.0,3964.3,4095.0,4095.0,29.69,4062.325,4095.0,3964.3,65.34999999999991,16249.3,130.69999999999982,8059.3,8190.0,0.008043423408513375,0.2520108558367431,4,HIGH
4095.0,3959.0,4095.0,4095.0,29.69,4061.0,4095.0,3959.0,68.0,16244.0,136.0,8054.0,8190.0,0.008372322087640216,0.25209308050651974,4,HIGH
4095.0,3977.0,4095.0,4095.0,29.69,4065.5,4095.0,3977.0,59.0,16262.0,118.0,8072.0,8190.0,0.007256180051207958,0.2518140449974287,4,HIGH
4095.0,3957.0,4095.0,4095.0,29.69,4060.5,4095.0,3957.0,69.0,16242.0,138.0,8052.0,8190.0,0.008496490579454716,0.2521241226294715,4,HIGH
4095.0,3951.0,4095.0,4095.0,29.69,4059.0,4095.0,3951.0,72.0,16236.0,144.0,8046.0,8190.0,0.008869179600340652,0.25221729488468725,4,HIGH
4095.0,3952.0,4095.0,4095.0,29.69,4059.25,4095.0,3952.0,71.5,16237.0,143.0,8047.0,8190.0,0.008807045635966801,0.25220176139359474,4,HIGH
4095.0,3955.0,4095.0,4095.0,29.69,4060.0,4095.0,3955.0,70.0,16240.0,140.0,8050.0,8190.0,0.008620689654641583,0.2521551723982663,4,HIGH
4095.0,3952.0,4095.0,4095.0,29.69,4059.25,4095.0,3952.0,71.5,16237.0,143.0,8047.0,8190.0,0.008807045635966801,0.25220176139359474,4,HIGH
4095.0,3953.0,4095.0,4095.0,29.69,4059.5,4095.0,3953.0,71.0,16238.0,142.0,8048.0,8190.0,0.008744919324501483,0.25218622981572936,4,HIGH
4095.0,3951.0,4095.0,4095.0,29.69,4059.0,4095.0,3951.0,72.0,16236.0,144.0,8046.0,8190.0,0.008869179600340652,0.25221729488468725,4,HIGH
4095.0,3990.0,4095.0,4095.0,29.69,4068.75,4095.0,3990.0,52.5,16275.0,105.0,8085.0,8190.0,0.0064516129028293935,0.25161290321034635,4,HIGH
4095.0,3959.7,4095.0,4095.0,29.69,4061.175,4095.0,3959.7,67.65000000000009,16244.7,135.30000000000018,8054.7,8190.0,0.008328870338736407,0.25208221756929444,4,HIGH
4095.0,3984.0,4095.0,4095.0,29.75,4067.25,4095.0,3984.0,55.5,16269.0,111.0,8079.0,8190.0,0.006822791812230451,0.251705697937691,4,HIGH
4095.0,3967.0,4095.0,4095.0,29.69,4063.0,4095.0,3967.0,64.0,16252.0,128.0,8062.0,8190.0,0.007875953728287229,0.2519689884166891,4,HIGH
4095.0,3947.0,4095.0,4095.0,29.75,4058.0,4095.0,3947.0,74.0,16232.0,148.0,8042.0,8190.0,0.009117792015209599,0.25227944798840074,4,HIGH
4095.0,3931.0,4095.0,4095.0,29.75,4054.0,4095.0,3931.0,82.0,16216.0,164.0,8026.0,8190.0,0.010113468178952055,0.25252836702932113,4,HIGH
4095.0,3943.0,4095.0,4095.0,29.69,4057.0,4095.0,3943.0,76.0,16228.0,152.0,8038.0,8190.0,0.009366526989809802,0.252341631732047,4,HIGH
4095.0,3920.0,4095.0,4095.0,29.75,4051.25,4095.0,3920.0,87.5,16205.0,175.0,8015.0,8190.0,0.010799136068448062,0.2526997840016847,4,HIGH
4095.0,3949.0,4095.0,4095.0,29.75,4058.5,4095.0,3949.0,73.0,16234.0,146.0,8044.0,8190.0,0.008993470493470896,0.2522483676079679,4,HIGH
4095.0,3903.0,4095.0,4095.0,29.75,4047.0,4095.0,3903.0,96.0,16188.0,192.0,7998.0,8190.0,0.011860637508533441,0.25296515936168984,4,HIGH
4095.0,3919.0,4095.0,4095.0,29.75,4051.0,4095.0,3919.0,88.0,16204.0,176.0,8014.0,8190.0,0.010861515674471642,0.2527153789031896,4,HIGH
4095.0,3911.0,4095.0,4095.0,29.75,4049.0,4095.0,3911.0,92.0,16196.0,184.0,8006.0,8190.0,0.011360829833825584,0.2528402074430205,4,HIGH
4095.0,3937.4,4095.0,4095.0,29.74,4055.6,4095.0,3937.4,78.79999999999995,16222.4,157.5999999999999,8032.4,8190.0,0.009714962027214556,0.25242874049139286,4,HIGH
4095.0,3930.0,4095.0,4095.0,29.75,4053.75,4095.0,3930.0,82.5,16215.0,165.0,8025.0,8190.0,0.010175763181611116,0.25254394077998493,4,HIGH
4095.0,3929.0,4095.0,4095.0,29.75,4053.5,4095.0,3929.0,83.0,16214.0,166.0,8024.0,8190.0,0.010238065868370663,0.2525595164516739,4,HIGH
4095.0,3920.0,4095.0,4095.0,29.75,4051.25,4095.0,3920.0,87.5,16205.0,175.0,8015.0,8190.0,0.010799136068448062,0.2526997840016847,4,HIGH
4095.0,3824.0,4095.0,4095.0,29.75,4027.25,4095.0,3824.0,135.5,16109.0,271.0,7919.0,8190.0,0.016822894033346397,0.25420572349281734,4,HIGH
4095.0,3570.0,4095.0,4095.0,29.75,3963.75,4095.0,3570.0,262.5,15855.0,525.0,7665.0,8190.0,0.03311258277936849,0.2582781456790742,4,HIGH
4095.0,3669.0,4095.0,4095.0,29.75,3988.5,4095.0,3669.0,213.0,15954.0,426.0,7764.0,8190.0,0.026701767580123995,0.2566754418793609,4,HIGH
4095.0,3723.0,4095.0,4095.0,29.75,4002.0,4095.0,3723.0,186.0,16008.0,372.0,7818.0,8190.0,0.023238380808143527,0.25580959518641866,4,HIGH
4095.0,3712.0,4095.0,4095.0,29.81,3999.25,4095.0,3712.0,191.5,15997.0,383.0,7807.0,8190.0,0.0239419891214639,0.255985497264738,4,HIGH
4095.0,3852.0,4095.0,4095.0,29.75,4034.25,4095.0,3852.0,121.5,16137.0,243.0,7947.0,8190.0,0.015058561069897839,0.2537646402519821,4,HIGH
4095.0,3888.0,4095.0,4095.0,29.75,4043.25,4095.0,3888.0,103.5,16173.0,207.0,7983.0,8190.0,0.012799109626364984,0.25319977739113336,4,HIGH
4095.0,3801.7,4095.0,4095.0,29.76,4021.675,4095.0,3801.7,146.6500000000001,16086.7,293.3000000000002,7896.7,8190.0,0.018232452894737124,0.2545581132081435,4,HIGH
4095.0,3870.0,4095.0,4095.0,29.75,4038.75,4095.0,3870.0,112.5,16155.0,225.0,7965.0,8190.0,0.013927576600809188,0.2534818941347272,4,HIGH
4095.0,3851.0,4095.0,4095.0,29.75,4034.0,4095.0,3851.0,122.0,16136.0,244.0,7946.0,8190.0,0.01512146752509163,0.2537803668657796,4,HIGH
4095.0,3750.0,4095.0,4095.0,29.75,4008.75,4095.0,3750.0,172.5,16035.0,345.0,7845.0,8190.0,0.021515434984626415,0.2553788587305657,4,HIGH
4095.0,3792.0,4095.0,4095.0,29.75,4019.25,4095.0,3792.0,151.5,16077.0,303.0,7887.0,8190.0,0.018846799774905342,0.25471169992817616,4,HIGH
4095.0,3901.0,4095.0,4095.0,29.75,4046.5,4095.0,3901.0,97.0,16186.0,194.0,7996.0,8190.0,0.011985666624738312,0.25299641664073913,4,HIGH
4095.0,3957.0,4095.0,4095.0,29.75,4060.5,4095.0,3957.0,69.0,16242.0,138.0,8052.0,8190.0,0.008496490579454716,0.2521241226294715,4,HIGH
3787.0,3476.0,4095.0,4095.0,29.81,3863.25,4095.0,3476.0,296.19405238233037,15453.0,619.0,7263.0,8190.0,0.059988351772472116,0.26499708792693993,3,HIGH
4095.0,3995.0,4095.0,4095.0,29.81,4070.0,4095.0,3995.0,50.0,16280.0,100.0,8090.0,8190.0,0.006142506142128839,0.2515356265201759,4,HIGH
4095.0,3966.0,4095.0,4095.0,29.81,4062.75,4095.0,3966.0,64.5,16251.0,129.0,8061.0,8190.0,0.00793797304732398,0.25198449324644734,4,HIGH
4095.0,3941.0,4095.0,4095.0,29.81,4056.5,4095.0,3941.0,77.0,16226.0,154.0,8036.0,8190.0,0.009490940465333974,0.2523727351009261,4,HIGH
4064.2,3849.9,4095.0,4095.0,29.77,4026.025,4095.0,3849.9,118.31095680451573,16104.1,245.0999999999999,7914.1,8190.0,0.017132283082126127,0.25428307075500756,4,HIGH
4095.0,3947.0,4095.0,4095.0,29.81,4058.0,4095.0,3947.0,74.0,16232.0,148.0,8042.0,8190.0,0.009117792015209599,0.25227944798840074,4,HIGH
4095.0,3984.0,4095.0,4095.0,29.75,4067.25,4095.0,3984.0,55.5,16269.0,111.0,8079.0,8190.0,0.006822791812230451,0.251705697937691,4,HIGH
4095.0,3933.0,4095.0,4095.0,29.81,4054.5,4095.0,3933.0,81.0,16218.0,162.0,8028.0,8190.0,0.00998890122024979,0.25249722528964746,4,HIGH
4095.0,3953.0,4095.0,4095.0,29.81,4059.5,4095.0,3953.0,71.0,16238.0,142.0,8048.0,8190.0,0.008744919324501483,0.25218622981572936,4,HIGH
4095.0,3959.0,4095.0,4095.0,29.81,4061.0,4095.0,3959.0,68.0,16244.0,136.0,8054.0,8190.0,0.008372322087640216,0.25209308050651974,4,HIGH
4095.0,3941.0,4095.0,4095.0,29.75,4056.5,4095.0,3941.0,77.0,16226.0,154.0,8036.0,8190.0,0.009490940465333974,0.2523727351009261,4,HIGH
4095.0,3941.0,4095.0,4095.0,29.81,4056.5,4095.0,3941.0,77.0,16226.0,154.0,8036.0,8190.0,0.009490940465333974,0.2523727351009261,4,HIGH
4095.0,3920.0,4095.0,4095.0,29.81,4051.25,4095.0,3920.0,87.5,16205.0,175.0,8015.0,8190.0,0.010799136068448062,0.2526997840016847,4,HIGH
4095.0,3941.0,4095.0,4095.0,29.81,4056.5,4095.0,3941.0,77.0,16226.0,154.0,8036.0,8190.0,0.009490940465333974,0.2523727351009261,4,HIGH
4095.0,3959.0,4095.0,4095.0,29.81,4061.0,4095.0,3959.0,68.0,16244.0,136.0,8054.0,8190.0,0.008372322087640216,0.25209308050651974,4,HIGH
4095.0,3947.8,4095.0,4095.0,29.8,4058.2,4095.0,3947.8,73.5999999999999,16232.8,147.19999999999982,8042.8,8190.0,0.009068059730356548,0.2522670149171882,4,HIGH
4095.0,3920.0,4095.0,4095.0,29.81,4051.25,4095.0,3920.0,87.5,16205.0,175.0,8015.0,8190.0,0.010799136068448062,0.2526997840016847,4,HIGH
4095.0,3903.0,4095.0,4095.0,29.81,4047.0,4095.0,3903.0,96.0,16188.0,192.0,7998.0,8190.0,0.011860637508533441,0.25296515936168984,4,HIGH
4095.0,3916.0,4095.0,4095.0,29.81,4050.25,4095.0,3916.0,89.5,16201.0,179.0,8011.0,8190.0,0.011048700696805833,0.2527621751587703,4,HIGH
4095.0,3915.0,4095.0,4095.0,29.81,4050.0,4095.0,3915.0,90.0,16200.0,180.0,8010.0,8190.0,0.01111111111042524,0.2527777777621742,4,HIGH
4095.0,3919.0,4095.0,4095.0,29.81,4051.0,4095.0,3919.0,88.0,16204.0,176.0,8014.0,8190.0,0.010861515674471642,0.2527153789031896,4,HIGH
4095.0,3920.0,4095.0,4095.0,29.81,4051.25,4095.0,3920.0,87.5,16205.0,175.0,8015.0,8190.0,0.010799136068448062,0.2526997840016847,4,HIGH
4095.0,3932.0,4095.0,4095.0,29.81,4054.25,4095.0,3932.0,81.5,16217.0,163.0,8027.0,8190.0,0.010051180858971994,0.25251279519932707,4,HIGH
4095.0,3943.0,4095.0,4095.0,29.81,4057.0,4095.0,3943.0,76.0,16228.0,152.0,8038.0,8190.0,0.009366526989809802,0.252341631732047,4,HIGH
4095.0,3936.0,4095.0,4095.0,29.81,4055.25,4095.0,3936.0,79.5,16221.0,159.0,8031.0,8190.0,0.009802108377424196,0.25245052707894394,4,HIGH
4095.0,3939.0,4095.0,4095.0,29.81,4056.0,4095.0,3939.0,78.0,16224.0,156.0,8034.0,8190.0,0.009615384614791951,0.2524038461382887,4,HIGH
4095.0,3924.3,4095.0,4095.0,29.81,4052.325,4095.0,3924.3,85.3499999999999,16209.3,170.69999999999982,8019.3,8190.0,0.010530991467211344,0.2526327478513796,4,HIGH
4095.0,3950.0,4095.0,4095.0,29.81,4058.75,4095.0,3950.0,72.5,16235.0,145.0,8045.0,8190.0,0.008931321219037183,0.25223283028936044,4,HIGH
4095.0,3942.0,4095.0,4095.0,29.81,4056.75,4095.0,3942.0,76.5,16227.0,153.0,8037.0,8190.0,0.009428729894039025,0.25235718245810335,4,HIGH
4095.0,3941.0,4095.0,4095.0,29.81,4056.5,4095.0,3941.0,77.0,16226.0,154.0,8036.0,8190.0,0.009490940465333974,0.2523727351009261,4,HIGH
4095.0,3958.0,4095.0,4095.0,29.81,4060.75,4095.0,3958.0,68.5,16243.0,137.0,8053.0,8190.0,0.008434402511331995,0.2521086006124417,4,HIGH
4095.0,3949.0,4095.0,4095.0,29.81,4058.5,4095.0,3949.0,73.0,16234.0,146.0,8044.0,8190.0,0.008993470493470896,0.2522483676079679,4,HIGH
4095.0,3935.0,4095.0,4095.0,29.81,4055.0,4095.0,3935.0,80.0,16220.0,160.0,8030.0,8190.0,0.009864364980896155,0.25246609122981095,4,HIGH
4095.0,3914.0,4095.0,4095.0,29.87,4049.75,4095.0,3914.0,90.5,16199.0,181.0,8009.0,8190.0,0.011173529229509628,0.25279338229194437,4,HIGH
4095.0,3927.0,4095.0,4095.0,29.87,4053.0,4095.0,3927.0,84.0,16212.0,168.0,8022.0,8190.0,0.010362694299878936,0.25259067355954906,4,HIGH
4095.0,3933.0,4095.0,4095.0,29.81,4054.5,4095.0,3933.0,81.0,16218.0,162.0,8028.0,8190.0,0.00998890122024979,0.25249722528964746,4,HIGH
4095.0,3921.0,4095.0,4095.0,29.87,4051.5,4095.0,3921.0,87.0,16206.0,174.0,8016.0,8190.0,0.010736764160759178,0.2526841910247634,4,HIGH
4095.0,3937.0,4095.0,4095.0,29.83,4055.5,4095.0,3937.0,79.0,16222.0,158.0,8032.0,8190.0,0.009739859449529042,0.2524349648469711,4,HIGH
4095.0,4026.0,4095.0,4095.0,29.81,4077.75,4095.0,4026.0,34.5,16311.0,69.0,8121.0,8190.0,0.004230274047928988,0.25105756849665517,4,HIGH
4095.0,3873.0,4095.0,4095.0,29.87,4039.5,4095.0,3873.0,111.0,16158.0,222.0,7968.0,8190.0,0.013739324172933573,0.25343483102776115,4,HIGH
272.0,3963.0,4095.0,4095.0,29.87,3106.25,4095.0,272.0,1890.524332030667,12425.0,3823.0,4235.0,8190.0,0.3183098591293111,0.32957746476220706,3,HIGH
4095.0,0.0,4095.0,51.0,29.87,2060.25,4095.0,0.0,2349.619171270102,8241.0,4095.0,4095.0,4146.0,0.006188569347629102,0.4969057152655132,2,HIGH
190.0,3883.0,1559.0,4095.0,29.87,2431.75,4095.0,190.0,1884.9989168873988,9727.0,3905.0,4073.0,5654.0,0.16253726738331065,0.4209931119131291,2,HIGH
4095.0,3984.0,4095.0,4095.0,29.87,4067.25,4095.0,3984.0,55.5,16269.0,111.0,8079.0,8190.0,0.006822791812230451,0.251705697937691,4,HIGH
3919.0,3054.0,4095.0,3926.0,29.87,3748.5,4095.0,3054.0,470.0953803928163,14994.0,1041.0,6973.0,8021.0,0.06989462451181175,0.2731092436792644,3,HIGH
4046.0,3945.0,4095.0,4095.0,29.87,4045.25,4095.0,3945.0,70.71244586351118,16181.0,150.0,7991.0,8190.0,0.012298374636159794,0.25307459364358975,4,HIGH
4095.0,3778.0,4095.0,3942.0,29.87,3977.5,4095.0,3778.0,151.29771974487917,15910.0,317.0,7873.0,8037.0,0.010307982400357763,0.25738529225283563,4,HIGH
4095.0,3808.0,4095.0,4095.0,29.87,4023.25,4095.0,3808.0,143.5,16093.0,287.0,7903.0,8190.0,0.017833840799239803,0.25445846018427526,4,HIGH
3299.7,3431.4,3841.4,3658.4,29.87,3557.725,3841.4,3299.7,240.23729068013853,14230.9,541.7000000000003,6731.1,7499.8,0.054016260387325016,0.2699337357250818,2,HIGH
4095.0,3689.0,4095.0,3984.0,29.87,3965.75,4095.0,3689.0,191.77656269732233,15863.0,406.0,7784.0,8079.0,0.018596734538322085,0.25814789130314897,4,HIGH
4095.0,3846.0,4095.0,4095.0,29.87,4032.75,4095.0,3846.0,124.5,16131.0,249.0,7941.0,8190.0,0.01543611679279424,0.2538590291827004,4,HIGH
3958.0,3988.0,4095.0,4095.0,29.87,4034.0,4095.0,3958.0,71.49358945621162,16136.0,137.0,7946.0,8190.0,0.01512146752509163,0.2537803668657796,4,HIGH
4095.0,3935.0,4095.0,4095.0,29.87,4055.0,4095.0,3935.0,80.0,16220.0,160.0,8030.0,8190.0,0.009864364980896155,0.25246609122981095,4,HIGH
4095.0,3983.0,4095.0,4095.0,29.87,4067.0,4095.0,3983.0,56.0,16268.0,112.0,8078.0,8190.0,0.00688468158305356,0.25172117038039576,4,HIGH
4095.0,3850.0,4095.0,4095.0,29.87,4033.75,4095.0,3850.0,122.5,16135.0,245.0,7945.0,8190.0,0.015184381777800782,0.2537960954289559,4,HIGH
4091.0,3923.0,4095.0,4095.0,29.87,4051.0,4095.0,3923.0,85.35416412415584,16204.0,172.0,8014.0,8190.0,0.010861515674471642,0.2527153789031896,4,HIGH
3952.0,3905.0,4095.0,4095.0,29.87,4011.75,4095.0,3905.0,98.02508182433039,16047.0,190.0,7857.0,8190.0,0.02075154234307026,0.25518788557018834,4,HIGH
4095.0,4075.0,4095.0,4095.0,29.87,4090.0,4095.0,4075.0,10.0,16360.0,20.0,8170.0,8190.0,0.0012224938874558378,0.2503056234565828,4,HIGH
4095.0,4041.0,4095.0,4095.0,29.87,4081.5,4095.0,4041.0,27.0,16326.0,54.0,8136.0,8190.0,0.003307607497041063,0.25082690185894724,4,HIGH
4066.6,3923.5,4095.0,4083.9,29.87,4042.25,4095.0,3923.5,80.02451707653933,16169.0,171.5,7990.1,8178.9,0.01167666522285377,0.25326241571814817,4,HIGH
4095.0,4003.0,4095.0,4095.0,29.87,4072.0,4095.0,4003.0,46.0,16288.0,92.0,8098.0,8190.0,0.005648330058592318,0.25141208249929936,4,HIGH
4095.0,3974.0,4095.0,4095.0,29.87,4064.75,4095.0,3974.0,60.5,16259.0,121.0,8069.0,8190.0,0.007442032104837811,0.2518605080108334,4,HIGH
4095.0,3989.0,4095.0,4095.0,29.87,4068.5,4095.0,3989.0,53.0,16274.0,106.0,8084.0,8190.0,0.006513457047651871,0.25162836424655105,4,HIGH
4095.0,3959.0,4095.0,4095.0,29.87,4061.0,4095.0,3959.0,68.0,16244.0,136.0,8054.0,8190.0,0.008372322087640216,0.25209308050651974,4,HIGH
4095.0,3984.0,4095.0,4095.0,29.87,4067.25,4095.0,3984.0,55.5,16269.0,111.0,8079.0,8190.0,0.006822791812230451,0.251705697937691,4,HIGH
4095.0,3946.0,4095.0,4095.0,29.87,4057.75,4095.0,3946.0,74.5,16231.0,149.0,8041.0,8190.0,0.00917996426534533,0.2522949910509337,4,HIGH
4095.0,3991.0,4095.0,4095.0,29.87,4069.0,4095.0,3991.0,52.0,16276.0,104.0,8086.0,8190.0,0.006389776357434887,0.2515974440739987,4,HIGH
4095.0,3941.0,4095.0,4095.0,29.87,4056.5,4095.0,3941.0,77.0,16226.0,154.0,8036.0,8190.0,0.009490940465333974,0.2523727351009261,4,HIGH
4095.0,4005.0,4095.0,4095.0,29.94,4072.5,4095.0,4005.0,45.0,16290.0,90.0,8100.0,8190.0,0.005524861878113882,0.25138121545418163,4,HIGH
4095.0,3921.0,4095.0,4095.0,29.87,4051.5,4095.0,3921.0,87.0,16206.0,174.0,8016.0,8190.0,0.010736764160759178,0.2526841910247634,4,HIGH
4095.0,3971.3,4095.0,4095.0,29.88,4064.075,4095.0,3971.3,61.8499999999999,16256.3,123.69999999999982,8066.3,8190.0,0.007609357602430471,0.251902339385229,4,HIGH
4095.0,3918.0,4095.0,4095.0,29.87,4050.75,4095.0,3918.0,88.5,16203.0,177.0,8013.0,8190.0,0.010923902980255267,0.25273097572963454,4,HIGH
4095.0,3856.0,4095.0,4095.0,29.87,4035.25,4095.0,3856.0,119.5,16141.0,239.0,7951.0,8190.0,0.014807013195291058,0.2537017532833343,4,HIGH
4095.0,3953.0,4095.0,4095.0,29.94,4059.5,4095.0,3953.0,71.0,16238.0,142.0,8048.0,8190.0,0.008744919324501483,0.25218622981572936,4,HIGH
4095.0,3888.0,4095.0,4095.0,29.94,4043.25,4095.0,3888.0,103.5,16173.0,207.0,7983.0,8190.0,0.012799109626364984,0.25319977739113336,4,HIGH
4095.0,3884.0,4095.0,4095.0,29.87,4042.25,4095.0,3884.0,105.5,16169.0,211.0,7979.0,8190.0,0.01304966293443938,0.25326241571814817,4,HIGH
4095.0,3813.0,4095.0,4095.0,29.94,4024.5,4095.0,3813.0,141.0,16098.0,282.0,7908.0,8190.0,0.01751770406152828,0.2543794259998522,4,HIGH
4095.0,3911.0,4095.0,4095.0,29.94,4049.0,4095.0,3911.0,92.0,16196.0,184.0,8006.0,8190.0,0.011360829833825584,0.2528402074430205,4,HIGH
4095.0,3839.0,4095.0,4095.0,29.94,4031.0,4095.0,3839.0,128.0,16124.0,256.0,7934.0,8190.0,0.015876953608541494,0.25396923838663055,4,HIGH
4095.0,3913.0,4095.0,4095.0,29.94,4049.5,4095.0,3913.0,91.0,16198.0,182.0,8008.0,8190.0,0.011235955055486111,0.2528089887484375,4,HIGH
4095.0,3913.0,4095.0,4095.0,29.94,4049.5,4095.0,3913.0,91.0,16198.0,182.0,8008.0,8190.0,0.011235955055486111,0.2528089887484375,4,HIGH
4095.0,3888.8,4095.0,4095.0,29.92,4043.45,4095.0,3888.8,103.09999999999991,16173.8,206.19999999999982,7983.8,8190.0,0.012749013836405225,0.25318725344364423,4,HIGH
3748.0,0.0,4095.0,3671.0,29.69,2878.5,4095.0,0.0,1927.8417120361999,11514.0,4095.0,3748.0,7766.0,0.3489664755646199,0.35565398642038787,3,SAFE
3760.0,0.0,4095.0,3686.0,29.69,2885.25,4095.0,0.0,1931.7134665023864,11541.0,4095.0,3760.0,7781.0,0.3484100164328559,0.3548219391426374,3,SAFE
3744.0,0.0,4095.0,3748.0,29.75,2896.75,4095.0,0.0,1938.1625963783329,11587.0,4095.0,3744.0,7843.0,0.35375852245156136,0.3534133079871051,3,SAFE
3756.0,0.0,4095.0,3776.0,29.81,2906.75,4095.0,0.0,1944.0468744348732,11627.0,4095.0,3756.0,7871.0,0.3539176055427954,0.3521974713724781,3,SAFE
3751.0,0.0,4095.0,3793.0,29.87,2909.75,4095.0,0.0,1945.875531305467,11639.0,4095.0,3751.0,7888.0,0.3554429074357382,0.35183434999984237,3,SAFE
3327.0,0.0,4095.0,4095.0,29.87,2879.25,4095.0,0.0,1953.343863737258,11517.0,4095.0,3327.0,8190.0,0.4222453763634414,0.3555613440691533,2,SAFE
3713.9,0.0,4095.0,3681.6,29.71,2872.625,4095.0,0.0,1924.2625606969543,11490.5,4095.0,3713.9,7776.6,0.3535703406854732,0.3563813584825394,3,SAFE
2928.0,0.0,4095.0,4095.0,29.94,2779.5,4095.0,0.0,1932.9384366813135,11118.0,4095.0,2928.0,8190.0,0.47328656228878513,0.3683216405497102,2,SAFE
3189.0,0.0,4095.0,4095.0,29.94,2844.75,4095.0,0.0,1943.9959490698534,11379.0,4095.0,3189.0,8190.0,0.43949380433785973,0.35987345106249463,2,SAFE
3289.0,0.0,4095.0,4095.0,30.0,2869.75,4095.0,0.0,1950.5307611006806,11479.0,4095.0,3289.0,8190.0,0.4269535673467241,0.35673839181490213,2,SAFE
3415.0,0.0,4095.0,4095.0,30.06,2901.25,4095.0,0.0,1960.5499866108999,11605.0,4095.0,3415.0,8190.0,0.4114605773018991,0.35286514430393234,2,SAFE
3419.0,0.0,4095.0,4095.0,30.06,2902.25,4095.0,0.0,1960.900367178302,11609.0,4095.0,3419.0,8190.0,0.4109742440855393,0.3527435609998498,2,SAFE
3447.0,0.0,4095.0,4095.0,30.12,2909.25,4095.0,0.0,1963.4083248270085,11637.0,4095.0,3447.0,8190.0,0.4075792729734829,0.3518948182218875,2,SAFE
3391.0,0.0,4095.0,4095.0,30.19,2895.25,4095.0,0.0,1958.489277478945,11581.0,4095.0,3391.0,8190.0,0.4143856316022463,0.3535964078789745,2,SAFE
3383.0,0.0,4095.0,4095.0,30.19,2893.25,4095.0,0.0,1957.8182372222402,11573.0,4095.0,3383.0,8190.0,0.4153633456825919,0.35384083639904595,2,SAFE
3490.0,0.0,4095.0,4095.0,30.25,2920.0,4095.0,0.0,1967.4475850705655,11680.0,4095.0,3490.0,8190.0,0.40239726023952077,0.3505993150384761,2,SAFE
3792.0,0.0,4095.0,4095.0,30.31,2995.5,4095.0,0.0,2002.101645771263,11982.0,4095.0,3792.0,8190.0,0.3670505758331622,0.3417626439374259,3,SAFE
3374.3,0.0,4095.0,4095.0,30.11,2891.075,4095.0,0.0,1957.0974994874425,11564.3,4095.0,3374.3,8190.0,0.41642814520408256,0.3541070362794024,2,SAFE
3875.0,799.0,4087.0,4095.0,30.31,3214.0,4095.0,799.0,1613.219968468859,12856.0,3296.0,4674.0,8182.0,0.2728686994187252,0.3185283136031014,3,SAFE
3662.0,0.0,4095.0,4095.0,30.37,2963.0,4095.0,0.0,1985.8514546662345,11852.0,4095.0,3662.0,8190.0,0.3820452244024599,0.34551130607952146,3,SAFE
3755.0,0.0,4095.0,4095.0,30.44,2986.25,4095.0,0.0,1997.2747056927346,11945.0,4095.0,3755.0,8190.0,0.3712850564779167,0.3428212640985499,3,SAFE
3522.0,0.0,4095.0,4095.0,30.44,2928.0,4095.0,0.0,1970.6004161168748,11712.0,4095.0,3522.0,8190.0,0.3985655737364613,0.3496413934127697,3,SAFE
3239.0,0.0,4095.0,4095.0,30.5,2857.25,4095.0,0.0,1947.105608332532,11429.0,4095.0,3239.0,8190.0,0.43319625510252896,0.35829906375375803,2,SAFE
3643.0,0.0,4095.0,4095.0,30.56,2958.25,4095.0,0.0,1983.6436802006554,11833.0,4095.0,3643.0,8190.0,0.38426434544204646,0.34606608633938424,3,SAFE
3696.0,0.0,4095.0,4095.0,30.62,2971.5,4095.0,0.0,1989.9092944152003,11886.0,4095.0,3696.0,8190.0,0.37809187275970957,0.3445229681688942,3,SAFE
3538.0,0.0,4095.0,4095.0,30.62,2932.0,4095.0,0.0,1972.2236181528706,11728.0,4095.0,3538.0,8190.0,0.39665757158964376,0.3491643928760944,3,SAFE
3454.0,0.0,4095.0,4095.0,30.69,2911.0,4095.0,0.0,1964.0504066851238,11644.0,4095.0,3454.0,8190.0,0.4067330813803905,0.35168327032362734,2,SAFE
3538.0,0.0,4095.0,4095.0,30.75,2932.0,4095.0,0.0,1972.2236181528706,11728.0,4095.0,3538.0,8190.0,0.39665757158964376,0.3491643928760944,3,SAFE
3592.2,79.9,4094.2,4095.0,30.53,2965.325,4095.0,79.9,1938.141211530608,11861.3,4015.1,3672.1,8189.2,0.3808267221652916,0.3452404036365963,3,SAFE
3553.0,0.0,4095.0,4095.0,30.75,2935.75,4095.0,0.0,1973.7736065719391,11743.0,4095.0,3553.0,8190.0,0.3948735416507814,0.3487183853914061,3,SAFE
3646.0,0.0,4095.0,4095.0,30.81,2959.0,4095.0,0.0,1983.9894152943457,11836.0,4095.0,3646.0,8190.0,0.3839134842527954,0.34597837104207685,3,SAFE
3307.0,1681.0,4095.0,4095.0,30.81,3294.5,4095.0,1681.0,1138.0010251899307,13178.0,2414.0,4988.0,8190.0,0.24298072543307173,0.3107451813392969,2,SAFE
3461.0,381.0,4095.0,4095.0,30.87,3008.0,4095.0,381.0,1776.6519073808465,12032.0,3714.0,3842.0,8190.0,0.36136968082102977,0.3403424201844795,2,SAFE
3519.0,363.0,4095.0,4095.0,30.94,3018.0,4095.0,363.0,1790.7060060210888,12072.0,3732.0,3882.0,8190.0,0.35685884688892816,0.33921471170152295,3,SAFE
3326.0,1043.0,4095.0,4095.0,31.0,3139.75,4095.0,1043.0,1444.074646039232,12559.0,3052.0,4369.0,8190.0,0.30424396844460194,0.32606099209124445,2,SAFE
3680.0,0.0,4095.0,4095.0,31.0,2967.5,4095.0,0.0,1987.982645799505,11870.0,4095.0,3680.0,8190.0,0.37994945236900174,0.34498736307118893,3,SAFE
3174.0,1645.0,4095.0,4095.0,31.06,3252.25,4095.0,1645.0,1156.1186141568694,13009.0,2450.0,4819.0,8190.0,0.25912829577529956,0.3147820739246074,2,SAFE
3429.0,1446.0,4095.0,4095.0,31.06,3266.25,4095.0,1446.0,1253.4553242936104,13065.0,2649.0,4875.0,8190.0,0.2537313432641614,0.31343283579690523,2,SAFE
3439.0,1433.0,4095.0,4095.0,31.12,3265.5,4095.0,1433.0,1260.1982648244946,13062.0,2662.0,4872.0,8190.0,0.2540192925850544,0.31350482312712413,2,SAFE
3453.4,799.2,4095.0,4095.0,30.94,3110.65,4095.0,799.2,1570.3681638392952,12442.6,3295.8,4252.6,8190.0,0.3164451159471135,0.3291112789666861,2,SAFE
3486.0,1296.0,4095.0,4095.0,31.19,3243.0,4095.0,1296.0,1329.369023258779,12972.0,2799.0,4782.0,8190.0,0.2627197039575455,0.3156799259701141,2,SAFE
3440.0,1456.0,4095.0,4095.0,31.19,3271.5,4095.0,1456.0,1249.0979411826227,13086.0,2639.0,4896.0,8190.0,0.2517193947538041,0.31292984866934664,2,SAFE
3440.0,1555.0,4095.0,4095.0,31.25,3296.25,4095.0,1555.0,1201.1964521537127,13185.0,2540.0,4995.0,8190.0,0.24232081909424946,0.3105802047546014,2,SAFE
3454.0,1600.0,4095.0,4095.0,31.25,3311.0,4095.0,1600.0,1180.0115818640652,13244.0,2495.0,5054.0,8190.0,0.2367864693267301,0.30919661731280607,2,SAFE
3422.0,1673.0,4095.0,4095.0,31.31,3321.25,4095.0,1673.0,1143.7156916530146,13285.0,2422.0,5095.0,8190.0,0.23296951447249006,0.3082423785993043,2,SAFE
3446.0,1606.0,4095.0,4095.0,31.37,3310.5,4095.0,1606.0,1176.7980568758035,13242.0,2489.0,5052.0,8190.0,0.2369732668602195,0.30924331669617555,2,SAFE
3440.0,1589.0,4095.0,4095.0,31.37,3304.75,4095.0,1589.0,1184.7757523402195,13219.0,2506.0,5029.0,8190.0,0.23912550115446513,0.3097813752697041,2,SAFE
3438.0,1600.0,4095.0,4095.0,31.44,3307.0,4095.0,1600.0,1179.392216355526,13228.0,2495.0,5038.0,8190.0,0.2382824311885181,0.3095706077782302,2,SAFE
3500.0,1606.0,4095.0,4095.0,31.44,3324.0,4095.0,1606.0,1179.1779622544964,13296.0,2489.0,5106.0,8190.0,0.23194945846630946,0.3079873645977747,3,SAFE
3514.0,1585.0,4095.0,4095.0,31.5,3322.25,4095.0,1585.0,1190.110744146667,13289.0,2510.0,5099.0,8190.0,0.23259838962806845,0.3081495973882046,3,SAFE
3458.0,1556.6,4095.0,4095.0,31.33,3301.15,4095.0,1556.6,1201.1733527402835,13204.6,2538.4,5014.6,8190.0,0.24047680351994932,0.31011920086105454,2,SAFE
3453.0,1535.0,4095.0,4095.0,31.5,3294.5,4095.0,1535.0,1211.4128115551694,13178.0,2560.0,4988.0,8190.0,0.24298072543307173,0.3107451813392969,2,SAFE
3410.0,1705.0,4095.0,4095.0,31.5,3326.25,4095.0,1705.0,1128.0394127275283,13305.0,2390.0,5115.0,8190.0,0.2311161217413667,0.30777903041655175,2,SAFE
3634.0,2134.0,4095.0,4095.0,31.56,3489.5,4095.0,2134.0,929.4301121296497,13958.0,1961.0,5768.0,8190.0,0.17352056167262353,0.293380140400245,3,SAFE
3502.0,1794.0,4095.0,4095.0,31.62,3371.5,4095.0,1794.0,1088.185186445763,13486.0,2301.0,5296.0,8190.0,0.214592911151224,0.30364822776926825,3,SAFE
2502.0,2211.0,4095.0,4095.0,31.69,3225.75,4095.0,2211.0,1010.7295632363782,12903.0,1884.0,4713.0,8190.0,0.2694722157428914,0.3173680539163475,2,SAFE
3583.0,1744.0,4095.0,4095.0,31.69,3379.25,4095.0,1744.0,1116.5650824440702,13517.0,2351.0,5327.0,8190.0,0.21180735368707498,0.3029518384032735,3,SAFE
3638.0,1392.0,4095.0,4095.0,31.75,3305.0,4095.0,1392.0,1293.400943250004,13220.0,2703.0,5030.0,8190.0,0.2390317700273047,0.30975794248791544,3,SAFE
3629.0,1642.0,4095.0,4095.0,31.75,3365.25,4095.0,1642.0,1169.6473471378742,13461.0,2453.0,5271.0,8190.0,0.21684867393084847,0.30421216846413995,3,SAFE
3549.0,1630.0,4095.0,4095.0,31.81,3342.25,4095.0,1630.0,1170.1582157981886,13369.0,2465.0,5179.0,8190.0,0.2252225297161177,0.30630563241032943,3,SAFE
3538.0,1625.0,4095.0,4095.0,31.81,3338.25,4095.0,1625.0,1171.9594347359753,13353.0,2470.0,5163.0,8190.0,0.226690631301828,0.3066726578067346,3,SAFE
3443.8,1741.2,4095.0,4095.0,31.67,3343.75,4095.0,1741.2,1111.594894734588,13375.0,2353.8,5185.0,8190.0,0.2246728971794637,0.30616822427617435,2,SAFE
3654.0,1680.0,4095.0,4095.0,31.81,3381.0,4095.0,1680.0,1152.8980874301076,13524.0,2415.0,5334.0,8190.0,0.21118012420798726,0.30279503103351113,3,SAFE
3659.0,1663.0,4095.0,4095.0,31.87,3378.0,4095.0,1663.0,1161.6603060562354,13512.0,2432.0,5322.0,8190.0,0.21225577263082773,0.30306394313920487,3,SAFE
3642.0,1664.0,4095.0,4095.0,31.94,3374.0,4095.0,1664.0,1159.8284355886435,13496.0,2431.0,5306.0,8190.0,0.21369294604225747,0.30342323649204034,3,SAFE
3638.0,1630.0,4095.0,4095.0,31.94,3364.5,4095.0,1630.0,1176.2302779076326,13458.0,2465.0,5268.0,8190.0,0.21711992865083074,0.3042799821441314,3,SAFE
3619.0,1639.0,4095.0,4095.0,31.94,3362.0,4095.0,1639.0,1170.3782864242369,13448.0,2456.0,5258.0,8190.0,0.2180249851116876,0.30450624625933176,3,SAFE
3597.0,1650.0,4095.0,4095.0,32.0,3359.25,4095.0,1650.0,1163.4312399106361,13437.0,2445.0,5247.0,8190.0,0.21902210313172418,0.3047555257643257,3,SAFE
3647.0,1648.0,4095.0,4095.0,32.0,3371.25,4095.0,1648.0,1168.0834373736607,13485.0,2447.0,5295.0,8190.0,0.21468298107417996,0.30367074525000587,3,SAFE
3580.0,1654.0,4095.0,4095.0,32.06,3356.0,4095.0,1654.0,1160.347936324848,13424.0,2441.0,5234.0,8190.0,0.22020262215284545,0.305050655519588,3,SAFE
3632.0,1658.0,4095.0,4095.0,32.06,3370.0,4095.0,1658.0,1162.0152035723686,13480.0,2437.0,5290.0,8190.0,0.21513353114131056,0.30378338276678163,3,SAFE
3583.0,1661.0,4095.0,4095.0,32.13,3358.5,4095.0,1661.0,1157.118691693582,13434.0,2434.0,5244.0,8190.0,0.219294327808598,0.30482358193354,3,SAFE
3625.1,1654.7,4095.0,4095.0,31.98,3367.45,4095.0,1654.7,1163.1213880474097,13469.8,2440.3,5279.8,8190.0,0.21605369046191825,0.30401342259691955,3,SAFE
3579.0,1652.0,4095.0,4095.0,32.13,3355.25,4095.0,1652.0,1161.261490793525,13421.0,2443.0,5231.0,8190.0,0.22047537439680534,0.3051188435805738,3,SAFE
3559.0,1647.0,4095.0,4095.0,32.19,3349.0,4095.0,1647.0,1162.459461658771,13396.0,2448.0,5206.0,8190.0,0.22275306059848066,0.30568826513095787,3,SAFE
3600.0,1647.0,4095.0,4095.0,32.19,3359.25,4095.0,1647.0,1165.1061110474016,13437.0,2448.0,5247.0,8190.0,0.21902210313172418,0.3047555257643257,3,SAFE
3509.0,1648.0,4095.0,4095.0,32.25,3336.75,4095.0,1648.0,1159.2285868915874,13347.0,2447.0,5157.0,8190.0,0.2272420768541813,0.3068105191948145,3,SAFE
3583.0,1648.0,4095.0,4095.0,32.25,3355.25,4095.0,1648.0,1163.4765074264858,13421.0,2447.0,5231.0,8190.0,0.22047537439680534,0.3051188435805738,3,SAFE
3583.0,1655.0,4095.0,4095.0,32.25,3357.0,4095.0,1655.0,1160.0528723582675,13428.0,2440.0,5238.0,8190.0,0.2198391420747811,0.30495978550007746,3,SAFE
3600.0,1616.0,4095.0,4095.0,32.31,3351.5,4095.0,1616.0,1180.2961492777988,13406.0,2479.0,5216.0,8190.0,0.22184096671476644,0.30546024166004326,3,SAFE
3650.0,1625.0,4095.0,4095.0,32.38,3366.25,4095.0,1625.0,1179.6353603267974,13465.0,2470.0,5275.0,8190.0,0.2164871889924629,0.3041217972295491,3,SAFE
3627.0,1614.0,4095.0,4095.0,32.38,3357.75,4095.0,1614.0,1183.2490228181048,13431.0,2481.0,5241.0,8190.0,0.2195666740957809,0.30489166850533156,3,SAFE
3610.0,1613.0,4095.0,4095.0,32.38,3353.25,4095.0,1613.0,1182.4799857361927,13413.0,2482.0,5223.0,8190.0,0.22120331020493525,0.3053008275325952,3,SAFE
3590.0,1636.5,4095.0,4095.0,32.27,3354.125,4095.0,1636.5,1169.567468126572,13416.5,2458.5,5226.5,8190.0,0.220884731470884,0.3052211828490872,3,SAFE
3662.0,1130.0,4095.0,4095.0,32.38,3245.5,4095.0,1130.0,1425.0278359854356,12982.0,2965.0,4792.0,8190.0,0.2617470343350988,0.31543675856451725,3,SAFE
3660.0,1206.0,4095.0,4095.0,32.44,3264.0,4095.0,1206.0,1387.2397053141176,13056.0,2889.0,4866.0,8190.0,0.2545955882157938,0.31364889703480014,3,SAFE
3655.0,1114.0,4095.0,4095.0,32.44,3239.75,4095.0,1114.0,1432.2651930886727,12959.0,2981.0,4769.0,8190.0,0.2639864186847761,0.3159966046519024,3,SAFE
3659.0,1187.0,4095.0,4095.0,32.5,3259.0,4095.0,1187.0,1396.5404875381641,13036.0,2908.0,4846.0,8190.0,0.25652040501254064,0.31413010123395746,3,SAFE
3637.0,1397.0,4095.0,4095.0,32.5,3306.0,4095.0,1397.0,1290.8503657150454,13224.0,2698.0,5034.0,8190.0,0.2386569872777785,0.3096642468005396,3,SAFE
3644.0,1328.0,4095.0,4095.0,32.5,3290.5,4095.0,1328.0,1325.4947503982553,13162.0,2767.0,4972.0,8190.0,0.24449171856522628,0.31112292962231247,3,SAFE
3635.0,1507.0,4095.0,4095.0,32.56,3333.0,4095.0,1507.0,1236.4961248085926,13332.0,2588.0,5142.0,8190.0,0.22862286226908018,0.30715571554851817,3,SAFE
3634.0,1481.0,4095.0,4095.0,32.56,3326.25,4095.0,1481.0,1249.214519875056,13305.0,2614.0,5115.0,8190.0,0.2311161217413667,0.30777903041655175,3,SAFE
3561.0,1410.0,4095.0,4095.0,32.63,3290.25,4095.0,1410.0,1278.5265933878732,13161.0,2685.0,4971.0,8190.0,0.24458627761989316,0.3111465693859778,3,SAFE
3634.0,1283.0,4095.0,4095.0,32.63,3276.75,4095.0,1283.0,1346.8151011429397,13107.0,2812.0,4917.0,8190.0,0.249713893320385,0.31242847331102247,3,SAFE
3638.1,1304.3,4095.0,4095.0,32.51,3283.1,4095.0,1304.3,1336.6672061511795,13132.4,2790.7,4942.4,8190.0,0.2472967621876202,0.31182419052786814,3,SAFE
3583.0,1361.0,4095.0,4095.0,32.63,3283.5,4095.0,1361.0,1304.194642937421,13134.0,2734.0,4944.0,8190.0,0.24714481496519378,0.3117862037222639,3,SAFE
3598.0,1279.0,4095.0,4095.0,32.69,3266.75,4095.0,1279.0,1345.7182406928032,13067.0,2816.0,4877.0,8190.0,0.2535394505048183,0.3133848626070724,3,SAFE
3658.0,1141.0,4095.0,4095.0,32.69,3247.25,4095.0,1141.0,1419.1975138553946,12989.0,2954.0,4799.0,8190.0,0.2610670567202196,0.31526676416080784,3,SAFE
3440.0,1139.0,4095.0,4095.0,32.69,3192.25,4095.0,1139.0,1403.22613406868,12769.0,2956.0,4579.0,8190.0,0.28279426734413077,0.32069856681645403,2,SAFE
3419.0,1009.0,4095.0,4095.0,32.75,3154.5,4095.0,1009.0,1465.4022200974948,12618.0,3086.0,4428.0,8190.0,0.29814550639577225,0.3245363765791301,2,SAFE
3451.0,0.0,4095.0,4095.0,32.75,2910.25,4095.0,0.0,1963.7744906174944,11641.0,4095.0,3451.0,8190.0,0.4070956103077832,0.35177390255547,2,SAFE
3690.0,0.0,4095.0,4095.0,32.75,2970.0,4095.0,0.0,1989.183249477031,11880.0,4095.0,3690.0,8190.0,0.3787878787559943,0.34469696966795477,3,SAFE
3705.0,0.0,4095.0,4095.0,32.75,2973.75,4095.0,0.0,1991.0063410245584,11895.0,4095.0,3705.0,8190.0,0.37704918029617074,0.3442622950530254,3,SAFE
3675.0,0.0,4095.0,4095.0,32.81,2966.25,4095.0,0.0,1987.3867892285084,11865.0,4095.0,3675.0,8190.0,0.3805309734192557,0.34513274333374355,3,SAFE
3682.0,0.0,4095.0,4095.0,32.81,2968.0,4095.0,0.0,1988.2218186107907,11872.0,4095.0,3682.0,8190.0,0.3797169811000912,0.34492924525396484,3,SAFE
3590.1,592.9,4095.0,4095.0,32.73,3093.25,4095.0,592.9,1683.806814928601,12373.0,3502.1,4183.0,8190.0,0.32385031921734014,0.33096257978412974,3,SAFE
3667.0,0.0,4095.0,4095.0,32.88,2964.25,4095.0,0.0,1986.43959132917,11857.0,4095.0,3667.0,8190.0,0.38146242722598783,0.34536560678541234,3,SAFE
3674.0,0.0,4095.0,4095.0,32.88,2966.0,4095.0,0.0,1987.2679738777053,11864.0,4095.0,3674.0,8190.0,0.3806473364480236,0.34516183409093376,3,SAFE
3675.0,0.0,4095.0,4095.0,32.88,2966.25,4095.0,0.0,1987.3867892285084,11865.0,4095.0,3675.0,8190.0,0.3805309734192557,0.34513274333374355,3,SAFE
3711.0,0.0,4095.0,4095.0,32.94,2975.25,4095.0,0.0,1991.7430180623203,11901.0,4095.0,3711.0,8190.0,0.3763549281256739,0.34408873201041185,3,SAFE
3673.0,0.0,4095.0,4095.0,32.94,2965.75,4095.0,0.0,1987.1492772310792,11863.0,4095.0,3673.0,8190.0,0.3807637190945997,0.345190929752576,3,SAFE
3681.0,0.0,4095.0,4095.0,32.94,2967.75,4095.0,0.0,1988.1021729277397,11871.0,4095.0,3681.0,8190.0,0.3798332069429843,0.34495830171468633,3,SAFE
3687.0,0.0,4095.0,4095.0,32.94,2969.25,4095.0,0.0,1988.8218245986743,11877.0,4095.0,3687.0,8190.0,0.3791361454593638,0.34478403634379184,3,SAFE
3680.0,0.0,4095.0,4095.0,32.94,2967.5,4095.0,0.0,1987.982645799505,11870.0,4095.0,3680.0,8190.0,0.37994945236900174,0.34498736307118893,3,SAFE
3705.0,0.0,4095.0,4095.0,33.0,2973.75,4095.0,0.0,1991.0063410245584,11895.0,4095.0,3705.0,8190.0,0.37704918029617074,0.3442622950530254,3,SAFE
3714.0,0.0,4095.0,4095.0,33.0,2976.0,4095.0,0.0,1992.1129486050734,11904.0,4095.0,3714.0,8190.0,0.3760080644845423,0.34400201610013426,3,SAFE
3686.7,0.0,4095.0,4095.0,32.93,2969.175,4095.0,0.0,1988.7857407222125,11876.7,4095.0,3686.7,8190.0,0.3791709818064638,0.3447927454305663,3,SAFE
3707.0,0.0,4095.0,4095.0,33.06,2974.25,4095.0,0.0,1991.2514281225262,11897.0,4095.0,3707.0,8190.0,0.37681768509903185,0.3442044212537443,3,SAFE
3722.0,0.0,4095.0,4095.0,33.0,2978.0,4095.0,0.0,1993.104613410947,11912.0,4095.0,3722.0,8190.0,0.375083948927545,0.343770987210899,3,SAFE
3726.0,0.0,4095.0,4095.0,33.06,2979.0,4095.0,0.0,1993.603270462807,11916.0,4095.0,3726.0,8190.0,0.3746223564640297,0.3436555890950272,3,SAFE
3728.0,0.0,4095.0,4095.0,33.06,2979.5,4095.0,0.0,1993.8533045337113,11918.0,4095.0,3728.0,8190.0,0.3743916764243672,0.3435979190851151,3,SAFE
3727.0,0.0,4095.0,4095.0,33.06,2979.25,4095.0,0.0,1993.7282287212568,11917.0,4095.0,3727.0,8190.0,0.3745070067655864,0.3436267516704182,3,SAFE
3730.0,0.0,4095.0,4095.0,33.13,2980.0,4095.0,0.0,1994.103808732133,11920.0,4095.0,3730.0,8190.0,0.374161073794114,0.34354026842755536,3,SAFE
3732.0,0.0,4095.0,4095.0,33.13,2980.5,4095.0,0.0,1994.3547828809196,11922.0,4095.0,3732.0,8190.0,0.3739305485343121,0.3434826371126084,3,SAFE
3725.0,0.0,4095.0,4095.0,33.13,2978.75,4095.0,0.0,1993.4784297804679,11915.0,4095.0,3725.0,8190.0,0.3747377255245709,0.34368443136016075,3,SAFE
3728.0,0.0,4095.0,4095.0,33.13,2979.5,4095.0,0.0,1993.8533045337113,11918.0,4095.0,3728.0,8190.0,0.3743916764243672,0.3435979190851151,3,SAFE
3685.0,0.0,4095.0,4095.0,33.19,2968.75,4095.0,0.0,1988.5814667747459,11875.0,4095.0,3685.0,8190.0,0.37936842102068474,0.34484210523411857,3,SAFE
3721.0,0.0,4095.0,4095.0,33.09,2977.75,4095.0,0.0,1992.980243253806,11911.0,4095.0,3721.0,8190.0,0.37519939548524894,0.3437998488503232,3,SAFE
3680.0,441.0,4095.0,4095.0,33.19,3077.75,4095.0,441.0,1768.6860235779554,12311.0,3654.0,4121.0,8190.0,0.33051742341560253,0.3326293558335936,3,SAFE
3664.0,457.0,4095.0,4095.0,33.19,3077.75,4095.0,457.0,1758.9404717992402,12311.0,3638.0,4121.0,8190.0,0.33051742341560253,0.3326293558335936,3,SAFE
3669.0,482.0,4095.0,4095.0,33.19,3085.25,4095.0,482.0,1747.07992089658,12341.0,3613.0,4151.0,8190.0,0.32728304024574323,0.3318207600411781,3,SAFE
3515.0,1015.0,4095.0,4095.0,33.25,3180.0,4095.0,1015.0,1469.0019287484502,12720.0,3080.0,4530.0,8190.0,0.287735849033983,0.3219339622388417,3,SAFE
3745.0,1147.0,4095.0,4095.0,33.25,3270.5,4095.0,1147.0,1425.2488671573583,13082.0,2948.0,4892.0,8190.0,0.2521021250380598,0.3130255312404047,3,SAFE
3738.0,1392.0,4095.0,4095.0,33.25,3330.0,4095.0,1392.0,1302.914425432461,13320.0,2703.0,5130.0,8190.0,0.22972972971248276,0.3074324324093519,3,SAFE
3747.0,1242.0,4095.0,4095.0,33.25,3294.75,4095.0,1242.0,1378.2975912334753,13179.0,2853.0,4989.0,8190.0,0.24288641017961252,0.31072160252593356,3,SAFE
3734.0,1232.0,4095.0,4095.0,33.25,3289.0,4095.0,1232.0,1381.852138737475,13156.0,2863.0,4966.0,8190.0,0.24505928851892222,0.3112648221107278,3,SAFE
3732.0,1227.0,4095.0,4095.0,33.31,3287.25,4095.0,1227.0,1384.1185823476253,13149.0,2868.0,4959.0,8190.0,0.24572210812641856,0.3114305270125918,3,SAFE
3735.0,1216.0,4095.0,4095.0,33.31,3285.25,4095.0,1216.0,1389.8993668607811,13141.0,2879.0,4951.0,8190.0,0.24648048091876718,0.3116201202106674,3,SAFE
3695.9,985.1,4095.0,4095.0,33.24,3217.75,4095.0,985.1,1500.2764822969577,12871.0,3109.9,4681.0,8190.0,0.2726283893813512,0.3181570973259143,3,SAFE
3728.0,1205.0,4095.0,4095.0,33.31,3280.75,4095.0,1205.0,1394.6058881753415,13123.0,2890.0,4933.0,8190.0,0.24819020039257866,0.3120475500790941,3,SAFE
3670.0,1126.0,4095.0,4095.0,33.31,3246.5,4095.0,1126.0,1427.7928187707532,12986.0,2969.0,4796.0,8190.0,0.26135838593397825,0.31533959646424303,3,SAFE
3645.0,1117.0,4095.0,4095.0,33.31,3238.0,4095.0,1117.0,1429.8237653641095,12952.0,2978.0,4762.0,8190.0,0.2646695490839508,0.31616738725168564,3,SAFE
3723.0,1087.0,4095.0,4095.0,33.38,3250.0,4095.0,1087.0,1452.6238329312926,13000.0,3008.0,4810.0,8190.0,0.25999999998,0.3149999999757692,3,SAFE
3713.0,869.0,4095.0,4095.0,33.38,3193.0,4095.0,869.0,1559.7632298952728,12772.0,3226.0,4582.0,8190.0,0.2824929533133031,0.32062323830875167,3,SAFE
3728.0,1113.0,4095.0,4095.0,33.38,3257.75,4095.0,1113.0,1440.2618685502994,13031.0,2982.0,4841.0,8190.0,0.25700253240296195,0.3142506330815555,3,SAFE
3727.0,1073.0,4095.0,4095.0,33.38,3247.5,4095.0,1073.0,1460.0094748551005,12990.0,3022.0,4800.0,8190.0,0.2609699768852217,0.31524249420205985,3,SAFE
3722.0,912.0,4095.0,4095.0,33.44,3206.0,4095.0,912.0,1539.4083278974426,12824.0,3183.0,4634.0,8190.0,0.27729257639759103,0.31932314407990303,3,SAFE
3728.0,851.0,4095.0,4095.0,33.44,3192.25,4095.0,851.0,1570.3921750102213,12769.0,3244.0,4579.0,8190.0,0.28279426734413077,0.32069856681645403,3,SAFE
3728.0,746.0,4095.0,4095.0,33.44,3166.0,4095.0,746.0,1622.5829203259023,12664.0,3349.0,4474.0,8190.0,0.29343019580753077,0.3233575489321417,3,SAFE
3711.2,1009.9,4095.0,4095.0,33.38,3227.7749999999996,4095.0,1009.9,1489.6115430429056,12911.099999999999,3085.1,4721.099999999999,8190.0,0.26867579057797747,0.3171689476251312,3,SAFE
3720.0,491.0,4095.0,4095.0,33.44,3100.25,4095.0,491.0,1748.4593932945654,12401.0,3604.0,4211.0,8190.0,0.3208612208434109,0.33021530519069303,3,SAFE
3725.0,484.0,4095.0,4095.0,33.44,3099.75,4095.0,484.0,1752.5344266708903,12399.0,3611.0,4209.0,8190.0,0.3210742801579906,0.33026857001933474,3,SAFE
3735.0,465.0,4095.0,4095.0,33.5,3097.5,4095.0,465.0,1763.1860366960714,12390.0,3630.0,4200.0,8190.0,0.3220338982790933,0.33050847454959575,3,SAFE
3729.0,464.0,4095.0,4095.0,33.5,3095.75,4095.0,464.0,1762.9629179310607,12383.0,3631.0,4193.0,8190.0,0.32278123230858585,0.3306953080569575,3,SAFE
3750.0,451.0,4095.0,4095.0,33.5,3097.75,4095.0,451.0,1771.9791900583934,12391.0,3644.0,4201.0,8190.0,0.3219272052036214,0.3304818012807294,3,SAFE
3732.0,465.0,4095.0,4095.0,33.5,3096.75,4095.0,465.0,1762.8250764043494,12387.0,3630.0,4197.0,8190.0,0.32235408086523337,0.3305885201961259,3,SAFE
3696.0,459.0,4095.0,4095.0,33.56,3086.25,4095.0,459.0,1761.5703931435723,12345.0,3636.0,4155.0,8190.0,0.3268529768872537,0.3317132442015623,3,SAFE
3744.0,466.0,4095.0,4095.0,33.56,3100.0,4095.0,466.0,1763.7783307434072,12400.0,3629.0,4210.0,8190.0,0.32096774190959937,0.33024193545723857,3,SAFE
3356.0,1155.0,4095.0,4095.0,33.56,3175.25,4095.0,1155.0,1391.1578810472952,12701.0,2940.0,4511.0,8190.0,0.2896622312975622,0.32241555780470704,2,SAFE
3575.0,1625.0,4095.0,4095.0,33.56,3347.5,4095.0,1625.0,1174.2054050860663,13390.0,2470.0,5200.0,8190.0,0.2233009708571097,0.3058252426956068,3,SAFE
3676.2,652.5,4095.0,4095.0,33.51,3129.675,4095.0,652.5,1663.2087729746977,12518.7,3442.5,4328.7,8190.0,0.308442569890768,0.32711064245272187,3,SAFE
2429.0,965.0,4095.0,4095.0,33.56,2896.0,4095.0,965.0,1507.9845268879033,11584.0,3130.0,3394.0,8190.0,0.41401933698083393,0.353504834223627,2,SAFE
3039.0,1089.0,4095.0,4095.0,33.56,3079.5,4095.0,1089.0,1417.299192125643,12318.0,3006.0,4128.0,8190.0,0.3297613248636336,0.3324403311956129,2,SAFE
3189.0,0.0,4095.0,4095.0,33.63,2844.75,4095.0,0.0,1943.9959490698534,11379.0,4095.0,3189.0,8190.0,0.43949380433785973,0.35987345106249463,2,SAFE
3261.0,459.0,4095.0,4095.0,33.63,2977.5,4095.0,459.0,1724.4155531657675,11910.0,3636.0,3720.0,8190.0,0.3753148614294446,0.3438287153363704,2,SAFE
3614.0,0.0,4095.0,4095.0,33.63,2951.0,4095.0,0.0,1980.357038516035,11804.0,4095.0,3614.0,8190.0,0.3876651982050436,0.34691629953008163,3,SAFE
3511.0,1007.0,4095.0,4095.0,33.63,3177.0,4095.0,1007.0,1472.628489017738,12708.0,3088.0,4518.0,8190.0,0.28895184133703555,0.32223796031458624,3,SAFE
3635.0,434.0,4095.0,4095.0,33.63,3064.75,4095.0,434.0,1767.1880441349,12259.0,3661.0,4069.0,8190.0,0.3361611876714119,0.3340402968974598,3,SAFE
3678.0,311.0,4095.0,4095.0,33.63,3044.75,4095.0,311.0,1833.070716039073,12179.0,3784.0,3989.0,8190.0,0.3449380080183153,0.3362345019840517,3,SAFE
3699.0,0.0,4095.0,4095.0,33.63,2972.25,4095.0,0.0,1990.273913309422,11889.0,4095.0,3699.0,8190.0,0.3777441332006271,0.3444360332791289,3,SAFE
3703.0,0.0,4095.0,4095.0,33.69,2973.25,4095.0,0.0,1990.7617260737156,11893.0,4095.0,3703.0,8190.0,0.3772807533526208,0.3443201883171344,3,SAFE
3375.8,426.5,4095.0,4095.0,33.62,2998.075,4095.0,426.5,1747.5852928636511,11992.3,3668.5,3802.3,8190.0,0.3658764373501433,0.3414691093166891,2,SAFE
3655.0,674.0,4095.0,4095.0,33.69,3129.75,4095.0,674.0,1650.2535916236227,12519.0,3421.0,4329.0,8190.0,0.30841121492863555,0.32710280371218925,3,SAFE
3707.0,402.0,4095.0,4095.0,33.69,3074.75,4095.0,402.0,1791.1963181069796,12299.0,3693.0,4109.0,8190.0,0.33181559473682287,0.33295389866387887,3,SAFE
3699.0,371.0,4095.0,4095.0,33.69,3065.0,4095.0,371.0,1805.6754968709079,12260.0,3724.0,4070.0,8190.0,0.33605220225643945,0.3340130505437183,3,SAFE
3703.0,320.0,4095.0,4095.0,33.69,3053.25,4095.0,320.0,1831.5127399684302,12213.0,3775.0,4023.0,8190.0,0.3411938098467867,0.3352984524412267,3,SAFE
3721.0,295.0,4095.0,4095.0,33.69,3051.5,4095.0,295.0,1846.1046376988857,12206.0,3800.0,4016.0,8190.0,0.3419629690036078,0.3354907422304202,3,SAFE
3706.0,305.0,4095.0,4095.0,33.75,3050.25,4095.0,305.0,1839.330562097707,12201.0,3790.0,4011.0,8190.0,0.3425129087498965,0.335628227166984,3,SAFE
3695.0,319.0,4095.0,4095.0,33.69,3051.0,4095.0,319.0,1831.0681764114263,12204.0,3776.0,4014.0,8190.0,0.34218289082741865,0.33554572268636956,3,SAFE
3712.0,82.0,4095.0,4095.0,33.75,2996.0,4095.0,82.0,1951.0385268705827,11984.0,4013.0,3794.0,8190.0,0.3668224298759327,0.341705607448122,3,SAFE
3698.0,39.0,4095.0,4095.0,33.75,2981.75,4095.0,39.0,1970.7395185564226,11927.0,4056.0,3737.0,8190.0,0.3733545736251065,0.3433386433853158,3,SAFE
3696.0,50.0,4095.0,4095.0,33.75,2984.0,4095.0,50.0,1965.0226461799366,11936.0,4045.0,3746.0,8190.0,0.372319034821354,0.34307975868439344,3,SAFE
3699.2,285.7,4095.0,4095.0,33.71,3043.725,4095.0,285.7,1848.125863994838,12174.9,3809.3,3984.8999999999996,8190.0,0.3453909272071729,0.33634773178125915,3,SAFE
3715.0,0.0,4095.0,4095.0,33.75,2976.25,4095.0,0.0,1992.2364944955707,11905.0,4095.0,3715.0,8190.0,0.3758924821187826,0.34397312050869605,3,SAFE
3712.0,0.0,4095.0,4095.0,33.75,2975.5,4095.0,0.0,1991.8662103665497,11902.0,4095.0,3712.0,8190.0,0.376239287483092,0.34405982184976813,3,SAFE
3708.0,0.0,4095.0,4095.0,33.75,2974.5,4095.0,0.0,1991.3741486722176,11898.0,4095.0,3708.0,8190.0,0.3767019666854344,0.34417549165034667,3,SAFE
3716.0,0.0,4095.0,4095.0,33.81,2976.5,4095.0,0.0,1992.3601582043343,11906.0,4095.0,3716.0,8190.0,0.37577691916884115,0.3439442297712125,3,SAFE
3706.0,0.0,4095.0,4095.0,33.81,2974.0,4095.0,0.0,1991.1288255660406,11896.0,4095.0,3706.0,8190.0,0.37693342296764176,0.344233355720895,3,SAFE
3735.0,0.0,4095.0,4095.0,33.81,2981.25,4095.0,0.0,1994.7321248729113,11925.0,4095.0,3735.0,8190.0,0.37358490562904945,0.343396226386298,3,SAFE
3719.0,0.0,4095.0,4095.0,33.81,2977.25,4095.0,0.0,1992.7318560207743,11909.0,4095.0,3719.0,8190.0,0.3754303467650155,0.34385758667026134,3,SAFE
3728.0,0.0,4095.0,4095.0,33.81,2979.5,4095.0,0.0,1993.8533045337113,11918.0,4095.0,3728.0,8190.0,0.3743916764243672,0.3435979190851151,3,SAFE
3721.0,64.0,4095.0,4095.0,33.81,2993.75,4095.0,64.0,1961.107743937934,11975.0,4031.0,3785.0,8190.0,0.367849686816881,0.3419624216833434,3,SAFE
3722.0,0.0,4095.0,4095.0,33.81,2978.0,4095.0,0.0,1993.104613410947,11912.0,4095.0,3722.0,8190.0,0.375083948927545,0.343770987210899,3,SAFE
3718.2,6.4,4095.0,4095.0,33.79,2978.65,4095.0,6.4,1989.4453925654757,11914.6,4088.6,3724.6,8190.0,0.3747838785712668,0.343695969621834,3,SAFE
3715.0,90.0,4095.0,4095.0,33.81,2998.75,4095.0,90.0,1947.422976654019,11995.0,4005.0,3805.0,8190.0,0.36556898704747237,0.3413922467410261,3,SAFE
3735.0,271.0,4095.0,4095.0,33.81,3049.0,4095.0,271.0,1859.759124187861,12196.0,3824.0,4006.0,8190.0,0.34306329941431096,0.3357658248330792,3,SAFE
3742.0,154.0,4095.0,4095.0,33.81,3021.5,4095.0,154.0,1918.8956025102912,12086.0,3941.0,3896.0,8190.0,0.35528710902239885,0.33882177723491463,3,SAFE
3748.0,0.0,4095.0,4095.0,33.81,2984.5,4095.0,0.0,1996.3794729459628,11938.0,4095.0,3748.0,8190.0,0.3720891271258092,0.34302228176051075,3,SAFE
3731.0,48.0,4095.0,4095.0,33.81,2992.25,4095.0,48.0,1970.3193269112496,11969.0,4047.0,3779.0,8190.0,0.3685353830421476,0.3421338457396496,3,SAFE
3728.0,1135.0,4095.0,4095.0,33.88,3263.25,4095.0,1135.0,1429.3421272273013,13053.0,2960.0,4863.0,8190.0,0.254883934708122,0.3137209836578778,3,SAFE
3730.0,1159.0,4095.0,4095.0,33.88,3269.75,4095.0,1159.0,1417.6471998820205,13079.0,2936.0,4889.0,8190.0,0.2523893263818037,0.3130973315763363,3,SAFE
3728.0,1228.0,4095.0,4095.0,33.88,3286.5,4095.0,1228.0,1383.1954549761458,13146.0,2867.0,4956.0,8190.0,0.2460063897576444,0.3115015974203939,3,SAFE
3728.0,1181.0,4095.0,4095.0,33.88,3274.75,4095.0,1181.0,1406.5139826298682,13099.0,2914.0,4909.0,8190.0,0.2504771356400888,0.31261928389093674,3,SAFE
3728.0,1175.0,4095.0,4095.0,33.88,3273.25,4095.0,1175.0,1409.4912498250328,13093.0,2920.0,4903.0,8190.0,0.25105017946604674,0.3127625448474175,3,SAFE
3731.3,644.1,4095.0,4095.0,33.84,3141.3500000000004,4095.0,644.1,1673.6382733434368,12565.400000000001,3450.9,4375.400000000001,8190.0,0.3035796711363283,0.32589491776418616,3,SAFE
3730.0,1161.0,4095.0,4095.0,33.88,3270.25,4095.0,1161.0,1416.6545979878088,13081.0,2934.0,4891.0,8190.0,0.25219784418223395,0.31304946102644676,3,SAFE
3729.0,1153.0,4095.0,4095.0,33.88,3268.0,4095.0,1153.0,1420.5168073627287,13072.0,2942.0,4882.0,8190.0,0.2530599755008369,0.31326499385608436,3,SAFE
3742.0,1218.0,4095.0,4095.0,33.94,3287.5,4095.0,1218.0,1389.6657871589125,13150.0,2877.0,4960.0,8190.0,0.2456273764071766,0.31140684408278274,3,SAFE
3472.0,1503.0,4095.0,4095.0,33.94,3291.25,4095.0,1503.0,1227.8079043563778,13165.0,2592.0,4975.0,8190.0,0.2442081275925402,0.3110520318791453,2,SAFE
3568.0,1283.0,4095.0,4095.0,33.94,3260.25,4095.0,1283.0,1341.372773194188,13041.0,2812.0,4851.0,8190.0,0.2560386473233618,0.3140096618116701,3,SAFE
3581.0,1418.0,4095.0,4095.0,33.94,3297.25,4095.0,1418.0,1276.0492088212482,13189.0,2677.0,4999.0,8190.0,0.2419440442609793,0.31048601104628964,3,SAFE
3597.0,1489.0,4095.0,4095.0,33.94,3319.0,4095.0,1489.0,1242.381583894417,13276.0,2606.0,5086.0,8190.0,0.23380536304355187,0.308451340742057,3,SAFE
3667.0,1231.0,4095.0,4095.0,33.94,3272.0,4095.0,1231.0,1375.5440135936522,13088.0,2864.0,4898.0,8190.0,0.251528117340195,0.3128820293159473,3,SAFE
3533.0,1485.0,4095.0,4095.0,33.94,3302.0,4095.0,1485.0,1239.9661285696477,13208.0,2610.0,5018.0,8190.0,0.2401574802967779,0.31003937005526655,3,SAFE
3569.0,1535.0,4095.0,4095.0,33.94,3323.5,4095.0,1535.0,1217.8433123080051,13294.0,2560.0,5104.0,8190.0,0.23213479763561495,0.3080336993900983,3,SAFE
3618.8,1347.6,4095.0,4095.0,33.92,3289.1,4095.0,1347.6,1313.6557083193452,13156.4,2747.4,4966.4,8190.0,0.2450214344163281,0.31125535858507986,3,SAFE
3633.0,1295.0,4095.0,4095.0,33.94,3279.5,4095.0,1295.0,1340.8061008214424,13118.0,2800.0,4928.0,8190.0,0.24866595515713782,0.3121664887702267,3,SAFE
3571.0,1241.0,4095.0,4095.0,33.94,3250.5,4095.0,1241.0,1362.249487673483,13002.0,2854.0,4812.0,8190.0,0.25980618364406965,0.3149515458917896,3,SAFE
3638.0,1088.0,4095.0,4095.0,33.94,3229.0,4095.0,1088.0,1443.4996824846667,12916.0,3007.0,4726.0,8190.0,0.26819448743665264,0.3170486218398073,3,SAFE
3744.0,1483.0,4095.0,4095.0,34.0,3354.25,4095.0,1483.0,1258.4253056896146,13417.0,2612.0,5227.0,8190.0,0.22083923379139603,0.3052098084292159,3,SAFE
3581.0,1788.0,4095.0,4095.0,33.94,3389.75,4095.0,1788.0,1094.9786527599522,13559.0,2307.0,5369.0,8190.0,0.20805369125982345,0.30201342279651794,3,SAFE
3652.0,1738.0,4095.0,4095.0,34.0,3395.0,4095.0,1738.0,1124.2327754221246,13580.0,2357.0,5390.0,8190.0,0.20618556699512625,0.3015463917303721,3,SAFE
3632.0,1726.0,4095.0,4095.0,34.0,3387.0,4095.0,1726.0,1128.6384127197987,13548.0,2369.0,5358.0,8190.0,0.20903454382868064,0.30225863593871727,3,SAFE
3633.0,1698.0,4095.0,4095.0,34.0,3380.25,4095.0,1698.0,1142.4509836312454,13521.0,2397.0,5331.0,8190.0,0.21144885731739893,0.30286221431085997,3,SAFE
3578.0,1694.0,4095.0,4095.0,34.0,3365.5,4095.0,1694.0,1140.673631383374,13462.0,2401.0,5272.0,8190.0,0.21675828255706742,0.30418957062069607,3,SAFE
3693.0,1587.0,4095.0,4095.0,34.0,3367.5,4095.0,1587.0,1202.03202952334,13470.0,2508.0,5280.0,8190.0,0.216035634727837,0.30400890866339947,3,SAFE
3635.5,1533.8,4095.0,4095.0,33.97,3339.825,4095.0,1533.8,1223.3463079466364,13359.3,2561.2,5169.3,8190.0,0.22611214657758175,0.3065280366256819,3,SAFE
3677.0,1596.0,4095.0,4095.0,34.0,3365.75,4095.0,1596.0,1196.1748408991054,13463.0,2499.0,5273.0,8190.0,0.216667904611404,0.30416697613428156,3,SAFE
3696.0,1637.0,4095.0,4095.0,34.0,3380.75,4095.0,1637.0,1177.6180407925144,13523.0,2458.0,5333.0,8190.0,0.21126968866292467,0.30281742214724416,3,SAFE
3703.0,1630.0,4095.0,4095.0,34.0,3380.75,4095.0,1630.0,1181.7045245463578,13523.0,2465.0,5333.0,8190.0,0.21126968866292467,0.30281742214724416,3,SAFE
3718.0,1649.0,4095.0,4095.0,34.06,3389.25,4095.0,1649.0,1173.69967055745,13557.0,2446.0,5367.0,8190.0,0.20823190969917887,0.30205797740635404,3,SAFE
3701.0,1646.0,4095.0,4095.0,34.06,3384.25,4095.0,1646.0,1173.6232714688872,13537.0,2449.0,5347.0,8190.0,0.21001699045504787,0.30250424759529404,3,SAFE
3696.0,1648.0,4095.0,4095.0,34.06,3383.5,4095.0,1648.0,1172.1889779382846,13534.0,2447.0,5344.0,8190.0,0.21028520760970257,0.30257130188395365,3,SAFE
3728.0,1653.0,4095.0,4095.0,34.06,3392.75,4095.0,1653.0,1172.665446749413,13571.0,2442.0,5381.0,8190.0,0.20698548373686643,0.301746370915795,3,SAFE
3703.0,1648.0,4095.0,4095.0,34.06,3385.25,4095.0,1648.0,1172.8160910105785,13541.0,2447.0,5351.0,8190.0,0.20965955245479215,0.3024148880952356,3,SAFE
3721.0,1658.0,4095.0,4095.0,34.06,3392.25,4095.0,1658.0,1169.5319220383285,13569.0,2437.0,5379.0,8190.0,0.2071633871171668,0.30179084676086737,3,SAFE
3713.0,1651.0,4095.0,4095.0,34.06,3388.5,4095.0,1651.0,1172.247271980902,13554.0,2444.0,5364.0,8190.0,0.20849933597399295,0.3021248339750535,3,SAFE
3705.6,1641.6,4095.0,4095.0,34.04,3384.3,4095.0,1641.6,1176.2122767595993,13537.2,2453.4,5347.2,8190.0,0.2099991135382502,0.30249977836609493,3,SAFE
3709.0,1662.0,4095.0,4095.0,34.06,3390.25,4095.0,1662.0,1166.446848339006,13561.0,2433.0,5371.0,8190.0,0.20787552538840237,0.30196888132866534,3,SAFE
3725.0,1663.0,4095.0,4095.0,34.06,3394.5,4095.0,1663.0,1167.4363651465833,13578.0,2432.0,5388.0,8190.0,0.20636323462907916,0.3015908086388576,3,SAFE
3743.0,0.0,4095.0,4095.0,34.06,2983.25,4095.0,0.0,1995.74353312243,11933.0,4095.0,3743.0,8190.0,0.37266404086376737,0.34316601019499154,3,SAFE
3730.0,1535.0,4095.0,4095.0,34.06,3363.75,4095.0,1535.0,1231.2485194576548,13455.0,2560.0,5265.0,8190.0,0.21739130433166917,0.30434782606433686,3,SAFE
3610.0,1186.0,4095.0,4095.0,34.06,3246.5,4095.0,1186.0,1392.56322417811,12986.0,2909.0,4796.0,8190.0,0.26135838593397825,0.31533959646424303,3,SAFE
3707.0,1634.0,4095.0,4095.0,34.13,3382.75,4095.0,1634.0,1180.093887507826,13531.0,2461.0,5341.0,8190.0,0.2105535436988727,0.3026383859062421,3,SAFE
3757.0,1563.0,4095.0,4095.0,34.13,3377.5,4095.0,1563.0,1220.1151584993934,13510.0,2532.0,5320.0,8190.0,0.21243523314489746,0.3031088082677195,3,SAFE
3729.0,1645.0,4095.0,4095.0,34.13,3391.0,4095.0,1645.0,1176.7174682140144,13564.0,2450.0,5374.0,8190.0,0.20760837509528102,0.3019020937553891,3,SAFE
3740.0,1667.0,4095.0,4095.0,34.13,3399.25,4095.0,1667.0,1166.8957037084906,13597.0,2428.0,5407.0,8190.0,0.20467750237518,0.30116937557540857,3,SAFE
3742.0,1654.0,4095.0,4095.0,34.13,3396.5,4095.0,1654.0,1173.5247476441787,13586.0,2441.0,5396.0,8190.0,0.20565287794747145,0.30141321946846655,3,SAFE
3719.2,1420.9,4095.0,4095.0,34.09,3332.525,4095.0,1420.9,1286.670632226186,13330.1,2674.1,5140.1,8190.0,0.22879798349383737,0.3071994958547048,3,SAFE
3734.0,1682.0,4095.0,4095.0,34.13,3401.5,4095.0,1682.0,1158.8961702125575,13606.0,2413.0,5416.0,8190.0,0.20388064087873875,0.30097016020131045,3,SAFE
3716.0,1685.0,4095.0,4095.0,34.13,3397.75,4095.0,1685.0,1155.7264310092303,13591.0,2410.0,5401.0,8190.0,0.20520932968838132,0.3013023324037008,3,SAFE
3734.0,1610.0,4095.0,4095.0,34.13,3383.5,4095.0,1610.0,1194.5176153298592,13534.0,2485.0,5344.0,8190.0,0.21028520760970257,0.30257130188395365,3,SAFE
3743.0,1605.0,4095.0,4095.0,34.13,3384.5,4095.0,1605.0,1197.881880654349,13538.0,2490.0,5348.0,8190.0,0.20992761115305603,0.3024819027697975,3,SAFE
3799.0,1557.0,4095.0,4095.0,34.13,3386.5,4095.0,1557.0,1227.622498979226,13546.0,2538.0,5356.0,8190.0,0.20921305180797187,0.3023032629335373,3,SAFE
3773.0,1682.0,4095.0,4095.0,34.19,3411.25,4095.0,1682.0,1162.783549648572,13645.0,2413.0,5455.0,8190.0,0.2004397214950209,0.3001099303554335,3,SAFE
3617.0,2000.0,4095.0,4095.0,34.19,3451.75,4095.0,2000.0,993.7180602833649,13807.0,2095.0,5617.0,8190.0,0.18635474757830414,0.2965886868764693,3,SAFE
3119.0,1424.0,4095.0,4095.0,34.19,3183.25,4095.0,1424.0,1259.849825706752,12733.0,2671.0,4543.0,8190.0,0.28642111047778046,0.3216052775998111,2,SAFE
3641.0,430.0,4095.0,4095.0,34.19,3065.25,4095.0,430.0,1769.821153864612,12261.0,3665.0,4071.0,8190.0,0.3359432346190406,0.3339858086343703,3,SAFE
3556.0,1215.0,4095.0,4095.0,34.19,3240.25,4095.0,1215.0,1373.866896755286,12961.0,2880.0,4771.0,8190.0,0.2637913741020144,0.31594784350621496,3,SAFE
3643.2,1489.0,4095.0,4095.0,34.16,3330.55,4095.0,1489.0,1246.0369216038505,13322.2,2606.0,5132.2,8190.0,0.22952665473949296,0.30738166366610753,3,SAFE
3624.0,1262.0,4095.0,4095.0,34.19,3269.0,4095.0,1262.0,1356.297165078509,13076.0,2833.0,4886.0,8190.0,0.25267665950958423,0.31316916485827706,3,SAFE
3598.0,1238.0,4095.0,4095.0,34.19,3256.5,4095.0,1238.0,1365.9098310893976,13026.0,2857.0,4836.0,8190.0,0.25748502992035277,0.3143712574608958,3,SAFE
3632.0,1286.0,4095.0,4095.0,34.19,3277.0,4095.0,1286.0,1345.1584788913658,13108.0,2809.0,4918.0,8190.0,0.24961855353603765,0.3124046383649371,3,SAFE
3489.0,1328.0,4095.0,4095.0,34.19,3251.75,4095.0,1328.0,1313.9308391235818,13007.0,2767.0,4817.0,8190.0,0.25932190357043733,0.3148304758733889,2,SAFE
3632.0,1453.0,4095.0,4095.0,34.19,3318.75,4095.0,1453.0,1262.837644618922,13275.0,2642.0,5085.0,8190.0,0.2338983050671263,0.30847457624794916,3,SAFE
3504.0,1511.0,4095.0,4095.0,34.19,3301.25,4095.0,1511.0,1225.5856763196932,13205.0,2584.0,5015.0,8190.0,0.24043922754710798,0.3101098068678448,3,SAFE
3439.0,1104.0,4095.0,4095.0,34.19,3183.25,4095.0,1104.0,1420.2423208734488,12733.0,2991.0,4543.0,8190.0,0.28642111047778046,0.3216052775998111,2,SAFE
3632.0,1250.0,4095.0,4095.0,34.19,3268.0,4095.0,1250.0,1362.923084158946,13072.0,2845.0,4882.0,8190.0,0.2530599755008369,0.31326499385608436,3,SAFE
3638.0,1072.0,4095.0,4095.0,34.25,3225.0,4095.0,1072.0,1451.4105782536747,12900.0,3023.0,4710.0,8190.0,0.2697674418395529,0.31744186044050837,3,SAFE
3517.0,1151.0,4095.0,4095.0,34.19,3214.5,4095.0,1151.0,1402.3906968696942,12858.0,2944.0,4668.0,8190.0,0.27391507230720835,0.3184787680573589,3,SAFE
3570.5,1265.5,4095.0,4095.0,34.19,3256.5,4095.0,1265.5,1350.1656071262764,13026.0,2829.5,4836.0,8190.0,0.25748502992035277,0.3143712574608958,3,SAFE
3625.0,1621.0,4095.0,4095.0,34.25,3359.0,4095.0,1621.0,1179.6598379759027,13436.0,2474.0,5246.0,8190.0,0.21911283118345393,0.3047782077772567,3,SAFE
3693.0,1522.0,4095.0,4095.0,34.19,3351.25,4095.0,1522.0,1234.1362364018003,13405.0,2573.0,5215.0,8190.0,0.2219321148659506,0.3054830286978379,3,SAFE
3665.0,1565.0,4095.0,4095.0,34.25,3355.0,4095.0,1565.0,1210.4269219301648,13420.0,2530.0,5230.0,8190.0,0.22056631891053902,0.30514157970900585,3,SAFE
3699.0,1379.0,4095.0,4095.0,34.25,3317.0,4095.0,1379.0,1305.4164086604703,13268.0,2716.0,5078.0,8190.0,0.23454929151081177,0.3086373228588606,3,SAFE
3697.0,1535.0,4095.0,4095.0,34.25,3355.5,4095.0,1535.0,1228.0829233674194,13422.0,2560.0,5232.0,8190.0,0.22038444343463087,0.3050961108400316,3,SAFE
3760.0,2038.0,4095.0,4095.0,34.25,3497.0,4095.0,2038.0,985.4031323947237,13988.0,2057.0,5798.0,8190.0,0.17100371745989393,0.292750929347101,3,SAFE
3728.0,1731.0,4095.0,4095.0,34.25,3412.25,4095.0,1731.0,1134.1068071394334,13649.0,2364.0,5459.0,8190.0,0.2000879185141704,0.30002197961022625,3,SAFE
3728.0,1751.0,4095.0,4095.0,34.25,3417.25,4095.0,1751.0,1124.2248811218035,13669.0,2344.0,5479.0,8190.0,0.1983319920844003,0.2995829980028105,3,SAFE
3733.0,1782.0,4095.0,4095.0,34.25,3426.25,4095.0,1782.0,1109.3702042149862,13705.0,2313.0,5515.0,8190.0,0.19518423931447032,0.29879605981037605,3,SAFE
3754.0,2011.0,4095.0,4095.0,34.25,3488.75,4095.0,2011.0,998.1951629482751,13955.0,2084.0,5765.0,8190.0,0.1737728412630761,0.2934432102978543,3,SAFE
3708.2,1693.5,4095.0,4095.0,34.24,3397.925,4095.0,1693.5,1150.820325898009,13591.7,2401.5,5401.7,8190.0,0.2051472589738482,0.30128681472506846,3,SAFE
3664.0,1535.0,4095.0,4095.0,34.31,3347.25,4095.0,1535.0,1225.1313875118321,13389.0,2560.0,5199.0,8190.0,0.22339233697636923,0.30584808422542026,3,SAFE
3680.0,1520.0,4095.0,4095.0,34.25,3347.5,4095.0,1520.0,1233.9401660264298,13390.0,2575.0,5200.0,8190.0,0.2233009708571097,0.3058252426956068,3,SAFE
3638.0,1478.0,4095.0,4095.0,34.31,3326.5,4095.0,1478.0,1251.0221154453398,13306.0,2617.0,5116.0,8190.0,0.2310235983593098,0.30775589957103894,3,SAFE
3415.0,1754.0,4095.0,4095.0,34.31,3339.75,4095.0,1754.0,1104.6976584870029,13359.0,2341.0,5169.0,8190.0,0.22613968109692792,0.306534920255518,2,SAFE
3654.0,0.0,4095.0,4095.0,34.31,2961.0,4095.0,0.0,1984.9166229340717,11844.0,4095.0,3654.0,8190.0,0.38297872337192007,0.34574468082187226,3,SAFE
3646.0,429.0,4095.0,4095.0,34.31,3066.25,4095.0,429.0,1770.8614429141542,12265.0,3666.0,4075.0,8190.0,0.3355075417582138,0.33387688541917027,3,SAFE
3683.0,410.0,4095.0,4095.0,34.31,3070.75,4095.0,410.0,1784.4342474110201,12283.0,3685.0,4093.0,8190.0,0.3335504355341895,0.333387608863194,3,SAFE
3651.0,434.0,4095.0,4095.0,34.31,3068.75,4095.0,434.0,1768.9262986342874,12275.0,3661.0,4085.0,8190.0,0.33441955190758293,0.33360488795652915,3,SAFE
3708.0,434.0,4095.0,4095.0,34.31,3083.0,4095.0,434.0,1775.3979835518571,12332.0,3661.0,4142.0,8190.0,0.3282517028601807,0.3320629256947727,3,SAFE
3675.0,215.0,4095.0,4095.0,34.31,3020.0,4095.0,215.0,1880.4520733057782,12080.0,3880.0,3890.0,8190.0,0.3559602648711953,0.3389900661971035,3,SAFE
3641.4,820.9,4095.0,4095.0,34.31,3163.075,4095.0,820.9,1576.0231541763592,12652.3,3274.1,4462.3,8190.0,0.2946262734605861,0.3236565683453873,3,SAFE
3686.0,0.0,4095.0,4095.0,34.31,2969.0,4095.0,0.0,1988.701586462886,11876.0,4095.0,3686.0,8190.0,0.37925227346082413,0.34481306834415515,3,SAFE
3712.0,0.0,4095.0,4095.0,34.38,2975.5,4095.0,0.0,1991.8662103665497,11902.0,4095.0,3712.0,8190.0,0.376239287483092,0.34405982184976813,3,SAFE
3507.0,0.0,4095.0,4095.0,34.31,2924.25,4095.0,0.0,1969.1069676378681,11697.0,4095.0,3507.0,8190.0,0.4003590663930615,0.3500897665768924,3,SAFE
3647.0,0.0,4095.0,4095.0,34.31,2959.25,4095.0,0.0,1984.1048989405776,11837.0,4095.0,3647.0,8190.0,0.3837965700444541,0.3459491424899933,3,SAFE
3577.0,985.0,4095.0,4095.0,34.31,3188.0,4095.0,985.0,1488.8281745498148,12752.0,3110.0,4562.0,8190.0,0.28450439144569445,0.32112609784181884,3,SAFE
3569.0,1343.0,4095.0,4095.0,34.31,3275.5,4095.0,1343.0,1311.978023189921,13102.0,2752.0,4912.0,8190.0,0.25019081054417713,0.31254770261696324,3,SAFE
3603.0,1222.0,4095.0,4095.0,34.31,3253.75,4095.0,1222.0,1374.21332041281,13015.0,2873.0,4825.0,8190.0,0.2585478294077182,0.31463695733272096,3,SAFE
3655.0,1221.0,4095.0,4095.0,34.38,3266.5,4095.0,1221.0,1379.350934316572,13066.0,2874.0,4876.0,8190.0,0.25363538954128,0.31340884736618635,3,SAFE
3662.0,1226.0,4095.0,4095.0,34.38,3269.5,4095.0,1226.0,1377.539957073236,13078.0,2869.0,4888.0,8190.0,0.25248508944391457,0.31312127234186254,3,SAFE
3679.0,1154.0,4095.0,4095.0,34.31,3255.75,4095.0,1154.0,1414.8232810731758,13023.0,2941.0,4833.0,8190.0,0.2577747062690797,0.3144436765480731,3,SAFE
3629.7,715.1,4095.0,4095.0,34.33,3133.7,4095.0,715.1,1627.250988630826,12534.8,3379.9,4344.8,8190.0,0.30676197463806665,0.3266904936395722,3,SAFE
3653.0,534.0,4095.0,4095.0,34.38,3094.25,4095.0,534.0,1719.5040709460388,12377.0,3561.0,4187.0,8190.0,0.3234224771492751,0.33085561926712,3,SAFE
3691.0,1207.0,4095.0,4095.0,34.31,3272.0,4095.0,1207.0,1389.7774402159985,13088.0,2888.0,4898.0,8190.0,0.251528117340195,0.3128820293159473,3,SAFE
3677.0,1314.0,4095.0,4095.0,34.38,3295.25,4095.0,1314.0,1335.4505793925885,13181.0,2781.0,4991.0,8190.0,0.24269782260506048,0.3106744556322984,3,SAFE
3641.0,1357.0,4095.0,4095.0,34.38,3297.0,4095.0,1357.0,1310.9213045284857,13188.0,2738.0,4998.0,8190.0,0.24203821654215663,0.31050955411658254,3,SAFE
3680.0,1217.0,4095.0,4095.0,34.38,3271.75,4095.0,1217.0,1383.732482575058,13087.0,2878.0,4897.0,8190.0,0.2516237487390828,0.3129059371656678,3,SAFE
3646.0,1251.0,4095.0,4095.0,34.38,3271.75,4095.0,1251.0,1363.6928723139972,13087.0,2844.0,4897.0,8190.0,0.2516237487390828,0.3129059371656678,3,SAFE
3654.0,1215.0,4095.0,4095.0,34.38,3264.75,4095.0,1215.0,1382.2229378794145,13059.0,2880.0,4869.0,8190.0,0.2543073742051989,0.3135768435321558,3,SAFE
3598.0,1308.0,4095.0,4095.0,34.38,3274.0,4095.0,1308.0,1331.4420753453753,13096.0,2787.0,4906.0,8190.0,0.25076359191732106,0.31269089796024047,3,SAFE
3582.0,1322.0,4095.0,4095.0,34.38,3273.5,4095.0,1322.0,1323.2849277460996,13094.0,2773.0,4904.0,8190.0,0.25095463569184706,0.31273865890386904,3,SAFE
3677.0,1261.0,4095.0,4095.0,34.38,3282.0,4095.0,1261.0,1361.6661362708066,13128.0,2834.0,4938.0,8190.0,0.24771480802500648,0.31192870198720835,3,SAFE
3649.9,1198.6,4095.0,4095.0,34.37,3259.625,4095.0,1198.6,1389.9450118020256,13038.5,2896.4,4848.5,8190.0,0.25627947998187833,0.3140698699762956,3,SAFE
3664.0,1234.0,4095.0,4095.0,34.38,3272.0,4095.0,1234.0,1373.7741202007458,13088.0,2861.0,4898.0,8190.0,0.251528117340195,0.3128820293159473,3,SAFE
3664.0,1259.0,4095.0,4095.0,34.38,3278.25,4095.0,1259.0,1361.4128384390485,13113.0,2836.0,4923.0,8190.0,0.24914207273323097,0.3122855181642427,3,SAFE
3685.0,1241.0,4095.0,4095.0,34.38,3279.0,4095.0,1241.0,1372.3449517765812,13116.0,2854.0,4926.0,8190.0,0.24885635862695513,0.3122140896376781,3,SAFE
3628.0,1187.0,4095.0,4095.0,34.38,3251.25,4095.0,1187.0,1393.6638463656388,13005.0,2908.0,4815.0,8190.0,0.259515570914301,0.3148788927093519,3,SAFE
3679.0,1265.0,4095.0,4095.0,34.38,3283.5,4095.0,1265.0,1359.880754576175,13134.0,2830.0,4944.0,8190.0,0.24714481496519378,0.3117862037222639,3,SAFE
3583.0,1252.0,4095.0,4095.0,34.38,3256.25,4095.0,1252.0,1357.790699383868,13025.0,2843.0,4835.0,8190.0,0.2575815738765772,0.31439539344995043,3,SAFE
3495.0,1246.0,4095.0,4095.0,34.38,3232.75,4095.0,1246.0,1354.3634113486676,12931.0,2849.0,4741.0,8190.0,0.26672337790838113,0.3166808444577619,2,SAFE
3653.0,1226.0,4095.0,4095.0,34.38,3267.25,4095.0,1226.0,1376.6922616668305,13069.0,2869.0,4879.0,8190.0,0.2533476164776687,0.3133369041002879,3,SAFE
3583.0,1222.0,4095.0,4095.0,34.44,3248.75,4095.0,1222.0,1372.5544008648012,12995.0,2873.0,4805.0,8190.0,0.26048480182681916,0.3151212004374666,3,SAFE
3599.0,1232.0,4095.0,4095.0,34.44,3255.25,4095.0,1232.0,1368.9490798906047,13021.0,2863.0,4831.0,8190.0,0.25796789799109376,0.3144919744785737,3,SAFE
3623.3,1236.4,4095.0,4095.0,34.39,3262.425,4095.0,1236.4,1368.8645328032524,13049.7,2858.6,4859.700000000001,8190.0,0.25520126897513334,0.3138003172246258,3,SAFE
3547.0,1105.0,4095.0,4095.0,34.44,3210.5,4095.0,1105.0,1427.2401106097507,12842.0,2990.0,4652.0,8190.0,0.27550225819377805,0.31887556452897714,3,SAFE
3580.0,1265.0,4095.0,4095.0,34.44,3258.75,4095.0,1265.0,1351.1561407426852,13035.0,2830.0,4845.0,8190.0,0.25661680090091166,0.3141542002060488,3,SAFE
3552.0,1258.0,4095.0,4095.0,34.44,3250.0,4095.0,1258.0,1352.444453572863,13000.0,2837.0,4810.0,8190.0,0.25999999998,0.3149999999757692,3,SAFE
3653.0,1202.0,4095.0,4095.0,34.44,3261.25,4095.0,1202.0,1388.5552143625162,13045.0,2893.0,4855.0,8190.0,0.25565350707124157,0.31391337674864594,3,SAFE
4095.0,3722.0,4095.0,4095.0,32.06,4001.75,4095.0,3722.0,186.5,16007.0,373.0,7817.0,8190.0,0.023302305240001105,0.25582557629438213,4,LOW
4015.0,3281.0,4095.0,3984.0,32.06,3843.75,4095.0,3281.0,378.06998911136367,15375.0,814.0,7296.0,8079.0,0.05092682926498037,0.26634146339731113,3,LOW
0.0,0.0,154.0,0.0,32.06,38.5,154.0,0.0,77.0,154.0,154.0,0.0,154.0,0.9999999935064936,0.9999999935064936,0,LOW
0.0,0.0,153.0,0.0,32.13,38.25,153.0,0.0,76.5,153.0,153.0,0.0,153.0,0.9999999934640523,0.9999999934640523,0,LOW
59.0,0.0,4095.0,0.0,32.13,1038.5,4095.0,0.0,2037.8564718841217,4154.0,4095.0,59.0,4095.0,0.9715936444459331,0.9857968221026006,1,LOW
4095.0,0.0,4095.0,4095.0,32.19,3071.25,4095.0,0.0,2047.5,12285.0,4095.0,4095.0,8190.0,0.33333333330619996,0.33333333330619996,3,LOW
4095.0,3281.0,4095.0,4095.0,32.19,3891.5,4095.0,3281.0,407.0,15566.0,814.0,7376.0,8190.0,0.05229346010199836,0.26307336500943895,3,LOW
2864.4,1863.9,3306.7,2855.4,32.08,2722.6,3306.7,1863.9,609.9949671923531,10890.4,1442.7999999999997,4728.3,6162.1,0.13165723939142207,0.3036343935664774,0,LOW
4095.0,3358.0,4095.0,4095.0,32.19,3910.75,4095.0,3358.0,368.5,15643.0,737.0,7453.0,8190.0,0.047113724985801075,0.2617784312304687,3,LOW
3408.0,0.0,112.0,0.0,32.25,880.0,3408.0,0.0,1686.1601347440285,3520.0,3408.0,3408.0,112.0,0.936363636097624,0.9681818179067666,0,LOW
0.0,0.0,121.0,0.0,32.25,30.25,121.0,0.0,60.5,121.0,121.0,0.0,121.0,0.9999999917355373,0.9999999917355373,0,LOW
0.0,0.0,2651.0,3937.0,32.25,1647.0,3937.0,0.0,1972.927942593613,6588.0,3937.0,0.0,6588.0,0.9999999998482089,0.5976016999700058,1,LOW
21.0,0.0,943.0,1211.0,32.25,543.75,1211.0,0.0,625.4477729328538,2175.0,1211.0,21.0,2154.0,0.980689654721522,0.5567816089394108,0,LOW
4095.0,0.0,4095.0,0.0,32.31,2047.5,4095.0,0.0,2364.2493523315175,8190.0,4095.0,4095.0,4095.0,0.0,0.4999999999389499,2,LOW
4095.0,2970.0,4095.0,4095.0,32.31,3813.75,4095.0,2970.0,562.5,15255.0,1125.0,7065.0,8190.0,0.07374631267953154,0.2684365781534948,3,LOW
4095.0,403.0,4095.0,4095.0,32.31,3172.0,4095.0,403.0,1846.0,12688.0,3692.0,4498.0,8190.0,0.2909836065344433,0.32274590161390715,3,LOW
4095.0,2514.0,4095.0,4095.0,32.38,3699.75,4095.0,2514.0,790.5,14799.0,1581.0,6609.0,8190.0,0.1068315426645833,0.2767078856492528,3,LOW
2559.0,0.0,201.0,4057.0,32.38,1704.25,4057.0,0.0,1951.9442230760592,6817.0,4057.0,2559.0,4258.0,0.24922986647363504,0.5951298224152662,1,LOW
2646.3,924.5,2450.3,2558.5,32.29,2144.9,2646.3,924.5,817.5394465508479,8579.6,1721.8000000000002,3570.8,5008.8,0.16760688142015864,0.30844095292222934,0,LOW
0.0,0.0,210.0,0.0,32.38,52.5,210.0,0.0,105.0,210.0,210.0,0.0,210.0,0.9999999952380952,0.9999999952380952,0,LOW
5.0,0.0,304.0,3312.0,32.38,905.25,3312.0,0.0,1610.7839447507126,3621.0,3312.0,5.0,3616.0,0.9972383316770952,0.9146644570796287,0,LOW
4095.0,0.0,4095.0,2827.0,32.44,2754.25,4095.0,0.0,1931.0106809647637,11017.0,4095.0,4095.0,6922.0,0.2566034310377958,0.3716982844357177,2,LOW
4095.0,2089.0,4095.0,4095.0,32.44,3593.5,4095.0,2089.0,1003.0,14374.0,2006.0,6184.0,8190.0,0.1395575344274692,0.2848893835894748,3,LOW
4095.0,2669.0,4095.0,4095.0,32.44,3738.5,4095.0,2669.0,713.0,14954.0,1426.0,6764.0,8190.0,0.09535910123743753,0.2738397752926414,3,LOW
0.0,0.0,149.0,0.0,32.44,37.25,149.0,0.0,74.5,149.0,149.0,0.0,149.0,0.9999999932885907,0.9999999932885907,0,LOW
5.0,0.0,208.0,4086.0,32.44,1074.75,4086.0,0.0,2009.8370373407558,4299.0,4086.0,5.0,4294.0,0.9976738774138929,0.9504535936379498,1,LOW
4095.0,3465.0,4095.0,4095.0,32.44,3937.5,4095.0,3465.0,315.0,15750.0,630.0,7560.0,8190.0,0.03999999999746032,0.25999999998349205,3,LOW
4095.0,3767.0,4095.0,4095.0,32.5,4013.0,4095.0,3767.0,164.0,16052.0,328.0,7862.0,8190.0,0.020433590828530176,0.25510839769155813,4,LOW
0.0,0.0,112.0,0.0,32.5,28.0,112.0,0.0,56.0,112.0,112.0,0.0,112.0,0.9999999910714287,0.9999999910714287,0,LOW
2048.5,1199.0,2145.8,2660.5,32.44,2013.45,2660.5,1199.0,605.7357867365386,8053.8,1461.5,3247.5,4806.3,0.19354838707274227,0.3303409570227295,0,LOW
4095.0,0.0,4095.0,4022.0,32.5,3053.0,4095.0,0.0,2035.624228584441,12212.0,4095.0,4095.0,8117.0,0.3293481820889823,0.3353259089145655,3,LOW
4095.0,3844.0,4095.0,4095.0,32.5,4032.25,4095.0,3844.0,125.5,16129.0,251.0,7939.0,8190.0,0.0155620311230974,0.25389050776527433,4,LOW
0.0,0.0,95.0,0.0,32.56,23.75,95.0,0.0,47.5,95.0,95.0,0.0,95.0,0.9999999894736844,0.9999999894736844,0,LOW
0.0,0.0,137.0,0.0,32.56,34.25,137.0,0.0,68.5,137.0,137.0,0.0,137.0,0.99999999270073,0.99999999270073,0,LOW
4095.0,2672.0,4095.0,4095.0,32.56,3739.25,4095.0,2672.0,711.5,14957.0,1423.0,6767.0,8190.0,0.09513939960586083,0.2737848498847506,3,LOW
4095.0,0.0,4095.0,0.0,32.63,2047.5,4095.0,0.0,2364.2493523315175,8190.0,4095.0,4095.0,4095.0,0.0,0.4999999999389499,2,LOW
4095.0,3184.0,4095.0,4095.0,32.63,3867.25,4095.0,3184.0,455.5,15469.0,911.0,7279.0,8190.0,0.05889197749958679,0.2647229943587353,3,LOW
0.0,0.0,95.0,4095.0,32.63,1047.5,4095.0,0.0,2032.1601806944254,4190.0,4095.0,0.0,4190.0,0.9999999997613365,0.9773269687404946,1,LOW
4095.0,3612.0,141.0,4095.0,32.63,2985.75,4095.0,141.0,1910.1189099111082,11943.0,3954.0,7707.0,4236.0,0.29063049482620523,0.34287867367136576,3,LOW
4095.0,3544.0,4095.0,4095.0,32.63,3957.25,4095.0,3544.0,275.5,15829.0,551.0,7639.0,8190.0,0.03480952681566684,0.25870238168812293,4,LOW
2866.5,1685.6,2503.8,2859.2,32.58,2478.775,2866.5,1685.6,555.2196824981381,9915.1,1180.9,4552.1,5363.0,0.0817843491158148,0.2891044971519092,0,LOW
0.0,0.0,64.0,0.0,32.63,16.0,64.0,0.0,32.0,64.0,64.0,0.0,64.0,0.9999999843750003,0.9999999843750003,0,LOW
3.0,0.0,176.0,3947.0,32.69,1031.5,3947.0,0.0,1945.4069839838999,4126.0,3947.0,3.0,4123.0,0.9985458068350591,0.9566165775674704,1,LOW
4095.0,3866.0,4095.0,4095.0,32.69,4037.75,4095.0,3866.0,114.5,16151.0,229.0,7961.0,8190.0,0.014178688625213381,0.25354467214082443,4,LOW
4095.0,3205.0,4095.0,4095.0,32.69,3872.5,4095.0,3205.0,445.0,15490.0,890.0,7300.0,8190.0,0.05745642349532237,0.26436410585769116,3,LOW
3964.0,0.0,4095.0,4095.0,32.69,3038.5,4095.0,0.0,2026.6077568192618,12154.0,4095.0,3964.0,8190.0,0.34770445940861405,0.33692611483158413,3,LOW
0.0,0.0,102.0,2790.0,32.69,723.0,2790.0,0.0,1378.83864175617,2892.0,2790.0,0.0,2892.0,0.9999999996542186,0.9647302901228457,0,LOW
6.0,0.0,196.0,4078.0,32.69,1070.0,4078.0,0.0,2007.397652019483,4280.0,4078.0,6.0,4274.0,0.9971962614492531,0.9528037380951392,1,LOW
4095.0,3093.0,4095.0,4095.0,32.75,3844.5,4095.0,3093.0,501.0,15378.0,1002.0,7188.0,8190.0,0.06515801794348042,0.26628950446961314,3,LOW
4095.0,3638.0,4095.0,0.0,32.75,2957.0,4095.0,0.0,1983.069842441259,11828.0,4095.0,7733.0,4095.0,0.3075752451549226,0.3462123773802661,3,LOW
0.0,0.0,81.0,0.0,32.75,20.25,81.0,0.0,40.5,81.0,81.0,0.0,81.0,0.9999999876543212,0.9999999876543212,0,LOW
2035.3,1380.2,2109.4,2719.5,32.7,2061.1,2719.5,1380.2,547.7572150749514,8244.4,1339.3,3415.5,4828.9,0.17143758185296226,0.3298602687485008,0,LOW
4095.0,3747.0,4095.0,4095.0,32.75,4008.0,4095.0,3747.0,174.0,16032.0,348.0,7842.0,8190.0,0.02170658682499335,0.2554266466906545,4,LOW
4095.0,3376.0,4095.0,4095.0,32.75,3915.25,4095.0,3376.0,359.5,15661.0,719.0,7471.0,8190.0,0.04591022284363002,0.2614775556949443,3,LOW
0.0,0.0,64.0,0.0,32.75,16.0,64.0,0.0,32.0,64.0,64.0,0.0,64.0,0.9999999843750003,0.9999999843750003,0,LOW
16.0,0.0,2829.0,4095.0,32.75,1735.0,4095.0,0.0,2060.0665037808853,6940.0,4095.0,16.0,6924.0,0.9953890488479266,0.5900576368025853,1,LOW
4095.0,3955.0,4095.0,4095.0,32.75,4060.0,4095.0,3955.0,70.0,16240.0,140.0,8050.0,8190.0,0.008620689654641583,0.2521551723982663,4,LOW
4095.0,1711.0,4095.0,4095.0,32.81,3499.0,4095.0,1711.0,1192.0,13996.0,2384.0,5806.0,8190.0,0.170334381239616,0.29258359529204175,3,LOW
0.0,0.0,47.0,0.0,32.81,11.75,47.0,0.0,23.5,47.0,47.0,0.0,47.0,0.9999999787234047,0.9999999787234047,0,LOW
0.0,0.0,128.0,3250.0,32.81,844.5,3250.0,0.0,1604.8014415081595,3378.0,3250.0,0.0,3378.0,0.9999999997039669,0.962107755783864,0,LOW
4095.0,3619.0,4095.0,4095.0,32.81,3976.0,4095.0,3619.0,238.0,15904.0,476.0,7714.0,8190.0,0.02992957746290684,0.2574823943500074,4,LOW
4095.0,3918.0,4095.0,4095.0,32.81,4050.75,4095.0,3918.0,88.5,16203.0,177.0,8013.0,8190.0,0.010923902980255267,0.25273097572963454,4,LOW
2458.6,2032.6,2763.8,3191.5,32.78,2611.625,3191.5,2032.6,489.2507358195796,10446.5,1158.9,4491.2,5955.3,0.14015220407407727,0.3055090221312871,0,LOW
0.0,0.0,38.0,0.0,32.81,9.5,38.0,0.0,19.0,38.0,38.0,0.0,38.0,0.9999999736842113,0.9999999736842113,0,LOW
1776.0,0.0,4095.0,0.0,32.88,1467.75,4095.0,0.0,1941.3089012313317,5871.0,4095.0,1776.0,4095.0,0.39499233513967086,0.697496167484671,1,LOW
4095.0,3608.0,4095.0,4095.0,32.88,3973.25,4095.0,3608.0,243.5,15893.0,487.0,7703.0,8190.0,0.030642421189791578,0.2576606052817177,4,LOW
0.0,0.0,42.0,0.0,32.81,10.5,42.0,0.0,21.0,42.0,42.0,0.0,42.0,0.9999999761904769,0.9999999761904769,0,LOW
3991.0,0.0,4095.0,0.0,32.88,2021.5,4095.0,0.0,2334.6132442012745,8086.0,4095.0,3991.0,4095.0,0.012861736332814526,0.5064308681045719,2,LOW
4095.0,3548.0,4095.0,4095.0,32.88,3958.25,4095.0,3548.0,273.5,15833.0,547.0,7643.0,8190.0,0.03454809574720217,0.25863702392101073,4,LOW
0.0,0.0,33.0,0.0,32.88,8.25,33.0,0.0,16.5,33.0,33.0,0.0,33.0,0.9999999696969707,0.9999999696969707,0,LOW
0.0,0.0,511.0,0.0,32.88,127.75,511.0,0.0,255.5,511.0,511.0,0.0,511.0,0.9999999980430528,0.9999999980430528,0,LOW
4095.0,3905.0,4095.0,4095.0,32.94,4047.5,4095.0,3905.0,95.0,16190.0,190.0,8000.0,8190.0,0.01173563928278347,0.2529339098052542,4,LOW
3601.0,2930.0,4095.0,4095.0,32.88,3680.25,4095.0,2930.0,551.7217746896226,14721.0,1165.0,6531.0,8190.0,0.11269614835183098,0.2781740370709752,3,LOW
2165.3,1399.1,2519.4,1638.0,32.87,1930.45,2519.4,1399.1,506.5821585225179,7721.8,1120.3000000000002,3564.4,4157.4,0.07679556579077468,0.3262710766497098,0,LOW
0.0,0.0,47.0,3959.0,32.88,1001.5,3959.0,0.0,1971.7911485077047,4006.0,3959.0,0.0,4006.0,0.9999999997503745,0.9882675983554,1,LOW
3.0,0.0,2651.0,2955.0,32.88,1402.25,2955.0,0.0,1622.2016674877386,5609.0,2955.0,3.0,5606.0,0.9989302904262916,0.5268318772460631,0,LOW
4095.0,2909.0,4095.0,4095.0,32.94,3798.5,4095.0,2909.0,593.0,15194.0,1186.0,7004.0,8190.0,0.07805712780847326,0.26951428193566446,3,LOW
4095.0,0.0,4095.0,4095.0,32.94,3071.25,4095.0,0.0,2047.5,12285.0,4095.0,4095.0,8190.0,0.33333333330619996,0.33333333330619996,3,LOW
0.0,0.0,98.0,2448.0,32.94,636.5,2448.0,0.0,1208.54995759381,2546.0,2448.0,0.0,2546.0,0.9999999996072271,0.9615082478548672,0,LOW
4095.0,3269.0,4095.0,4095.0,32.94,3888.5,4095.0,3269.0,413.0,15554.0,826.0,7364.0,8190.0,0.05310531052763885,0.2632763276158367,3,LOW
4095.0,3899.0,4095.0,4095.0,32.94,4046.0,4095.0,3899.0,98.0,16184.0,196.0,7994.0,8190.0,0.012110726642850301,0.25302768164526523,4,LOW
0.0,0.0,58.0,4095.0,33.0,1038.25,4095.0,0.0,2038.0167442884272,4153.0,4095.0,0.0,4153.0,0.9999999997592102,0.9860341919128258,1,LOW
3819.0,0.0,4095.0,2836.0,33.0,2687.5,4095.0,0.0,1871.3682160387357,10750.0,4095.0,3819.0,6931.0,0.28948837206609407,0.38093023252270414,2,LOW
4095.0,2786.0,4095.0,4095.0,33.0,3767.75,4095.0,2786.0,654.5,15071.0,1309.0,6881.0,8190.0,0.08685555038903486,0.27171388758067055,3,LOW
2429.7,1286.3,2742.4,3676.8,32.94,2533.8,3676.8,1286.3,986.0791077122904,10135.2,2390.5,3716.0,6419.200000000001,0.26671402633724905,0.36277527820242567,1,LOW
0.0,0.0,44.0,4095.0,33.0,1034.75,4095.0,0.0,2040.2721019511098,4139.0,4095.0,0.0,4139.0,0.9999999997583957,0.9893694126626311,1,LOW
0.0,0.0,202.0,3874.0,33.0,1019.0,3874.0,0.0,1905.7138644962768,4076.0,3874.0,0.0,4076.0,0.9999999997546615,0.9504416091878211,1,LOW
4095.0,3837.0,4095.0,4095.0,33.0,4030.5,4095.0,3837.0,129.0,16122.0,258.0,7932.0,8190.0,0.016002977297109356,0.25400074430877057,4,LOW
4095.0,0.0,4095.0,4095.0,33.06,3071.25,4095.0,0.0,2047.5,12285.0,4095.0,4095.0,8190.0,0.33333333330619996,0.33333333330619996,3,LOW
0.0,0.0,176.0,1001.0,33.0,294.25,1001.0,0.0,478.41570138670545,1177.0,1001.0,0.0,1177.0,0.9999999991503822,0.850467288997054,0,LOW
4095.0,3671.0,4095.0,4095.0,33.0,3989.0,4095.0,3671.0,212.0,15956.0,424.0,7766.0,8190.0,0.02657307595722154,0.2566432689736373,4,LOW
4095.0,2721.0,4095.0,4095.0,33.06,3751.5,4095.0,2721.0,687.0,15006.0,1374.0,6816.0,8190.0,0.09156337464403816,0.2728908436443495,3,LOW
0.0,0.0,159.0,0.0,33.06,39.75,159.0,0.0,79.5,159.0,159.0,0.0,159.0,0.9999999937106919,0.9999999937106919,0,LOW
4095.0,3745.0,4095.0,4095.0,33.06,4007.5,4095.0,3745.0,175.0,16030.0,350.0,7840.0,8190.0,0.021834061134009104,0.2554585152679065,4,LOW
4095.0,3174.0,4095.0,4095.0,33.06,3864.75,4095.0,3174.0,460.5,15459.0,921.0,7269.0,8190.0,0.059576945464805166,0.26489423635002946,3,LOW
2457.0,1714.8,2515.1,3354.0,33.03,2510.225,3354.0,1714.8,670.202419049648,10040.9,1639.2,4171.8,5869.1,0.16903863197830488,0.33403380171757174,0,LOW
0.0,0.0,149.0,0.0,33.06,37.25,149.0,0.0,74.5,149.0,149.0,0.0,149.0,0.9999999932885907,0.9999999932885907,0,LOW
4095.0,3869.0,4095.0,4095.0,33.06,4038.5,4095.0,3869.0,113.0,16154.0,226.0,7964.0,8190.0,0.01399034294824871,0.25349758572158615,4,LOW
4095.0,3472.0,4095.0,4095.0,33.06,3939.25,4095.0,3472.0,311.5,15757.0,623.0,7567.0,8190.0,0.039537983116104715,0.2598844957631602,3,LOW
4095.0,1686.0,4095.0,3818.0,33.06,3423.5,4095.0,1686.0,1165.6701934938544,13694.0,2409.0,5781.0,7913.0,0.1556886227431219,0.29903607417124023,3,LOW
0.0,0.0,162.0,0.0,33.13,40.5,162.0,0.0,81.0,162.0,162.0,0.0,162.0,0.9999999938271605,0.9999999938271605,0,LOW
4095.0,717.0,4095.0,4095.0,33.13,3250.5,4095.0,717.0,1689.0,13002.0,3378.0,4812.0,8190.0,0.25980618364406965,0.3149515458917896,3,LOW
4095.0,3551.0,4095.0,4095.0,33.13,3959.0,4095.0,3551.0,272.0,15836.0,544.0,7646.0,8190.0,0.034352109116295014,0.25858802726328695,4,LOW
0.0,0.0,84.0,0.0,33.13,21.0,84.0,0.0,42.0,84.0,84.0,0.0,84.0,0.9999999880952383,0.9999999880952383,0,LOW
8.0,0.0,739.0,0.0,33.13,186.75,739.0,0.0,368.18598108383577,747.0,739.0,8.0,739.0,0.9785809893191687,0.9892904939902403,0,LOW
4095.0,2416.0,4095.0,4095.0,33.13,3675.25,4095.0,2416.0,839.5,14701.0,1679.0,6511.0,8190.0,0.11420991768490511,0.2785524794042206,3,LOW
2457.8,1571.1,2570.4,2429.3,33.1,2257.15,2570.4,1571.1,461.40589867635356,9028.6,999.3000000000002,4028.9,4999.700000000001,0.1075249761748749,0.28469530156561423,0,LOW
4095.0,2670.0,4095.0,4095.0,33.13,3738.75,4095.0,2670.0,712.5,14955.0,1425.0,6765.0,8190.0,0.09528585756634665,0.2738214643748698,3,LOW
0.0,0.0,112.0,4095.0,33.19,1051.75,4095.0,0.0,2029.5202019196556,4207.0,4095.0,0.0,4207.0,0.9999999997623008,0.9733777035955841,1,LOW
4095.0,2323.0,4095.0,4095.0,33.19,3652.0,4095.0,2323.0,886.0,14608.0,1772.0,6418.0,8190.0,0.12130339539147704,0.28032584883075534,3,LOW
4095.0,2955.0,4095.0,4095.0,33.19,3810.0,4095.0,2955.0,570.0,15240.0,1140.0,7050.0,8190.0,0.07480314960139087,0.2687007873839435,3,LOW
0.0,0.0,83.0,0.0,33.19,20.75,83.0,0.0,41.5,83.0,83.0,0.0,83.0,0.9999999879518074,0.9999999879518074,0,LOW
0.0,0.0,337.0,0.0,33.19,84.25,337.0,0.0,168.5,337.0,337.0,0.0,337.0,0.999999997032641,0.999999997032641,0,LOW
4095.0,3838.0,4095.0,4095.0,33.25,4030.75,4095.0,3838.0,128.5,16123.0,257.0,7933.0,8190.0,0.015939961544629414,0.25398499037065153,4,LOW
4095.0,0.0,4095.0,3571.0,33.19,2940.25,4095.0,0.0,1975.6695700445457,11761.0,4095.0,4095.0,7666.0,0.30363064362693387,0.34818467814401965,3,LOW
0.0,0.0,138.0,0.0,33.25,34.5,138.0,0.0,69.0,138.0,138.0,0.0,138.0,0.9999999927536233,0.9999999927536233,0,LOW
4095.0,3565.0,4095.0,4095.0,33.25,3962.5,4095.0,3565.0,265.0,15850.0,530.0,7660.0,8190.0,0.03343848580230672,0.2583596214348038,4,LOW
2457.0,1535.1,2524.0,2814.1,33.2,2332.55,2814.1,1535.1,553.7622263511058,9330.2,1279.0,3992.1,5338.1,0.14426271675373922,0.3016119697003695,0,LOW
4095.0,0.0,4095.0,3792.0,33.25,2995.5,4095.0,0.0,2002.101645771263,11982.0,4095.0,4095.0,7887.0,0.31647471204168964,0.3417626439374259,3,LOW
0.0,0.0,85.0,0.0,33.25,21.25,85.0,0.0,42.5,85.0,85.0,0.0,85.0,0.9999999882352942,0.9999999882352942,0,LOW
4095.0,3289.0,4095.0,4095.0,33.25,3893.5,4095.0,3289.0,403.0,15574.0,806.0,7384.0,8190.0,0.05175292153257012,0.26293823036709013,3,LOW
4095.0,3568.0,4095.0,4095.0,33.25,3963.25,4095.0,3568.0,263.5,15853.0,527.0,7663.0,8190.0,0.03324291931916717,0.2583107298140219,4,LOW
0.0,0.0,16.0,0.0,33.25,4.0,16.0,0.0,8.0,16.0,16.0,0.0,16.0,0.9999999375000038,0.9999999375000038,0,LOW
0.0,0.0,20.0,3044.0,33.25,766.0,3044.0,0.0,1518.695931822211,3064.0,3044.0,0.0,3064.0,0.9999999996736293,0.9934725845321565,0,LOW
4095.0,0.0,4095.0,4095.0,33.25,3071.25,4095.0,0.0,2047.5,12285.0,4095.0,4095.0,8190.0,0.33333333330619996,0.33333333330619996,3,LOW
4095.0,3755.0,4095.0,0.0,33.25,2986.25,4095.0,0.0,1997.2747056927346,11945.0,4095.0,7850.0,4095.0,0.3143574717191831,0.3428212640985499,3,LOW
0.0,0.0,45.0,0.0,33.25,11.25,45.0,0.0,22.5,45.0,45.0,0.0,45.0,0.9999999777777784,0.9999999777777784,0,LOW
0.0,0.0,138.0,0.0,33.31,34.5,138.0,0.0,69.0,138.0,138.0,0.0,138.0,0.9999999927536233,0.9999999927536233,0,LOW
2047.5,1061.2,2077.9,1912.1,33.26,1774.6750000000002,2077.9,1061.2,481.0790259060008,7098.700000000001,1016.7,3108.7,3990.0,0.1241494921430474,0.29271556759791006,0,LOW
4095.0,3344.0,4095.0,4095.0,33.31,3907.25,4095.0,3344.0,375.5,15629.0,751.0,7439.0,8190.0,0.04805169876204161,0.2620129246745145,3,LOW
3971.0,1763.0,4095.0,4095.0,33.31,3481.0,4095.0,1763.0,1146.8240202111801,13924.0,2332.0,5734.0,8190.0,0.17638609593677204,0.29409652396623837,3,LOW
0.0,0.0,69.0,0.0,33.31,17.25,69.0,0.0,34.5,69.0,69.0,0.0,69.0,0.9999999855072467,0.9999999855072467,0,LOW
0.0,0.0,335.0,0.0,33.31,83.75,335.0,0.0,167.5,335.0,335.0,0.0,335.0,0.9999999970149254,0.9999999970149254,0,LOW
4095.0,3863.0,4095.0,4095.0,33.31,4037.0,4095.0,3863.0,116.0,16148.0,232.0,7958.0,8190.0,0.014367104284470703,0.2535917760556359,4,LOW
4095.0,2559.0,4095.0,2483.0,33.31,3308.0,4095.0,2483.0,909.2788351215484,13232.0,1612.0,6654.0,6578.0,0.005743651752891199,0.30947702536959815,2,LOW
0.0,0.0,145.0,0.0,33.31,36.25,145.0,0.0,72.5,145.0,145.0,0.0,145.0,0.9999999931034483,0.9999999931034483,0,LOW
4095.0,1504.0,4095.0,4095.0,33.31,3447.25,4095.0,1504.0,1295.5,13789.0,2591.0,5599.0,8190.0,0.18790340124824836,0.2969758502939317,3,LOW
4095.0,3663.0,4095.0,0.0,33.31,2963.25,4095.0,0.0,1985.968844166494,11853.0,4095.0,7758.0,4095.0,0.30903568714173324,0.34548215638694996,3,LOW
0.0,0.0,108.0,0.0,33.31,27.0,108.0,0.0,54.0,108.0,108.0,0.0,108.0,0.9999999907407409,0.9999999907407409,0,LOW
2444.6,1669.6,2522.7,1886.3,33.31,2130.7999999999997,2522.7,1669.6,418.1473982540925,8523.199999999999,853.0999999999999,4114.2,4409.0,0.03458794818441574,0.2959803829200323,0,LOW
4095.0,0.0,4095.0,0.0,33.31,2047.5,4095.0,0.0,2364.2493523315175,8190.0,4095.0,4095.0,4095.0,0.0,0.4999999999389499,2,LOW
4095.0,3833.0,4095.0,4095.0,33.31,4029.5,4095.0,3833.0,131.0,16118.0,262.0,7928.0,8190.0,0.016255118500046215,0.25406377960950094,4,LOW
0.0,0.0,96.0,0.0,33.31,24.0,96.0,0.0,48.0,96.0,96.0,0.0,96.0,0.9999999895833335,0.9999999895833335,0,LOW
0.0,0.0,384.0,0.0,33.31,96.0,384.0,0.0,192.0,384.0,384.0,0.0,384.0,0.9999999973958333,0.9999999973958333,0,LOW
4095.0,3650.0,4095.0,4095.0,33.38,3983.75,4095.0,3650.0,222.5,15935.0,445.0,7745.0,8190.0,0.027925949166744526,0.2569814872759974,4,LOW
0.0,0.0,95.0,0.0,33.38,23.75,95.0,0.0,47.5,95.0,95.0,0.0,95.0,0.9999999894736844,0.9999999894736844,0,LOW
4095.0,3295.0,4095.0,0.0,33.38,2871.25,4095.0,0.0,1950.962903286477,11485.0,4095.0,7390.0,4095.0,0.2868959512157687,0.3565520243485806,2,LOW
4095.0,3859.0,4095.0,4095.0,33.38,4036.0,4095.0,3859.0,118.0,16144.0,236.0,7954.0,8190.0,0.014618434092256043,0.25365460850757837,4,LOW
0.0,0.0,112.0,0.0,33.38,28.0,112.0,0.0,56.0,112.0,112.0,0.0,112.0,0.9999999910714287,0.9999999910714287,0,LOW
4095.0,113.0,4095.0,835.0,33.38,2284.5,4095.0,113.0,2111.262102787493,9138.0,3982.0,4208.0,4930.0,0.07901072443871626,0.44812869331931177,2,LOW
2457.0,1475.0,2525.7,1312.0,33.35,1942.425,2525.7,1312.0,637.944346449333,7769.7,1213.6999999999998,3932.0,3837.7,0.012136890740680244,0.32507046599932166,0,LOW
4095.0,3857.0,4095.0,4095.0,33.38,4035.5,4095.0,3857.0,119.0,16142.0,238.0,7952.0,8190.0,0.014744145705938289,0.253686036410997,4,LOW
0.0,0.0,174.0,0.0,33.38,43.5,174.0,0.0,87.0,174.0,174.0,0.0,174.0,0.9999999942528736,0.9999999942528736,0,LOW
4095.0,3771.0,4095.0,4095.0,33.38,4014.0,4095.0,3771.0,162.0,16056.0,324.0,7866.0,8190.0,0.020179372196052606,0.25504484303344266,4,LOW
4095.0,3782.0,4095.0,4082.0,33.38,4013.5,4095.0,3782.0,154.4549556774833,16054.0,313.0,7877.0,8177.0,0.018686931604666317,0.2550766164036952,4,LOW
0.0,0.0,175.0,0.0,33.38,43.75,175.0,0.0,87.5,175.0,175.0,0.0,175.0,0.9999999942857143,0.9999999942857143,0,LOW
4095.0,4032.0,4095.0,4095.0,33.38,4079.25,4095.0,4032.0,31.5,16317.0,63.0,8127.0,8190.0,0.003861003860767236,0.2509652509498704,4,LOW
4095.0,0.0,111.0,4095.0,33.38,2075.25,4095.0,0.0,2332.646619186027,8301.0,4095.0,4095.0,4206.0,0.013371882904063138,0.4933140584877347,2,LOW
0.0,0.0,2955.0,2674.0,33.44,1407.25,2955.0,0.0,1628.99670042637,5629.0,2955.0,0.0,5629.0,0.9999999998223484,0.5249600283309717,0,LOW
4095.0,3354.0,4095.0,0.0,33.44,2886.0,4095.0,0.0,1955.4523773285812,11544.0,4095.0,7449.0,4095.0,0.2905405405153724,0.35472972969900124,2,LOW
3989.0,0.0,3702.0,4060.0,33.44,2937.75,4060.0,0.0,1964.605537166855,11751.0,4060.0,3989.0,7762.0,0.3210790570741997,0.3455025103952427,3,LOW
2855.9,1879.6,2759.2,2719.6,33.39,2553.575,2855.9,1879.6,452.9490948219237,10214.3,976.3000000000002,4735.5,5478.799999999999,0.07277052758654326,0.27959821032478016,0,LOW
0.0,0.0,144.0,0.0,33.44,36.0,144.0,0.0,72.0,144.0,144.0,0.0,144.0,0.9999999930555556,0.9999999930555556,0,LOW
4095.0,2531.0,4095.0,4095.0,33.44,3704.0,4095.0,2531.0,782.0,14816.0,1564.0,6626.0,8190.0,0.10556155506846912,0.27639038875024363,3,LOW
4095.0,3039.0,4095.0,4095.0,33.38,3831.0,4095.0,3039.0,528.0,15324.0,1056.0,7134.0,8190.0,0.06891151135024069,0.2672278778212459,3,LOW
0.0,0.0,122.0,0.0,33.38,30.5,122.0,0.0,61.0,122.0,122.0,0.0,122.0,0.9999999918032788,0.9999999918032788,0,LOW
0.0,0.0,567.0,0.0,33.44,141.75,567.0,0.0,283.5,567.0,567.0,0.0,567.0,0.9999999982363316,0.9999999982363316,0,LOW
4095.0,3387.0,4095.0,4095.0,33.44,3918.0,4095.0,3387.0,354.0,15672.0,708.0,7482.0,8190.0,0.045176110257454306,0.2612940275484116,3,LOW
4095.0,3477.0,4095.0,4095.0,33.44,3940.5,4095.0,3477.0,309.0,15762.0,618.0,7572.0,8190.0,0.03920822230432634,0.2598020555602206,3,LOW
0.0,0.0,135.0,4044.0,33.44,1044.75,4044.0,0.0,2000.5124968367481,4179.0,4044.0,0.0,4179.0,0.9999999997607082,0.9676956207303911,1,LOW
4095.0,0.0,4095.0,4095.0,33.44,3071.25,4095.0,0.0,2047.5,12285.0,4095.0,4095.0,8190.0,0.33333333330619996,0.33333333330619996,3,LOW
4095.0,3873.0,4095.0,4095.0,33.44,4039.5,4095.0,3873.0,111.0,16158.0,222.0,7968.0,8190.0,0.013739324172933573,0.25343483102776115,4,LOW
2457.0,1630.7,2553.8,2861.4,33.42,2375.725,2861.4,1630.7,525.7562133092993,9502.9,1230.7,4087.7,5415.200000000001,0.13969419859835489,0.30110808276409223,0,LOW
0.0,0.0,114.0,0.0,33.44,28.5,114.0,0.0,57.0,114.0,114.0,0.0,114.0,0.9999999912280703,0.9999999912280703,0,LOW
0.0,0.0,236.0,2018.0,33.44,563.5,2018.0,0.0,976.0278343025537,2254.0,2018.0,0.0,2254.0,0.9999999995563443,0.8952972489373127,0,LOW
4095.0,3354.0,4095.0,4095.0,33.44,3909.75,4095.0,3354.0,370.5,15639.0,741.0,7449.0,8190.0,0.04738154613163364,0.26184538651692274,3,LOW
4095.0,3457.0,4095.0,4095.0,33.44,3935.5,4095.0,3457.0,319.0,15742.0,638.0,7552.0,8190.0,0.04052852242151388,0.26013213058949736,3,LOW
0.0,0.0,129.0,1127.0,33.44,314.0,1127.0,0.0,545.400770076464,1256.0,1127.0,0.0,1256.0,0.9999999992038215,0.8972929929161679,0,LOW
4095.0,3858.0,4095.0,4095.0,33.44,4035.75,4095.0,3858.0,118.5,16143.0,237.0,7953.0,8190.0,0.014681286005409076,0.25367032148586566,4,LOW
4095.0,3184.0,4095.0,3819.0,33.44,3798.25,4095.0,3184.0,429.6722588206039,15193.0,911.0,7279.0,7914.0,0.04179556374371121,0.2695320213078699,3,LOW
0.0,0.0,128.0,4095.0,33.44,1055.75,4095.0,0.0,2027.0649348257198,4223.0,4095.0,0.0,4223.0,0.9999999997632014,0.9696897937556973,1,LOW
4095.0,3540.0,4095.0,4095.0,33.44,3956.25,4095.0,3540.0,277.5,15825.0,555.0,7635.0,8190.0,0.03507109004517718,0.2587677724954965,4,LOW
4095.0,3839.0,4095.0,4095.0,33.44,4031.0,4095.0,3839.0,128.0,16124.0,256.0,7934.0,8190.0,0.015876953608541494,0.25396923838663055,4,LOW
2457.0,2123.2,2517.7,3153.4,33.44,2562.825,3153.4,2123.2,430.22636193055405,10251.3,1030.2000000000003,4580.2,5671.1,0.10641577164784806,0.3076097665361847,0,LOW
0.0,0.0,110.0,1872.0,33.44,495.5,1872.0,0.0,919.1305674385985,1982.0,1872.0,0.0,1982.0,0.999999999495459,0.9445005040643286,0,LOW
4095.0,0.0,4095.0,3840.0,33.44,3007.5,4095.0,0.0,2008.6002588867702,12030.0,4095.0,4095.0,7935.0,0.319201994985935,0.3403990024654697,3,LOW
4095.0,3712.0,4095.0,4028.0,33.44,3982.5,4095.0,3712.0,183.0783074716026,15930.0,383.0,7807.0,8123.0,0.019836785937235608,0.2570621468765184,4,LOW
0.0,0.0,102.0,0.0,33.44,25.5,102.0,0.0,51.0,102.0,102.0,0.0,102.0,0.9999999901960785,0.9999999901960785,0,LOW
0.0,0.0,311.0,3856.0,33.44,1041.75,3856.0,0.0,1881.885999912499,4167.0,3856.0,0.0,4167.0,0.9999999997600191,0.925365970500272,1,LOW
4095.0,3727.0,4095.0,4095.0,33.44,4003.0,4095.0,3727.0,184.0,16012.0,368.0,7822.0,8190.0,0.0229827629263688,0.2557456907159789,4,LOW
3867.0,0.0,97.0,4095.0,33.5,2014.75,4095.0,0.0,2272.682170916118,8059.0,4095.0,3867.0,4192.0,0.040327584062498124,0.5081275591874764,2,LOW
0.0,0.0,110.0,3794.0,33.44,976.0,3794.0,0.0,1879.3821679832267,3904.0,3794.0,0.0,3904.0,0.9999999997438525,0.971823770242873,1,LOW
4095.0,3869.0,4095.0,4095.0,33.44,4038.5,4095.0,3869.0,113.0,16154.0,226.0,7964.0,8190.0,0.01399034294824871,0.25349758572158615,4,LOW
4095.0,3670.0,4095.0,0.0,33.44,2965.0,4095.0,0.0,1986.7938997289075,11860.0,4095.0,7765.0,4095.0,0.30944350756244154,0.34527824617662073,3,LOW
2434.2,1497.8,2120.5,2967.5,33.44,2255.0,2967.5,1497.8,614.0605236185328,9020.0,1469.7,3932.0,5088.0,0.12815964521860757,0.32899113078392556,0,LOW
0.0,0.0,78.0,0.0,33.44,19.5,78.0,0.0,39.0,78.0,78.0,0.0,78.0,0.9999999871794873,0.9999999871794873,0,LOW
0.0,0.0,1209.0,4068.0,33.44,1319.25,4068.0,0.0,1919.0816162946276,5277.0,4068.0,0.0,5277.0,0.9999999998104984,0.7708925524406116,1,LOW
4095.0,3792.0,4095.0,4095.0,33.44,4019.25,4095.0,3792.0,151.5,16077.0,303.0,7887.0,8190.0,0.018846799774905342,0.25471169992817616,4,LOW
0.0,0.0,80.0,0.0,33.44,20.0,80.0,0.0,40.0,80.0,80.0,0.0,80.0,0.9999999875000002,0.9999999875000002,0,LOW
0.0,0.0,245.0,3017.0,33.44,815.5,3017.0,0.0,1472.2039034499717,3262.0,3017.0,0.0,3262.0,0.9999999996934397,0.9248927035791255,0,LOW
4095.0,3855.0,4095.0,4095.0,33.5,4035.0,4095.0,3855.0,120.0,16140.0,240.0,7950.0,8190.0,0.014869888474915124,0.2537174721032393,4,LOW
2413.0,0.0,2737.0,4095.0,33.44,2311.25,4095.0,0.0,1704.431161218702,9245.0,4095.0,2413.0,6832.0,0.4779881016248796,0.44294213083364603,1,LOW
0.0,0.0,134.0,0.0,33.44,33.5,134.0,0.0,67.0,134.0,134.0,0.0,134.0,0.9999999925373135,0.9999999925373135,0,LOW
4095.0,3777.0,4095.0,4095.0,33.44,4015.5,4095.0,3777.0,159.0,16062.0,318.0,7872.0,8190.0,0.019798281657340412,0.2549495703987704,4,LOW
4095.0,3534.0,4095.0,0.0,33.44,2931.0,4095.0,0.0,1971.8149000349906,11724.0,4095.0,7629.0,4095.0,0.30143295800908965,0.3492835209528076,3,LOW
1879.3,1495.8,2086.3,2346.5,33.44,1951.975,2346.5,1495.8,359.1983980569327,7807.9,850.7,3375.1,4432.8,0.13546536198779888,0.3005289514081214,0,LOW
0.0,0.0,130.0,3698.0,33.5,957.0,3698.0,0.0,1828.3606500542137,3828.0,3698.0,0.0,3828.0,0.999999999738767,0.9660397071666563,1,LOW
0.0,0.0,269.0,4095.0,33.5,1091.0,4095.0,0.0,2006.6773532384323,4364.0,4095.0,0.0,4364.0,0.9999999997708523,0.9383593031763612,1,LOW
4095.0,3199.0,4095.0,4095.0,33.5,3871.0,4095.0,3199.0,448.0,15484.0,896.0,7294.0,8190.0,0.05786618444472577,0.2644665460950357,3,LOW
4095.0,3632.0,4095.0,334.0,33.5,3039.0,4095.0,334.0,1816.4935085671698,12156.0,3761.0,7727.0,4429.0,0.27130635075096193,0.3368706811174012,3,LOW
0.0,0.0,127.0,2423.0,33.5,637.5,2423.0,0.0,1191.83793641026,2550.0,2423.0,0.0,2550.0,0.9999999996078431,0.9501960780587467,0,LOW
4095.0,3666.0,4095.0,4095.0,33.5,3987.75,4095.0,3666.0,214.5,15951.0,429.0,7761.0,8190.0,0.02689486552398628,0.25672371636532354,4,LOW
4095.0,3775.0,4095.0,3568.0,33.5,3883.25,4095.0,3568.0,258.6997938409177,15533.0,527.0,7870.0,7663.0,0.013326466232323024,0.2636322667698685,4,LOW
0.0,0.0,116.0,3866.0,33.44,995.5,3866.0,0.0,1914.4477880927789,3982.0,3866.0,0.0,3982.0,0.99999999974887,0.9708689098516151,1,LOW
4095.0,3381.0,4095.0,4095.0,33.5,3916.5,4095.0,3381.0,357.0,15666.0,714.0,7476.0,8190.0,0.04557640750379315,0.2613941018599902,3,LOW
4095.0,3618.0,4095.0,4095.0,33.5,3975.75,4095.0,3618.0,238.5,15903.0,477.0,7713.0,8190.0,0.029994340688549684,0.2574985851564171,4,LOW
2457.0,2127.1,2521.2,3436.4,33.49,2635.425,3436.4,2127.1,561.2005249165994,10541.7,1309.3000000000002,4584.1,5957.6,0.1302920781154565,0.3259815778929412,0,LOW
0.0,0.0,101.0,4095.0,33.5,1049.0,4095.0,0.0,2031.2247536892612,4196.0,4095.0,0.0,4196.0,0.9999999997616777,0.9759294563927717,1,LOW
4095.0,3835.0,4095.0,4095.0,33.5,4030.0,4095.0,3835.0,130.0,16120.0,260.0,7930.0,8190.0,0.016129032257063955,0.2540322580487573,4,LOW
4095.0,3762.0,4095.0,4095.0,33.5,4011.75,4095.0,3762.0,166.5,16047.0,333.0,7857.0,8190.0,0.02075154234307026,0.25518788557018834,4,LOW
0.0,0.0,69.0,4095.0,33.5,1041.0,4095.0,0.0,2036.2598066062199,4164.0,4095.0,0.0,4164.0,0.9999999997598462,0.9834293945765058,1,LOW
4095.0,1095.0,4095.0,4095.0,33.5,3345.0,4095.0,1095.0,1500.0,13380.0,3000.0,5190.0,8190.0,0.2242152466200138,0.30605381163631884,3,LOW
4095.0,3466.0,4095.0,4095.0,33.5,3937.75,4095.0,3466.0,314.5,15751.0,629.0,7561.0,8190.0,0.03993397244365856,0.25998349309504265,3,LOW
0.0,0.0,69.0,3137.0,33.5,801.5,3137.0,0.0,1557.3397188796027,3206.0,3137.0,0.0,3206.0,0.9999999996880848,0.9784778537185035,0,LOW
4095.0,2097.0,4095.0,4095.0,33.5,3595.5,4095.0,2097.0,999.0,14382.0,1998.0,6192.0,8190.0,0.1389236545585507,0.28473091362225483,3,LOW
4095.0,3773.0,4095.0,4095.0,33.5,4014.5,4095.0,3773.0,161.0,16058.0,322.0,7868.0,8190.0,0.020052310373642277,0.255013077577842,4,LOW
0.0,0.0,81.0,4095.0,33.5,1044.0,4095.0,0.0,2034.3583755081108,4176.0,4095.0,0.0,4176.0,0.9999999997605363,0.9806034480410432,1,LOW
2457.0,1802.8,2489.0,3999.2,33.5,2687.0,3999.2,1802.8,930.1939726028472,10748.0,2196.3999999999996,4259.8,6488.2,0.2073315965568169,0.3720878302593889,1,LOW
3442.0,0.0,4042.0,4095.0,33.5,2894.75,4095.0,0.0,1952.4209544392145,11579.0,4095.0,3442.0,8137.0,0.40547542962211974,0.35365748334453256,2,LOW
4095.0,3863.0,4095.0,4095.0,33.5,4037.0,4095.0,3863.0,116.0,16148.0,232.0,7958.0,8190.0,0.014367104284470703,0.2535917760556359,4,LOW
0.0,0.0,75.0,3583.0,33.5,914.5,3583.0,0.0,1779.3512862838525,3658.0,3583.0,0.0,3658.0,0.9999999997266266,0.9794969926245225,1,LOW
0.0,0.0,4095.0,4095.0,33.5,2047.5,4095.0,0.0,2364.2493523315175,8190.0,4095.0,0.0,8190.0,0.9999999998778998,0.4999999999389499,2,LOW
4095.0,3938.0,4095.0,4095.0,33.5,4055.75,4095.0,3938.0,78.5,16223.0,157.0,8033.0,8190.0,0.009677618195791307,0.2524194045335376,4,LOW
0.0,0.0,71.0,0.0,33.5,17.75,71.0,0.0,35.5,71.0,71.0,0.0,71.0,0.9999999859154932,0.9999999859154932,0,LOW
3916.0,859.0,4095.0,4095.0,33.5,3241.25,4095.0,859.0,1590.4067351886226,12965.0,3236.0,4775.0,8190.0,0.26340146546367904,0.31585036634663705,3,LOW
4095.0,3911.0,4095.0,4095.0,33.5,4049.0,4095.0,3911.0,92.0,16196.0,184.0,8006.0,8190.0,0.011360829833825584,0.2528402074430205,4,LOW
0.0,0.0,69.0,3604.0,33.5,918.25,3604.0,0.0,1790.795423827077,3673.0,3604.0,0.0,3673.0,0.999999999727743,0.981214266000214,1,LOW
0.0,0.0,221.0,4095.0,33.5,1079.0,4095.0,0.0,2013.363851865827,4316.0,4095.0,0.0,4316.0,0.9999999997683039,0.9487951805030594,1,LOW
1964.3,1257.1,2495.3,3585.2,33.5,2325.475,3585.2,1257.1,981.091250852845,9301.9,2328.1,3221.3999999999996,6080.5,0.30736731202148304,0.38542663322703674,1,LOW
4095.0,3706.0,4095.0,4095.0,33.5,3997.75,4095.0,3706.0,194.5,15991.0,389.0,7801.0,8190.0,0.024326183476685248,0.25608154585353754,4,LOW
4095.0,2903.0,4095.0,4095.0,33.5,3797.0,4095.0,2903.0,596.0,15188.0,1192.0,6998.0,8190.0,0.07848301289975751,0.269620753208479,3,LOW
0.0,0.0,111.0,3833.0,33.5,986.0,3833.0,0.0,1898.7211485628952,3944.0,3833.0,0.0,3944.0,0.9999999997464504,0.9718559835264057,1,LOW
4095.0,0.0,4095.0,4051.0,33.5,3060.25,4095.0,0.0,2040.2721019511098,12241.0,4095.0,4095.0,8146.0,0.33093701492272387,0.33453149249779174,3,LOW
4095.0,3861.0,4095.0,4095.0,33.5,4036.5,4095.0,3861.0,117.0,16146.0,234.0,7956.0,8190.0,0.0144927536222908,0.25362318839008896,4,LOW
4095.0,1584.0,4095.0,4095.0,33.5,3467.25,4095.0,1584.0,1255.5,13869.0,2511.0,5679.0,8190.0,0.1810512653990157,0.29526281633172813,3,LOW
0.0,0.0,151.0,3943.0,33.5,1023.5,3943.0,0.0,1947.6345481977191,4094.0,3943.0,0.0,4094.0,0.9999999997557402,0.9631167559933765,1,LOW
4095.0,3671.0,4095.0,4095.0,33.5,3989.0,4095.0,3671.0,212.0,15956.0,424.0,7766.0,8190.0,0.02657307595722154,0.2566432689736373,4,LOW
4095.0,3062.0,4095.0,4095.0,33.5,3836.75,4095.0,3062.0,516.5,15347.0,1033.0,7157.0,8190.0,0.06730957189891773,0.2668273929584396,3,LOW
4095.0,0.0,4095.0,4095.0,33.5,3071.25,4095.0,0.0,2047.5,12285.0,4095.0,4095.0,8190.0,0.33333333330619996,0.33333333330619996,3,LOW
3276.0,1878.7,3302.2,4049.2,33.5,3126.5249999999996,4049.2,1878.7,905.8331096289205,12506.099999999999,2170.5,5154.7,7351.4,0.17565028264801574,0.3237779963118976,1,LOW
0.0,0.0,153.0,2831.0,33.5,746.0,2831.0,0.0,1391.8699651907143,2984.0,2831.0,0.0,2984.0,0.9999999996648794,0.9487265412370219,0,LOW
4095.0,3820.0,4095.0,4095.0,33.5,4026.25,4095.0,3820.0,137.5,16105.0,275.0,7915.0,8190.0,0.017075442408129436,0.2542688605865092,4,LOW
4095.0,3620.0,4095.0,4095.0,33.5,3976.25,4095.0,3620.0,237.5,15905.0,475.0,7715.0,8190.0,0.02986482238102076,0.25746620557953687,4,LOW
0.0,0.0,143.0,0.0,33.5,35.75,143.0,0.0,71.5,143.0,143.0,0.0,143.0,0.999999993006993,0.999999993006993,0,LOW
4095.0,3728.0,4095.0,4095.0,33.5,4003.25,4095.0,3728.0,183.5,16013.0,367.0,7823.0,8190.0,0.02291887840985956,0.2557297195868526,4,LOW
4095.0,3571.0,4095.0,4095.0,33.5,3964.0,4095.0,3571.0,262.0,15856.0,524.0,7666.0,8190.0,0.03304742683948995,0.25826185669410556,4,LOW
0.0,0.0,107.0,0.0,33.5,26.75,107.0,0.0,53.5,107.0,107.0,0.0,107.0,0.9999999906542058,0.9999999906542058,0,LOW
4095.0,0.0,555.0,0.0,33.5,1162.5,4095.0,0.0,1972.4287059359078,4650.0,4095.0,4095.0,555.0,0.7612903224169267,0.8806451611009365,1,LOW
4095.0,2981.0,4095.0,3935.0,33.5,3776.5,4095.0,2981.0,535.6699854699098,15106.0,1114.0,7076.0,8030.0,0.06315371375194269,0.2710843373314521,3,LOW
4095.0,3086.0,4095.0,3237.0,33.5,3628.25,4095.0,3086.0,542.470506110701,14513.0,1009.0,7181.0,7332.0,0.010404464961730553,0.2821608213131564,2,LOW
2866.5,2080.6,2552.8,2638.3,33.5,2534.55,2866.5,2080.6,330.3324234767154,10138.2,785.9000000000001,4947.1,5191.1,0.024067388685953383,0.2827424986405138,0,LOW
0.0,0.0,372.0,4027.0,33.5,1099.75,4027.0,0.0,1959.3632256424535,4399.0,4027.0,0.0,4399.0,0.9999999997726755,0.9154353260024015,1,LOW
4095.0,3809.0,4095.0,4095.0,33.5,4023.5,4095.0,3809.0,143.0,16094.0,286.0,7904.0,8190.0,0.017770597737183386,0.2544426494187621,4,LOW
3939.0,925.0,4095.0,4095.0,33.5,3263.5,4095.0,925.0,1560.733481411865,13054.0,3170.0,4864.0,8190.0,0.2547878044848485,0.3136969511020609,3,LOW
0.0,0.0,258.0,4095.0,33.5,1088.25,4095.0,0.0,2008.1863085879259,4353.0,4095.0,0.0,4353.0,0.9999999997702733,0.9407305304523935,1,LOW
4095.0,1635.0,4095.0,4095.0,33.5,3480.0,4095.0,1635.0,1230.0,13920.0,2460.0,5730.0,8190.0,0.17672413791833877,0.2941810344616249,3,LOW
4095.0,3536.0,4095.0,4095.0,33.5,3955.25,4095.0,3536.0,279.5,15821.0,559.0,7631.0,8190.0,0.03533278553597542,0.2588331963681921,4,LOW
0.0,0.0,180.0,4095.0,33.5,1068.75,4095.0,0.0,2019.2835982100187,4275.0,4095.0,0.0,4275.0,0.9999999997660818,0.9578947366180363,1,LOW
4095.0,0.0,3911.0,4095.0,33.5,3025.25,4095.0,0.0,2018.69766186024,12101.0,4095.0,4095.0,8006.0,0.3231964300203953,0.33840178494848344,3,LOW
4095.0,3676.0,4095.0,4095.0,33.5,3990.25,4095.0,3676.0,209.5,15961.0,419.0,7771.0,8190.0,0.02625148800036016,0.25656287198442684,4,LOW
4095.0,3371.0,4095.0,3632.0,33.5,3798.25,4095.0,3371.0,358.8420033013601,15193.0,724.0,7466.0,7727.0,0.017178963995446654,0.2695320213078699,3,LOW
2850.9,1695.2,2929.1,4041.9,33.5,2879.275,4041.9,1695.2,958.6480354297573,11517.1,2346.7,4546.1,6971.0,0.21054779413128755,0.35094772118406997,1,LOW
0.0,0.0,234.0,3362.0,33.5,899.0,3362.0,0.0,1645.7010664151614,3596.0,3362.0,0.0,3596.0,0.9999999997219132,0.9349276971816108,0,LOW
4095.0,3565.0,4095.0,4095.0,33.5,3962.5,4095.0,3565.0,265.0,15850.0,530.0,7660.0,8190.0,0.03343848580230672,0.2583596214348038,4,LOW
4095.0,3609.0,4095.0,2795.0,33.5,3648.5,4095.0,2795.0,613.3913921795773,14594.0,1300.0,7704.0,6890.0,0.05577634643992214,0.28059476495267954,3,LOW
0.0,0.0,228.0,3735.0,33.5,990.75,3735.0,0.0,1832.6544273266577,3963.0,3735.0,0.0,3963.0,0.999999999747666,0.9424678271656655,1,LOW
0.0,0.0,589.0,4095.0,33.5,1171.0,4095.0,0.0,1969.008379870436,4684.0,4095.0,0.0,4684.0,0.9999999997865072,0.8742527752189895,1,LOW
4095.0,3847.0,4095.0,4095.0,33.5,4033.0,4095.0,3847.0,124.0,16132.0,248.0,7942.0,8190.0,0.015373171335521128,0.25384329281838314,4,LOW
4095.0,2800.0,4095.0,4095.0,33.5,3771.25,4095.0,2800.0,647.5,15085.0,1295.0,6895.0,8190.0,0.08584686774372907,0.2714617169193595,3,LOW
0.0,0.0,239.0,3519.0,33.5,939.5,3519.0,0.0,1723.3534170331982,3758.0,3519.0,0.0,3758.0,0.9999999997339011,0.9364023414219259,1,LOW
0.0,0.0,906.0,3580.0,33.5,1121.5,3580.0,0.0,1693.7322692798882,4486.0,3580.0,0.0,4486.0,0.9999999997770842,0.7980383413290151,1,LOW
4095.0,3526.0,4095.0,4095.0,33.5,3952.75,4095.0,3526.0,284.5,15811.0,569.0,7621.0,8190.0,0.03598760356486069,0.2589969008754034,4,LOW
2047.5,1734.7,2267.1,3746.6,33.5,2448.975,3746.6,1734.7,892.2406453231474,9795.9,2011.8999999999999,3782.2,6013.7,0.2277993854339265,0.382466133751624,1,LOW
4095.0,0.0,4095.0,3749.0,33.5,2984.75,4095.0,0.0,1996.5070122591605,11939.0,4095.0,4095.0,7844.0,0.3140128988764542,0.34299355051989333,3,LOW
0.0,0.0,624.0,4023.0,33.5,1161.75,4023.0,0.0,1930.0477325703632,4647.0,4023.0,0.0,4647.0,0.9999999997848074,0.8657198190519216,1,LOW
4095.0,1472.0,4095.0,4095.0,33.5,3439.25,4095.0,1472.0,1311.5,13757.0,2623.0,5567.0,8190.0,0.19066656973245136,0.2976666424149403,3,LOW
4095.0,976.0,4095.0,4095.0,33.5,3315.25,4095.0,976.0,1559.5,13261.0,3119.0,5071.0,8190.0,0.2352009652186712,0.3088002412858155,3,LOW
0.0,0.0,353.0,3179.0,33.5,883.0,3179.0,0.0,1539.6854657147783,3532.0,3179.0,0.0,3532.0,0.9999999997168744,0.9000566248867338,0,LOW
0.0,0.0,1698.0,1385.0,33.5,770.75,1698.0,0.0,899.1119229550902,3083.0,1698.0,0.0,3083.0,0.9999999996756407,0.5507622443883353,0,LOW
4095.0,3088.0,4095.0,4095.0,33.5,3843.25,4095.0,3088.0,503.5,15373.0,1007.0,7183.0,8190.0,0.06550445585991645,0.26637611394871685,3,LOW
4095.0,0.0,4095.0,4095.0,33.5,3071.25,4095.0,0.0,2047.5,12285.0,4095.0,4095.0,8190.0,0.33333333330619996,0.33333333330619996,3,LOW
0.0,0.0,466.0,3104.0,33.5,892.5,3104.0,0.0,1490.6091595943808,3570.0,3104.0,0.0,3570.0,0.999999999719888,0.8694677868712976,0,LOW
4095.0,0.0,4095.0,4095.0,33.5,3071.25,4095.0,0.0,2047.5,12285.0,4095.0,4095.0,8190.0,0.33333333330619996,0.33333333330619996,3,LOW
2457.0,553.6,2771.1,3591.5,33.5,2343.3,3591.5,553.6,1285.4272778600377,9373.2,3037.9,3010.6,6362.6,0.3576153287716452,0.38316690133751896,1,LOW
4095.0,1119.0,4095.0,4095.0,33.5,3351.0,4095.0,1119.0,1488.0,13404.0,2976.0,5214.0,8190.0,0.2220232766172767,0.305505819135668,3,LOW
0.0,0.0,304.0,0.0,33.5,76.0,304.0,0.0,152.0,304.0,304.0,0.0,304.0,0.9999999967105263,0.9999999967105263,0,LOW
3522.0,0.0,1635.0,4095.0,33.44,2313.0,4095.0,0.0,1866.088422342307,9252.0,4095.0,3522.0,5730.0,0.2386511024385375,0.4426070038432115,2,LOW
4095.0,0.0,4095.0,4095.0,33.44,3071.25,4095.0,0.0,2047.5,12285.0,4095.0,4095.0,8190.0,0.33333333330619996,0.33333333330619996,3,LOW
4085.0,0.0,4095.0,4095.0,33.44,3068.75,4095.0,0.0,2045.8387644191318,12275.0,4095.0,4085.0,8190.0,0.33441955190758293,0.33360488795652915,3,LOW
0.0,0.0,1462.0,0.0,33.44,365.5,1462.0,0.0,731.0,1462.0,1462.0,0.0,1462.0,0.9999999993160054,0.9999999993160054,0,LOW
4095.0,3599.0,4095.0,4095.0,33.44,3971.0,4095.0,3599.0,248.0,15884.0,496.0,7694.0,8190.0,0.031226391335228757,0.2578065978180681,4,LOW
4095.0,1615.0,4095.0,4095.0,33.44,3475.0,4095.0,1615.0,1240.0,13900.0,2480.0,5710.0,8190.0,0.17841726617421458,0.294604316525568,3,LOW
4095.0,1577.0,4095.0,0.0,33.44,2441.75,4095.0,0.0,2014.646929365044,9767.0,4095.0,5672.0,4095.0,0.16146206612455594,0.4192689668865292,2,LOW
0.0,0.0,625.0,3444.0,33.44,1017.25,3444.0,0.0,1644.4422306666781,4069.0,3444.0,0.0,4069.0,0.9999999997542394,0.8463996065749817,0,LOW
2808.2,791.0,2859.6,2801.4,33.45,2315.0499999999997,2859.6,791.0,1016.3654772439554,9260.199999999999,2068.6,3599.2,5661.0,0.22265177855525242,0.3088054253354349,0,LOW
4095.0,2192.0,4095.0,4095.0,33.44,3619.25,4095.0,2192.0,951.5,14477.0,1903.0,6287.0,8190.0,0.13144988601703048,0.28286247148698884,3,LOW
4095.0,2351.0,4095.0,4095.0,33.44,3659.0,4095.0,2351.0,872.0,14636.0,1744.0,6446.0,8190.0,0.11915823994813075,0.27978955996995153,3,LOW
3211.0,0.0,298.0,4095.0,33.44,1901.0,4095.0,0.0,2058.571187336822,7604.0,4095.0,3211.0,4393.0,0.15544450287277162,0.5385323513231809,1,LOW
0.0,0.0,631.0,4095.0,33.44,1181.5,4095.0,0.0,1964.9781169264966,4726.0,4095.0,0.0,4726.0,0.9999999997884045,0.8664832837777224,1,LOW
4095.0,0.0,4095.0,4095.0,33.44,3071.25,4095.0,0.0,2047.5,12285.0,4095.0,4095.0,8190.0,0.33333333330619996,0.33333333330619996,3,LOW
4095.0,3710.0,4095.0,4095.0,33.44,3998.75,4095.0,3710.0,192.5,15995.0,385.0,7805.0,8190.0,0.024070021880333227,0.2560175054544534,4,LOW
4095.0,733.0,4095.0,4095.0,33.44,3254.5,4095.0,733.0,1681.0,13018.0,3362.0,4828.0,8190.0,0.2582577968767662,0.3145644491999874,3,LOW
0.0,0.0,384.0,3787.0,33.44,1042.75,3787.0,0.0,1838.4336403580087,4171.0,3787.0,0.0,4171.0,0.9999999997602492,0.9079357466056255,1,LOW
4095.0,2825.0,4095.0,4095.0,33.44,3777.5,4095.0,2825.0,635.0,15110.0,1270.0,6920.0,8190.0,0.08405029781045333,0.27101257443606797,3,LOW
4095.0,3236.0,4095.0,4095.0,33.44,3880.25,4095.0,3236.0,429.5,15521.0,859.0,7331.0,8190.0,0.05534437213740452,0.2638360930182439,3,LOW
3187.6,1504.7,2997.8,4064.2,33.44,2938.575,4064.2,1504.7,1062.7872486219117,11754.3,2559.5,4692.3,7062.0,0.20160281767509738,0.34576282719126084,1,LOW
4095.0,0.0,4095.0,4095.0,33.44,3071.25,4095.0,0.0,2047.5,12285.0,4095.0,4095.0,8190.0,0.33333333330619996,0.33333333330619996,3,LOW
0.0,0.0,398.0,3997.0,33.44,1098.75,3997.0,0.0,1941.254469838168,4395.0,3997.0,0.0,4395.0,0.9999999997724687,0.9094425481434715,1,LOW
3015.0,0.0,3616.0,4095.0,33.44,2681.5,4095.0,0.0,1841.4611046666178,10726.0,4095.0,3015.0,7711.0,0.43781465593531466,0.38178258433882317,2,LOW
4095.0,1747.0,4095.0,4095.0,33.44,3508.0,4095.0,1747.0,1174.0,14032.0,2348.0,5842.0,8190.0,0.16733181298693472,0.2918329532289173,3,LOW
4095.0,0.0,4095.0,4095.0,33.44,3071.25,4095.0,0.0,2047.5,12285.0,4095.0,4095.0,8190.0,0.33333333330619996,0.33333333330619996,3,LOW
0.0,0.0,347.0,3966.0,33.44,1078.25,3966.0,0.0,1932.1035815918358,4313.0,3966.0,0.0,4313.0,0.9999999997681428,0.9195455597218767,1,LOW
0.0,0.0,1179.0,3601.0,33.44,1195.0,3601.0,0.0,1697.5611918278528,4780.0,3601.0,0.0,4780.0,0.9999999997907949,0.7533472801771239,1,LOW
4095.0,3166.0,4095.0,4095.0,33.44,3862.75,4095.0,3166.0,464.5,15451.0,929.0,7261.0,8190.0,0.06012555821240531,0.2650313895369211,3,LOW
4095.0,963.0,4095.0,4095.0,33.44,3312.0,4095.0,963.0,1566.0,13248.0,3132.0,5058.0,8190.0,0.23641304346041567,0.30910326084623313,3,LOW
3617.0,0.0,4095.0,0.0,33.44,1928.0,4095.0,0.0,2234.7988723820317,7712.0,4095.0,3617.0,4095.0,0.061981327792792876,0.5309906638315623,2,LOW
2710.7,587.6,3011.0,3613.4,33.44,2480.6749999999997,3613.4,587.6,1316.6820658382192,9922.699999999999,3025.8,3298.2999999999997,6624.4,0.33520110450429813,0.36415491747567147,1,LOW
0.0,0.0,401.0,0.0,33.44,100.25,401.0,0.0,200.5,401.0,401.0,0.0,401.0,0.9999999975062345,0.9999999975062345,0,LOW
4095.0,0.0,4095.0,4095.0,33.44,3071.25,4095.0,0.0,2047.5,12285.0,4095.0,4095.0,8190.0,0.33333333330619996,0.33333333330619996,3,LOW
4095.0,3323.0,4095.0,4095.0,33.38,3902.0,4095.0,3323.0,386.0,15608.0,772.0,7418.0,8190.0,0.049461814450957084,0.26236545359672186,3,LOW
4095.0,3216.0,0.0,4095.0,29.62,2851.5,4095.0,0.0,1945.6358857710247,11406.0,4095.0,7311.0,4095.0,0.28195686478327575,0.3590215675645255,2,MEDIUM
4095.0,2201.0,0.0,4095.0,29.69,2597.75,4095.0,0.0,1948.4378999598628,10391.0,4095.0,6296.0,4095.0,0.21181791933290176,0.39409104028543057,2,MEDIUM
4095.0,2987.0,0.0,4095.0,29.69,2794.25,4095.0,0.0,1934.6736804949821,11177.0,4095.0,7082.0,4095.0,0.2672452357280804,0.36637738209122506,2,MEDIUM
4095.0,2908.0,0.0,4095.0,29.75,2774.5,4095.0,0.0,1932.4520692632975,11098.0,4095.0,7003.0,4095.0,0.26202919442583983,0.3689854027420269,2,MEDIUM
4095.0,2703.0,0.0,4095.0,29.81,2723.25,4095.0,0.0,1930.4487172675683,10893.0,4095.0,6798.0,4095.0,0.24814100796400063,0.3759294959720986,2,MEDIUM
4095.0,2163.0,0.0,4095.0,29.81,2588.25,4095.0,0.0,1951.1079544709976,10353.0,4095.0,6258.0,4095.0,0.2089249492698807,0.39553752531676445,2,MEDIUM
4095.0,3367.0,0.0,4095.0,29.87,2889.25,4095.0,0.0,1956.5,11557.0,4095.0,7462.0,4095.0,0.2913385826519565,0.3543307086307579,2,MEDIUM
4095.0,3024.0,0.0,4095.0,29.87,2803.5,4095.0,0.0,1935.990444191293,11214.0,4095.0,7119.0,4095.0,0.2696629213242676,0.3651685392932791,2,MEDIUM
4095.0,3280.0,0.0,4095.0,29.94,2867.5,4095.0,0.0,1949.8910225958782,11470.0,4095.0,7375.0,4095.0,0.2859633827126449,0.3570183086000856,2,MEDIUM
4095.0,2816.9,0.0,4095.0,29.77,2751.725,4095.0,0.0,1930.8904429045167,11006.9,4095.0,6911.9,4095.0,0.25592128571569456,0.37203935709672664,2,MEDIUM
4095.0,2998.0,0.0,4095.0,29.94,2797.0,4095.0,0.0,1935.0467694606248,11188.0,4095.0,7093.0,4095.0,0.2679656774876684,0.36601716121147504,2,MEDIUM
4095.0,2944.0,0.0,4095.0,30.0,2783.5,4095.0,0.0,1933.3646836538626,11134.0,4095.0,7039.0,4095.0,0.2644153044490376,0.3677923477305737,2,MEDIUM
4095.0,3089.0,0.0,4095.0,30.0,2819.75,4095.0,0.0,1938.7290295448718,11279.0,4095.0,7184.0,4095.0,0.2738717971208554,0.3630641013952421,2,MEDIUM
4095.0,3205.0,0.0,4095.0,30.0,2848.75,4095.0,0.0,1944.9566190534945,11395.0,4095.0,7300.0,4095.0,0.28126371212977064,0.3593681438912358,2,MEDIUM
4095.0,3005.0,0.0,4095.0,30.06,2798.75,4095.0,0.0,1935.2922905855849,11195.0,4095.0,7100.0,4095.0,0.2684234032810698,0.3657882983148023,2,MEDIUM
4095.0,2972.0,0.0,4095.0,30.12,2790.5,4095.0,0.0,1934.1900113484198,11162.0,4095.0,7067.0,4095.0,0.2662605267634599,0.3668697365734752,2,MEDIUM
4095.0,2903.0,0.0,4095.0,30.12,2773.25,4095.0,0.0,1932.3385443549998,11093.0,4095.0,6998.0,4095.0,0.26169656537801345,0.3691517172659198,2,MEDIUM
4095.0,2887.0,0.0,4095.0,30.19,2769.25,4095.0,0.0,1931.9969591073377,11077.0,4095.0,6982.0,4095.0,0.2606301344894258,0.3696849327101485,2,MEDIUM
4095.0,2945.0,0.0,4095.0,30.19,2783.75,4095.0,0.0,1933.392420074104,11135.0,4095.0,7040.0,4095.0,0.2644813650413578,0.36775931743441764,2,MEDIUM
4095.0,3003.0,0.0,4095.0,30.25,2798.25,4095.0,0.0,1935.2214989504432,11193.0,4095.0,7098.0,4095.0,0.26829268290285957,0.36585365850389945,2,MEDIUM
4095.0,2995.1,0.0,4095.0,30.09,2796.275,4095.0,0.0,1934.9468991421961,11185.1,4095.0,7090.1,4095.0,0.2677758803883939,0.3661120597611007,2,MEDIUM
4095.0,2966.0,0.0,4095.0,30.25,2789.0,4095.0,0.0,1934.0046535621366,11156.0,4095.0,7061.0,4095.0,0.26586590173307045,0.36706704908864585,2,MEDIUM
4095.0,2929.0,0.0,4095.0,30.31,2779.75,4095.0,0.0,1932.964109858225,11119.0,4095.0,7024.0,4095.0,0.26342296966782774,0.36828851512111804,2,MEDIUM
4095.0,2894.0,0.0,4095.0,30.31,2771.0,4095.0,0.0,1932.1423343014872,11084.0,4095.0,6989.0,4095.0,0.26109707684400063,0.3694514615328896,2,MEDIUM
4095.0,3023.0,0.0,4095.0,30.37,2803.25,4095.0,0.0,1935.9525433233118,11213.0,4095.0,7118.0,4095.0,0.2695977882574157,0.36520110582670107,2,MEDIUM
4095.0,3005.0,0.0,4095.0,30.37,2798.75,4095.0,0.0,1935.2922905855849,11195.0,4095.0,7100.0,4095.0,0.2684234032810698,0.3657882983148023,2,MEDIUM
4095.0,2651.0,0.0,4095.0,30.44,2710.25,4095.0,0.0,1930.8055961178484,10841.0,4095.0,6746.0,4095.0,0.24453463700354813,0.3777326814521047,2,MEDIUM
4095.0,3289.0,0.0,4095.0,30.44,2869.75,4095.0,0.0,1950.5307611006806,11479.0,4095.0,7384.0,4095.0,0.28652321628308014,0.35673839181490213,2,MEDIUM
4095.0,3063.0,0.0,4095.0,30.44,2813.25,4095.0,0.0,1937.5686439452925,11253.0,4095.0,7158.0,4095.0,0.2721940815540572,0.36390295917853877,2,MEDIUM
4095.0,0.0,0.0,0.0,30.5,1023.75,4095.0,0.0,2047.5,4095.0,4095.0,4095.0,0.0,0.9999999997557998,0.9999999997557998,1,MEDIUM
4095.0,2813.0,0.0,4095.0,30.5,2750.75,4095.0,0.0,1930.847547063206,11003.0,4095.0,6908.0,4095.0,0.25565754791823525,0.3721712259954402,2,MEDIUM
4095.0,2663.3,0.0,3685.5,30.39,2610.95,4095.0,0.0,1841.8163616386948,10443.8,4095.0,6758.3,3685.5,0.2942224094396463,0.392098661369224,2,MEDIUM
4095.0,3060.0,0.0,4095.0,30.5,2812.5,4095.0,0.0,1937.4403216615474,11250.0,4095.0,7155.0,4095.0,0.2719999999758222,0.3639999999676444,2,MEDIUM
4095.0,3057.0,0.0,4095.0,30.56,2811.75,4095.0,0.0,1937.3131522807562,11247.0,4095.0,7152.0,4095.0,0.2718058148598021,0.36409709252564265,2,MEDIUM
4095.0,3335.0,0.0,4095.0,30.56,2881.25,4095.0,0.0,1953.959121885614,11525.0,4095.0,7430.0,4095.0,0.2893709327297726,0.35531453359172976,2,MEDIUM
4095.0,3108.0,0.0,4095.0,30.62,2824.5,4095.0,0.0,1939.6316660644618,11298.0,4095.0,7203.0,4095.0,0.2750929367786252,0.3624535315664318,2,MEDIUM
4095.0,3063.0,0.0,4095.0,30.62,2813.25,4095.0,0.0,1937.5686439452925,11253.0,4095.0,7158.0,4095.0,0.2721940815540572,0.36390295917853877,2,MEDIUM
4095.0,3043.0,0.0,4095.0,30.62,2808.25,4095.0,0.0,1936.7349457269572,11233.0,4095.0,7138.0,4095.0,0.2708982462146445,0.364550876848166,2,MEDIUM
4095.0,3095.0,0.0,4095.0,30.69,2821.25,4095.0,0.0,1939.0090897156722,11285.0,4095.0,7190.0,4095.0,0.274257864397496,0.3628710677569454,2,MEDIUM
4095.0,2993.0,0.0,4095.0,30.69,2795.75,4095.0,0.0,1934.875254376881,11183.0,4095.0,7088.0,4095.0,0.2676383796595155,0.36618081012553155,2,MEDIUM
4095.0,2977.0,0.0,4095.0,30.69,2791.75,4095.0,0.0,1934.3480167746445,11167.0,4095.0,7072.0,4095.0,0.2665890570192004,0.366705471445625,2,MEDIUM
4095.0,2965.0,0.0,4095.0,30.75,2788.75,4095.0,0.0,1933.9742113068623,11155.0,4095.0,7060.0,4095.0,0.2658000896220708,0.3670999551441416,2,MEDIUM
4095.0,3069.6,0.0,4095.0,30.63,2814.9,4095.0,0.0,1937.8550100562218,11259.6,4095.0,7164.6,4095.0,0.27262069698100994,0.36368965146508847,2,MEDIUM
4095.0,2849.0,0.0,4095.0,30.75,2759.75,4095.0,0.0,1931.3182674018283,11039.0,4095.0,6944.0,4095.0,0.2580849714414272,0.3709575142339924,2,MEDIUM
4095.0,3392.0,0.0,4095.0,30.75,2895.5,4095.0,0.0,1958.5737157431681,11582.0,4095.0,7487.0,4095.0,0.292868243801341,0.353565878056159,2,MEDIUM
4095.0,3441.0,0.0,4095.0,30.81,2907.75,4095.0,0.0,1962.8627690187616,11631.0,4095.0,7536.0,4095.0,0.2958473045915358,0.3520763476612435,2,MEDIUM
4095.0,0.0,0.0,4095.0,30.81,2047.5,4095.0,0.0,2364.2493523315175,8190.0,4095.0,4095.0,4095.0,0.0,0.4999999999389499,2,MEDIUM
4095.0,3403.0,0.0,4095.0,30.81,2898.25,4095.0,0.0,1959.5107169903408,11593.0,4095.0,7498.0,4095.0,0.29353920466716643,0.3532303976232873,2,MEDIUM
4095.0,2923.0,0.0,4095.0,30.87,2778.25,4095.0,0.0,1932.8120058608908,11113.0,4095.0,7018.0,4095.0,0.2630252856777625,0.3684873571161264,2,MEDIUM
4095.0,2707.0,0.0,4095.0,30.87,2724.25,4095.0,0.0,1930.43576686716,10897.0,4095.0,6802.0,4095.0,0.2484169954805527,0.37579150221383945,2,MEDIUM
4095.0,2928.0,0.0,4095.0,30.94,2779.5,4095.0,0.0,1932.9384366813135,11118.0,4095.0,7023.0,4095.0,0.26335671881063527,0.3683216405497102,2,MEDIUM
4095.0,3150.0,0.0,4095.0,30.94,2835.0,4095.0,0.0,1941.7904109352276,11340.0,4095.0,7245.0,4095.0,0.2777777777532824,0.3611111110792671,2,MEDIUM
4095.0,3331.0,0.0,4095.0,30.94,2880.25,4095.0,0.0,1953.6504933073368,11521.0,4095.0,7426.0,4095.0,0.2891242079429629,0.35543789598511955,2,MEDIUM
4095.0,2812.4,0.0,4095.0,30.85,2750.6,4095.0,0.0,1930.8411224127167,11002.4,4095.0,6907.4,4095.0,0.25561695627721065,0.37219152181595,2,MEDIUM
4095.0,2541.0,0.0,4095.0,30.94,2682.75,4095.0,0.0,1932.713183584155,10731.0,4095.0,6636.0,4095.0,0.23679060663155432,0.38160469663762886,2,MEDIUM
4095.0,3309.0,0.0,4095.0,31.0,2874.75,4095.0,0.0,1951.9887935129136,11499.0,4095.0,7404.0,4095.0,0.28776415337961875,0.3561179232667086,2,MEDIUM
4095.0,3202.0,0.0,4095.0,31.0,2848.0,4095.0,0.0,1944.7740228622965,11392.0,4095.0,7297.0,4095.0,0.2810744381775742,0.3594627808673224,2,MEDIUM
4095.0,3212.0,0.0,4095.0,31.0,2850.5,4095.0,0.0,1945.3871080070414,11402.0,4095.0,7307.0,4095.0,0.2817049640166896,0.3591475179478032,2,MEDIUM
4095.0,3172.0,0.0,4095.0,31.06,2840.5,4095.0,0.0,1943.0108079987615,11362.0,4095.0,7267.0,4095.0,0.27917620134842663,0.3604118992817803,2,MEDIUM
4095.0,3201.0,0.0,4095.0,31.06,2847.75,4095.0,0.0,1944.7134107626243,11391.0,4095.0,7296.0,4095.0,0.2810113247053804,0.3594943376034155,2,MEDIUM
4095.0,3379.0,0.0,4095.0,31.12,2892.25,4095.0,0.0,1957.4856959886067,11569.0,4095.0,7474.0,4095.0,0.29207364506075945,0.3539631774264013,2,MEDIUM
4095.0,3184.0,0.0,4095.0,31.06,2843.5,4095.0,0.0,1943.7023949154357,11374.0,4095.0,7279.0,4095.0,0.2799366977070567,0.36003165110251173,2,MEDIUM
4095.0,3105.0,0.0,4095.0,31.12,2823.75,4095.0,0.0,1939.4860788363499,11295.0,4095.0,7200.0,4095.0,0.2749003983820363,0.3625498007647145,2,MEDIUM
4095.0,3242.0,0.0,4095.0,31.12,2858.0,4095.0,0.0,1947.3022364286444,11432.0,4095.0,7337.0,4095.0,0.2835899229982864,0.35820503845711993,2,MEDIUM
4095.0,3154.7,0.0,4095.0,31.05,2836.175,4095.0,0.0,1942.0459630245625,11344.7,4095.0,7249.7,4095.0,0.2780769874674449,0.360961506222204,2,MEDIUM
4095.0,3344.0,0.0,4095.0,31.12,2883.5,4095.0,0.0,1954.6608401459318,11534.0,4095.0,7439.0,4095.0,0.28992543781082664,0.35503728105123655,2,MEDIUM
4095.0,3143.0,0.0,4095.0,31.12,2833.25,4095.0,0.0,1941.4150123041697,11333.0,4095.0,7238.0,4095.0,0.2773316862015943,0.3613341568550839,2,MEDIUM
4095.0,2341.0,0.0,4095.0,31.19,2632.75,4095.0,0.0,1940.175314243535,10531.0,4095.0,6436.0,4095.0,0.22229607822407216,0.388851960840485,2,MEDIUM
4095.0,2823.0,0.0,4095.0,31.19,2753.25,4095.0,0.0,1930.961483303072,11013.0,4095.0,6918.0,4095.0,0.2563334241118375,0.37183328789868036,2,MEDIUM
4095.0,2211.0,0.0,4095.0,31.25,2600.25,4095.0,0.0,1947.7654504585505,10401.0,4095.0,6306.0,4095.0,0.212575713853228,0.3937121430253137,2,MEDIUM
4095.0,2938.0,0.0,4095.0,31.25,2782.0,4095.0,0.0,1933.2009724806162,11128.0,4095.0,7033.0,4095.0,0.2640186915650594,0.36799065417253857,2,MEDIUM
4095.0,2667.0,0.0,4095.0,31.25,2714.25,4095.0,0.0,1930.6585016517033,10857.0,4095.0,6762.0,4095.0,0.2456479690295986,0.37717601543914747,2,MEDIUM
4095.0,3191.0,0.0,4095.0,31.25,2845.25,4095.0,0.0,1944.1142584735085,11381.0,4095.0,7286.0,4095.0,0.28037957997712154,0.35981020996750634,2,MEDIUM
4095.0,2811.0,0.0,4095.0,31.25,2750.25,4095.0,0.0,1930.8263127479902,11001.0,4095.0,6906.0,4095.0,0.2555222252290226,0.3722388873400383,2,MEDIUM
4095.0,3404.0,0.0,4095.0,31.31,2898.5,4095.0,0.0,1959.596642168995,11594.0,4095.0,7499.0,4095.0,0.29360013797709156,0.35319993096832847,2,MEDIUM
4095.0,2887.3,0.0,4095.0,31.22,2769.325,4095.0,0.0,1932.0030596507863,11077.3,4095.0,6982.3,4095.0,0.2606501584085788,0.3696749207505733,2,MEDIUM
4095.0,3485.0,0.0,4095.0,31.31,2918.75,4095.0,0.0,1966.9662554299198,11675.0,4095.0,7580.0,4095.0,0.298501070638244,0.3507494646380514,2,MEDIUM
4095.0,3390.0,0.0,4095.0,31.31,2895.0,4095.0,0.0,1958.4049632290048,11580.0,4095.0,7485.0,4095.0,0.29274611396435696,0.3536269429746436,2,MEDIUM
4095.0,3351.0,0.0,4095.0,31.31,2885.25,4095.0,0.0,1955.2136072562507,11541.0,4095.0,7446.0,4095.0,0.2903561216280776,0.3548219391426374,2,MEDIUM
4095.0,3423.0,0.0,4095.0,31.37,2903.25,4095.0,0.0,1961.2527246634993,11613.0,4095.0,7518.0,4095.0,0.2947558770089765,0.35262206145245656,2,MEDIUM
4095.0,3312.0,0.0,4095.0,31.37,2875.5,4095.0,0.0,1952.2118225233655,11502.0,4095.0,7407.0,4095.0,0.2879499217277039,0.35602503909267735,2,MEDIUM
4095.0,3152.0,0.0,4095.0,31.37,2835.5,4095.0,0.0,1941.8988130178152,11342.0,4095.0,7247.0,4095.0,0.2779051313456264,0.3610474342831028,2,MEDIUM
4095.0,3130.0,0.0,4095.0,31.37,2830.0,4095.0,0.0,1940.7343970775598,11320.0,4095.0,7225.0,4095.0,0.27650176676002636,0.3617491165758172,2,MEDIUM
4095.0,3333.0,0.0,4095.0,31.44,2880.75,4095.0,0.0,1953.8045577795135,11523.0,4095.0,7428.0,4095.0,0.289247591747874,0.3553762040826715,2,MEDIUM
4095.0,3227.0,0.0,4095.0,31.44,2854.25,4095.0,0.0,1946.330457553393,11417.0,4095.0,7322.0,4095.0,0.28264868176555585,0.3586756590734277,2,MEDIUM
4095.0,3351.0,0.0,4095.0,31.44,2885.25,4095.0,0.0,1955.2136072562507,11541.0,4095.0,7446.0,4095.0,0.2903561216280776,0.3548219391426374,2,MEDIUM
4095.0,3315.4,0.0,4095.0,31.37,2876.35,4095.0,0.0,1952.4659510475462,11505.4,4095.0,7410.4,4095.0,0.2881603420751855,0.35591982891894935,2,MEDIUM
4095.0,1094.0,0.0,4095.0,31.44,2321.0,4095.0,0.0,2096.5624245416593,9284.0,4095.0,5189.0,4095.0,0.11783713915146088,0.4410814303704134,2,MEDIUM
4095.0,560.0,0.0,4095.0,31.44,2187.5,4095.0,0.0,2214.424304418645,8750.0,4095.0,4655.0,4095.0,0.06399999999268571,0.46799999994651426,2,MEDIUM
4095.0,678.0,0.0,4095.0,31.5,2217.0,4095.0,0.0,2186.121222622387,8868.0,4095.0,4773.0,4095.0,0.07645466846228521,0.4617726657124749,2,MEDIUM
4095.0,502.0,0.0,4095.0,31.5,2173.0,4095.0,0.0,2228.776794566921,8692.0,4095.0,4597.0,4095.0,0.05775425678120637,0.47112287155187266,2,MEDIUM
4095.0,1186.0,0.0,4095.0,31.5,2344.0,4095.0,0.0,2079.0464160282713,9376.0,4095.0,5281.0,4095.0,0.12649317404794228,0.4367534129227012,2,MEDIUM
4095.0,482.0,0.0,4095.0,31.5,2168.0,4095.0,0.0,2233.791843480498,8672.0,4095.0,4577.0,4095.0,0.055581180805398846,0.47220940953964374,2,MEDIUM
4095.0,1062.0,0.0,4095.0,31.56,2313.0,4095.0,0.0,2102.856628493726,9252.0,4095.0,5157.0,4095.0,0.11478599220549221,0.4426070038432115,2,MEDIUM
4095.0,1171.0,0.0,4095.0,31.56,2340.25,4095.0,0.0,2081.8429935996614,9361.0,4095.0,5266.0,4095.0,0.1250934729061966,0.43745326349348856,2,MEDIUM
4095.0,564.0,0.0,4095.0,31.56,2188.5,4095.0,0.0,2213.4450524013464,8754.0,4095.0,4659.0,4095.0,0.06442769019140647,0.46778615484718,2,MEDIUM
4095.0,555.0,0.0,4095.0,31.56,2186.25,4095.0,0.0,2215.650299573468,8745.0,4095.0,4650.0,4095.0,0.06346483704248544,0.46826758142158176,2,MEDIUM
4095.0,785.4,0.0,4095.0,31.51,2243.85,4095.0,0.0,2161.4387083607066,8975.4,4095.0,4880.4,4095.0,0.08750584931172915,0.45624707528842756,2,MEDIUM
4095.0,835.0,0.0,4095.0,31.56,2256.25,4095.0,0.0,2150.3967657155736,9025.0,4095.0,4930.0,4095.0,0.09252077561301708,0.4537396121380898,2,MEDIUM
4095.0,587.0,0.0,4095.0,31.62,2194.25,4095.0,0.0,2207.841083502162,8777.0,4095.0,4682.0,4095.0,0.06687934373169883,0.4665603280771835,2,MEDIUM
4095.0,1113.0,0.0,4095.0,31.62,2325.75,4095.0,0.0,2092.874160096588,9303.0,4095.0,5208.0,4095.0,0.11963882617224134,0.4401805868601332,2,MEDIUM
4095.0,986.0,0.0,4095.0,31.62,2294.0,4095.0,0.0,2118.214814413307,9176.0,4095.0,5081.0,4095.0,0.10745422841025999,0.44627288574038,2,MEDIUM
4095.0,1294.0,0.0,4095.0,31.62,2371.0,4095.0,0.0,2059.605301993564,9484.0,4095.0,5389.0,4095.0,0.13644032052547023,0.4317798396845445,2,MEDIUM
4095.0,1750.0,0.0,4095.0,31.62,2485.0,4095.0,0.0,1991.619943663951,9940.0,4095.0,5845.0,4095.0,0.17605633801045711,0.4119718309444696,2,MEDIUM
4095.0,1307.0,0.0,4095.0,31.62,2374.25,4095.0,0.0,2057.3483540713273,9497.0,4095.0,5402.0,4095.0,0.13762240706142756,0.431188796416638,2,MEDIUM
4095.0,1393.0,0.0,4095.0,31.69,2395.75,4095.0,0.0,2042.875975187921,9583.0,4095.0,5488.0,4095.0,0.14536157777884154,0.4273192110584035,2,MEDIUM
4095.0,1184.0,0.0,4095.0,31.69,2343.5,4095.0,0.0,2079.417947407399,9374.0,4095.0,5279.0,4095.0,0.12630680604583883,0.43684659692374156,2,MEDIUM
4095.0,1229.0,0.0,4095.0,31.69,2354.75,4095.0,0.0,2071.159156124898,9419.0,4095.0,5324.0,4095.0,0.13048094276138858,0.4347595285662215,2,MEDIUM
4095.0,1167.8,0.0,4095.0,31.64,2339.45,4095.0,0.0,2082.442606652102,9357.8,4095.0,5262.8,4095.0,0.12479428924268589,0.43760285532522575,2,MEDIUM
4095.0,1266.0,0.0,4095.0,31.69,2364.0,4095.0,0.0,2064.527548859545,9456.0,4095.0,5361.0,4095.0,0.1338832487168059,0.43305837558872057,2,MEDIUM
4095.0,1291.0,0.0,4095.0,31.69,2370.25,4095.0,0.0,2060.128697436158,9481.0,4095.0,5386.0,4095.0,0.1361670709697113,0.4319164644624073,2,MEDIUM
4095.0,946.0,0.0,4095.0,31.69,2284.0,4095.0,0.0,2126.526275407854,9136.0,4095.0,5041.0,4095.0,0.10354640979602163,0.4482267950472606,2,MEDIUM
4095.0,1418.0,0.0,4095.0,31.75,2402.0,4095.0,0.0,2038.819756623915,9608.0,4095.0,5513.0,4095.0,0.14758534553001817,0.42620732718295096,2,MEDIUM
4095.0,1784.0,0.0,4095.0,31.75,2493.5,4095.0,0.0,1987.5057232621998,9974.0,4095.0,5879.0,4095.0,0.17886504910979897,0.4105674753949702,2,MEDIUM
4095.0,905.0,0.0,4095.0,31.75,2273.75,4095.0,0.0,2135.2063717589454,9095.0,4095.0,5000.0,4095.0,0.09950522263886694,0.45024738862559127,2,MEDIUM
4095.0,2293.0,0.0,4095.0,31.75,2620.75,4095.0,0.0,1942.7280432422856,10483.0,4095.0,6388.0,4095.0,0.2187350948947119,0.39063245250494777,2,MEDIUM
4095.0,2218.0,0.0,4095.0,31.75,2602.0,4095.0,0.0,1947.3022364286444,10408.0,4095.0,6313.0,4095.0,0.21310530359213053,0.39344734815589477,2,MEDIUM
4095.0,1901.0,0.0,4095.0,31.81,2522.75,4095.0,0.0,1974.401238350503,10091.0,4095.0,5996.0,4095.0,0.18838569020033835,0.4058071548502817,2,MEDIUM
4095.0,628.0,0.0,4095.0,31.81,2204.5,4095.0,0.0,2197.9651953568327,8818.0,4095.0,4723.0,4095.0,0.07121796324889794,0.4643910183188488,2,MEDIUM
4095.0,1465.0,0.0,4095.0,31.74,2413.75,4095.0,0.0,2031.3803804310014,9655.0,4095.0,5560.0,4095.0,0.15173485239236303,0.42413257375203184,2,MEDIUM
4095.0,1581.0,0.0,4095.0,31.81,2442.75,4095.0,0.0,2014.0755323472852,9771.0,4095.0,5676.0,4095.0,0.16180534232301655,0.41909732878731987,2,MEDIUM
4095.0,2003.0,0.0,4095.0,31.81,2548.25,4095.0,0.0,1964.3274294271819,10193.0,4095.0,6098.0,4095.0,0.19650740702477118,0.40174629643856113,2,MEDIUM
4095.0,1326.0,0.0,4095.0,31.81,2379.0,4095.0,0.0,2054.082276833136,9516.0,4095.0,5421.0,4095.0,0.1393442622804388,0.4303278688072375,2,MEDIUM
4095.0,1994.0,0.0,4095.0,31.81,2546.0,4095.0,0.0,1965.1651330104553,10184.0,4095.0,6089.0,4095.0,0.19579732912452893,0.4021013353886389,2,MEDIUM
4095.0,2393.0,0.0,4095.0,31.81,2645.75,4095.0,0.0,1937.7415333320387,10583.0,4095.0,6488.0,4095.0,0.22611735800565838,0.3869413209499252,2,MEDIUM
4095.0,2058.0,0.0,4095.0,31.81,2562.0,4095.0,0.0,1959.4249156321353,10248.0,4095.0,6153.0,4095.0,0.20081967211155155,0.3995901638954342,2,MEDIUM
4095.0,1450.0,0.0,4095.0,31.87,2410.0,4095.0,0.0,2033.728103754285,9640.0,4095.0,5545.0,4095.0,0.15041493774373288,0.4247925310762663,2,MEDIUM
4095.0,444.0,0.0,4095.0,31.87,2158.5,4095.0,0.0,2243.4123562109576,8634.0,4095.0,4539.0,4095.0,0.05142460041100016,0.4742876997365893,2,MEDIUM
4095.0,944.0,0.0,4095.0,31.87,2283.5,4095.0,0.0,2126.9459325521184,9134.0,4095.0,5039.0,4095.0,0.10335012041785087,0.448324939736334,2,MEDIUM
4095.0,2123.0,0.0,4095.0,31.87,2578.25,4095.0,0.0,1954.1141855070803,10313.0,4095.0,6218.0,4095.0,0.20585668571648824,0.39707165709327336,2,MEDIUM
4095.0,1631.6,0.0,4095.0,31.84,2455.4,4095.0,0.0,2007.0053911238006,9821.6,4095.0,5726.6,4095.0,0.16612364582490394,0.4169381770366398,2,MEDIUM
4095.0,1040.0,0.0,4095.0,31.87,2307.5,4095.0,0.0,2107.2434600681527,9230.0,4095.0,5135.0,4095.0,0.11267605632582058,0.4436619717829185,2,MEDIUM
4095.0,1903.0,0.0,4095.0,31.87,2523.25,4095.0,0.0,1974.1915433918766,10093.0,4095.0,5998.0,4095.0,0.18854651736960798,0.4057267412656567,2,MEDIUM
4095.0,1472.0,0.0,4095.0,31.87,2415.5,4095.0,0.0,2030.2933285611712,9662.0,4095.0,5567.0,4095.0,0.15234941004426109,0.4238252949261203,2,MEDIUM
4095.0,1143.0,0.0,4095.0,31.87,2333.25,4095.0,0.0,2087.1253556027727,9333.0,4095.0,5238.0,4095.0,0.12246865958186343,0.43876567015549495,2,MEDIUM
4095.0,1286.0,0.0,4095.0,31.87,2369.0,4095.0,0.0,2061.0031538064177,9476.0,4095.0,5381.0,4095.0,0.1357112705639815,0.43214436466524436,2,MEDIUM
4095.0,1750.0,0.0,4095.0,31.94,2485.0,4095.0,0.0,1991.619943663951,9940.0,4095.0,5845.0,4095.0,0.17605633801045711,0.4119718309444696,2,MEDIUM
4095.0,1936.0,0.0,4095.0,31.94,2531.5,4095.0,0.0,1970.8016135572855,10126.0,4095.0,6031.0,4095.0,0.19119099346324403,0.4044045032190001,2,MEDIUM
4095.0,912.0,0.0,4095.0,31.94,2275.5,4095.0,0.0,2133.7129610142033,9102.0,4095.0,5007.0,4095.0,0.10019775872333578,0.4499011205833991,2,MEDIUM
4095.0,1948.0,0.0,4095.0,31.94,2534.5,4095.0,0.0,1969.6017363924109,10138.0,4095.0,6043.0,4095.0,0.19214835271334105,0.4039258235940101,2,MEDIUM
4095.0,2291.0,0.0,4095.0,31.94,2620.25,4095.0,0.0,1942.8407680507428,10481.0,4095.0,6386.0,4095.0,0.21858601276418413,0.39070699357020255,2,MEDIUM
4095.0,1568.1,0.0,4095.0,31.91,2439.525,4095.0,0.0,2015.9248256073438,9758.1,4095.0,5663.1,4095.0,0.16069726686950359,0.4196513665140087,2,MEDIUM
4095.0,2587.0,0.0,4095.0,31.94,2694.25,4095.0,0.0,1931.7252004361283,10777.0,4095.0,6682.0,4095.0,0.24004825088243034,0.37997587451238973,2,MEDIUM
4095.0,2511.0,0.0,4095.0,31.94,2675.25,4095.0,0.0,1933.5046547655375,10701.0,4095.0,6606.0,4095.0,0.23465096717739922,0.3826745163645758,2,MEDIUM
4095.0,2433.0,0.0,4095.0,32.0,2655.75,4095.0,0.0,1936.1049170951455,10623.0,4095.0,6528.0,4095.0,0.2290313470555369,0.38548432642516384,2,MEDIUM
4095.0,2541.0,0.0,4095.0,32.0,2682.75,4095.0,0.0,1932.713183584155,10731.0,4095.0,6636.0,4095.0,0.23679060663155432,0.38160469663762886,2,MEDIUM
4095.0,2755.0,0.0,4095.0,32.0,2736.25,4095.0,0.0,1930.4419830701984,10945.0,4095.0,6850.0,4095.0,0.25171311098659543,0.3741434444610193,2,MEDIUM
4095.0,2336.0,0.0,4095.0,32.0,2631.5,4095.0,0.0,1940.4275302108038,10526.0,4095.0,6431.0,4095.0,0.2219266577786503,0.3890366710631734,2,MEDIUM
4095.0,2363.0,0.0,4095.0,32.06,2638.25,4095.0,0.0,1939.103465522147,10553.0,4095.0,6458.0,4095.0,0.22391736944717924,0.38804131522903046,2,MEDIUM
4095.0,1968.0,0.0,4095.0,32.06,2539.5,4095.0,0.0,1967.6409733485425,10158.0,4095.0,6063.0,4095.0,0.19373892496616077,0.40313053746769734,2,MEDIUM
4095.0,2432.0,0.0,4095.0,32.0,2655.5,4095.0,0.0,1936.1433314710976,10622.0,4095.0,6527.0,4095.0,0.2289587648061609,0.3855206175498474,2,MEDIUM
4095.0,2817.0,0.0,4095.0,32.06,2751.75,4095.0,0.0,1930.8915686801265,11007.0,4095.0,6912.0,4095.0,0.2559280457657919,0.3720359770716784,2,MEDIUM
4095.0,2474.3,0.0,4095.0,32.01,2666.075,4095.0,0.0,1934.630616551904,10664.3,4095.0,6569.3,4095.0,0.23201710377314808,0.38399144806654056,2,MEDIUM
4095.0,2608.0,0.0,4095.0,32.06,2699.5,4095.0,0.0,1931.36506129732,10798.0,4095.0,6703.0,4095.0,0.24152620853477252,0.37923689568630886,2,MEDIUM
4095.0,2737.0,0.0,4095.0,32.0,2731.75,4095.0,0.0,1930.404685551711,10927.0,4095.0,6832.0,4095.0,0.25048046121987,0.37475976934430677,2,MEDIUM
4095.0,2595.0,0.0,4095.0,32.06,2696.25,4095.0,0.0,1931.5812822659057,10785.0,4095.0,6690.0,4095.0,0.24061196103471377,0.3796940194362824,2,MEDIUM
4095.0,2691.0,0.0,4095.0,32.06,2720.25,4095.0,0.0,1930.5,10881.0,4095.0,6786.0,4095.0,0.24731182793426046,0.3763440859869181,2,MEDIUM
4095.0,2749.0,0.0,4095.0,32.06,2734.75,4095.0,0.0,1930.424888463677,10939.0,4095.0,6844.0,4095.0,0.251302678466834,0.37434866072087497,2,MEDIUM
4095.0,2702.0,0.0,4095.0,32.06,2723.0,4095.0,0.0,1930.4522786124498,10892.0,4095.0,6797.0,4095.0,0.24807197941167167,0.3759640102482589,2,MEDIUM
4095.0,2727.0,0.0,4095.0,32.06,2729.25,4095.0,0.0,1930.402095419501,10917.0,4095.0,6822.0,4095.0,0.24979389940003718,0.3751030502541813,2,MEDIUM
4095.0,2815.0,0.0,4095.0,32.06,2751.25,4095.0,0.0,1930.8692990464165,11005.0,4095.0,6910.0,4095.0,0.25579282142155446,0.37210358924378883,2,MEDIUM
4095.0,2768.0,0.0,4095.0,32.06,2739.5,4095.0,0.0,1930.495014238576,10958.0,4095.0,6863.0,4095.0,0.2526008395462127,0.37369958018126487,2,MEDIUM
4095.0,3070.0,0.0,4095.0,32.13,2815.0,4095.0,0.0,1937.8725448284777,11260.0,4095.0,7165.0,4095.0,0.2726465363878644,0.3636767317616628,2,MEDIUM
4095.0,2746.2,0.0,4095.0,32.06,2734.05,4095.0,0.0,1930.4185064384355,10936.2,4095.0,6841.2,4095.0,0.25111098916889674,0.37444450536983187,2,MEDIUM
4095.0,2878.0,0.0,4095.0,32.06,2767.0,4095.0,0.0,1931.8193497322673,11068.0,4095.0,6973.0,4095.0,0.26002891215576174,0.3699855438769438,2,MEDIUM
4095.0,2523.0,0.0,4095.0,32.13,2678.25,4095.0,0.0,1933.1741385607247,10713.0,4095.0,6618.0,4095.0,0.23550826096933555,0.38224586946865996,2,MEDIUM
4095.0,2703.0,0.0,4095.0,32.13,2723.25,4095.0,0.0,1930.4487172675683,10893.0,4095.0,6798.0,4095.0,0.24814100796400063,0.3759294959720986,2,MEDIUM
4095.0,2819.0,0.0,4095.0,32.13,2752.25,4095.0,0.0,1930.9143559464258,11009.0,4095.0,6914.0,4095.0,0.2560632209777397,0.37196838946571276,2,MEDIUM
4095.0,2661.0,0.0,4095.0,32.13,2712.75,4095.0,0.0,1930.709778811927,10851.0,4095.0,6756.0,4095.0,0.2452308542765431,0.37738457281564974,2,MEDIUM
4095.0,2890.0,0.0,4095.0,32.13,2770.0,4095.0,0.0,1932.0584877275326,11080.0,4095.0,6985.0,4095.0,0.26083032488620667,0.3695848375117703,2,MEDIUM
4095.0,2559.0,0.0,4095.0,32.13,2687.25,4095.0,0.0,1932.2940381836302,10749.0,4095.0,6654.0,4095.0,0.2380686575273915,0.3809656711897883,2,MEDIUM
4095.0,2947.0,0.0,4095.0,32.13,2784.25,4095.0,0.0,1933.4482796289121,11137.0,4095.0,7042.0,4095.0,0.26461345063620245,0.36769327463700335,2,MEDIUM
4095.0,3038.0,0.0,4095.0,32.13,2807.0,4095.0,0.0,1936.5345336450885,11228.0,4095.0,7133.0,4095.0,0.27057356606068994,0.3647132169251235,2,MEDIUM
4095.0,3023.0,0.0,4095.0,32.13,2803.25,4095.0,0.0,1935.9525433233118,11213.0,4095.0,7118.0,4095.0,0.2695977882574157,0.36520110582670107,2,MEDIUM
4095.0,2804.1,0.0,4095.0,32.12,2748.525,4095.0,0.0,1930.7570283440639,10994.1,4095.0,6899.1,4095.0,0.25505498401369325,0.3724725079476744,2,MEDIUM
4095.0,3097.0,0.0,4095.0,32.13,2821.75,4095.0,0.0,1939.103465522147,11287.0,4095.0,7192.0,4095.0,0.2743864622774531,0.36280676881697466,2,MEDIUM
4095.0,3067.0,0.0,4095.0,32.19,2814.25,4095.0,0.0,1937.7415333320387,11257.0,4095.0,7162.0,4095.0,0.27245269607600137,0.3637736519175825,2,MEDIUM
4095.0,3024.0,0.0,4095.0,32.19,2803.5,4095.0,0.0,1935.990444191293,11214.0,4095.0,7119.0,4095.0,0.2696629213242676,0.3651685392932791,2,MEDIUM
4095.0,2719.0,0.0,4095.0,32.19,2727.25,4095.0,0.0,1930.409347780931,10909.0,4095.0,6814.0,4095.0,0.24924374367501662,0.37537812811665794,2,MEDIUM
4095.0,3035.0,0.0,4095.0,32.19,2806.25,4095.0,0.0,1936.415825694471,11225.0,4095.0,7130.0,4095.0,0.27037861912958766,0.3648106903906627,2,MEDIUM
4095.0,3057.0,0.0,4095.0,32.19,2811.75,4095.0,0.0,1937.3131522807562,11247.0,4095.0,7152.0,4095.0,0.2718058148598021,0.36409709252564265,2,MEDIUM
4095.0,2913.0,0.0,4095.0,32.19,2775.75,4095.0,0.0,1932.568821542974,11103.0,4095.0,7008.0,4095.0,0.2623615238888263,0.36881923801055394,2,MEDIUM
4095.0,3137.0,0.0,4095.0,32.19,2831.75,4095.0,0.0,1941.098207201274,11327.0,4095.0,7232.0,4095.0,0.2769488831749846,0.36152555836836536,2,MEDIUM
4095.0,2967.0,0.0,4095.0,32.25,2789.25,4095.0,0.0,1934.0352246016616,11157.0,4095.0,7062.0,4095.0,0.26593170204661365,0.36703414893187825,2,MEDIUM
4095.0,2973.0,0.0,4095.0,32.19,2790.75,4095.0,0.0,1934.2213549643175,11163.0,4095.0,7068.0,4095.0,0.2663262563588349,0.3668368717757917,2,MEDIUM
4095.0,2998.9,0.0,4095.0,32.19,2797.225,4095.0,0.0,1935.077983570688,11188.9,4095.0,7093.9,4095.0,0.26802456003110003,0.3659877199397628,2,MEDIUM
4095.0,3056.0,0.0,4095.0,32.25,2811.5,4095.0,0.0,1937.2710187271166,11246.0,4095.0,7151.0,4095.0,0.27174106346507726,0.36412946822300113,2,MEDIUM
4095.0,2674.0,0.0,4095.0,32.25,2716.0,4095.0,0.0,1930.6045685225133,10864.0,4095.0,6769.0,4095.0,0.24613402059590075,0.37693298965602606,2,MEDIUM
4095.0,2953.0,0.0,4095.0,32.25,2785.75,4095.0,0.0,1933.6189516034435,11143.0,4095.0,7048.0,4095.0,0.26500942293233337,0.36749528848896207,2,MEDIUM
4095.0,2867.0,0.0,4095.0,32.19,2764.25,4095.0,0.0,1931.6164862622186,11057.0,4095.0,6962.0,4095.0,0.2592927556969076,0.370353622106326,2,MEDIUM
4095.0,2761.0,0.0,4095.0,32.25,2737.75,4095.0,0.0,1930.4637396232026,10951.0,4095.0,6856.0,4095.0,0.252123093758367,0.37393845307515855,2,MEDIUM
4095.0,2917.0,0.0,4095.0,32.25,2776.75,4095.0,0.0,1932.6645466816015,11107.0,4095.0,7012.0,4095.0,0.2626271720300147,0.368686413939976,2,MEDIUM
4095.0,2810.0,0.0,4095.0,32.25,2750.0,4095.0,0.0,1930.8158897212338,11000.0,4095.0,6905.0,4095.0,0.2554545454313223,0.37227272723888427,2,MEDIUM
4095.0,1885.0,0.0,4095.0,32.25,2518.75,4095.0,0.0,1976.0962147628338,10075.0,4095.0,5980.0,4095.0,0.18709677417497797,0.4064516128628832,2,MEDIUM
4095.0,2450.0,0.0,4095.0,32.25,2660.0,4095.0,0.0,1935.4715187777888,10640.0,4095.0,6545.0,4095.0,0.23026315787309556,0.38486842101645974,2,MEDIUM
4095.0,2679.0,0.0,4095.0,32.25,2717.25,4095.0,0.0,1930.569928803409,10869.0,4095.0,6774.0,4095.0,0.2464808169798067,0.3767595914640942,2,MEDIUM
4095.0,2705.2,0.0,4095.0,32.24,2723.8,4095.0,0.0,1930.4413381400636,10895.2,4095.0,6800.2,4095.0,0.24829282617590376,0.3758535868661563,2,MEDIUM
4095.0,2992.0,0.0,4095.0,32.25,2795.5,4095.0,0.0,1934.841337164368,11182.0,4095.0,7087.0,4095.0,0.267572884969811,0.36621355747037976,2,MEDIUM
4095.0,2974.0,0.0,4095.0,32.25,2791.0,4095.0,0.0,1934.2528273211856,11164.0,4095.0,7069.0,4095.0,0.266391974178933,0.36680401286574665,2,MEDIUM
4095.0,2859.0,0.0,4095.0,32.25,2762.25,4095.0,0.0,1931.4787728577294,11049.0,4095.0,6954.0,4095.0,0.25875644852396085,0.3706217756927666,2,MEDIUM
4095.0,2738.0,0.0,4095.0,32.31,2732.0,4095.0,0.0,1930.4056568503938,10928.0,4095.0,6833.0,4095.0,0.2505490482933246,0.3747254758075837,2,MEDIUM
4095.0,3100.0,0.0,4095.0,32.25,2822.5,4095.0,0.0,1939.2459874910146,11290.0,4095.0,7195.0,4095.0,0.27457927366921353,0.36271036312110627,2,MEDIUM
4095.0,2977.0,0.0,4095.0,32.25,2791.75,4095.0,0.0,1934.3480167746445,11167.0,4095.0,7072.0,4095.0,0.2665890570192004,0.366705471445625,2,MEDIUM
4095.0,2587.0,0.0,4095.0,32.31,2694.25,4095.0,0.0,1931.7252004361283,10777.0,4095.0,6682.0,4095.0,0.24004825088243034,0.37997587451238973,2,MEDIUM
4095.0,2623.0,0.0,4095.0,32.31,2703.25,4095.0,0.0,1931.1427316488027,10813.0,4095.0,6718.0,4095.0,0.24257837785604563,0.3787108110257365,2,MEDIUM
4095.0,2901.0,0.0,4095.0,32.31,2772.75,4095.0,0.0,1932.2940381836302,11091.0,4095.0,6996.0,4095.0,0.261563429784369,0.3692182850627339,2,MEDIUM
4095.0,2931.0,0.0,4095.0,32.31,2780.25,4095.0,0.0,1933.0158431839093,11121.0,4095.0,7026.0,4095.0,0.2635554356385617,0.36822228213575914,2,MEDIUM
4095.0,2868.2,0.0,4095.0,32.28,2764.55,4095.0,0.0,1931.6378568458424,11058.2,4095.0,6963.2,4095.0,0.25937313484478725,0.370313432532391,2,MEDIUM
4095.0,2733.0,0.0,4095.0,32.31,2730.75,4095.0,0.0,1930.402095419501,10923.0,4095.0,6828.0,4095.0,0.2502059873432019,0.37489700628262407,2,MEDIUM
4095.0,2133.0,0.0,4095.0,32.31,2580.75,4095.0,0.0,1953.343863737258,10323.0,4095.0,6228.0,4095.0,0.2066259807995131,0.3966870095518079,2,MEDIUM
4095.0,2738.0,0.0,4095.0,32.31,2732.0,4095.0,0.0,1930.4056568503938,10928.0,4095.0,6833.0,4095.0,0.2505490482933246,0.3747254758075837,2,MEDIUM
4095.0,3098.0,0.0,4095.0,32.31,2822.0,4095.0,0.0,1939.1508450865806,11288.0,4095.0,7193.0,4095.0,0.2744507441287694,0.3627746278913205,2,MEDIUM
4095.0,2909.0,0.0,4095.0,32.31,2774.75,4095.0,0.0,1932.4751615480081,11099.0,4095.0,7004.0,4095.0,0.26209568427226815,0.3689521578188168,2,MEDIUM
4095.0,2929.0,0.0,4095.0,32.38,2779.75,4095.0,0.0,1932.964109858225,11119.0,4095.0,7024.0,4095.0,0.26342296966782774,0.36828851512111804,2,MEDIUM
4095.0,2962.0,0.0,4095.0,32.31,2788.0,4095.0,0.0,1933.883657307233,11152.0,4095.0,7057.0,4095.0,0.2656025824725966,0.3671987087188667,2,MEDIUM
4095.0,2688.0,0.0,4095.0,32.31,2719.5,4095.0,0.0,1930.5157342016148,10878.0,4095.0,6783.0,4095.0,0.24710424708153114,0.3764478764132701,2,MEDIUM
4095.0,2755.0,0.0,4095.0,32.31,2736.25,4095.0,0.0,1930.4419830701984,10945.0,4095.0,6850.0,4095.0,0.25171311098659543,0.3741434444610193,2,MEDIUM
4095.0,3040.0,0.0,4095.0,32.38,2807.5,4095.0,0.0,1936.6143136928426,11230.0,4095.0,7135.0,4095.0,0.27070347281650015,0.36464826354722635,2,MEDIUM
4095.0,2798.5,0.0,4095.0,32.33,2747.125,4095.0,0.0,1930.7053277235239,10988.5,4095.0,6893.5,4095.0,0.2546753423802452,0.3726623287643753,2,MEDIUM
4095.0,3178.0,0.0,4095.0,32.38,2842.0,4095.0,0.0,1943.3543166391455,11368.0,4095.0,7273.0,4095.0,0.2795566502217139,0.36022167484515993,2,MEDIUM
4095.0,3110.0,0.0,4095.0,32.38,2825.0,4095.0,0.0,1939.7293625658194,11300.0,4095.0,7205.0,4095.0,0.2752212389136972,0.36238938049890357,2,MEDIUM
4095.0,3042.0,0.0,4095.0,32.38,2808.0,4095.0,0.0,1936.6946067978813,11232.0,4095.0,7137.0,4095.0,0.27083333330922066,0.364583333300874,2,MEDIUM
4095.0,3170.0,0.0,4095.0,32.38,2840.0,4095.0,0.0,1942.8973210131307,11360.0,4095.0,7265.0,4095.0,0.2790492957500837,0.36047535208094406,2,MEDIUM
4095.0,3136.0,0.0,4095.0,32.38,2831.5,4095.0,0.0,1941.045852111691,11326.0,4095.0,7231.0,4095.0,0.27688504323884117,0.3615574783364332,2,MEDIUM
4095.0,3124.0,0.0,4095.0,32.38,2828.5,4095.0,0.0,1940.4275302108038,11314.0,4095.0,7219.0,4095.0,0.2761180837655897,0.3619409580730121,2,MEDIUM
4095.0,3124.0,0.0,4095.0,32.38,2828.5,4095.0,0.0,1940.4275302108038,11314.0,4095.0,7219.0,4095.0,0.2761180837655897,0.3619409580730121,2,MEDIUM
4095.0,3210.0,0.0,4095.0,32.38,2850.0,4095.0,0.0,1945.2634782979915,11400.0,4095.0,7305.0,4095.0,0.28157894734372113,0.35921052628427974,2,MEDIUM
4095.0,3197.0,0.0,4095.0,32.38,2846.75,4095.0,0.0,1944.4722291665676,11387.0,4095.0,7292.0,4095.0,0.2807587599648056,0.3596206199736875,2,MEDIUM
4095.0,3115.0,0.0,4095.0,32.44,2826.25,4095.0,0.0,1939.975837478395,11305.0,4095.0,7210.0,4095.0,0.27554179564126124,0.36222910213514115,2,MEDIUM
4095.0,3140.6,0.0,4095.0,32.38,2832.65,4095.0,0.0,1941.2877401353978,11330.6,4095.0,7235.6,4095.0,0.27717861364118596,0.36141069313527874,2,MEDIUM
4095.0,3091.0,0.0,4095.0,32.44,2820.25,4095.0,0.0,1938.821871652989,11281.0,4095.0,7186.0,4095.0,0.2740005318434535,0.3629997340339509,2,MEDIUM
4095.0,3147.0,0.0,4095.0,32.38,2834.25,4095.0,0.0,1941.6287621479034,11337.0,4095.0,7242.0,4095.0,0.2775866631139114,0.36120666839894094,2,MEDIUM
4095.0,3121.0,0.0,4095.0,32.44,2827.75,4095.0,0.0,1940.2758180217575,11311.0,4095.0,7216.0,4095.0,0.27592608962285153,0.36203695514436945,2,MEDIUM
4095.0,3138.0,0.0,4095.0,32.44,2832.0,4095.0,0.0,1941.150689668373,11328.0,4095.0,7233.0,4095.0,0.27701271183995296,0.3614936440358851,2,MEDIUM
4095.0,3312.0,0.0,4095.0,32.44,2875.5,4095.0,0.0,1952.2118225233655,11502.0,4095.0,7407.0,4095.0,0.2879499217277039,0.35602503909267735,2,MEDIUM
4095.0,3131.0,0.0,4095.0,32.44,2830.25,4095.0,0.0,1940.7859876864322,11321.0,4095.0,7226.0,4095.0,0.2765656743859583,0.3617171627628551,2,MEDIUM
4095.0,3276.0,0.0,4095.0,32.44,2866.5,4095.0,0.0,1949.609960992198,11466.0,4095.0,7371.0,4095.0,0.2857142856893673,0.3571428571117091,2,MEDIUM
4095.0,3123.0,0.0,4095.0,32.44,2828.25,4095.0,0.0,1940.3768319581638,11313.0,4095.0,7218.0,4095.0,0.27605409703208217,0.36197295143976194,2,MEDIUM
4095.0,3331.0,0.0,4095.0,32.44,2880.25,4095.0,0.0,1953.6504933073368,11521.0,4095.0,7426.0,4095.0,0.2891242079429629,0.35543789598511955,2,MEDIUM
4095.0,3042.0,0.0,4095.0,32.44,2808.0,4095.0,0.0,1936.6946067978813,11232.0,4095.0,7137.0,4095.0,0.27083333330922066,0.364583333300874,2,MEDIUM
4095.0,3171.2,0.0,4095.0,32.43,2840.3,4095.0,0.0,1942.9653522386857,11361.2,4095.0,7266.2,4095.0,0.27912544447073145,0.3604372777206248,2,MEDIUM
4095.0,2931.0,0.0,4095.0,32.44,2780.25,4095.0,0.0,1933.0158431839093,11121.0,4095.0,7026.0,4095.0,0.2635554356385617,0.36822228213575914,2,MEDIUM
4095.0,2905.0,0.0,4095.0,32.44,2773.75,4095.0,0.0,1932.3835669969874,11095.0,4095.0,7000.0,4095.0,0.2618296529732465,0.3690851734683114,2,MEDIUM
4095.0,2607.0,0.0,4095.0,32.44,2699.25,4095.0,0.0,1931.3809178926874,10797.0,4095.0,6702.0,4095.0,0.24145595996652255,0.37927201997042953,2,MEDIUM
4095.0,2894.0,0.0,4095.0,32.5,2771.0,4095.0,0.0,1932.1423343014872,11084.0,4095.0,6989.0,4095.0,0.26109707684400063,0.3694514615328896,2,MEDIUM
4095.0,3309.0,0.0,4095.0,32.5,2874.75,4095.0,0.0,1951.9887935129136,11499.0,4095.0,7404.0,4095.0,0.28776415337961875,0.3561179232667086,2,MEDIUM
4095.0,3373.0,0.0,4095.0,32.5,2890.75,4095.0,0.0,1956.9906106059886,11563.0,4095.0,7468.0,4095.0,0.2917063045670063,0.3541468476732555,2,MEDIUM
4095.0,3297.0,0.0,4095.0,32.5,2871.75,4095.0,0.0,1951.1079544709976,11487.0,4095.0,7392.0,4095.0,0.28702010966422736,0.35648994512435883,2,MEDIUM
4095.0,3602.0,0.0,4095.0,32.5,2948.0,4095.0,0.0,1979.026528371967,11792.0,4095.0,7697.0,4095.0,0.30546132968915696,0.3472693351130199,3,MEDIUM
4095.0,3618.0,0.0,4095.0,32.5,2952.0,4095.0,0.0,1980.8043820630041,11808.0,4095.0,7713.0,4095.0,0.3064024389984415,0.34679878045843504,3,MEDIUM
4095.0,3378.0,0.0,4095.0,32.5,2892.0,4095.0,0.0,1957.4028711535088,11568.0,4095.0,7473.0,4095.0,0.29201244810753696,0.35399377590300884,2,MEDIUM
4095.0,3191.4,0.0,4095.0,32.48,2845.35,4095.0,0.0,1944.1379812142966,11381.4,4095.0,7286.4,4095.0,0.28040487108085077,0.35979756441564326,2,MEDIUM
4095.0,3312.0,0.0,4095.0,32.5,2875.5,4095.0,0.0,1952.2118225233655,11502.0,4095.0,7407.0,4095.0,0.2879499217277039,0.35602503909267735,2,MEDIUM
4095.0,3088.0,0.0,4095.0,32.5,2819.5,4095.0,0.0,1938.6828002538218,11278.0,4095.0,7183.0,4095.0,0.27380741263754144,0.36309629363689516,2,MEDIUM
4095.0,3205.0,0.0,4095.0,32.5,2848.75,4095.0,0.0,1944.9566190534945,11395.0,4095.0,7300.0,4095.0,0.28126371212977064,0.3593681438912358,2,MEDIUM
4095.0,2985.0,0.0,4095.0,32.5,2793.75,4095.0,0.0,1934.6075183354374,11175.0,4095.0,7080.0,4095.0,0.2671140939358287,0.3664429529873429,2,MEDIUM
4095.0,2618.0,0.0,4095.0,32.5,2702.0,4095.0,0.0,1931.2136080713599,10808.0,4095.0,6713.0,4095.0,0.24222797925219947,0.37888601032763825,2,MEDIUM
4095.0,2732.0,0.0,4095.0,32.5,2730.5,4095.0,0.0,1930.4017716527303,10922.0,4095.0,6827.0,4095.0,0.25013733746107514,0.3749313312236833,2,MEDIUM
4095.0,2849.0,0.0,4095.0,32.56,2759.75,4095.0,0.0,1931.3182674018283,11039.0,4095.0,6944.0,4095.0,0.2580849714414272,0.3709575142339924,2,MEDIUM
4095.0,2666.0,0.0,4095.0,32.56,2714.0,4095.0,0.0,1930.6667242173103,10856.0,4095.0,6761.0,4095.0,0.24557848192284648,0.37721075899251927,2,MEDIUM
4095.0,2598.0,0.0,4095.0,32.56,2697.0,4095.0,0.0,1931.529445801953,10788.0,4095.0,6693.0,4095.0,0.2408231367963642,0.3795884315554701,2,MEDIUM
4095.0,2949.0,0.0,4095.0,32.56,2784.75,4095.0,0.0,1933.5046547655375,11139.0,4095.0,7044.0,4095.0,0.26474548879928667,0.3676272555554693,2,MEDIUM
4095.0,2900.2,0.0,4095.0,32.53,2772.55,4095.0,0.0,1932.276380334863,11090.2,4095.0,6995.2,4095.0,0.26151016210153916,0.3692449189041455,2,MEDIUM
4095.0,3349.0,0.0,4095.0,32.56,2884.75,4095.0,0.0,1955.05505037582,11539.0,4095.0,7444.0,4095.0,0.2902331224291331,0.35488343874210215,2,MEDIUM
4095.0,3310.0,0.0,4095.0,32.56,2875.0,4095.0,0.0,1952.0630112780684,11500.0,4095.0,7405.0,4095.0,0.28782608693149336,0.35608695649077504,2,MEDIUM
4095.0,3233.0,0.0,4095.0,32.56,2855.75,4095.0,0.0,1946.7157599403154,11423.0,4095.0,7328.0,4095.0,0.28302547489424623,0.35848726250910556,2,MEDIUM
4095.0,3135.0,0.0,4095.0,32.56,2831.25,4095.0,0.0,1940.9936244099308,11325.0,4095.0,7230.0,4095.0,0.2768211920285368,0.3615894039415815,2,MEDIUM
4095.0,3261.0,0.0,4095.0,32.56,2862.75,4095.0,0.0,1948.5739016008606,11451.0,4095.0,7356.0,4095.0,0.2847786219295451,0.3576106889915631,2,MEDIUM
4095.0,3280.0,0.0,4095.0,32.56,2867.5,4095.0,0.0,1949.8910225958782,11470.0,4095.0,7375.0,4095.0,0.2859633827126449,0.3570183086000856,2,MEDIUM
4095.0,3105.0,0.0,4095.0,32.56,2823.75,4095.0,0.0,1939.4860788363499,11295.0,4095.0,7200.0,4095.0,0.2749003983820363,0.3625498007647145,2,MEDIUM
4095.0,3316.0,0.0,4095.0,32.56,2876.5,4095.0,0.0,1952.5109474725102,11506.0,4095.0,7411.0,4095.0,0.2881974621685905,0.35590126887224915,2,MEDIUM
4095.0,3293.0,0.0,4095.0,32.56,2870.75,4095.0,0.0,1950.8183539222712,11483.0,4095.0,7388.0,4095.0,0.2867717495178288,0.35661412519754293,2,MEDIUM
4095.0,3280.0,0.0,4095.0,32.63,2867.5,4095.0,0.0,1949.8910225958782,11470.0,4095.0,7375.0,4095.0,0.2859633827126449,0.3570183086000856,2,MEDIUM
4095.0,3256.2,0.0,4095.0,32.57,2861.55,4095.0,0.0,1948.2483440259869,11446.2,4095.0,7351.2,4095.0,0.2844786915933254,0.35776065415965463,2,MEDIUM
4095.0,3255.0,0.0,4095.0,32.63,2861.25,4095.0,0.0,1948.1674081043445,11445.0,4095.0,7350.0,4095.0,0.28440366969992104,0.35779816510635226,2,MEDIUM
4095.0,3212.0,0.0,4095.0,32.63,2850.5,4095.0,0.0,1945.3871080070414,11402.0,4095.0,7307.0,4095.0,0.2817049640166896,0.3591475179478032,2,MEDIUM
4095.0,3285.0,0.0,4095.0,32.63,2868.75,4095.0,0.0,1950.2451768944334,11475.0,4095.0,7380.0,4095.0,0.2862745097789739,0.35686274506694005,2,MEDIUM
4095.0,3312.0,0.0,4095.0,32.56,2875.5,4095.0,0.0,1952.2118225233655,11502.0,4095.0,7407.0,4095.0,0.2879499217277039,0.35602503909267735,2,MEDIUM
4095.0,3341.0,0.0,4095.0,32.56,2882.75,4095.0,0.0,1954.4258108201498,11531.0,4095.0,7436.0,4095.0,0.28974069896021676,0.3551296504765302,2,MEDIUM
4095.0,3536.0,0.0,4095.0,32.63,2931.5,4095.0,0.0,1972.0190161354935,11726.0,4095.0,7631.0,4095.0,0.3015521064044387,0.34922394675514035,3,MEDIUM
4095.0,3559.0,0.0,4095.0,32.63,2937.25,4095.0,0.0,1974.401238350503,11749.0,4095.0,7654.0,4095.0,0.30291939736974044,0.34854030127257296,3,MEDIUM
4095.0,3470.0,0.0,4095.0,32.63,2915.0,4095.0,0.0,1965.5406380942622,11660.0,4095.0,7565.0,4095.0,0.297598627761784,0.35120068607622634,2,MEDIUM
4095.0,3482.0,0.0,4095.0,32.63,2918.0,4095.0,0.0,1966.6789265154594,11672.0,4095.0,7577.0,4095.0,0.29832076762351606,0.35083961614540443,2,MEDIUM
4095.0,3200.0,0.0,4095.0,32.63,2847.5,4095.0,0.0,1944.6529253314072,11390.0,4095.0,7295.0,4095.0,0.2809482001509264,0.35952589988063866,2,MEDIUM
4095.0,3365.2,0.0,4095.0,32.61,2888.8,4095.0,0.0,1956.3536899037454,11555.2,4095.0,7460.2,4095.0,0.29122819161146246,0.35438590415099813,2,MEDIUM
4095.0,3334.0,0.0,4095.0,32.63,2881.0,4095.0,0.0,1953.881777385725,11524.0,4095.0,7429.0,4095.0,0.2893092675903064,0.35534536616145906,2,MEDIUM
4095.0,3329.0,0.0,4095.0,32.63,2879.75,4095.0,0.0,1953.4969285872962,11519.0,4095.0,7424.0,4095.0,0.28900078129273366,0.3554996093102266,2,MEDIUM
4095.0,3275.0,0.0,4095.0,32.63,2866.25,4095.0,0.0,1949.540009848477,11465.0,4095.0,7370.0,4095.0,0.28565198427512845,0.35717400781882475,2,MEDIUM
4095.0,3344.0,0.0,4095.0,32.63,2883.5,4095.0,0.0,1954.6608401459318,11534.0,4095.0,7439.0,4095.0,0.28992543781082664,0.35503728105123655,2,MEDIUM
4095.0,3309.0,0.0,4095.0,32.63,2874.75,4095.0,0.0,1951.9887935129136,11499.0,4095.0,7404.0,4095.0,0.28776415337961875,0.3561179232667086,2,MEDIUM
4095.0,3110.0,0.0,4095.0,32.69,2825.0,4095.0,0.0,1939.7293625658194,11300.0,4095.0,7205.0,4095.0,0.2752212389136972,0.36238938049890357,2,MEDIUM
4095.0,3247.0,0.0,4095.0,32.63,2859.25,4095.0,0.0,1947.6324730297551,11437.0,4095.0,7342.0,4095.0,0.2839031214231089,0.3580484392447278,2,MEDIUM
4095.0,3296.0,0.0,4095.0,32.69,2871.5,4095.0,0.0,1951.0353661581842,11486.0,4095.0,7391.0,4095.0,0.2869580358447712,0.3565209820340831,2,MEDIUM
4095.0,3186.0,0.0,4095.0,32.63,2844.0,4095.0,0.0,1943.8194360588125,11376.0,4095.0,7281.0,4095.0,0.2800632911146217,0.3599683543987369,2,MEDIUM
4095.0,3365.0,0.0,4095.0,32.63,2888.75,4095.0,0.0,1956.337458108902,11555.0,4095.0,7460.0,4095.0,0.29121592381728983,0.3543920380480838,2,MEDIUM
4095.0,3279.5,0.0,4095.0,32.64,2867.375,4095.0,0.0,1949.8557799232228,11469.5,4095.0,7374.5,4095.0,0.28593225508645254,0.3570338724131798,2,MEDIUM
4095.0,3312.0,0.0,4095.0,32.69,2875.5,4095.0,0.0,1952.2118225233655,11502.0,4095.0,7407.0,4095.0,0.2879499217277039,0.35602503909267735,2,MEDIUM
4095.0,3367.0,0.0,4095.0,32.69,2889.25,4095.0,0.0,1956.5,11557.0,4095.0,7462.0,4095.0,0.2913385826519565,0.3543307086307579,2,MEDIUM
4095.0,3406.0,0.0,4095.0,32.69,2899.0,4095.0,0.0,1959.768863922478,11596.0,4095.0,7501.0,4095.0,0.2937219730688408,0.3531390134224613,2,MEDIUM
4095.0,3435.0,0.0,4095.0,32.69,2906.25,4095.0,0.0,1962.3216479466357,11625.0,4095.0,7530.0,4095.0,0.295483870942324,0.35225806448582725,2,MEDIUM
4095.0,3439.0,0.0,4095.0,32.69,2907.25,4095.0,0.0,1962.681902397839,11629.0,4095.0,7534.0,4095.0,0.29572620171160663,0.3521368991012007,2,MEDIUM
4095.0,3399.0,0.0,4095.0,32.69,2897.25,4095.0,0.0,1959.1682546427705,11589.0,4095.0,7494.0,4095.0,0.29329536627031705,0.3533523168216971,2,MEDIUM
4095.0,3459.0,0.0,4095.0,32.69,2912.25,4095.0,0.0,1964.5127258432306,11649.0,4095.0,7554.0,4095.0,0.2969353592328152,0.3515323203406702,2,MEDIUM
4095.0,3364.0,0.0,4095.0,32.69,2888.5,4095.0,0.0,1956.2563737915334,11554.0,4095.0,7459.0,4095.0,0.2911545784757526,0.3544227107188486,2,MEDIUM
4095.0,3371.0,0.0,4095.0,32.69,2890.25,4095.0,0.0,1956.8265763730826,11561.0,4095.0,7466.0,4095.0,0.2915837730047934,0.35420811345435443,2,MEDIUM
4095.0,3341.0,0.0,4095.0,32.69,2882.75,4095.0,0.0,1954.4258108201498,11531.0,4095.0,7436.0,4095.0,0.28974069896021676,0.3551296504765302,2,MEDIUM
4095.0,3389.3,0.0,4095.0,32.69,2894.825,4095.0,0.0,1958.3460170511237,11579.3,4095.0,7484.3,4095.0,0.29270335855425605,0.3536483206796915,2,MEDIUM
4095.0,3363.0,0.0,4095.0,32.69,2888.25,4095.0,0.0,1956.1754139135887,11553.0,4095.0,7458.0,4095.0,0.2910932225144038,0.3544533886995193,2,MEDIUM
4095.0,3440.0,0.0,4095.0,32.75,2907.5,4095.0,0.0,1962.772274106194,11630.0,4095.0,7535.0,4095.0,0.2957867583580579,0.3521066207779788,2,MEDIUM
4095.0,3071.0,0.0,4095.0,32.69,2815.25,4095.0,0.0,1937.9164713681548,11261.0,4095.0,7166.0,4095.0,0.27271112687392673,0.3636444365186356,2,MEDIUM
4095.0,3406.0,0.0,4095.0,32.69,2899.0,4095.0,0.0,1959.768863922478,11596.0,4095.0,7501.0,4095.0,0.2937219730688408,0.3531390134224613,2,MEDIUM
4095.0,3058.0,0.0,4095.0,32.69,2812.0,4095.0,0.0,1937.3554139599682,11248.0,4095.0,7153.0,4095.0,0.27187055474112104,0.3640647225849871,2,MEDIUM
4095.0,3024.0,0.0,4095.0,32.69,2803.5,4095.0,0.0,1935.990444191293,11214.0,4095.0,7119.0,4095.0,0.2696629213242676,0.3651685392932791,2,MEDIUM
4095.0,3145.0,0.0,4095.0,32.69,2833.75,4095.0,0.0,1941.5216326376587,11335.0,4095.0,7240.0,4095.0,0.27745919715240763,0.361270401379685,2,MEDIUM
4095.0,3274.0,0.0,4095.0,32.69,2866.0,4095.0,0.0,1949.470184434735,11464.0,4095.0,7369.0,4095.0,0.2855896719918362,0.3572051639604671,2,MEDIUM
4095.0,3339.0,0.0,4095.0,32.69,2882.25,4095.0,0.0,1954.2697485250085,11529.0,4095.0,7434.0,4095.0,0.289617486313677,0.3551912567997926,2,MEDIUM
4095.0,3292.0,0.0,4095.0,32.69,2870.5,4095.0,0.0,1950.746267457662,11482.0,4095.0,7387.0,4095.0,0.28670963244324077,0.35664518373483317,2,MEDIUM
4095.0,3241.2,0.0,4095.0,32.69,2857.8,4095.0,0.0,1947.249691231199,11431.2,4095.0,7336.2,4095.0,0.2835397858244506,0.3582301070440347,2,MEDIUM
4095.0,3376.0,0.0,4095.0,32.75,2891.5,4095.0,0.0,1957.2375941617308,11566.0,4095.0,7471.0,4095.0,0.2918900224544449,0.3540549887295474,2,MEDIUM
4095.0,3343.0,0.0,4095.0,32.75,2883.25,4095.0,0.0,1954.5823722729108,11533.0,4095.0,7438.0,4095.0,0.28986386887281157,0.35506806552024034,2,MEDIUM
4095.0,3323.0,0.0,4095.0,32.75,2878.25,4095.0,0.0,1953.0392341169186,11513.0,4095.0,7418.0,4095.0,0.2886302440468487,0.35568487793314646,2,MEDIUM
4095.0,3225.0,0.0,4095.0,32.75,2853.75,4095.0,0.0,1946.203034115403,11415.0,4095.0,7320.0,4095.0,0.2825229960330685,0.3587385019396637,2,MEDIUM
4095.0,3339.0,0.0,4095.0,32.75,2882.25,4095.0,0.0,1954.2697485250085,11529.0,4095.0,7434.0,4095.0,0.289617486313677,0.3551912567997926,2,MEDIUM
4095.0,3381.0,0.0,4095.0,32.75,2892.75,4095.0,0.0,1957.6517182583832,11571.0,4095.0,7476.0,4095.0,0.2921960072342757,0.3539019963396507,2,MEDIUM
4095.0,3347.0,0.0,4095.0,32.69,2884.25,4095.0,0.0,1954.8969921711987,11537.0,4095.0,7442.0,4095.0,0.29011008058506454,0.35494495966412887,2,MEDIUM
4095.0,3376.0,0.0,4095.0,32.75,2891.5,4095.0,0.0,1957.2375941617308,11566.0,4095.0,7471.0,4095.0,0.2918900224544449,0.3540549887295474,2,MEDIUM
4095.0,2876.0,0.0,4095.0,32.75,2766.5,4095.0,0.0,1931.7813023217716,11066.0,4095.0,6971.0,4095.0,0.25989517438461096,0.37005241276251105,2,MEDIUM
4095.0,2655.0,0.0,4095.0,32.75,2711.25,4095.0,0.0,1930.7657159790258,10845.0,4095.0,6750.0,4095.0,0.24481327798572491,0.37759336096103335,2,MEDIUM
4095.0,3224.1,0.0,4095.0,32.74,2853.525,4095.0,0.0,1946.1458584854322,11414.1,4095.0,7319.1,4095.0,0.2824664230835137,0.35876678841443765,2,MEDIUM
4095.0,3071.0,0.0,4095.0,32.75,2815.25,4095.0,0.0,1937.9164713681548,11261.0,4095.0,7166.0,4095.0,0.27271112687392673,0.3636444365186356,2,MEDIUM
0.0,0.0,4095.0,0.0,31.44,1023.75,4095.0,0.0,2047.5,4095.0,4095.0,0.0,4095.0,0.9999999997557998,0.9999999997557998,1,MEDIUM
0.0,0.0,4095.0,0.0,31.44,1023.75,4095.0,0.0,2047.5,4095.0,4095.0,0.0,4095.0,0.9999999997557998,0.9999999997557998,1,MEDIUM
0.0,0.0,4095.0,0.0,31.37,1023.75,4095.0,0.0,2047.5,4095.0,4095.0,0.0,4095.0,0.9999999997557998,0.9999999997557998,1,MEDIUM
0.0,0.0,4095.0,0.0,31.37,1023.75,4095.0,0.0,2047.5,4095.0,4095.0,0.0,4095.0,0.9999999997557998,0.9999999997557998,1,MEDIUM
0.0,0.0,4095.0,0.0,31.37,1023.75,4095.0,0.0,2047.5,4095.0,4095.0,0.0,4095.0,0.9999999997557998,0.9999999997557998,1,MEDIUM
409.5,279.4,3504.8,0.0,31.44,1048.425,3504.8,0.0,1646.4707434894392,4193.7,3504.8,688.9,3504.8,0.6714595701477312,0.8357297849546391,1,MEDIUM
0.0,0.0,4095.0,0.0,31.31,1023.75,4095.0,0.0,2047.5,4095.0,4095.0,0.0,4095.0,0.9999999997557998,0.9999999997557998,1,MEDIUM
0.0,0.0,4095.0,0.0,31.37,1023.75,4095.0,0.0,2047.5,4095.0,4095.0,0.0,4095.0,0.9999999997557998,0.9999999997557998,1,MEDIUM
0.0,0.0,4095.0,0.0,31.37,1023.75,4095.0,0.0,2047.5,4095.0,4095.0,0.0,4095.0,0.9999999997557998,0.9999999997557998,1,MEDIUM
0.0,0.0,4095.0,0.0,31.31,1023.75,4095.0,0.0,2047.5,4095.0,4095.0,0.0,4095.0,0.9999999997557998,0.9999999997557998,1,MEDIUM
0.0,0.0,4095.0,0.0,31.31,1023.75,4095.0,0.0,2047.5,4095.0,4095.0,0.0,4095.0,0.9999999997557998,0.9999999997557998,1,MEDIUM
0.0,0.0,4095.0,0.0,31.31,1023.75,4095.0,0.0,2047.5,4095.0,4095.0,0.0,4095.0,0.9999999997557998,0.9999999997557998,1,MEDIUM
0.0,0.0,4095.0,0.0,31.31,1023.75,4095.0,0.0,2047.5,4095.0,4095.0,0.0,4095.0,0.9999999997557998,0.9999999997557998,1,MEDIUM
0.0,0.0,4095.0,0.0,31.31,1023.75,4095.0,0.0,2047.5,4095.0,4095.0,0.0,4095.0,0.9999999997557998,0.9999999997557998,1,MEDIUM
0.0,0.0,4095.0,0.0,31.31,1023.75,4095.0,0.0,2047.5,4095.0,4095.0,0.0,4095.0,0.9999999997557998,0.9999999997557998,1,MEDIUM
0.0,0.0,4095.0,0.0,31.31,1023.75,4095.0,0.0,2047.5,4095.0,4095.0,0.0,4095.0,0.9999999997557998,0.9999999997557998,1,MEDIUM
0.0,0.0,4095.0,0.0,31.33,1023.75,4095.0,0.0,2047.5,4095.0,4095.0,0.0,4095.0,0.9999999997557998,0.9999999997557998,1,MEDIUM
0.0,0.0,4095.0,0.0,31.25,1023.75,4095.0,0.0,2047.5,4095.0,4095.0,0.0,4095.0,0.9999999997557998,0.9999999997557998,1,MEDIUM
0.0,0.0,4095.0,0.0,31.31,1023.75,4095.0,0.0,2047.5,4095.0,4095.0,0.0,4095.0,0.9999999997557998,0.9999999997557998,1,MEDIUM
0.0,0.0,4095.0,0.0,31.25,1023.75,4095.0,0.0,2047.5,4095.0,4095.0,0.0,4095.0,0.9999999997557998,0.9999999997557998,1,MEDIUM
1958.0,0.0,4095.0,0.0,31.25,1513.25,4095.0,0.0,1953.0392341169186,6053.0,4095.0,1958.0,4095.0,0.3530480752762187,0.6765240375555056,1,MEDIUM
0.0,0.0,4095.0,0.0,31.25,1023.75,4095.0,0.0,2047.5,4095.0,4095.0,0.0,4095.0,0.9999999997557998,0.9999999997557998,1,MEDIUM
0.0,0.0,4095.0,0.0,31.25,1023.75,4095.0,0.0,2047.5,4095.0,4095.0,0.0,4095.0,0.9999999997557998,0.9999999997557998,1,MEDIUM
559.0,0.0,4095.0,0.0,31.25,1163.5,4095.0,0.0,1972.0190161354935,4654.0,4095.0,559.0,4095.0,0.7597765361495967,0.8798882679673639,1,MEDIUM
0.0,0.0,4095.0,0.0,31.25,1023.75,4095.0,0.0,2047.5,4095.0,4095.0,0.0,4095.0,0.9999999997557998,0.9999999997557998,1,MEDIUM
2063.0,0.0,4095.0,0.0,31.25,1539.5,4095.0,0.0,1961.6959499371965,6158.0,4095.0,2063.0,4095.0,0.32997726529230637,0.664988632564958,1,MEDIUM
1741.0,0.0,4095.0,0.0,31.25,1459.0,4095.0,0.0,1939.5344802297277,5836.0,4095.0,1741.0,4095.0,0.403358464632735,0.7016792322306924,1,MEDIUM
632.1,0.0,4095.0,0.0,31.26,1181.775,4095.0,0.0,1964.8754674278978,4727.1,4095.0,632.1,4095.0,0.7325633050427188,0.8662816524155862,1,MEDIUM
0.0,0.0,4095.0,0.0,31.25,1023.75,4095.0,0.0,2047.5,4095.0,4095.0,0.0,4095.0,0.9999999997557998,0.9999999997557998,1,MEDIUM
713.0,0.0,4095.0,0.0,31.25,1202.0,4095.0,0.0,1957.7349156614641,4808.0,4095.0,713.0,4095.0,0.7034109815508712,0.8517054906714422,1,MEDIUM
1579.0,0.0,4095.0,0.0,31.25,1418.5,4095.0,0.0,1933.3646836538626,5674.0,4095.0,1579.0,4095.0,0.4434261543102879,0.7217130770670227,1,MEDIUM
0.0,0.0,4095.0,0.0,31.19,1023.75,4095.0,0.0,2047.5,4095.0,4095.0,0.0,4095.0,0.9999999997557998,0.9999999997557998,1,MEDIUM
0.0,0.0,4095.0,0.0,31.19,1023.75,4095.0,0.0,2047.5,4095.0,4095.0,0.0,4095.0,0.9999999997557998,0.9999999997557998,1,MEDIUM
954.0,0.0,4095.0,0.0,31.19,1262.25,4095.0,0.0,1941.3089012313317,5049.0,4095.0,954.0,4095.0,0.6221033866860559,0.8110516932439984,1,MEDIUM
1984.0,0.0,4095.0,0.0,31.19,1519.75,4095.0,0.0,1955.05505037582,6079.0,4095.0,1984.0,4095.0,0.3472610626176573,0.6736305312265782,1,MEDIUM
1610.0,0.0,4095.0,0.0,31.19,1426.25,4095.0,0.0,1934.28442841274,5705.0,4095.0,1610.0,4095.0,0.43558282200953846,0.7177914109171268,1,MEDIUM
1661.0,0.0,4095.0,0.0,31.19,1439.0,4095.0,0.0,1936.0666310847878,5756.0,4095.0,1661.0,4095.0,0.4228630993011009,0.7114315495636845,1,MEDIUM
0.0,0.0,4095.0,0.0,31.19,1023.75,4095.0,0.0,2047.5,4095.0,4095.0,0.0,4095.0,0.9999999997557998,0.9999999997557998,1,MEDIUM
850.1,0.0,4095.0,0.0,31.21,1236.275,4095.0,0.0,1947.493389590835,4945.1,4095.0,850.1,4095.0,0.6561849101825675,0.8280924549901735,1,MEDIUM
0.0,0.0,4095.0,0.0,31.19,1023.75,4095.0,0.0,2047.5,4095.0,4095.0,0.0,4095.0,0.9999999997557998,0.9999999997557998,1,MEDIUM
0.0,0.0,4095.0,0.0,31.19,1023.75,4095.0,0.0,2047.5,4095.0,4095.0,0.0,4095.0,0.9999999997557998,0.9999999997557998,1,MEDIUM
0.0,0.0,4095.0,0.0,31.19,1023.75,4095.0,0.0,2047.5,4095.0,4095.0,0.0,4095.0,0.9999999997557998,0.9999999997557998,1,MEDIUM
0.0,0.0,4095.0,0.0,31.19,1023.75,4095.0,0.0,2047.5,4095.0,4095.0,0.0,4095.0,0.9999999997557998,0.9999999997557998,1,MEDIUM
0.0,0.0,4095.0,0.0,31.19,1023.75,4095.0,0.0,2047.5,4095.0,4095.0,0.0,4095.0,0.9999999997557998,0.9999999997557998,1,MEDIUM
0.0,0.0,4095.0,0.0,31.19,1023.75,4095.0,0.0,2047.5,4095.0,4095.0,0.0,4095.0,0.9999999997557998,0.9999999997557998,1,MEDIUM
0.0,0.0,4095.0,0.0,31.19,1023.75,4095.0,0.0,2047.5,4095.0,4095.0,0.0,4095.0,0.9999999997557998,0.9999999997557998,1,MEDIUM
0.0,0.0,4095.0,0.0,31.19,1023.75,4095.0,0.0,2047.5,4095.0,4095.0,0.0,4095.0,0.9999999997557998,0.9999999997557998,1,MEDIUM
0.0,0.0,4095.0,0.0,31.19,1023.75,4095.0,0.0,2047.5,4095.0,4095.0,0.0,4095.0,0.9999999997557998,0.9999999997557998,1,MEDIUM
0.0,0.0,4095.0,0.0,31.19,1023.75,4095.0,0.0,2047.5,4095.0,4095.0,0.0,4095.0,0.9999999997557998,0.9999999997557998,1,MEDIUM
0.0,0.0,4095.0,0.0,31.19,1023.75,4095.0,0.0,2047.5,4095.0,4095.0,0.0,4095.0,0.9999999997557998,0.9999999997557998,1,MEDIUM
0.0,0.0,4095.0,0.0,31.19,1023.75,4095.0,0.0,2047.5,4095.0,4095.0,0.0,4095.0,0.9999999997557998,0.9999999997557998,1,MEDIUM
0.0,0.0,4095.0,0.0,31.19,1023.75,4095.0,0.0,2047.5,4095.0,4095.0,0.0,4095.0,0.9999999997557998,0.9999999997557998,1,MEDIUM
0.0,0.0,4095.0,0.0,31.19,1023.75,4095.0,0.0,2047.5,4095.0,4095.0,0.0,4095.0,0.9999999997557998,0.9999999997557998,1,MEDIUM
0.0,0.0,4095.0,0.0,31.19,1023.75,4095.0,0.0,2047.5,4095.0,4095.0,0.0,4095.0,0.9999999997557998,0.9999999997557998,1,MEDIUM
0.0,0.0,4095.0,0.0,31.19,1023.75,4095.0,0.0,2047.5,4095.0,4095.0,0.0,4095.0,0.9999999997557998,0.9999999997557998,1,MEDIUM
0.0,0.0,4095.0,0.0,31.19,1023.75,4095.0,0.0,2047.5,4095.0,4095.0,0.0,4095.0,0.9999999997557998,0.9999999997557998,1,MEDIUM
0.0,0.0,4095.0,0.0,31.25,1023.75,4095.0,0.0,2047.5,4095.0,4095.0,0.0,4095.0,0.9999999997557998,0.9999999997557998,1,MEDIUM
0.0,0.0,4095.0,0.0,31.19,1023.75,4095.0,0.0,2047.5,4095.0,4095.0,0.0,4095.0,0.9999999997557998,0.9999999997557998,1,MEDIUM
0.0,0.0,4095.0,0.0,31.19,1023.75,4095.0,0.0,2047.5,4095.0,4095.0,0.0,4095.0,0.9999999997557998,0.9999999997557998,1,MEDIUM
0.0,0.0,4095.0,0.0,31.19,1023.75,4095.0,0.0,2047.5,4095.0,4095.0,0.0,4095.0,0.9999999997557998,0.9999999997557998,1,MEDIUM
0.0,0.0,4095.0,0.0,31.19,1023.75,4095.0,0.0,2047.5,4095.0,4095.0,0.0,4095.0,0.9999999997557998,0.9999999997557998,1,MEDIUM
0.0,0.0,4095.0,0.0,31.19,1023.75,4095.0,0.0,2047.5,4095.0,4095.0,0.0,4095.0,0.9999999997557998,0.9999999997557998,1,MEDIUM
0.0,0.0,4095.0,0.0,31.19,1023.75,4095.0,0.0,2047.5,4095.0,4095.0,0.0,4095.0,0.9999999997557998,0.9999999997557998,1,MEDIUM
0.0,0.0,4095.0,0.0,31.19,1023.75,4095.0,0.0,2047.5,4095.0,4095.0,0.0,4095.0,0.9999999997557998,0.9999999997557998,1,MEDIUM
0.0,0.0,4095.0,0.0,31.19,1023.75,4095.0,0.0,2047.5,4095.0,4095.0,0.0,4095.0,0.9999999997557998,0.9999999997557998,1,MEDIUM
0.0,0.0,4095.0,0.0,31.19,1023.75,4095.0,0.0,2047.5,4095.0,4095.0,0.0,4095.0,0.9999999997557998,0.9999999997557998,1,MEDIUM
0.0,0.0,4095.0,0.0,31.19,1023.75,4095.0,0.0,2047.5,4095.0,4095.0,0.0,4095.0,0.9999999997557998,0.9999999997557998,1,MEDIUM
0.0,0.0,4095.0,0.0,31.25,1023.75,4095.0,0.0,2047.5,4095.0,4095.0,0.0,4095.0,0.9999999997557998,0.9999999997557998,1,MEDIUM
0.0,0.0,4095.0,0.0,31.19,1023.75,4095.0,0.0,2047.5,4095.0,4095.0,0.0,4095.0,0.9999999997557998,0.9999999997557998,1,MEDIUM
0.0,0.0,4095.0,0.0,31.19,1023.75,4095.0,0.0,2047.5,4095.0,4095.0,0.0,4095.0,0.9999999997557998,0.9999999997557998,1,MEDIUM
0.0,0.0,4095.0,0.0,31.19,1023.75,4095.0,0.0,2047.5,4095.0,4095.0,0.0,4095.0,0.9999999997557998,0.9999999997557998,1,MEDIUM
0.0,0.0,4095.0,0.0,31.19,1023.75,4095.0,0.0,2047.5,4095.0,4095.0,0.0,4095.0,0.9999999997557998,0.9999999997557998,1,MEDIUM
0.0,0.0,4095.0,0.0,31.19,1023.75,4095.0,0.0,2047.5,4095.0,4095.0,0.0,4095.0,0.9999999997557998,0.9999999997557998,1,MEDIUM
0.0,0.0,4095.0,0.0,31.19,1023.75,4095.0,0.0,2047.5,4095.0,4095.0,0.0,4095.0,0.9999999997557998,0.9999999997557998,1,MEDIUM
0.0,0.0,4095.0,0.0,31.19,1023.75,4095.0,0.0,2047.5,4095.0,4095.0,0.0,4095.0,0.9999999997557998,0.9999999997557998,1,MEDIUM
0.0,0.0,4095.0,0.0,31.19,1023.75,4095.0,0.0,2047.5,4095.0,4095.0,0.0,4095.0,0.9999999997557998,0.9999999997557998,1,MEDIUM
0.0,0.0,4095.0,0.0,31.19,1023.75,4095.0,0.0,2047.5,4095.0,4095.0,0.0,4095.0,0.9999999997557998,0.9999999997557998,1,MEDIUM
0.0,0.0,4095.0,0.0,31.19,1023.75,4095.0,0.0,2047.5,4095.0,4095.0,0.0,4095.0,0.9999999997557998,0.9999999997557998,1,MEDIUM
0.0,0.0,4095.0,0.0,31.19,1023.75,4095.0,0.0,2047.5,4095.0,4095.0,0.0,4095.0,0.9999999997557998,0.9999999997557998,1,MEDIUM
0.0,0.0,4095.0,0.0,31.19,1023.75,4095.0,0.0,2047.5,4095.0,4095.0,0.0,4095.0,0.9999999997557998,0.9999999997557998,1,MEDIUM
0.0,0.0,4095.0,0.0,31.19,1023.75,4095.0,0.0,2047.5,4095.0,4095.0,0.0,4095.0,0.9999999997557998,0.9999999997557998,1,MEDIUM
0.0,0.0,4095.0,0.0,31.19,1023.75,4095.0,0.0,2047.5,4095.0,4095.0,0.0,4095.0,0.9999999997557998,0.9999999997557998,1,MEDIUM
0.0,0.0,4095.0,0.0,31.19,1023.75,4095.0,0.0,2047.5,4095.0,4095.0,0.0,4095.0,0.9999999997557998,0.9999999997557998,1,MEDIUM
0.0,0.0,4095.0,0.0,31.19,1023.75,4095.0,0.0,2047.5,4095.0,4095.0,0.0,4095.0,0.9999999997557998,0.9999999997557998,1,MEDIUM
0.0,0.0,4095.0,0.0,31.19,1023.75,4095.0,0.0,2047.5,4095.0,4095.0,0.0,4095.0,0.9999999997557998,0.9999999997557998,1,MEDIUM
0.0,0.0,4095.0,0.0,31.19,1023.75,4095.0,0.0,2047.5,4095.0,4095.0,0.0,4095.0,0.9999999997557998,0.9999999997557998,1,MEDIUM
0.0,0.0,4095.0,0.0,31.19,1023.75,4095.0,0.0,2047.5,4095.0,4095.0,0.0,4095.0,0.9999999997557998,0.9999999997557998,1,MEDIUM
0.0,0.0,4095.0,0.0,31.19,1023.75,4095.0,0.0,2047.5,4095.0,4095.0,0.0,4095.0,0.9999999997557998,0.9999999997557998,1,MEDIUM
0.0,0.0,4095.0,0.0,31.19,1023.75,4095.0,0.0,2047.5,4095.0,4095.0,0.0,4095.0,0.9999999997557998,0.9999999997557998,1,MEDIUM
0.0,0.0,4095.0,0.0,31.19,1023.75,4095.0,0.0,2047.5,4095.0,4095.0,0.0,4095.0,0.9999999997557998,0.9999999997557998,1,MEDIUM
0.0,0.0,4095.0,0.0,31.19,1023.75,4095.0,0.0,2047.5,4095.0,4095.0,0.0,4095.0,0.9999999997557998,0.9999999997557998,1,MEDIUM
0.0,0.0,4095.0,0.0,31.19,1023.75,4095.0,0.0,2047.5,4095.0,4095.0,0.0,4095.0,0.9999999997557998,0.9999999997557998,1,MEDIUM
0.0,0.0,4095.0,0.0,31.19,1023.75,4095.0,0.0,2047.5,4095.0,4095.0,0.0,4095.0,0.9999999997557998,0.9999999997557998,1,MEDIUM
0.0,0.0,4095.0,0.0,31.19,1023.75,4095.0,0.0,2047.5,4095.0,4095.0,0.0,4095.0,0.9999999997557998,0.9999999997557998,1,MEDIUM
0.0,0.0,4095.0,0.0,31.19,1023.75,4095.0,0.0,2047.5,4095.0,4095.0,0.0,4095.0,0.9999999997557998,0.9999999997557998,1,MEDIUM
0.0,0.0,4095.0,0.0,31.19,1023.75,4095.0,0.0,2047.5,4095.0,4095.0,0.0,4095.0,0.9999999997557998,0.9999999997557998,1,MEDIUM
0.0,0.0,4095.0,0.0,31.19,1023.75,4095.0,0.0,2047.5,4095.0,4095.0,0.0,4095.0,0.9999999997557998,0.9999999997557998,1,MEDIUM
0.0,0.0,4095.0,0.0,31.19,1023.75,4095.0,0.0,2047.5,4095.0,4095.0,0.0,4095.0,0.9999999997557998,0.9999999997557998,1,MEDIUM
0.0,0.0,4095.0,0.0,31.19,1023.75,4095.0,0.0,2047.5,4095.0,4095.0,0.0,4095.0,0.9999999997557998,0.9999999997557998,1,MEDIUM
0.0,0.0,4095.0,0.0,31.19,1023.75,4095.0,0.0,2047.5,4095.0,4095.0,0.0,4095.0,0.9999999997557998,0.9999999997557998,1,MEDIUM
0.0,0.0,4095.0,0.0,31.19,1023.75,4095.0,0.0,2047.5,4095.0,4095.0,0.0,4095.0,0.9999999997557998,0.9999999997557998,1,MEDIUM
0.0,0.0,4095.0,0.0,31.19,1023.75,4095.0,0.0,2047.5,4095.0,4095.0,0.0,4095.0,0.9999999997557998,0.9999999997557998,1,MEDIUM
0.0,0.0,4095.0,0.0,31.19,1023.75,4095.0,0.0,2047.5,4095.0,4095.0,0.0,4095.0,0.9999999997557998,0.9999999997557998,1,MEDIUM
0.0,0.0,4095.0,0.0,31.19,1023.75,4095.0,0.0,2047.5,4095.0,4095.0,0.0,4095.0,0.9999999997557998,0.9999999997557998,1,MEDIUM
0.0,0.0,4095.0,0.0,31.19,1023.75,4095.0,0.0,2047.5,4095.0,4095.0,0.0,4095.0,0.9999999997557998,0.9999999997557998,1,MEDIUM
0.0,0.0,4095.0,0.0,31.19,1023.75,4095.0,0.0,2047.5,4095.0,4095.0,0.0,4095.0,0.9999999997557998,0.9999999997557998,1,MEDIUM
0.0,0.0,4095.0,0.0,31.19,1023.75,4095.0,0.0,2047.5,4095.0,4095.0,0.0,4095.0,0.9999999997557998,0.9999999997557998,1,MEDIUM
0.0,0.0,4095.0,0.0,31.19,1023.75,4095.0,0.0,2047.5,4095.0,4095.0,0.0,4095.0,0.9999999997557998,0.9999999997557998,1,MEDIUM
0.0,0.0,4095.0,0.0,31.19,1023.75,4095.0,0.0,2047.5,4095.0,4095.0,0.0,4095.0,0.9999999997557998,0.9999999997557998,1,MEDIUM
0.0,0.0,4095.0,0.0,31.19,1023.75,4095.0,0.0,2047.5,4095.0,4095.0,0.0,4095.0,0.9999999997557998,0.9999999997557998,1,MEDIUM
0.0,0.0,4095.0,0.0,31.19,1023.75,4095.0,0.0,2047.5,4095.0,4095.0,0.0,4095.0,0.9999999997557998,0.9999999997557998,1,MEDIUM
0.0,0.0,4095.0,0.0,31.19,1023.75,4095.0,0.0,2047.5,4095.0,4095.0,0.0,4095.0,0.9999999997557998,0.9999999997557998,1,MEDIUM
0.0,0.0,4095.0,0.0,31.19,1023.75,4095.0,0.0,2047.5,4095.0,4095.0,0.0,4095.0,0.9999999997557998,0.9999999997557998,1,MEDIUM
0.0,0.0,4095.0,0.0,31.25,1023.75,4095.0,0.0,2047.5,4095.0,4095.0,0.0,4095.0,0.9999999997557998,0.9999999997557998,1,MEDIUM
0.0,0.0,4095.0,0.0,31.19,1023.75,4095.0,0.0,2047.5,4095.0,4095.0,0.0,4095.0,0.9999999997557998,0.9999999997557998,1,MEDIUM
0.0,0.0,4095.0,0.0,31.19,1023.75,4095.0,0.0,2047.5,4095.0,4095.0,0.0,4095.0,0.9999999997557998,0.9999999997557998,1,MEDIUM
0.0,0.0,4095.0,0.0,31.25,1023.75,4095.0,0.0,2047.5,4095.0,4095.0,0.0,4095.0,0.9999999997557998,0.9999999997557998,1,MEDIUM
0.0,0.0,4095.0,0.0,31.19,1023.75,4095.0,0.0,2047.5,4095.0,4095.0,0.0,4095.0,0.9999999997557998,0.9999999997557998,1,MEDIUM
0.0,0.0,4095.0,0.0,31.19,1023.75,4095.0,0.0,2047.5,4095.0,4095.0,0.0,4095.0,0.9999999997557998,0.9999999997557998,1,MEDIUM
0.0,0.0,4095.0,0.0,31.19,1023.75,4095.0,0.0,2047.5,4095.0,4095.0,0.0,4095.0,0.9999999997557998,0.9999999997557998,1,MEDIUM
0.0,0.0,4095.0,0.0,31.25,1023.75,4095.0,0.0,2047.5,4095.0,4095.0,0.0,4095.0,0.9999999997557998,0.9999999997557998,1,MEDIUM
0.0,0.0,4095.0,0.0,31.19,1023.75,4095.0,0.0,2047.5,4095.0,4095.0,0.0,4095.0,0.9999999997557998,0.9999999997557998,1,MEDIUM
0.0,0.0,4095.0,0.0,31.19,1023.75,4095.0,0.0,2047.5,4095.0,4095.0,0.0,4095.0,0.9999999997557998,0.9999999997557998,1,MEDIUM
0.0,0.0,4095.0,0.0,31.19,1023.75,4095.0,0.0,2047.5,4095.0,4095.0,0.0,4095.0,0.9999999997557998,0.9999999997557998,1,MEDIUM
0.0,0.0,4095.0,0.0,31.19,1023.75,4095.0,0.0,2047.5,4095.0,4095.0,0.0,4095.0,0.9999999997557998,0.9999999997557998,1,MEDIUM
0.0,0.0,4095.0,0.0,31.25,1023.75,4095.0,0.0,2047.5,4095.0,4095.0,0.0,4095.0,0.9999999997557998,0.9999999997557998,1,MEDIUM
0.0,0.0,4095.0,0.0,31.21,1023.75,4095.0,0.0,2047.5,4095.0,4095.0,0.0,4095.0,0.9999999997557998,0.9999999997557998,1,MEDIUM
0.0,0.0,4095.0,0.0,31.25,1023.75,4095.0,0.0,2047.5,4095.0,4095.0,0.0,4095.0,0.9999999997557998,0.9999999997557998,1,MEDIUM
0.0,0.0,4095.0,0.0,31.25,1023.75,4095.0,0.0,2047.5,4095.0,4095.0,0.0,4095.0,0.9999999997557998,0.9999999997557998,1,MEDIUM
0.0,0.0,4095.0,0.0,31.25,1023.75,4095.0,0.0,2047.5,4095.0,4095.0,0.0,4095.0,0.9999999997557998,0.9999999997557998,1,MEDIUM
0.0,0.0,4095.0,0.0,31.25,1023.75,4095.0,0.0,2047.5,4095.0,4095.0,0.0,4095.0,0.9999999997557998,0.9999999997557998,1,MEDIUM
0.0,0.0,4095.0,0.0,31.25,1023.75,4095.0,0.0,2047.5,4095.0,4095.0,0.0,4095.0,0.9999999997557998,0.9999999997557998,1,MEDIUM
0.0,0.0,4095.0,0.0,31.25,1023.75,4095.0,0.0,2047.5,4095.0,4095.0,0.0,4095.0,0.9999999997557998,0.9999999997557998,1,MEDIUM
0.0,0.0,4095.0,0.0,31.25,1023.75,4095.0,0.0,2047.5,4095.0,4095.0,0.0,4095.0,0.9999999997557998,0.9999999997557998,1,MEDIUM
0.0,0.0,4095.0,0.0,31.25,1023.75,4095.0,0.0,2047.5,4095.0,4095.0,0.0,4095.0,0.9999999997557998,0.9999999997557998,1,MEDIUM
0.0,0.0,4095.0,0.0,31.25,1023.75,4095.0,0.0,2047.5,4095.0,4095.0,0.0,4095.0,0.9999999997557998,0.9999999997557998,1,MEDIUM
0.0,0.0,4095.0,0.0,31.25,1023.75,4095.0,0.0,2047.5,4095.0,4095.0,0.0,4095.0,0.9999999997557998,0.9999999997557998,1,MEDIUM
0.0,0.0,4095.0,0.0,31.25,1023.75,4095.0,0.0,2047.5,4095.0,4095.0,0.0,4095.0,0.9999999997557998,0.9999999997557998,1,MEDIUM
0.0,0.0,4095.0,0.0,31.25,1023.75,4095.0,0.0,2047.5,4095.0,4095.0,0.0,4095.0,0.9999999997557998,0.9999999997557998,1,MEDIUM
0.0,0.0,4095.0,0.0,31.25,1023.75,4095.0,0.0,2047.5,4095.0,4095.0,0.0,4095.0,0.9999999997557998,0.9999999997557998,1,MEDIUM
0.0,0.0,4095.0,0.0,31.25,1023.75,4095.0,0.0,2047.5,4095.0,4095.0,0.0,4095.0,0.9999999997557998,0.9999999997557998,1,MEDIUM
0.0,0.0,4095.0,0.0,31.25,1023.75,4095.0,0.0,2047.5,4095.0,4095.0,0.0,4095.0,0.9999999997557998,0.9999999997557998,1,MEDIUM
0.0,0.0,4095.0,0.0,31.25,1023.75,4095.0,0.0,2047.5,4095.0,4095.0,0.0,4095.0,0.9999999997557998,0.9999999997557998,1,MEDIUM
0.0,0.0,4095.0,0.0,31.25,1023.75,4095.0,0.0,2047.5,4095.0,4095.0,0.0,4095.0,0.9999999997557998,0.9999999997557998,1,MEDIUM
0.0,0.0,4095.0,0.0,31.25,1023.75,4095.0,0.0,2047.5,4095.0,4095.0,0.0,4095.0,0.9999999997557998,0.9999999997557998,1,MEDIUM
0.0,0.0,4095.0,0.0,31.25,1023.75,4095.0,0.0,2047.5,4095.0,4095.0,0.0,4095.0,0.9999999997557998,0.9999999997557998,1,MEDIUM
0.0,0.0,4095.0,0.0,31.19,1023.75,4095.0,0.0,2047.5,4095.0,4095.0,0.0,4095.0,0.9999999997557998,0.9999999997557998,1,MEDIUM
0.0,0.0,4095.0,0.0,31.25,1023.75,4095.0,0.0,2047.5,4095.0,4095.0,0.0,4095.0,0.9999999997557998,0.9999999997557998,1,MEDIUM
0.0,0.0,4095.0,0.0,31.24,1023.75,4095.0,0.0,2047.5,4095.0,4095.0,0.0,4095.0,0.9999999997557998,0.9999999997557998,1,MEDIUM
0.0,0.0,4095.0,0.0,31.25,1023.75,4095.0,0.0,2047.5,4095.0,4095.0,0.0,4095.0,0.9999999997557998,0.9999999997557998,1,MEDIUM
384.0,0.0,4095.0,0.0,31.25,1119.75,4095.0,0.0,1991.7430180623203,4479.0,4095.0,384.0,4095.0,0.8285331545370543,0.9142665771568951,1,MEDIUM
0.0,0.0,4095.0,0.0,31.25,1023.75,4095.0,0.0,2047.5,4095.0,4095.0,0.0,4095.0,0.9999999997557998,0.9999999997557998,1,MEDIUM
0.0,0.0,4095.0,0.0,31.25,1023.75,4095.0,0.0,2047.5,4095.0,4095.0,0.0,4095.0,0.9999999997557998,0.9999999997557998,1,MEDIUM
0.0,0.0,4095.0,0.0,31.25,1023.75,4095.0,0.0,2047.5,4095.0,4095.0,0.0,4095.0,0.9999999997557998,0.9999999997557998,1,MEDIUM
0.0,0.0,4095.0,0.0,31.19,1023.75,4095.0,0.0,2047.5,4095.0,4095.0,0.0,4095.0,0.9999999997557998,0.9999999997557998,1,MEDIUM
0.0,0.0,4095.0,0.0,31.25,1023.75,4095.0,0.0,2047.5,4095.0,4095.0,0.0,4095.0,0.9999999997557998,0.9999999997557998,1,MEDIUM
1085.0,0.0,4095.0,0.0,31.25,1295.0,4095.0,0.0,1935.4715187777888,5180.0,4095.0,1085.0,4095.0,0.5810810809689032,0.7905405403879265,1,MEDIUM
0.0,0.0,4095.0,0.0,31.25,1023.75,4095.0,0.0,2047.5,4095.0,4095.0,0.0,4095.0,0.9999999997557998,0.9999999997557998,1,MEDIUM
0.0,0.0,4095.0,0.0,31.25,1023.75,4095.0,0.0,2047.5,4095.0,4095.0,0.0,4095.0,0.9999999997557998,0.9999999997557998,1,MEDIUM
146.9,0.0,4095.0,0.0,31.24,1060.475,4095.0,0.0,2024.2015469068292,4241.9,4095.0,146.9,4095.0,0.9307385839056228,0.9653692918349397,1,MEDIUM
0.0,0.0,4095.0,0.0,31.19,1023.75,4095.0,0.0,2047.5,4095.0,4095.0,0.0,4095.0,0.9999999997557998,0.9999999997557998,1,MEDIUM
0.0,0.0,4095.0,0.0,31.25,1023.75,4095.0,0.0,2047.5,4095.0,4095.0,0.0,4095.0,0.9999999997557998,0.9999999997557998,1,MEDIUM
0.0,0.0,4095.0,0.0,31.25,1023.75,4095.0,0.0,2047.5,4095.0,4095.0,0.0,4095.0,0.9999999997557998,0.9999999997557998,1,MEDIUM
0.0,0.0,4095.0,0.0,31.25,1023.75,4095.0,0.0,2047.5,4095.0,4095.0,0.0,4095.0,0.9999999997557998,0.9999999997557998,1,MEDIUM
0.0,0.0,4095.0,0.0,31.19,1023.75,4095.0,0.0,2047.5,4095.0,4095.0,0.0,4095.0,0.9999999997557998,0.9999999997557998,1,MEDIUM
0.0,0.0,4095.0,0.0,31.25,1023.75,4095.0,0.0,2047.5,4095.0,4095.0,0.0,4095.0,0.9999999997557998,0.9999999997557998,1,MEDIUM
0.0,0.0,4095.0,0.0,31.19,1023.75,4095.0,0.0,2047.5,4095.0,4095.0,0.0,4095.0,0.9999999997557998,0.9999999997557998,1,MEDIUM
0.0,0.0,4095.0,0.0,31.19,1023.75,4095.0,0.0,2047.5,4095.0,4095.0,0.0,4095.0,0.9999999997557998,0.9999999997557998,1,MEDIUM
0.0,0.0,4095.0,0.0,31.19,1023.75,4095.0,0.0,2047.5,4095.0,4095.0,0.0,4095.0,0.9999999997557998,0.9999999997557998,1,MEDIUM
0.0,0.0,4095.0,0.0,31.25,1023.75,4095.0,0.0,2047.5,4095.0,4095.0,0.0,4095.0,0.9999999997557998,0.9999999997557998,1,MEDIUM
0.0,0.0,4095.0,0.0,31.22,1023.75,4095.0,0.0,2047.5,4095.0,4095.0,0.0,4095.0,0.9999999997557998,0.9999999997557998,1,MEDIUM
1969.0,0.0,4095.0,0.0,31.19,1516.0,4095.0,0.0,1953.881777385725,6064.0,4095.0,1969.0,4095.0,0.3505936674883585,0.6752968336617254,1,MEDIUM
0.0,0.0,4095.0,0.0,31.19,1023.75,4095.0,0.0,2047.5,4095.0,4095.0,0.0,4095.0,0.9999999997557998,0.9999999997557998,1,MEDIUM
0.0,0.0,4095.0,0.0,31.19,1023.75,4095.0,0.0,2047.5,4095.0,4095.0,0.0,4095.0,0.9999999997557998,0.9999999997557998,1,MEDIUM
0.0,0.0,4095.0,0.0,31.19,1023.75,4095.0,0.0,2047.5,4095.0,4095.0,0.0,4095.0,0.9999999997557998,0.9999999997557998,1,MEDIUM
0.0,0.0,4095.0,0.0,31.19,1023.75,4095.0,0.0,2047.5,4095.0,4095.0,0.0,4095.0,0.9999999997557998,0.9999999997557998,1,MEDIUM
0.0,0.0,4095.0,0.0,31.19,1023.75,4095.0,0.0,2047.5,4095.0,4095.0,0.0,4095.0,0.9999999997557998,0.9999999997557998,1,MEDIUM
0.0,0.0,4095.0,0.0,31.19,1023.75,4095.0,0.0,2047.5,4095.0,4095.0,0.0,4095.0,0.9999999997557998,0.9999999997557998,1,MEDIUM
0.0,0.0,4095.0,0.0,31.19,1023.75,4095.0,0.0,2047.5,4095.0,4095.0,0.0,4095.0,0.9999999997557998,0.9999999997557998,1,MEDIUM
0.0,0.0,4095.0,0.0,31.19,1023.75,4095.0,0.0,2047.5,4095.0,4095.0,0.0,4095.0,0.9999999997557998,0.9999999997557998,1,MEDIUM
0.0,0.0,4095.0,0.0,31.19,1023.75,4095.0,0.0,2047.5,4095.0,4095.0,0.0,4095.0,0.9999999997557998,0.9999999997557998,1,MEDIUM
196.9,0.0,4095.0,0.0,31.19,1072.975,4095.0,0.0,2016.820369418159,4291.9,4095.0,196.9,4095.0,0.9082457650671624,0.9541228824170827,1,MEDIUM
0.0,0.0,4095.0,0.0,31.19,1023.75,4095.0,0.0,2047.5,4095.0,4095.0,0.0,4095.0,0.9999999997557998,0.9999999997557998,1,MEDIUM
387.0,0.0,4095.0,0.0,31.19,1120.5,4095.0,0.0,1991.3741486722176,4482.0,4095.0,387.0,4095.0,0.8273092367632062,0.9136546182700458,1,MEDIUM
0.0,0.0,4095.0,0.0,31.19,1023.75,4095.0,0.0,2047.5,4095.0,4095.0,0.0,4095.0,0.9999999997557998,0.9999999997557998,1,MEDIUM
0.0,0.0,4095.0,0.0,31.19,1023.75,4095.0,0.0,2047.5,4095.0,4095.0,0.0,4095.0,0.9999999997557998,0.9999999997557998,1,MEDIUM
0.0,0.0,4095.0,0.0,31.19,1023.75,4095.0,0.0,2047.5,4095.0,4095.0,0.0,4095.0,0.9999999997557998,0.9999999997557998,1,MEDIUM
0.0,0.0,4095.0,0.0,31.19,1023.75,4095.0,0.0,2047.5,4095.0,4095.0,0.0,4095.0,0.9999999997557998,0.9999999997557998,1,MEDIUM
0.0,0.0,4095.0,0.0,31.19,1023.75,4095.0,0.0,2047.5,4095.0,4095.0,0.0,4095.0,0.9999999997557998,0.9999999997557998,1,MEDIUM
0.0,0.0,4095.0,0.0,31.19,1023.75,4095.0,0.0,2047.5,4095.0,4095.0,0.0,4095.0,0.9999999997557998,0.9999999997557998,1,MEDIUM
0.0,0.0,4095.0,0.0,31.19,1023.75,4095.0,0.0,2047.5,4095.0,4095.0,0.0,4095.0,0.9999999997557998,0.9999999997557998,1,MEDIUM
0.0,0.0,4095.0,0.0,31.12,1023.75,4095.0,0.0,2047.5,4095.0,4095.0,0.0,4095.0,0.9999999997557998,0.9999999997557998,1,MEDIUM
38.7,0.0,4095.0,0.0,31.18,1033.425,4095.0,0.0,2041.1315299362752,4133.7,4095.0,38.7,4095.0,0.9812758543239045,0.9906379270409952,1,MEDIUM
0.0,0.0,4095.0,0.0,31.19,1023.75,4095.0,0.0,2047.5,4095.0,4095.0,0.0,4095.0,0.9999999997557998,0.9999999997557998,1,MEDIUM
0.0,0.0,4095.0,0.0,31.19,1023.75,4095.0,0.0,2047.5,4095.0,4095.0,0.0,4095.0,0.9999999997557998,0.9999999997557998,1,MEDIUM
0.0,0.0,4095.0,0.0,31.19,1023.75,4095.0,0.0,2047.5,4095.0,4095.0,0.0,4095.0,0.9999999997557998,0.9999999997557998,1,MEDIUM
0.0,0.0,4095.0,0.0,31.19,1023.75,4095.0,0.0,2047.5,4095.0,4095.0,0.0,4095.0,0.9999999997557998,0.9999999997557998,1,MEDIUM
0.0,0.0,4095.0,0.0,31.19,1023.75,4095.0,0.0,2047.5,4095.0,4095.0,0.0,4095.0,0.9999999997557998,0.9999999997557998,1,MEDIUM
0.0,0.0,4095.0,0.0,31.19,1023.75,4095.0,0.0,2047.5,4095.0,4095.0,0.0,4095.0,0.9999999997557998,0.9999999997557998,1,MEDIUM
0.0,0.0,4095.0,0.0,31.19,1023.75,4095.0,0.0,2047.5,4095.0,4095.0,0.0,4095.0,0.9999999997557998,0.9999999997557998,1,MEDIUM
1566.0,0.0,4095.0,0.0,31.12,1415.25,4095.0,0.0,1933.0158431839093,5661.0,4095.0,1566.0,4095.0,0.44674085842664885,0.7233704291250007,1,MEDIUM
0.0,0.0,4095.0,0.0,31.19,1023.75,4095.0,0.0,2047.5,4095.0,4095.0,0.0,4095.0,0.9999999997557998,0.9999999997557998,1,MEDIUM
0.0,0.0,4095.0,0.0,31.19,1023.75,4095.0,0.0,2047.5,4095.0,4095.0,0.0,4095.0,0.9999999997557998,0.9999999997557998,1,MEDIUM
156.6,0.0,4095.0,0.0,31.18,1062.9,4095.0,0.0,2022.7475472732626,4251.6,4095.0,156.6,4095.0,0.926333615362138,0.9631668075634661,1,MEDIUM
0.0,0.0,4095.0,0.0,31.19,1023.75,4095.0,0.0,2047.5,4095.0,4095.0,0.0,4095.0,0.9999999997557998,0.9999999997557998,1,MEDIUM
0.0,0.0,4095.0,0.0,31.19,1023.75,4095.0,0.0,2047.5,4095.0,4095.0,0.0,4095.0,0.9999999997557998,0.9999999997557998,1,MEDIUM
0.0,0.0,4095.0,0.0,31.19,1023.75,4095.0,0.0,2047.5,4095.0,4095.0,0.0,4095.0,0.9999999997557998,0.9999999997557998,1,MEDIUM
0.0,0.0,4095.0,0.0,31.19,1023.75,4095.0,0.0,2047.5,4095.0,4095.0,0.0,4095.0,0.9999999997557998,0.9999999997557998,1,MEDIUM
0.0,0.0,4095.0,0.0,31.19,1023.75,4095.0,0.0,2047.5,4095.0,4095.0,0.0,4095.0,0.9999999997557998,0.9999999997557998,1,MEDIUM
0.0,0.0,4095.0,0.0,31.19,1023.75,4095.0,0.0,2047.5,4095.0,4095.0,0.0,4095.0,0.9999999997557998,0.9999999997557998,1,MEDIUM
0.0,0.0,4095.0,0.0,31.19,1023.75,4095.0,0.0,2047.5,4095.0,4095.0,0.0,4095.0,0.9999999997557998,0.9999999997557998,1,MEDIUM
0.0,0.0,4095.0,0.0,31.19,1023.75,4095.0,0.0,2047.5,4095.0,4095.0,0.0,4095.0,0.9999999997557998,0.9999999997557998,1,MEDIUM
0.0,0.0,4095.0,0.0,31.19,1023.75,4095.0,0.0,2047.5,4095.0,4095.0,0.0,4095.0,0.9999999997557998,0.9999999997557998,1,MEDIUM
0.0,0.0,4095.0,0.0,31.19,1023.75,4095.0,0.0,2047.5,4095.0,4095.0,0.0,4095.0,0.9999999997557998,0.9999999997557998,1,MEDIUM
0.0,0.0,4095.0,0.0,31.19,1023.75,4095.0,0.0,2047.5,4095.0,4095.0,0.0,4095.0,0.9999999997557998,0.9999999997557998,1,MEDIUM
0.0,0.0,4095.0,0.0,31.19,1023.75,4095.0,0.0,2047.5,4095.0,4095.0,0.0,4095.0,0.9999999997557998,0.9999999997557998,1,MEDIUM
0.0,0.0,4095.0,0.0,31.19,1023.75,4095.0,0.0,2047.5,4095.0,4095.0,0.0,4095.0,0.9999999997557998,0.9999999997557998,1,MEDIUM
0.0,0.0,4095.0,0.0,31.19,1023.75,4095.0,0.0,2047.5,4095.0,4095.0,0.0,4095.0,0.9999999997557998,0.9999999997557998,1,MEDIUM
0.0,0.0,4095.0,0.0,31.19,1023.75,4095.0,0.0,2047.5,4095.0,4095.0,0.0,4095.0,0.9999999997557998,0.9999999997557998,1,MEDIUM
0.0,0.0,4095.0,0.0,31.25,1023.75,4095.0,0.0,2047.5,4095.0,4095.0,0.0,4095.0,0.9999999997557998,0.9999999997557998,1,MEDIUM
0.0,0.0,4095.0,0.0,31.19,1023.75,4095.0,0.0,2047.5,4095.0,4095.0,0.0,4095.0,0.9999999997557998,0.9999999997557998,1,MEDIUM
0.0,0.0,4095.0,0.0,31.25,1023.75,4095.0,0.0,2047.5,4095.0,4095.0,0.0,4095.0,0.9999999997557998,0.9999999997557998,1,MEDIUM
0.0,0.0,4095.0,0.0,31.19,1023.75,4095.0,0.0,2047.5,4095.0,4095.0,0.0,4095.0,0.9999999997557998,0.9999999997557998,1,MEDIUM
0.0,0.0,4095.0,0.0,31.25,1023.75,4095.0,0.0,2047.5,4095.0,4095.0,0.0,4095.0,0.9999999997557998,0.9999999997557998,1,MEDIUM
0.0,0.0,4095.0,0.0,31.25,1023.75,4095.0,0.0,2047.5,4095.0,4095.0,0.0,4095.0,0.9999999997557998,0.9999999997557998,1,MEDIUM
0.0,0.0,4095.0,0.0,31.21,1023.75,4095.0,0.0,2047.5,4095.0,4095.0,0.0,4095.0,0.9999999997557998,0.9999999997557998,1,MEDIUM
0.0,0.0,4095.0,0.0,31.19,1023.75,4095.0,0.0,2047.5,4095.0,4095.0,0.0,4095.0,0.9999999997557998,0.9999999997557998,1,MEDIUM
0.0,0.0,4095.0,0.0,31.19,1023.75,4095.0,0.0,2047.5,4095.0,4095.0,0.0,4095.0,0.9999999997557998,0.9999999997557998,1,MEDIUM
0.0,0.0,4095.0,0.0,31.19,1023.75,4095.0,0.0,2047.5,4095.0,4095.0,0.0,4095.0,0.9999999997557998,0.9999999997557998,1,MEDIUM
0.0,0.0,4095.0,0.0,31.25,1023.75,4095.0,0.0,2047.5,4095.0,4095.0,0.0,4095.0,0.9999999997557998,0.9999999997557998,1,MEDIUM
0.0,0.0,4095.0,0.0,31.19,1023.75,4095.0,0.0,2047.5,4095.0,4095.0,0.0,4095.0,0.9999999997557998,0.9999999997557998,1,MEDIUM
0.0,0.0,4095.0,0.0,31.19,1023.75,4095.0,0.0,2047.5,4095.0,4095.0,0.0,4095.0,0.9999999997557998,0.9999999997557998,1,MEDIUM
0.0,0.0,4095.0,0.0,31.25,1023.75,4095.0,0.0,2047.5,4095.0,4095.0,0.0,4095.0,0.9999999997557998,0.9999999997557998,1,MEDIUM
0.0,0.0,4095.0,0.0,31.25,1023.75,4095.0,0.0,2047.5,4095.0,4095.0,0.0,4095.0,0.9999999997557998,0.9999999997557998,1,MEDIUM
0.0,0.0,4095.0,0.0,31.25,1023.75,4095.0,0.0,2047.5,4095.0,4095.0,0.0,4095.0,0.9999999997557998,0.9999999997557998,1,MEDIUM
0.0,0.0,4095.0,0.0,31.25,1023.75,4095.0,0.0,2047.5,4095.0,4095.0,0.0,4095.0,0.9999999997557998,0.9999999997557998,1,MEDIUM
0.0,0.0,4095.0,0.0,31.22,1023.75,4095.0,0.0,2047.5,4095.0,4095.0,0.0,4095.0,0.9999999997557998,0.9999999997557998,1,MEDIUM
0.0,0.0,4095.0,0.0,31.19,1023.75,4095.0,0.0,2047.5,4095.0,4095.0,0.0,4095.0,0.9999999997557998,0.9999999997557998,1,MEDIUM
0.0,0.0,4095.0,0.0,31.19,1023.75,4095.0,0.0,2047.5,4095.0,4095.0,0.0,4095.0,0.9999999997557998,0.9999999997557998,1,MEDIUM
0.0,0.0,4095.0,0.0,31.25,1023.75,4095.0,0.0,2047.5,4095.0,4095.0,0.0,4095.0,0.9999999997557998,0.9999999997557998,1,MEDIUM
0.0,0.0,4095.0,0.0,31.25,1023.75,4095.0,0.0,2047.5,4095.0,4095.0,0.0,4095.0,0.9999999997557998,0.9999999997557998,1,MEDIUM
0.0,0.0,4095.0,0.0,31.25,1023.75,4095.0,0.0,2047.5,4095.0,4095.0,0.0,4095.0,0.9999999997557998,0.9999999997557998,1,MEDIUM
0.0,0.0,4095.0,0.0,31.25,1023.75,4095.0,0.0,2047.5,4095.0,4095.0,0.0,4095.0,0.9999999997557998,0.9999999997557998,1,MEDIUM
0.0,0.0,4095.0,0.0,31.19,1023.75,4095.0,0.0,2047.5,4095.0,4095.0,0.0,4095.0,0.9999999997557998,0.9999999997557998,1,MEDIUM
0.0,0.0,4095.0,0.0,31.19,1023.75,4095.0,0.0,2047.5,4095.0,4095.0,0.0,4095.0,0.9999999997557998,0.9999999997557998,1,MEDIUM
0.0,0.0,4095.0,0.0,31.25,1023.75,4095.0,0.0,2047.5,4095.0,4095.0,0.0,4095.0,0.9999999997557998,0.9999999997557998,1,MEDIUM
0.0,0.0,4095.0,0.0,31.25,1023.75,4095.0,0.0,2047.5,4095.0,4095.0,0.0,4095.0,0.9999999997557998,0.9999999997557998,1,MEDIUM
0.0,0.0,4095.0,0.0,31.23,1023.75,4095.0,0.0,2047.5,4095.0,4095.0,0.0,4095.0,0.9999999997557998,0.9999999997557998,1,MEDIUM
0.0,0.0,4095.0,0.0,31.25,1023.75,4095.0,0.0,2047.5,4095.0,4095.0,0.0,4095.0,0.9999999997557998,0.9999999997557998,1,MEDIUM
0.0,0.0,4095.0,0.0,31.19,1023.75,4095.0,0.0,2047.5,4095.0,4095.0,0.0,4095.0,0.9999999997557998,0.9999999997557998,1,MEDIUM
0.0,0.0,4095.0,0.0,31.19,1023.75,4095.0,0.0,2047.5,4095.0,4095.0,0.0,4095.0,0.9999999997557998,0.9999999997557998,1,MEDIUM
0.0,0.0,4095.0,0.0,31.19,1023.75,4095.0,0.0,2047.5,4095.0,4095.0,0.0,4095.0,0.9999999997557998,0.9999999997557998,1,MEDIUM
0.0,0.0,4095.0,0.0,31.25,1023.75,4095.0,0.0,2047.5,4095.0,4095.0,0.0,4095.0,0.9999999997557998,0.9999999997557998,1,MEDIUM
0.0,0.0,4095.0,0.0,31.19,1023.75,4095.0,0.0,2047.5,4095.0,4095.0,0.0,4095.0,0.9999999997557998,0.9999999997557998,1,MEDIUM
0.0,0.0,4095.0,0.0,31.19,1023.75,4095.0,0.0,2047.5,4095.0,4095.0,0.0,4095.0,0.9999999997557998,0.9999999997557998,1,MEDIUM
0.0,0.0,4095.0,0.0,31.19,1023.75,4095.0,0.0,2047.5,4095.0,4095.0,0.0,4095.0,0.9999999997557998,0.9999999997557998,1,MEDIUM
0.0,0.0,4095.0,0.0,31.19,1023.75,4095.0,0.0,2047.5,4095.0,4095.0,0.0,4095.0,0.9999999997557998,0.9999999997557998,1,MEDIUM
0.0,0.0,4095.0,0.0,31.19,1023.75,4095.0,0.0,2047.5,4095.0,4095.0,0.0,4095.0,0.9999999997557998,0.9999999997557998,1,MEDIUM
0.0,0.0,4095.0,0.0,31.2,1023.75,4095.0,0.0,2047.5,4095.0,4095.0,0.0,4095.0,0.9999999997557998,0.9999999997557998,1,MEDIUM
0.0,0.0,4095.0,0.0,31.19,1023.75,4095.0,0.0,2047.5,4095.0,4095.0,0.0,4095.0,0.9999999997557998,0.9999999997557998,1,MEDIUM
0.0,0.0,4095.0,0.0,31.19,1023.75,4095.0,0.0,2047.5,4095.0,4095.0,0.0,4095.0,0.9999999997557998,0.9999999997557998,1,MEDIUM
0.0,0.0,4095.0,0.0,31.19,1023.75,4095.0,0.0,2047.5,4095.0,4095.0,0.0,4095.0,0.9999999997557998,0.9999999997557998,1,MEDIUM
0.0,0.0,4095.0,0.0,31.25,1023.75,4095.0,0.0,2047.5,4095.0,4095.0,0.0,4095.0,0.9999999997557998,0.9999999997557998,1,MEDIUM
0.0,0.0,4095.0,0.0,31.19,1023.75,4095.0,0.0,2047.5,4095.0,4095.0,0.0,4095.0,0.9999999997557998,0.9999999997557998,1,MEDIUM
0.0,0.0,4095.0,0.0,31.19,1023.75,4095.0,0.0,2047.5,4095.0,4095.0,0.0,4095.0,0.9999999997557998,0.9999999997557998,1,MEDIUM
0.0,0.0,4095.0,0.0,31.25,1023.75,4095.0,0.0,2047.5,4095.0,4095.0,0.0,4095.0,0.9999999997557998,0.9999999997557998,1,MEDIUM
0.0,0.0,4095.0,0.0,31.19,1023.75,4095.0,0.0,2047.5,4095.0,4095.0,0.0,4095.0,0.9999999997557998,0.9999999997557998,1,MEDIUM
0.0,0.0,4095.0,0.0,31.19,1023.75,4095.0,0.0,2047.5,4095.0,4095.0,0.0,4095.0,0.9999999997557998,0.9999999997557998,1,MEDIUM
0.0,0.0,4095.0,0.0,31.25,1023.75,4095.0,0.0,2047.5,4095.0,4095.0,0.0,4095.0,0.9999999997557998,0.9999999997557998,1,MEDIUM
0.0,0.0,4095.0,0.0,31.21,1023.75,4095.0,0.0,2047.5,4095.0,4095.0,0.0,4095.0,0.9999999997557998,0.9999999997557998,1,MEDIUM
0.0,0.0,4095.0,0.0,31.19,1023.75,4095.0,0.0,2047.5,4095.0,4095.0,0.0,4095.0,0.9999999997557998,0.9999999997557998,1,MEDIUM
0.0,0.0,4095.0,0.0,31.25,1023.75,4095.0,0.0,2047.5,4095.0,4095.0,0.0,4095.0,0.9999999997557998,0.9999999997557998,1,MEDIUM
0.0,0.0,4095.0,0.0,31.25,1023.75,4095.0,0.0,2047.5,4095.0,4095.0,0.0,4095.0,0.9999999997557998,0.9999999997557998,1,MEDIUM
0.0,0.0,4095.0,0.0,31.25,1023.75,4095.0,0.0,2047.5,4095.0,4095.0,0.0,4095.0,0.9999999997557998,0.9999999997557998,1,MEDIUM
0.0,0.0,4095.0,0.0,31.25,1023.75,4095.0,0.0,2047.5,4095.0,4095.0,0.0,4095.0,0.9999999997557998,0.9999999997557998,1,MEDIUM
0.0,0.0,4095.0,0.0,31.25,1023.75,4095.0,0.0,2047.5,4095.0,4095.0,0.0,4095.0,0.9999999997557998,0.9999999997557998,1,MEDIUM
0.0,0.0,4095.0,0.0,31.19,1023.75,4095.0,0.0,2047.5,4095.0,4095.0,0.0,4095.0,0.9999999997557998,0.9999999997557998,1,MEDIUM
0.0,0.0,4095.0,0.0,31.25,1023.75,4095.0,0.0,2047.5,4095.0,4095.0,0.0,4095.0,0.9999999997557998,0.9999999997557998,1,MEDIUM
0.0,0.0,4095.0,0.0,31.19,1023.75,4095.0,0.0,2047.5,4095.0,4095.0,0.0,4095.0,0.9999999997557998,0.9999999997557998,1,MEDIUM
0.0,0.0,4095.0,0.0,31.19,1023.75,4095.0,0.0,2047.5,4095.0,4095.0,0.0,4095.0,0.9999999997557998,0.9999999997557998,1,MEDIUM
0.0,0.0,4095.0,0.0,31.23,1023.75,4095.0,0.0,2047.5,4095.0,4095.0,0.0,4095.0,0.9999999997557998,0.9999999997557998,1,MEDIUM
0.0,0.0,4095.0,0.0,31.25,1023.75,4095.0,0.0,2047.5,4095.0,4095.0,0.0,4095.0,0.9999999997557998,0.9999999997557998,1,MEDIUM
0.0,0.0,4095.0,0.0,31.25,1023.75,4095.0,0.0,2047.5,4095.0,4095.0,0.0,4095.0,0.9999999997557998,0.9999999997557998,1,MEDIUM
0.0,0.0,4095.0,0.0,31.25,1023.75,4095.0,0.0,2047.5,4095.0,4095.0,0.0,4095.0,0.9999999997557998,0.9999999997557998,1,MEDIUM
0.0,0.0,4095.0,0.0,31.25,1023.75,4095.0,0.0,2047.5,4095.0,4095.0,0.0,4095.0,0.9999999997557998,0.9999999997557998,1,MEDIUM
0.0,0.0,4095.0,0.0,31.25,1023.75,4095.0,0.0,2047.5,4095.0,4095.0,0.0,4095.0,0.9999999997557998,0.9999999997557998,1,MEDIUM
0.0,0.0,4095.0,0.0,31.25,1023.75,4095.0,0.0,2047.5,4095.0,4095.0,0.0,4095.0,0.9999999997557998,0.9999999997557998,1,MEDIUM
0.0,0.0,4095.0,0.0,31.25,1023.75,4095.0,0.0,2047.5,4095.0,4095.0,0.0,4095.0,0.9999999997557998,0.9999999997557998,1,MEDIUM
0.0,0.0,4095.0,0.0,31.25,1023.75,4095.0,0.0,2047.5,4095.0,4095.0,0.0,4095.0,0.9999999997557998,0.9999999997557998,1,MEDIUM
0.0,0.0,4095.0,0.0,31.25,1023.75,4095.0,0.0,2047.5,4095.0,4095.0,0.0,4095.0,0.9999999997557998,0.9999999997557998,1,MEDIUM
0.0,0.0,4095.0,0.0,31.25,1023.75,4095.0,0.0,2047.5,4095.0,4095.0,0.0,4095.0,0.9999999997557998,0.9999999997557998,1,MEDIUM
0.0,0.0,4095.0,0.0,31.25,1023.75,4095.0,0.0,2047.5,4095.0,4095.0,0.0,4095.0,0.9999999997557998,0.9999999997557998,1,MEDIUM
0.0,0.0,4095.0,0.0,31.25,1023.75,4095.0,0.0,2047.5,4095.0,4095.0,0.0,4095.0,0.9999999997557998,0.9999999997557998,1,MEDIUM
0.0,0.0,4095.0,0.0,31.25,1023.75,4095.0,0.0,2047.5,4095.0,4095.0,0.0,4095.0,0.9999999997557998,0.9999999997557998,1,MEDIUM
0.0,0.0,4095.0,0.0,31.25,1023.75,4095.0,0.0,2047.5,4095.0,4095.0,0.0,4095.0,0.9999999997557998,0.9999999997557998,1,MEDIUM
0.0,0.0,4095.0,0.0,31.25,1023.75,4095.0,0.0,2047.5,4095.0,4095.0,0.0,4095.0,0.9999999997557998,0.9999999997557998,1,MEDIUM
0.0,0.0,4095.0,0.0,31.25,1023.75,4095.0,0.0,2047.5,4095.0,4095.0,0.0,4095.0,0.9999999997557998,0.9999999997557998,1,MEDIUM
0.0,0.0,4095.0,0.0,31.25,1023.75,4095.0,0.0,2047.5,4095.0,4095.0,0.0,4095.0,0.9999999997557998,0.9999999997557998,1,MEDIUM
0.0,0.0,4095.0,0.0,31.25,1023.75,4095.0,0.0,2047.5,4095.0,4095.0,0.0,4095.0,0.9999999997557998,0.9999999997557998,1,MEDIUM
0.0,0.0,4095.0,0.0,31.25,1023.75,4095.0,0.0,2047.5,4095.0,4095.0,0.0,4095.0,0.9999999997557998,0.9999999997557998,1,MEDIUM
0.0,0.0,4095.0,0.0,31.25,1023.75,4095.0,0.0,2047.5,4095.0,4095.0,0.0,4095.0,0.9999999997557998,0.9999999997557998,1,MEDIUM
0.0,0.0,4095.0,0.0,31.25,1023.75,4095.0,0.0,2047.5,4095.0,4095.0,0.0,4095.0,0.9999999997557998,0.9999999997557998,1,MEDIUM
0.0,0.0,4095.0,0.0,31.25,1023.75,4095.0,0.0,2047.5,4095.0,4095.0,0.0,4095.0,0.9999999997557998,0.9999999997557998,1,MEDIUM
0.0,0.0,4095.0,0.0,31.25,1023.75,4095.0,0.0,2047.5,4095.0,4095.0,0.0,4095.0,0.9999999997557998,0.9999999997557998,1,MEDIUM
0.0,0.0,4095.0,0.0,31.25,1023.75,4095.0,0.0,2047.5,4095.0,4095.0,0.0,4095.0,0.9999999997557998,0.9999999997557998,1,MEDIUM
0.0,0.0,4095.0,0.0,31.25,1023.75,4095.0,0.0,2047.5,4095.0,4095.0,0.0,4095.0,0.9999999997557998,0.9999999997557998,1,MEDIUM
0.0,0.0,4095.0,0.0,31.25,1023.75,4095.0,0.0,2047.5,4095.0,4095.0,0.0,4095.0,0.9999999997557998,0.9999999997557998,1,MEDIUM
0.0,0.0,4095.0,0.0,31.25,1023.75,4095.0,0.0,2047.5,4095.0,4095.0,0.0,4095.0,0.9999999997557998,0.9999999997557998,1,MEDIUM
0.0,0.0,4095.0,0.0,31.25,1023.75,4095.0,0.0,2047.5,4095.0,4095.0,0.0,4095.0,0.9999999997557998,0.9999999997557998,1,MEDIUM
0.0,0.0,4095.0,0.0,31.25,1023.75,4095.0,0.0,2047.5,4095.0,4095.0,0.0,4095.0,0.9999999997557998,0.9999999997557998,1,MEDIUM
0.0,0.0,4095.0,0.0,31.25,1023.75,4095.0,0.0,2047.5,4095.0,4095.0,0.0,4095.0,0.9999999997557998,0.9999999997557998,1,MEDIUM
0.0,0.0,4095.0,0.0,31.25,1023.75,4095.0,0.0,2047.5,4095.0,4095.0,0.0,4095.0,0.9999999997557998,0.9999999997557998,1,MEDIUM
0.0,0.0,4095.0,0.0,31.25,1023.75,4095.0,0.0,2047.5,4095.0,4095.0,0.0,4095.0,0.9999999997557998,0.9999999997557998,1,MEDIUM
0.0,0.0,4095.0,0.0,31.25,1023.75,4095.0,0.0,2047.5,4095.0,4095.0,0.0,4095.0,0.9999999997557998,0.9999999997557998,1,MEDIUM
0.0,0.0,4095.0,0.0,31.25,1023.75,4095.0,0.0,2047.5,4095.0,4095.0,0.0,4095.0,0.9999999997557998,0.9999999997557998,1,MEDIUM
0.0,0.0,4095.0,0.0,31.25,1023.75,4095.0,0.0,2047.5,4095.0,4095.0,0.0,4095.0,0.9999999997557998,0.9999999997557998,1,MEDIUM
0.0,0.0,4095.0,0.0,31.25,1023.75,4095.0,0.0,2047.5,4095.0,4095.0,0.0,4095.0,0.9999999997557998,0.9999999997557998,1,MEDIUM
0.0,0.0,4095.0,0.0,31.25,1023.75,4095.0,0.0,2047.5,4095.0,4095.0,0.0,4095.0,0.9999999997557998,0.9999999997557998,1,MEDIUM
0.0,0.0,4095.0,0.0,31.25,1023.75,4095.0,0.0,2047.5,4095.0,4095.0,0.0,4095.0,0.9999999997557998,0.9999999997557998,1,MEDIUM
0.0,0.0,4095.0,0.0,31.25,1023.75,4095.0,0.0,2047.5,4095.0,4095.0,0.0,4095.0,0.9999999997557998,0.9999999997557998,1,MEDIUM
0.0,0.0,4095.0,0.0,31.31,1023.75,4095.0,0.0,2047.5,4095.0,4095.0,0.0,4095.0,0.9999999997557998,0.9999999997557998,1,MEDIUM
0.0,0.0,4095.0,0.0,31.25,1023.75,4095.0,0.0,2047.5,4095.0,4095.0,0.0,4095.0,0.9999999997557998,0.9999999997557998,1,MEDIUM
0.0,0.0,4095.0,0.0,31.31,1023.75,4095.0,0.0,2047.5,4095.0,4095.0,0.0,4095.0,0.9999999997557998,0.9999999997557998,1,MEDIUM
0.0,0.0,4095.0,0.0,31.31,1023.75,4095.0,0.0,2047.5,4095.0,4095.0,0.0,4095.0,0.9999999997557998,0.9999999997557998,1,MEDIUM
0.0,0.0,4095.0,0.0,31.27,1023.75,4095.0,0.0,2047.5,4095.0,4095.0,0.0,4095.0,0.9999999997557998,0.9999999997557998,1,MEDIUM
0.0,0.0,4095.0,0.0,31.31,1023.75,4095.0,0.0,2047.5,4095.0,4095.0,0.0,4095.0,0.9999999997557998,0.9999999997557998,1,MEDIUM
0.0,0.0,4095.0,0.0,31.25,1023.75,4095.0,0.0,2047.5,4095.0,4095.0,0.0,4095.0,0.9999999997557998,0.9999999997557998,1,MEDIUM
0.0,0.0,4095.0,0.0,31.31,1023.75,4095.0,0.0,2047.5,4095.0,4095.0,0.0,4095.0,0.9999999997557998,0.9999999997557998,1,MEDIUM
0.0,0.0,4095.0,0.0,31.31,1023.75,4095.0,0.0,2047.5,4095.0,4095.0,0.0,4095.0,0.9999999997557998,0.9999999997557998,1,MEDIUM
0.0,0.0,4095.0,0.0,31.31,1023.75,4095.0,0.0,2047.5,4095.0,4095.0,0.0,4095.0,0.9999999997557998,0.9999999997557998,1,MEDIUM
3779.0,0.0,4095.0,0.0,29.0,1968.5,4095.0,0.0,2276.685968683428,7874.0,4095.0,3779.0,4095.0,0.04013208025906374,0.5200660400660317,2,MEDIUM
3837.0,0.0,4095.0,0.0,29.0,1983.0,4095.0,0.0,2292.1924003015106,7932.0,4095.0,3837.0,4095.0,0.03252647503372082,0.5162632374538246,2,MEDIUM
3827.0,0.0,4095.0,0.0,29.0,1980.5,4095.0,0.0,2289.500163791215,7922.0,4095.0,3827.0,4095.0,0.03382984094498487,0.516914920409377,2,MEDIUM
3811.0,0.0,4095.0,0.0,29.0,1976.5,4095.0,0.0,2285.2087432004982,7906.0,4095.0,3811.0,4095.0,0.03592208448824664,0.5179610421808802,2,MEDIUM
3813.0,0.0,4095.0,0.0,29.06,1977.0,4095.0,0.0,2285.7440801629564,7908.0,4095.0,3813.0,4095.0,0.0356600910425316,0.5178300454580387,2,MEDIUM
3830.0,0.0,4095.0,0.0,29.0,1981.25,4095.0,0.0,2290.3070209035295,7925.0,4095.0,3830.0,4095.0,0.03343848580019704,0.516719242837007,2,MEDIUM
3849.0,0.0,4095.0,0.0,29.06,1986.0,4095.0,0.0,2295.4332924308646,7944.0,4095.0,3849.0,4095.0,0.030966767367703076,0.515483383620911,2,MEDIUM
3858.0,0.0,4095.0,0.0,29.06,1988.25,4095.0,0.0,2297.8712431291706,7953.0,4095.0,3858.0,4095.0,0.029800075439481946,0.5149000376568716,2,MEDIUM
3818.1,0.0,4095.0,0.0,29.01,1978.275,4095.0,0.0,2287.1106012827627,7913.1,4095.0,3818.1,4095.0,0.03499260719124078,0.517496303532434,2,MEDIUM
3857.0,0.0,4095.0,0.0,29.06,1988.0,4095.0,0.0,2297.6000522284116,7952.0,4095.0,3857.0,4095.0,0.02992957746102495,0.5149647886676352,2,MEDIUM
3943.0,0.0,4095.0,0.0,29.06,2009.5,4095.0,0.0,2321.200336033062,8038.0,4095.0,3943.0,4095.0,0.01891017665850831,0.5094550882670497,2,MEDIUM
3824.0,0.0,4095.0,0.0,29.06,1979.75,4095.0,0.0,2288.6940053226863,7919.0,4095.0,3824.0,4095.0,0.034221492608382184,0.5171107462410518,2,MEDIUM
3244.0,0.0,4095.0,0.0,29.06,1834.75,4095.0,0.0,2146.8838464155438,7339.0,4095.0,3244.0,4095.0,0.11595585228015316,0.5579779260719474,1,MEDIUM
3525.0,0.0,4095.0,0.0,29.06,1905.0,4095.0,0.0,2211.9787521583476,7620.0,4095.0,3525.0,4095.0,0.07480314959648253,0.5374015747326244,2,MEDIUM
3583.0,0.0,4095.0,0.0,29.06,1919.5,4095.0,0.0,2226.281877930106,7678.0,4095.0,3583.0,4095.0,0.06668403229139307,0.5333420160805754,2,MEDIUM
3565.0,0.0,4095.0,0.0,29.06,1915.0,4095.0,0.0,2221.812323307259,7660.0,4095.0,3565.0,4095.0,0.06919060051316049,0.5345953001913061,2,MEDIUM
3574.0,0.0,4095.0,0.0,29.06,1917.25,4095.0,0.0,2224.043670884185,7669.0,4095.0,3574.0,4095.0,0.06793584560334648,0.5339679227364756,2,MEDIUM
3558.0,0.0,4095.0,0.0,29.12,1913.25,4095.0,0.0,2220.0815863386642,7653.0,4095.0,3558.0,4095.0,0.07016856133932202,0.5350842806043271,2,MEDIUM
3625.0,0.0,4095.0,0.0,29.06,1930.0,4095.0,0.0,2236.8169348429033,7720.0,4095.0,3625.0,4095.0,0.06088082900765792,0.5304404144390621,2,MEDIUM
3629.8,0.0,4095.0,0.0,29.07,1931.2,4095.0,0.0,2238.0303304468416,7724.8,4095.0,3629.8,4095.0,0.06022162385301602,0.5301108118617814,2,MEDIUM
3605.0,0.0,4095.0,0.0,29.06,1925.0,4095.0,0.0,2231.7817993701806,7700.0,4095.0,3605.0,4095.0,0.06363636362809917,0.5318181817491145,2,MEDIUM
3499.0,0.0,4095.0,0.0,29.06,1898.5,4095.0,0.0,2205.660671998302,7594.0,4095.0,3499.0,4095.0,0.07848301289459006,0.5392415063814535,1,MEDIUM
3479.0,0.0,4095.0,0.0,29.06,1893.5,4095.0,0.0,2200.840521255459,7574.0,4095.0,3479.0,4095.0,0.08133086875081451,0.540665434309392,1,MEDIUM
3600.0,0.0,4095.0,0.0,29.12,1923.75,4095.0,0.0,2230.5282446093347,7695.0,4095.0,3600.0,4095.0,0.06432748537175731,0.5321637426209014,2,MEDIUM
3612.0,0.0,4095.0,0.0,29.06,1926.75,4095.0,0.0,2233.5402951368483,7707.0,4095.0,3612.0,4095.0,0.06267029971938883,0.5313351497948183,2,MEDIUM
3658.0,0.0,4095.0,0.0,29.12,1938.25,4095.0,0.0,2245.197597094741,7753.0,4095.0,3658.0,4095.0,0.056365277949649774,0.5281826389103337,2,MEDIUM
3664.0,0.0,4095.0,0.0,29.12,1939.75,4095.0,0.0,2246.7310141625767,7759.0,4095.0,3664.0,4095.0,0.05554839540462064,0.527774197637869,2,MEDIUM
3651.0,0.0,4095.0,0.0,29.12,1936.5,4095.0,0.0,2243.4123562109576,7746.0,4095.0,3651.0,4095.0,0.05731990704139944,0.5286599534561502,2,MEDIUM
3583.0,0.0,4095.0,0.0,29.06,1919.5,4095.0,0.0,2226.281877930106,7678.0,4095.0,3583.0,4095.0,0.06668403229139307,0.5333420160805754,2,MEDIUM
3637.0,0.0,4095.0,0.0,29.12,1933.0,4095.0,0.0,2239.854013099961,7732.0,4095.0,3637.0,4095.0,0.0592343507424684,0.5296171753065678,2,MEDIUM
3598.8,0.0,4095.0,0.0,29.09,1923.45,4095.0,0.0,2230.227703621314,7693.8,4095.0,3598.8,4095.0,0.06449348825489437,0.5322467440624598,2,MEDIUM
3686.0,0.0,4095.0,0.0,29.12,1945.25,4095.0,0.0,2252.3787980710526,7781.0,4095.0,3686.0,4095.0,0.05256393779044288,0.5262819688309623,2,MEDIUM
4047.0,0.0,4095.0,0.0,29.12,2035.5,4095.0,0.0,2350.474632919913,8142.0,4095.0,4047.0,4095.0,0.005895357405318674,0.5029476786412493,2,MEDIUM
3782.0,0.0,4095.0,0.0,29.12,1969.25,4095.0,0.0,2277.4815586520126,7877.0,4095.0,3782.0,4095.0,0.03973594007366561,0.5198679699733568,2,MEDIUM
3602.0,0.0,4095.0,0.0,29.12,1924.25,4095.0,0.0,2231.0294148665994,7697.0,4095.0,3602.0,4095.0,0.0640509289250291,0.5320254643975542,2,MEDIUM
3429.0,0.0,4095.0,0.0,29.12,1881.0,4095.0,0.0,2188.9435808170115,7524.0,4095.0,3429.0,4095.0,0.08851674639971867,0.5442583731334053,1,MEDIUM
3526.0,0.0,4095.0,0.0,29.12,1905.25,4095.0,0.0,2212.2229205032663,7621.0,4095.0,3526.0,4095.0,0.07466211782250858,0.537331058845646,2,MEDIUM
3431.0,0.0,4095.0,0.0,29.12,1881.5,4095.0,0.0,2189.415218728508,7526.0,4095.0,3431.0,4095.0,0.08822747806428016,0.5441137389657037,1,MEDIUM
3606.0,0.0,4095.0,0.0,29.19,1925.25,4095.0,0.0,2232.032761856331,7701.0,4095.0,3606.0,4095.0,0.06349824697266611,0.5317491234214065,2,MEDIUM
3462.0,0.0,4095.0,0.0,29.19,1889.25,4095.0,0.0,2196.7708687981094,7557.0,4095.0,3462.0,4095.0,0.08376339816279431,0.5418816990152333,1,MEDIUM
3523.0,0.0,4095.0,0.0,29.12,1904.5,4095.0,0.0,2211.4906737311826,7618.0,4095.0,3523.0,4095.0,0.07508532422222561,0.5375426620454787,2,MEDIUM
3609.4,0.0,4095.0,0.0,29.14,1926.1,4095.0,0.0,2232.8866608047974,7704.4,4095.0,3609.4,4095.0,0.06302891853187412,0.5315144592010391,2,MEDIUM
3507.0,0.0,4095.0,0.0,29.12,1900.5,4095.0,0.0,2207.598468924999,7602.0,4095.0,3507.0,4095.0,0.07734806628816784,0.5386740330783117,2,MEDIUM
3504.0,0.0,4095.0,0.0,29.19,1899.75,4095.0,0.0,2206.871144856446,7599.0,4095.0,3504.0,4095.0,0.07777339122545422,0.5388866955469289,2,MEDIUM
3475.0,0.0,4095.0,0.0,29.12,1892.5,4095.0,0.0,2199.8806785823635,7570.0,4095.0,3475.0,4095.0,0.0819022456959178,0.5409511227819087,1,MEDIUM
3530.0,0.0,4095.0,0.0,29.19,1906.25,4095.0,0.0,2213.2004540935736,7625.0,4095.0,3530.0,4095.0,0.07409836064601988,0.5370491802574362,2,MEDIUM
3504.0,0.0,4095.0,0.0,29.12,1899.75,4095.0,0.0,2206.871144856446,7599.0,4095.0,3504.0,4095.0,0.07777339122545422,0.5388866955469289,2,MEDIUM
3458.0,0.0,4095.0,0.0,29.19,1888.25,4095.0,0.0,2195.816989186485,7553.0,4095.0,3458.0,4095.0,0.08433734938642429,0.5421686746270132,1,MEDIUM
3398.0,0.0,4095.0,0.0,29.19,1873.25,4095.0,0.0,2181.678768746673,7493.0,4095.0,3398.0,4095.0,0.09302015212958492,0.5465100759980634,1,MEDIUM
3509.0,0.0,4095.0,0.0,29.19,1901.0,4095.0,0.0,2208.0837846422405,7604.0,4095.0,3509.0,4095.0,0.07706470277787154,0.5385323513231809,2,MEDIUM
3523.0,0.0,4095.0,0.0,29.19,1904.5,4095.0,0.0,2211.4906737311826,7618.0,4095.0,3523.0,4095.0,0.07508532422222561,0.5375426620454787,2,MEDIUM
3505.0,0.0,4095.0,0.0,29.19,1900.0,4095.0,0.0,2207.1134995735947,7600.0,4095.0,3505.0,4095.0,0.07763157893715374,0.5388157894027874,2,MEDIUM
3491.3,0.0,4095.0,0.0,29.17,1896.575,4095.0,0.0,2203.8007901123915,7586.3,4095.0,3491.3,4095.0,0.07957765971823183,0.5397888297932076,1,MEDIUM
3414.0,0.0,4095.0,0.0,29.19,1877.25,4095.0,0.0,2185.4176374322597,7509.0,4095.0,3414.0,4095.0,0.09069117058320798,0.5453455852250172,1,MEDIUM
3306.0,0.0,4095.0,0.0,29.19,1850.25,4095.0,0.0,2160.6295957428706,7401.0,4095.0,3306.0,4095.0,0.10660721522677918,0.5533036075458311,1,MEDIUM
3263.0,0.0,4095.0,0.0,29.19,1839.5,4095.0,0.0,2151.058111720834,7358.0,4095.0,3263.0,4095.0,0.11307420493162894,0.5565371023978612,1,MEDIUM
3259.0,0.0,4095.0,0.0,29.19,1838.5,4095.0,0.0,2150.1765043828377,7354.0,4095.0,3259.0,4095.0,0.1136796301178026,0.5568398149909111,1,MEDIUM
3280.0,0.0,4095.0,0.0,29.19,1843.75,4095.0,0.0,2154.8216283488523,7375.0,4095.0,3280.0,4095.0,0.11050847456128698,0.5552542372128468,1,MEDIUM
3255.0,0.0,4095.0,0.0,29.25,1837.5,4095.0,0.0,2149.2963964981654,7350.0,4095.0,3255.0,4095.0,0.1142857142701652,0.5571428570670554,1,MEDIUM
3040.0,0.0,4095.0,0.0,29.25,1783.75,4095.0,0.0,2104.2471931785963,7135.0,4095.0,3040.0,4095.0,0.14786264889308162,0.5739313243764637,1,MEDIUM
3025.0,0.0,4095.0,0.0,29.25,1780.0,4095.0,0.0,2101.2734234268514,7120.0,4095.0,3025.0,4095.0,0.1502808988552976,0.575140449357424,1,MEDIUM
3155.0,0.0,4095.0,0.0,29.25,1812.5,4095.0,0.0,2127.7864084536304,7250.0,4095.0,3155.0,4095.0,0.12965517239590962,0.5648275861289893,1,MEDIUM
3311.0,0.0,4095.0,0.0,29.25,1851.5,4095.0,0.0,2161.7536862464235,7406.0,4095.0,3311.0,4095.0,0.10586011340725626,0.5529300566361153,1,MEDIUM
3230.8,0.0,4095.0,0.0,29.22,1831.45,4095.0,0.0,2144.00382695554,7325.8,4095.0,3230.8,4095.0,0.11796663843976536,0.5589833191516307,1,MEDIUM
2975.0,0.0,4095.0,0.0,29.25,1767.5,4095.0,0.0,2091.5245635660126,7070.0,4095.0,2975.0,4095.0,0.15841584156175165,0.5792079207101545,1,MEDIUM
2988.0,0.0,4095.0,0.0,29.25,1770.75,4095.0,0.0,2094.0349209122564,7083.0,4095.0,2988.0,4095.0,0.1562897077288875,0.5781448537938522,1,MEDIUM
2818.0,0.0,4095.0,0.0,29.25,1728.25,4095.0,0.0,2062.5838770823357,6913.0,4095.0,2818.0,4095.0,0.1847244322024122,0.5923622160288786,1,MEDIUM
2961.0,0.0,4095.0,0.0,29.25,1764.0,4095.0,0.0,2088.8403481357786,7056.0,4095.0,2961.0,4095.0,0.16071428569150875,0.5803571427748927,1,MEDIUM
2867.0,0.0,4095.0,0.0,29.25,1740.5,4095.0,0.0,2071.340387285489,6962.0,4095.0,2867.0,4095.0,0.17638609592410426,0.5881930478902336,1,MEDIUM
3219.0,0.0,4095.0,0.0,29.25,1828.5,4095.0,0.0,2141.443204943806,7314.0,4095.0,3219.0,4095.0,0.11977030351110605,0.559885151687191,1,MEDIUM
3187.0,0.0,4095.0,0.0,29.31,1820.5,4095.0,0.0,2134.565763803027,7282.0,4095.0,3187.0,4095.0,0.1246910189337145,0.5623455093981947,1,MEDIUM
2795.0,0.0,4095.0,0.0,29.31,1722.5,4095.0,0.0,2058.561390874705,6890.0,4095.0,2795.0,4095.0,0.18867924525563434,0.5943396225552482,1,MEDIUM
3174.0,0.0,4095.0,0.0,29.31,1817.25,4095.0,0.0,2131.799767801845,7269.0,4095.0,3174.0,4095.0,0.12670243498050593,0.5633512174214677,1,MEDIUM
3056.0,0.0,4095.0,0.0,29.31,1787.75,4095.0,0.0,2107.44400874614,7151.0,4095.0,3056.0,4095.0,0.14529436440423796,0.5726471821321987,1,MEDIUM
3004.0,0.0,4095.0,0.0,29.27,1774.75,4095.0,0.0,2097.1481230471063,7099.0,4095.0,3004.0,4095.0,0.15368361738925432,0.5768418086241947,1,MEDIUM
3238.0,0.0,4095.0,0.0,29.31,1833.25,4095.0,0.0,2145.5727090919104,7333.0,4095.0,3238.0,4095.0,0.1168689485726348,0.5584344742181324,1,MEDIUM
3003.0,0.0,4095.0,0.0,29.31,1774.5,4095.0,0.0,2096.95278916813,7098.0,4095.0,3003.0,4095.0,0.15384615382447925,0.5769230768417972,1,MEDIUM
2589.0,0.0,4095.0,0.0,29.31,1671.0,4095.0,0.0,2025.0911090615157,6684.0,4095.0,2589.0,4095.0,0.22531418309016843,0.6126570914702787,1,MEDIUM
2663.0,0.0,4095.0,0.0,29.31,1689.5,4095.0,0.0,2036.5782577647244,6758.0,4095.0,2663.0,4095.0,0.2118970109186302,0.6059485053853287,1,MEDIUM
2824.0,0.0,4095.0,0.0,29.31,1729.75,4095.0,0.0,2063.64247145672,6919.0,4095.0,2824.0,4095.0,0.18369706602345756,0.5918485329394639,1,MEDIUM
2903.0,0.0,4095.0,0.0,29.37,1749.5,4095.0,0.0,2077.934310800031,6998.0,4095.0,2903.0,4095.0,0.1703343812274458,0.5851671905422738,1,MEDIUM
3008.0,0.0,4095.0,0.0,29.31,1775.75,4095.0,0.0,2097.930468342552,7103.0,4095.0,3008.0,4095.0,0.15303392930409207,0.5765169645816532,1,MEDIUM
2842.0,0.0,4095.0,0.0,29.31,1734.25,4095.0,0.0,2066.841128388924,6937.0,4095.0,2842.0,4095.0,0.18062563065004675,0.5903128152529461,1,MEDIUM
2659.0,0.0,4095.0,0.0,29.37,1688.5,4095.0,0.0,2035.941796810508,6754.0,4095.0,2659.0,4095.0,0.21261474678522138,0.6063073733185804,1,MEDIUM
3422.0,0.0,4095.0,0.0,29.37,1879.25,4095.0,0.0,2187.295647597736,7517.0,4095.0,3422.0,4095.0,0.08953039775315545,0.5447651988100618,1,MEDIUM
2915.1,0.0,4095.0,0.0,29.33,1752.525,4095.0,0.0,2080.1808821590494,7010.1,4095.0,2915.1,4095.0,0.1683142893584522,0.5841571446079004,1,MEDIUM
3408.0,0.0,4095.0,0.0,29.31,1875.75,4095.0,0.0,2184.012877709287,7503.0,4095.0,3408.0,4095.0,0.09156337463793637,0.5457816872523281,1,MEDIUM
3237.0,0.0,4095.0,0.0,29.37,1833.0,4095.0,0.0,2145.3545161581105,7332.0,4095.0,3237.0,4095.0,0.11702127657978433,0.5585106382216979,1,MEDIUM
3283.0,0.0,4095.0,0.0,29.37,1844.5,4095.0,0.0,2155.4885757062134,7378.0,4095.0,3283.0,4095.0,0.11005692598128802,0.555028462922875,1,MEDIUM
3125.0,0.0,4095.0,0.0,29.37,1805.0,4095.0,0.0,2121.520681021045,7220.0,4095.0,3125.0,4095.0,0.13434903045230623,0.567174515156901,1,MEDIUM
2814.0,0.0,4095.0,0.0,29.37,1727.25,4095.0,0.0,2061.88027052979,6909.0,4095.0,2814.0,4095.0,0.1854103343196685,0.5927051670874649,1,MEDIUM
3270.0,0.0,4095.0,0.0,29.37,1841.25,4095.0,0.0,2152.6045270787663,7365.0,4095.0,3270.0,4095.0,0.11201629326381313,0.5560081465640179,1,MEDIUM
3326.0,0.0,4095.0,0.0,29.37,1855.25,4095.0,0.0,2165.1397760883706,7421.0,4095.0,3326.0,4095.0,0.10362484838921643,0.5518124241272319,1,MEDIUM
3294.0,0.0,4095.0,0.0,29.37,1847.25,4095.0,0.0,2157.9412063353348,7389.0,4095.0,3294.0,4095.0,0.10840438488179667,0.5542021923732302,1,MEDIUM
3059.0,0.0,4095.0,0.0,29.37,1788.5,4095.0,0.0,2108.0462518645077,7154.0,4095.0,3059.0,4095.0,0.14481408999932707,0.5724070449297726,1,MEDIUM
3372.0,0.0,4095.0,0.0,29.37,1866.75,4095.0,0.0,2175.652143611198,7467.0,4095.0,3372.0,4095.0,0.09682603453906173,0.5484130172025695,1,MEDIUM
3218.8,0.0,4095.0,0.0,29.37,1828.45,4095.0,0.0,2141.3999182777607,7313.8,4095.0,3218.8,4095.0,0.11980092426374782,0.55990046206351,1,MEDIUM
3117.0,0.0,4095.0,0.0,29.37,1803.0,4095.0,0.0,2119.8646183188207,7212.0,4095.0,3117.0,4095.0,0.13560732111264456,0.5678036604869934,1,MEDIUM
2907.0,0.0,4095.0,0.0,29.37,1750.5,4095.0,0.0,2078.6752993192563,7002.0,4095.0,2907.0,4095.0,0.16966580974440648,0.5848329048007951,1,MEDIUM
3568.0,0.0,4095.0,0.0,29.37,1915.75,4095.0,0.0,2222.555342393075,7663.0,4095.0,3568.0,4095.0,0.0687720213925653,0.5343860106310341,2,MEDIUM
3266.0,0.0,4095.0,0.0,29.37,1840.25,4095.0,0.0,2151.7203001319667,7361.0,4095.0,3266.0,4095.0,0.1126205678423284,0.5563102838532387,1,MEDIUM
3406.0,0.0,4095.0,0.0,29.37,1875.25,4095.0,0.0,2183.545339579648,7501.0,4095.0,3406.0,4095.0,0.0918544193984996,0.545927209632592,1,MEDIUM
3474.0,0.0,4095.0,0.0,29.37,1892.25,4095.0,0.0,2199.640936607609,7569.0,4095.0,3474.0,4095.0,0.08204518429355989,0.541022592080721,1,MEDIUM
3641.0,0.0,4095.0,0.0,29.37,1934.0,4095.0,0.0,2240.8690278550416,7736.0,4095.0,3641.0,4095.0,0.058686659764906064,0.5293433298178202,2,MEDIUM
3338.0,0.0,4095.0,0.0,29.37,1858.25,4095.0,0.0,2167.863521995792,7433.0,4095.0,3338.0,4095.0,0.10184313196531103,0.5509215659153879,1,MEDIUM
3371.0,0.0,4095.0,0.0,29.37,1866.5,4095.0,0.0,2175.421568340261,7466.0,4095.0,3371.0,4095.0,0.09697294399986968,0.5484864719329645,1,MEDIUM
3442.0,0.0,4095.0,0.0,29.44,1884.25,4095.0,0.0,2192.01556791917,7537.0,4095.0,3442.0,4095.0,0.08663924637300792,0.5433196231201646,1,MEDIUM
3353.0,0.0,4095.0,0.0,29.38,1862.0,4095.0,0.0,2171.286715291189,7448.0,4095.0,3353.0,4095.0,0.09962406013699998,0.5498120300013678,1,MEDIUM
3339.0,0.0,4095.0,0.0,29.44,1858.5,4095.0,0.0,2168.091095872127,7434.0,4095.0,3339.0,4095.0,0.10169491524055758,0.5508474575530202,1,MEDIUM
3071.0,0.0,4095.0,0.0,29.44,1791.5,4095.0,0.0,2110.464166954748,7166.0,4095.0,3071.0,4095.0,0.14289701365574978,0.5714485067581009,1,MEDIUM
3099.0,0.0,4095.0,0.0,29.44,1798.5,4095.0,0.0,2116.1613832597927,7194.0,4095.0,3099.0,4095.0,0.13844870723680167,0.5692243535488984,1,MEDIUM
3134.0,0.0,4095.0,0.0,29.44,1807.25,4095.0,0.0,2123.3912145433774,7229.0,4095.0,3134.0,4095.0,0.1329367823858159,0.566468391123742,1,MEDIUM
2990.0,0.0,4095.0,0.0,29.44,1771.25,4095.0,0.0,2094.422653143343,7085.0,4095.0,2990.0,4095.0,0.1559633027302804,0.5779816512945686,1,MEDIUM
3317.0,0.0,4095.0,0.0,29.44,1853.0,4095.0,0.0,2163.1056377347822,7412.0,4095.0,3317.0,4095.0,0.10496492173435443,0.552482460799719,1,MEDIUM
3726.0,0.0,4095.0,0.0,29.44,1955.25,4095.0,0.0,2262.7483841558696,7821.0,4095.0,3726.0,4095.0,0.04718066742779942,0.5235903336499692,2,MEDIUM
1939.0,0.0,4095.0,0.0,29.44,1508.5,4095.0,0.0,1951.619583832874,6034.0,4095.0,1939.0,4095.0,0.35730858462755904,0.6786542922309158,1,MEDIUM
2558.0,0.0,3979.0,0.0,29.44,1634.25,3979.0,0.0,1974.2266629408757,6537.0,3979.0,2558.0,3979.0,0.2173780021084017,0.6086890009777132,1,MEDIUM
3354.0,0.0,4095.0,0.0,29.44,1862.25,4095.0,0.0,2171.515657323244,7449.0,4095.0,3354.0,4095.0,0.09947643977722158,0.5497382198214876,1,MEDIUM
3052.7,0.0,4083.4,0.0,29.44,1784.025,4083.4,0.0,2102.5502013428045,7136.1,4083.4,3052.7,4083.4,0.14443463514462598,0.5722173175022467,1,MEDIUM
3408.0,0.0,4095.0,0.0,29.44,1875.75,4095.0,0.0,2184.012877709287,7503.0,4095.0,3408.0,4095.0,0.09156337463793637,0.5457816872523281,1,MEDIUM
3676.0,0.0,4095.0,0.0,29.44,1942.75,4095.0,0.0,2249.8067139201094,7771.0,4095.0,3676.0,4095.0,0.05391841461151481,0.5269592072414157,2,MEDIUM
3766.0,0.0,4095.0,0.0,29.44,1965.25,4095.0,0.0,2273.2466320221392,7861.0,4095.0,3766.0,4095.0,0.0418521816509538,0.5209260907618717,2,MEDIUM
3789.0,0.0,4095.0,0.0,29.44,1971.0,4095.0,0.0,2279.3406941482003,7884.0,4095.0,3789.0,4095.0,0.03881278538320487,0.5194063926281828,2,MEDIUM
3696.0,0.0,4095.0,0.0,29.44,1947.75,4095.0,0.0,2254.959035104629,7791.0,4095.0,3696.0,4095.0,0.05121293799881749,0.5256064689352321,2,MEDIUM
3728.0,0.0,4095.0,0.0,29.44,1955.75,4095.0,0.0,2263.2702556256954,7823.0,4095.0,3728.0,4095.0,0.04691294899055184,0.5234564744313618,2,MEDIUM
3530.0,0.0,4095.0,0.0,29.5,1906.25,4095.0,0.0,2213.2004540935736,7625.0,4095.0,3530.0,4095.0,0.07409836064601988,0.5370491802574362,2,MEDIUM
3634.0,0.0,4095.0,0.0,29.5,1932.25,4095.0,0.0,2239.093622428504,7729.0,4095.0,3634.0,4095.0,0.05964549100017525,0.5298227454353962,2,MEDIUM
3662.0,0.0,4095.0,0.0,29.5,1939.25,4095.0,0.0,2246.219546259893,7757.0,4095.0,3662.0,4095.0,0.055820549174188404,0.5279102745226363,2,MEDIUM
3330.0,0.0,4095.0,0.0,29.5,1856.25,4095.0,0.0,2166.0462252685193,7425.0,4095.0,3330.0,4095.0,0.10303030301642689,0.5515151514408734,1,MEDIUM
3621.9,0.0,4095.0,0.0,29.46,1929.225,4095.0,0.0,2236.034302621496,7716.9,4095.0,3621.9,4095.0,0.061307001508208336,0.5306535006893113,2,MEDIUM
3438.0,0.0,4095.0,0.0,29.5,1883.25,4095.0,0.0,2191.0687460689132,7533.0,4095.0,3438.0,4095.0,0.0872162484949932,0.5436081241811219,1,MEDIUM
3467.0,0.0,4095.0,0.0,29.5,1890.5,4095.0,0.0,2197.9651953568327,7562.0,4095.0,3467.0,4095.0,0.08304681300144845,0.5415234064346042,1,MEDIUM
3406.0,0.0,4095.0,0.0,29.5,1875.25,4095.0,0.0,2183.545339579648,7501.0,4095.0,3406.0,4095.0,0.0918544193984996,0.545927209632592,1,MEDIUM
3506.0,0.0,4095.0,0.0,29.5,1900.25,4095.0,0.0,2207.355940939295,7601.0,4095.0,3506.0,4095.0,0.07748980396296674,0.5387449019157026,2,MEDIUM
3549.0,0.0,4095.0,0.0,29.5,1911.0,4095.0,0.0,2217.8624844656174,7644.0,4095.0,3549.0,4095.0,0.07142857141922702,0.5357142856442028,2,MEDIUM
3562.0,0.0,4095.0,0.0,29.5,1914.25,4095.0,0.0,2221.070068683111,7657.0,4095.0,3562.0,4095.0,0.06960950763097694,0.5348047537501888,2,MEDIUM
3562.0,0.0,4095.0,0.0,29.5,1914.25,4095.0,0.0,2221.070068683111,7657.0,4095.0,3562.0,4095.0,0.06960950763097694,0.5348047537501888,2,MEDIUM
3513.0,0.0,4095.0,0.0,29.5,1902.0,4095.0,0.0,2209.0554542609384,7608.0,4095.0,3513.0,4095.0,0.07649842270287875,0.538249211285719,2,MEDIUM
3648.0,0.0,4095.0,0.0,29.56,1935.75,4095.0,0.0,2242.6484900670457,7743.0,4095.0,3648.0,4095.0,0.057729562177743825,0.5288647810242975,2,MEDIUM
3641.0,0.0,4095.0,0.0,29.56,1934.0,4095.0,0.0,2240.8690278550416,7736.0,4095.0,3641.0,4095.0,0.058686659764906064,0.5293433298178202,2,MEDIUM
3529.2,0.0,4095.0,0.0,29.51,1906.05,4095.0,0.0,2213.0048373196114,7624.2,4095.0,3529.2,4095.0,0.07421106475771741,0.5371055323132781,2,MEDIUM
3483.0,0.0,4095.0,0.0,29.5,1894.5,4095.0,0.0,2201.801762193863,7578.0,4095.0,3483.0,4095.0,0.0807600950012193,0.5403800474346292,1,MEDIUM
3439.0,0.0,4095.0,0.0,29.56,1883.5,4095.0,0.0,2191.305318754098,7534.0,4095.0,3439.0,4095.0,0.08707194052467852,0.5435359701959734,1,MEDIUM
3348.0,0.0,4095.0,0.0,29.56,1860.75,4095.0,0.0,2170.1433708398163,7443.0,4095.0,3348.0,4095.0,0.10036275693935741,0.5501813784025015,1,MEDIUM
3402.0,0.0,4095.0,0.0,29.56,1874.25,4095.0,0.0,2182.611337366321,7497.0,4095.0,3402.0,4095.0,0.0924369747775861,0.5462184873220997,1,MEDIUM
3431.0,0.0,4095.0,0.0,29.56,1881.5,4095.0,0.0,2189.415218728508,7526.0,4095.0,3431.0,4095.0,0.08822747806428016,0.5441137389657037,1,MEDIUM
3578.0,0.0,4095.0,0.0,29.56,1918.25,4095.0,0.0,2225.0375839522353,7673.0,4095.0,3578.0,4095.0,0.06737912158642263,0.5336895607280477,2,MEDIUM
3484.0,0.0,4095.0,0.0,29.56,1894.75,4095.0,0.0,2202.042290692892,7579.0,4095.0,3484.0,4095.0,0.08061749570119837,0.5403087477846275,1,MEDIUM
3536.0,0.0,4095.0,0.0,29.56,1907.75,4095.0,0.0,2214.669331977124,7631.0,4095.0,3536.0,4095.0,0.07325383303980423,0.5366269164543799,2,MEDIUM
3582.0,0.0,4095.0,0.0,29.56,1919.25,4095.0,0.0,2226.0328501619197,7677.0,4095.0,3582.0,4095.0,0.06682297771696978,0.5334114887933553,2,MEDIUM
3455.0,0.0,4095.0,0.0,29.56,1887.5,4095.0,0.0,2195.1025033013834,7550.0,4095.0,3455.0,4095.0,0.08476821190930221,0.5423841058884259,1,MEDIUM
3473.8,0.0,4095.0,0.0,29.56,1892.2,4095.0,0.0,2199.592998715899,7568.8,4095.0,3473.8,4095.0,0.08207377654554567,0.5410368882067121,1,MEDIUM
2857.0,0.0,4095.0,0.0,29.56,1738.0,4095.0,0.0,2069.5327975173527,6952.0,4095.0,2857.0,4095.0,0.17807825083744558,0.589039125346801,1,MEDIUM
3662.0,0.0,4095.0,0.0,29.56,1939.25,4095.0,0.0,2246.219546259893,7757.0,4095.0,3662.0,4095.0,0.055820549174188404,0.5279102745226363,2,MEDIUM
3290.0,0.0,4095.0,0.0,29.56,1846.25,4095.0,0.0,2157.048040726029,7385.0,4095.0,3290.0,4095.0,0.1090047393217326,0.5545023695931615,1,MEDIUM
3472.0,0.0,4095.0,0.0,29.56,1891.75,4095.0,0.0,2199.161715290624,7567.0,4095.0,3472.0,4095.0,0.08233117482723257,0.5411655873475398,1,MEDIUM
3473.0,0.0,4095.0,0.0,29.56,1892.0,4095.0,0.0,2199.40128216749,7568.0,4095.0,3473.0,4095.0,0.0821881606656728,0.5410940802667688,1,MEDIUM
3444.0,0.0,4095.0,0.0,29.56,1884.75,4095.0,0.0,2192.489509667036,7539.0,4095.0,3444.0,4095.0,0.08635097491890821,0.5431754873931323,1,MEDIUM
3444.0,0.0,4095.0,0.0,29.62,1884.75,4095.0,0.0,2192.489509667036,7539.0,4095.0,3444.0,4095.0,0.08635097491890821,0.5431754873931323,1,MEDIUM
3344.0,0.0,4095.0,0.0,29.56,1859.75,4095.0,0.0,2169.230335856476,7439.0,4095.0,3344.0,4095.0,0.10095442934521381,0.5504772146053936,1,MEDIUM
3411.0,0.0,4095.0,0.0,29.62,1876.5,4095.0,0.0,2184.714855536072,7506.0,4095.0,3411.0,4095.0,0.09112709830920235,0.5455635490879878,1,MEDIUM
3359.0,0.0,4095.0,0.0,29.62,1863.5,4095.0,0.0,2172.66173160941,7454.0,4095.0,3359.0,4095.0,0.09873893210373773,0.5493694659847908,1,MEDIUM
3375.6,0.0,4095.0,0.0,29.58,1867.65,4095.0,0.0,2176.4829634067896,7470.6,4095.0,3375.6,4095.0,0.09629748613280092,0.5481487429994714,1,MEDIUM
3395.0,0.0,4095.0,0.0,29.56,1872.5,4095.0,0.0,2180.9802841841556,7490.0,4095.0,3395.0,4095.0,0.09345794391275594,0.5467289718896223,1,MEDIUM
3399.0,0.0,4095.0,0.0,29.62,1873.5,4095.0,0.0,2181.911776401603,7494.0,4095.0,3399.0,4095.0,0.09287429942715848,0.5464371496468592,1,MEDIUM
3407.0,0.0,4095.0,0.0,29.56,1875.5,4095.0,0.0,2183.779063916494,7502.0,4095.0,3407.0,4095.0,0.0917088776204067,0.5458544387435544,1,MEDIUM
3328.0,0.0,4095.0,0.0,29.62,1855.75,4095.0,0.0,2165.5928172211875,7423.0,4095.0,3328.0,4095.0,0.10332749560779637,0.5516637477365399,1,MEDIUM
3312.0,0.0,4095.0,0.0,29.62,1851.75,4095.0,0.0,2161.9787811169654,7407.0,4095.0,3312.0,4095.0,0.10571081408050347,0.552855406972748,1,MEDIUM
3331.0,0.0,4095.0,0.0,29.62,1856.5,4095.0,0.0,2166.2730668131385,7426.0,4095.0,3331.0,4095.0,0.10288176675156453,0.5514408833084512,1,MEDIUM
3243.0,0.0,4095.0,0.0,29.62,1834.5,4095.0,0.0,2146.665087991138,7338.0,4095.0,3243.0,4095.0,0.11610793130061216,0.5580539655821676,1,MEDIUM
3246.0,0.0,4095.0,0.0,29.62,1835.25,4095.0,0.0,2147.321645678635,7341.0,4095.0,3246.0,4095.0,0.11565181853757638,0.5578259092006775,1,MEDIUM
3084.0,0.0,4095.0,0.0,29.62,1794.75,4095.0,0.0,2113.099678197884,7179.0,4095.0,3084.0,4095.0,0.1408274132691423,0.5704137065649235,1,MEDIUM
3278.0,0.0,4095.0,0.0,29.62,1843.25,4095.0,0.0,2154.3774622846386,7373.0,4095.0,3278.0,4095.0,0.11080971109306799,0.555404855478719,1,MEDIUM
3302.3,0.0,4095.0,0.0,29.61,1849.325,4095.0,0.0,2159.7992551392363,7397.3,4095.0,3302.3,4095.0,0.10716072078904992,0.5535803603269327,1,MEDIUM
3495.0,0.0,4095.0,0.0,29.62,1897.5,4095.0,0.0,2204.6938562984205,7590.0,4095.0,3495.0,4095.0,0.07905138338879428,0.5395256916285209,1,MEDIUM
3642.0,0.0,4095.0,0.0,29.62,1934.25,4095.0,0.0,2241.1229885929956,7737.0,4095.0,3642.0,4095.0,0.058549825506197514,0.5292749126884742,2,MEDIUM
3002.0,0.0,4095.0,0.0,29.62,1774.25,4095.0,0.0,2096.7575563235728,7097.0,4095.0,3002.0,4095.0,0.15400873606396945,0.5770043679615324,1,MEDIUM
3394.0,0.0,4095.0,0.0,29.62,1872.25,4095.0,0.0,2180.7476355598783,7489.0,4095.0,3394.0,4095.0,0.09360395245111444,0.5468019761587926,1,MEDIUM
3577.0,0.0,4095.0,0.0,29.62,1918.0,4095.0,0.0,2224.7889787573113,7672.0,4095.0,3577.0,4095.0,0.06751824816638187,0.5337591240180188,2,MEDIUM
3507.0,0.0,4095.0,0.0,29.62,1900.5,4095.0,0.0,2207.598468924999,7602.0,4095.0,3507.0,4095.0,0.07734806628816784,0.5386740330783117,2,MEDIUM
3062.0,0.0,4095.0,0.0,29.69,1789.25,4095.0,0.0,2108.649390012479,7157.0,4095.0,3062.0,4095.0,0.14433421822770234,0.5721671090439895,1,MEDIUM
3454.0,0.0,4095.0,0.0,29.69,1887.25,4095.0,0.0,2194.8645174588796,7549.0,4095.0,3454.0,4095.0,0.08491190885085284,0.5424559543591925,1,MEDIUM
3535.0,0.0,4095.0,0.0,29.69,1907.5,4095.0,0.0,2214.424304418645,7630.0,4095.0,3535.0,4095.0,0.07339449540322483,0.5366972476360816,2,MEDIUM
3488.0,0.0,4095.0,0.0,29.62,1895.75,4095.0,0.0,2203.005276888823,7583.0,4095.0,3488.0,4095.0,0.08004747460371259,0.5400237372359193,1,MEDIUM
3415.6,0.0,4095.0,0.0,29.64,1877.65,4095.0,0.0,2185.792782950845,7510.6,4095.0,3415.6,4095.0,0.09045881819156142,0.5452294090292081,1,MEDIUM
3262.0,0.0,4095.0,0.0,29.69,1839.25,4095.0,0.0,2150.837569413367,7357.0,4095.0,3262.0,4095.0,0.11322549950887242,0.5566127496864737,1,MEDIUM
3451.0,0.0,4095.0,0.0,29.69,1886.5,4095.0,0.0,2194.151088690111,7546.0,4095.0,3451.0,4095.0,0.08534322818906133,0.5426716140282704,1,MEDIUM
3552.0,0.0,4095.0,0.0,29.69,1911.75,4095.0,0.0,2218.601417560171,7647.0,4095.0,3552.0,4095.0,0.07100823851562596,0.5355041191924278,2,MEDIUM
3441.0,0.0,4095.0,0.0,29.69,1884.0,4095.0,0.0,2191.7787297079053,7536.0,4095.0,3441.0,4095.0,0.08678343947893001,0.5433917196731168,1,MEDIUM
2379.0,0.0,4095.0,0.0,29.69,1618.5,4095.0,0.0,1995.8704867801418,6474.0,4095.0,2379.0,4095.0,0.26506024092291314,0.6325301203842245,1,MEDIUM
3344.0,0.0,4095.0,0.0,29.69,1859.75,4095.0,0.0,2169.230335856476,7439.0,4095.0,3344.0,4095.0,0.10095442934521381,0.5504772146053936,1,MEDIUM
3086.0,0.0,4095.0,0.0,29.69,1795.25,4095.0,0.0,2113.506624072894,7181.0,4095.0,3086.0,4095.0,0.14050967829821617,0.5702548390794798,1,MEDIUM
3120.0,0.0,4095.0,0.0,29.69,1803.75,4095.0,0.0,2120.4849091658257,7215.0,4095.0,3120.0,4095.0,0.13513513511640537,0.5675675674889026,1,MEDIUM
2689.0,0.0,4095.0,0.0,29.69,1696.0,4095.0,0.0,2040.7581924373108,6784.0,4095.0,2689.0,4095.0,0.20725235846001586,0.6036261791563051,1,MEDIUM
2623.0,0.0,4095.0,0.0,29.75,1679.5,4095.0,0.0,2030.2933285611712,6718.0,4095.0,2623.0,4095.0,0.21911283116714603,0.6095564155091461,1,MEDIUM
3094.7,0.0,4095.0,0.0,29.69,1797.425,4095.0,0.0,2115.2814286756266,7189.7,4095.0,3094.7,4095.0,0.13912958814148998,0.5695647940012011,1,MEDIUM
3088.0,0.0,4095.0,0.0,29.69,1795.75,4095.0,0.0,2113.913964663652,7183.0,4095.0,3088.0,4095.0,0.14019212026448669,0.5700960600626345,1,MEDIUM
3172.0,0.0,4095.0,0.0,29.69,1816.75,4095.0,0.0,2131.375670781667,7267.0,4095.0,3172.0,4095.0,0.12701252234388158,0.5635062611031366,1,MEDIUM
2675.0,0.0,4095.0,0.0,29.69,1692.5,4095.0,0.0,2038.4982217308898,6770.0,4095.0,2675.0,4095.0,0.20974889214036205,0.6048744459963258,1,MEDIUM
2991.0,0.0,4095.0,0.0,29.69,1771.5,4095.0,0.0,2094.6166713745024,7086.0,4095.0,2991.0,4095.0,0.1558001693260231,0.5779000845924499,1,MEDIUM
2677.0,0.0,4095.0,0.0,29.69,1693.0,4095.0,0.0,2038.819756623915,6772.0,4095.0,2677.0,4095.0,0.2093916124912298,0.6046958061717814,1,MEDIUM
3263.0,0.0,4095.0,0.0,29.69,1839.5,4095.0,0.0,2151.058111720834,7358.0,4095.0,3263.0,4095.0,0.11307420493162894,0.5565371023978612,1,MEDIUM
2850.0,0.0,4095.0,0.0,29.69,1736.25,4095.0,0.0,2068.273736718619,6945.0,4095.0,2850.0,4095.0,0.17926565872148803,0.5896328292887497,1,MEDIUM
2770.0,0.0,4095.0,0.0,29.69,1716.25,4095.0,0.0,2054.253209806425,6865.0,4095.0,2770.0,4095.0,0.19300801162519912,0.5965040057397664,1,MEDIUM
3225.0,0.0,4095.0,0.0,29.69,1830.0,4095.0,0.0,2142.743568418769,7320.0,4095.0,3225.0,4095.0,0.11885245900015676,0.5594262294317723,1,MEDIUM
3232.0,0.0,4095.0,0.0,29.69,1831.75,4095.0,0.0,2144.2649673023157,7327.0,4095.0,3232.0,4095.0,0.11778354031420997,0.5588917700888643,1,MEDIUM
2994.3,0.0,4095.0,0.0,29.69,1772.325,4095.0,0.0,2095.257650624381,7089.3,4095.0,2994.3,4095.0,0.15526215562111034,0.5776310777400263,1,MEDIUM
3095.0,0.0,4095.0,0.0,29.69,1797.5,4095.0,0.0,2115.3427618237192,7190.0,4095.0,3095.0,4095.0,0.13908205839512072,0.5695410291280193,1,MEDIUM
3371.0,0.0,4095.0,0.0,29.75,1866.5,4095.0,0.0,2175.421568340261,7466.0,4095.0,3371.0,4095.0,0.09697294399986968,0.5484864719329645,1,MEDIUM
3091.0,0.0,4095.0,0.0,29.69,1796.5,4095.0,0.0,2114.52571514276,7186.0,4095.0,3091.0,4095.0,0.13971611464796602,0.5698580572544032,1,MEDIUM
2235.0,0.0,4095.0,0.0,29.69,1582.5,4095.0,0.0,1978.8064584491328,6330.0,4095.0,2235.0,4095.0,0.29383886251282165,0.6469194311774219,1,MEDIUM
2447.0,0.0,4095.0,0.0,29.69,1635.5,4095.0,0.0,2004.7770449603618,6542.0,4095.0,2447.0,4095.0,0.251910730624899,0.6259553652360202,1,MEDIUM
2251.0,0.0,4095.0,0.0,29.75,1586.5,4095.0,0.0,1980.5804704681907,6346.0,4095.0,2251.0,4095.0,0.2905767412085445,0.6452883705254824,1,MEDIUM
2149.0,0.0,4095.0,0.0,29.69,1561.0,4095.0,0.0,1969.800497512375,6244.0,4095.0,2149.0,4095.0,0.3116591927751987,0.6558295963075225,1,MEDIUM
2646.0,0.0,4095.0,0.0,29.69,1685.25,4095.0,0.0,2033.885505627099,6741.0,4095.0,2646.0,4095.0,0.21495327099614991,0.607476635423902,1,MEDIUM
2293.0,0.0,4095.0,0.0,29.69,1597.0,4095.0,0.0,1985.3830864596384,6388.0,4095.0,2293.0,4095.0,0.2820914213709938,0.6410457106072251,1,MEDIUM
2496.0,0.0,4095.0,0.0,29.69,1647.75,4095.0,0.0,2011.5268454584443,6591.0,4095.0,2496.0,4095.0,0.24260355025904967,0.6213017750536638,1,MEDIUM
2607.4,0.0,4095.0,0.0,29.7,1675.6,4095.0,0.0,2027.8903915152812,6702.4,4095.0,2607.4,4095.0,0.22195034611154954,0.6109751729811747,1,MEDIUM
2397.0,0.0,4095.0,0.0,29.69,1623.0,4095.0,0.0,1998.1756679531456,6492.0,4095.0,2397.0,4095.0,0.261552680181523,0.6307763400137436,1,MEDIUM
2650.0,0.0,4095.0,0.0,29.69,1686.25,4095.0,0.0,2034.5162201368657,6745.0,4095.0,2650.0,4095.0,0.21423276497935761,0.6071163824155498,1,MEDIUM
2222.0,0.0,4095.0,0.0,29.69,1579.25,4095.0,0.0,1977.3877338549464,6317.0,4095.0,2222.0,4095.0,0.2965015038314862,0.6482507518365915,1,MEDIUM
3066.0,0.0,4095.0,0.0,29.69,1790.25,4095.0,0.0,2109.454965150951,7161.0,4095.0,3066.0,4095.0,0.14369501464269024,0.5718475072515224,1,MEDIUM
2187.0,0.0,4095.0,0.0,29.69,1570.5,4095.0,0.0,1973.6694252077777,6282.0,4095.0,2187.0,4095.0,0.3037249283184137,0.6518624640796143,1,MEDIUM
2281.0,0.0,4095.0,0.0,29.69,1594.0,4095.0,0.0,1983.9894152943457,6376.0,4095.0,2281.0,4095.0,0.28450439142338385,0.6422521956332728,1,MEDIUM
2597.0,0.0,4095.0,0.0,29.69,1673.0,4095.0,0.0,2026.3035310633993,6692.0,4095.0,2597.0,4095.0,0.22384937235148694,0.6119246861010273,1,MEDIUM
2270.0,0.0,4095.0,0.0,29.69,1591.25,4095.0,0.0,1982.7269731357367,6365.0,4095.0,2270.0,4095.0,0.2867242733249451,0.6433621365839179,1,MEDIUM
2640.0,0.0,4095.0,0.0,29.69,1683.75,4095.0,0.0,2032.9427562034302,6735.0,4095.0,2640.0,4095.0,0.2160356347117987,0.6080178172816603,1,MEDIUM
2550.0,0.0,4095.0,0.0,29.69,1661.25,4095.0,0.0,2019.2835982100187,6645.0,4095.0,2550.0,4095.0,0.2325056433058682,0.6162528215776896,1,MEDIUM
2486.0,0.0,4095.0,0.0,29.69,1645.25,4095.0,0.0,2010.1269238533173,6581.0,4095.0,2486.0,4095.0,0.2444917185466507,0.622245859197349,1,MEDIUM
2727.0,0.0,4095.0,0.0,29.69,1705.5,4095.0,0.0,2047.0004885197268,6822.0,4095.0,2727.0,4095.0,0.20052770445609386,0.6002638521547546,1,MEDIUM
2733.0,0.0,4095.0,0.0,29.69,1707.0,4095.0,0.0,2048.000488281192,6828.0,4095.0,2733.0,4095.0,0.1994727591974996,0.5997363795255218,1,MEDIUM
2803.0,0.0,4095.0,0.0,29.69,1724.5,4095.0,0.0,2059.954125702803,6898.0,4095.0,2803.0,4095.0,0.1873006668328065,0.5936503333439185,1,MEDIUM
2962.0,0.0,4095.0,0.0,29.69,1764.25,4095.0,0.0,2089.0314143162136,7057.0,4095.0,2962.0,4095.0,0.16054980867783053,0.5802749042680636,1,MEDIUM
2761.0,0.0,4095.0,0.0,29.69,1714.0,4095.0,0.0,2052.7186850613507,6856.0,4095.0,2761.0,4095.0,0.19457409565423364,0.597287047754188,1,MEDIUM
3211.0,0.0,4095.0,0.0,29.69,1826.5,4095.0,0.0,2139.7147006084715,7306.0,4095.0,3211.0,4095.0,0.12099644126457754,0.5604982205638519,1,MEDIUM
3008.0,0.0,4095.0,0.0,29.69,1775.75,4095.0,0.0,2097.930468342552,7103.0,4095.0,3008.0,4095.0,0.15303392930409207,0.5765169645816532,1,MEDIUM
3152.0,0.0,4095.0,0.0,29.69,1811.75,4095.0,0.0,2127.1559063688774,7247.0,4095.0,3152.0,4095.0,0.1301228094204329,0.5650614046412223,1,MEDIUM
3130.0,0.0,4095.0,0.0,29.69,1806.25,4095.0,0.0,2122.5588919980523,7225.0,4095.0,3130.0,4095.0,0.13356401382234406,0.5667820068419679,1,MEDIUM
2899.0,0.0,4095.0,0.0,29.69,1748.5,4095.0,0.0,2077.194983625755,6994.0,4095.0,2899.0,4095.0,0.1710037174476689,0.5855018586523446,1,MEDIUM
2938.6,0.0,4095.0,0.0,29.69,1758.4,4095.0,0.0,2084.58730687875,7033.6,4095.0,2938.6,4095.0,0.16441082800210263,0.5822054139299639,1,MEDIUM
2801.0,0.0,4095.0,0.0,29.69,1724.0,4095.0,0.0,2059.605301993564,6896.0,4095.0,2801.0,4095.0,0.18764501157371735,0.5938225057143529,1,MEDIUM
2604.0,0.0,4095.0,0.0,29.69,1674.75,4095.0,0.0,2027.3702794506976,6699.0,4095.0,2604.0,4095.0,0.22257053288213605,0.61128526636643,1,MEDIUM
3458.0,0.0,4095.0,0.0,29.69,1888.25,4095.0,0.0,2195.816989186485,7553.0,4095.0,3458.0,4095.0,0.08433734938642429,0.5421686746270132,1,MEDIUM
3312.0,0.0,4095.0,0.0,29.69,1851.75,4095.0,0.0,2161.9787811169654,7407.0,4095.0,3312.0,4095.0,0.10571081408050347,0.552855406972748,1,MEDIUM
3491.0,0.0,4095.0,0.0,29.69,1896.5,4095.0,0.0,2203.728431545049,7586.0,4095.0,3491.0,4095.0,0.07962035327186655,0.5398101765700224,1,MEDIUM
3431.0,0.0,4095.0,0.0,29.69,1881.5,4095.0,0.0,2189.415218728508,7526.0,4095.0,3431.0,4095.0,0.08822747806428016,0.5441137389657037,1,MEDIUM
3482.0,0.0,4095.0,0.0,29.69,1894.25,4095.0,0.0,2201.561320972005,7577.0,4095.0,3482.0,4095.0,0.08090273194128246,0.540451365904652,1,MEDIUM
3535.0,0.0,4095.0,0.0,29.69,1907.5,4095.0,0.0,2214.424304418645,7630.0,4095.0,3535.0,4095.0,0.07339449540322483,0.5366972476360816,2,MEDIUM
3627.0,0.0,4095.0,0.0,29.69,1930.5,4095.0,0.0,2237.3222834451008,7722.0,4095.0,3627.0,4095.0,0.06060606059821211,0.530303030234356,2,MEDIUM
3399.0,0.0,4095.0,0.0,29.69,1873.5,4095.0,0.0,2181.911776401603,7494.0,4095.0,3399.0,4095.0,0.09287429942715848,0.5464371496468592,1,MEDIUM
3314.0,0.0,4095.0,0.0,29.69,1852.25,4095.0,0.0,2162.429247397473,7409.0,4095.0,3314.0,4095.0,0.10541233633345763,0.5527061680992433,1,MEDIUM
3457.0,0.0,4095.0,0.0,29.69,1888.0,4095.0,0.0,2195.5787391938375,7552.0,4095.0,3457.0,4095.0,0.08448093219220326,0.542240466029894,1,MEDIUM
3349.0,0.0,4095.0,0.0,29.69,1861.0,4095.0,0.0,2170.3718575396247,7444.0,4095.0,3349.0,4095.0,0.10021493819180347,0.5501074690287335,1,MEDIUM
2805.0,0.0,4095.0,0.0,29.69,1725.0,4095.0,0.0,2060.3033757192165,6900.0,4095.0,2805.0,4095.0,0.18695652171203528,0.5934782607835538,1,MEDIUM
1904.0,0.0,4095.0,0.0,29.75,1499.75,4095.0,0.0,1949.122943787795,5999.0,4095.0,1904.0,4095.0,0.36522753786210577,0.6826137688477056,1,MEDIUM
2190.0,0.0,4095.0,0.0,29.69,1571.25,4095.0,0.0,1973.982332747687,6285.0,4095.0,2190.0,4095.0,0.303102625250103,0.6515513125454969,1,MEDIUM
2124.0,0.0,4095.0,0.0,29.69,1554.75,4095.0,0.0,1967.3510744145285,6219.0,4095.0,2124.0,4095.0,0.31693198258290206,0.6584659912110522,1,MEDIUM
2242.0,0.0,4095.0,0.0,29.69,1584.25,4095.0,0.0,1979.5788062110587,6337.0,4095.0,2242.0,4095.0,0.29240965752052867,0.6462048286813626,1,MEDIUM
3408.0,0.0,4095.0,0.0,29.75,1875.75,4095.0,0.0,2184.012877709287,7503.0,4095.0,3408.0,4095.0,0.09156337463793637,0.5457816872523281,1,MEDIUM
3805.0,0.0,4095.0,0.0,29.69,1975.0,4095.0,0.0,2283.6046067566076,7900.0,4095.0,3805.0,4095.0,0.03670886075484698,0.5183544303141323,2,MEDIUM
3814.0,0.0,4095.0,0.0,29.69,1977.25,4095.0,0.0,2286.011865673492,7909.0,4095.0,3814.0,4095.0,0.03552914400865733,0.5177645719411095,2,MEDIUM
2909.8,0.0,4095.0,0.0,29.7,1751.2,4095.0,0.0,2079.1949788319516,7004.8,4095.0,2909.8,4095.0,0.1691982640233556,0.5845991319402981,1,MEDIUM
3825.0,0.0,4095.0,0.0,29.69,1980.0,4095.0,0.0,2288.962647139529,7920.0,4095.0,3825.0,4095.0,0.034090909086604684,0.517045454480171,2,MEDIUM
3877.0,0.0,4095.0,0.0,29.69,1993.0,4095.0,0.0,2303.0384278166093,7972.0,4095.0,3877.0,4095.0,0.027345709981517096,0.513672854928039,2,MEDIUM
3879.0,0.0,4095.0,0.0,29.75,1993.5,4095.0,0.0,2303.58394680984,7974.0,4095.0,3879.0,4095.0,0.027088036113984443,0.5135440179942884,2,MEDIUM
3873.0,0.0,4095.0,0.0,29.75,1992.0,4095.0,0.0,2301.948305240585,7968.0,4095.0,3873.0,4095.0,0.02786144577963586,0.5139307228270669,2,MEDIUM
3866.0,0.0,4095.0,0.0,29.75,1990.25,4095.0,0.0,2300.043532196728,7961.0,4095.0,3866.0,4095.0,0.028765230495067802,0.5143826151847277,2,MEDIUM
3883.0,0.0,4095.0,0.0,29.75,1994.5,4095.0,0.0,2304.675899123345,7978.0,4095.0,3883.0,4095.0,0.026573075955556143,0.5132865379151057,2,MEDIUM
3910.0,0.0,4095.0,0.0,29.69,2001.25,4095.0,0.0,2312.0783399357383,8005.0,4095.0,3910.0,4095.0,0.023110555899673882,0.511555277887376,2,MEDIUM
3474.0,0.0,4095.0,0.0,29.75,1892.25,4095.0,0.0,2199.640936607609,7569.0,4095.0,3474.0,4095.0,0.08204518429355989,0.541022592080721,1,MEDIUM
3630.0,0.0,4095.0,0.0,29.75,1931.25,4095.0,0.0,2238.0809301720974,7725.0,4095.0,3630.0,4095.0,0.060194174749489425,0.5300970873100198,2,MEDIUM
3502.0,0.0,4095.0,0.0,29.75,1899.25,4095.0,0.0,2206.3866954820046,7597.0,4095.0,3502.0,4095.0,0.0780571278033359,0.5390285638358525,2,MEDIUM
3771.9,0.0,4095.0,0.0,29.73,1966.725,4095.0,0.0,2274.8059043575563,7866.9,4095.0,3771.9,4095.0,0.041070815690923884,0.5205354077819045,2,MEDIUM
3500.0,0.0,4095.0,0.0,29.75,1898.75,4095.0,0.0,2205.902593044398,7595.0,4095.0,3500.0,4095.0,0.07834101381456997,0.5391705068414522,2,MEDIUM
3517.0,0.0,4095.0,0.0,29.75,1903.0,4095.0,0.0,2210.028506603478,7612.0,4095.0,3517.0,4095.0,0.07593273777247336,0.5379663688205509,2,MEDIUM
3503.0,0.0,4095.0,0.0,29.75,1899.5,4095.0,0.0,2206.6288768163986,7598.0,4095.0,3503.0,4095.0,0.0779152408426013,0.5389576203554939,2,MEDIUM
3520.0,0.0,4095.0,0.0,29.75,1903.75,4095.0,0.0,2210.7592021746736,7615.0,4095.0,3520.0,4095.0,0.07550886407412884,0.5377544319714045,2,MEDIUM
3392.0,0.0,4095.0,0.0,29.75,1871.75,4095.0,0.0,2180.2826078286275,7487.0,4095.0,3392.0,4095.0,0.09389608653747882,0.546948043201957,1,MEDIUM
3498.0,0.0,4095.0,0.0,29.75,1898.25,4095.0,0.0,2205.4188377720907,7593.0,4095.0,3498.0,4095.0,0.0786250493772389,0.5393125246227694,1,MEDIUM
3487.0,0.0,4095.0,0.0,29.75,1895.5,4095.0,0.0,2202.7643995670533,7582.0,4095.0,3487.0,4095.0,0.08018992349245714,0.5400949616802829,1,MEDIUM
3472.0,0.0,4095.0,0.0,29.75,1891.75,4095.0,0.0,2199.161715290624,7567.0,4095.0,3472.0,4095.0,0.08233117482723257,0.5411655873475398,1,MEDIUM
3499.0,0.0,4095.0,0.0,29.75,1898.5,4095.0,0.0,2205.660671998302,7594.0,4095.0,3499.0,4095.0,0.07848301289459006,0.5392415063814535,1,MEDIUM
3413.0,0.0,4095.0,0.0,29.75,1877.0,4095.0,0.0,2185.1832875070227,7508.0,4095.0,3413.0,4095.0,0.09083644111736329,0.545418220492086,1,MEDIUM
3480.1,0.0,4095.0,0.0,29.75,1893.775,4095.0,0.0,2201.104723201511,7575.1,4095.0,3480.1,4095.0,0.08117384587910736,0.5405869228735479,1,MEDIUM
3458.0,0.0,4095.0,0.0,29.75,1888.25,4095.0,0.0,2195.816989186485,7553.0,4095.0,3458.0,4095.0,0.08433734938642429,0.5421686746270132,1,MEDIUM
3477.0,0.0,4095.0,0.0,29.75,1893.0,4095.0,0.0,2200.3604250213193,7572.0,4095.0,3477.0,4095.0,0.08161648176418165,0.540808240816058,1,MEDIUM
3374.0,0.0,4095.0,0.0,29.75,1867.25,4095.0,0.0,2176.113565510771,7469.0,4095.0,3374.0,4095.0,0.0965323336328113,0.5482661667494623,1,MEDIUM
3403.0,0.0,4095.0,0.0,29.75,1874.5,4095.0,0.0,2182.844703592081,7498.0,4095.0,3403.0,4095.0,0.09229127766173763,0.5461456387641843,1,MEDIUM
3397.0,0.0,4095.0,0.0,29.75,1873.0,4095.0,0.0,2181.445850806295,7492.0,4095.0,3397.0,4095.0,0.09316604376759663,0.5465830218170604,1,MEDIUM
3328.0,0.0,4095.0,0.0,29.75,1855.75,4095.0,0.0,2165.5928172211875,7423.0,4095.0,3328.0,4095.0,0.10332749560779637,0.5516637477365399,1,MEDIUM
3411.0,0.0,4095.0,0.0,29.75,1876.5,4095.0,0.0,2184.714855536072,7506.0,4095.0,3411.0,4095.0,0.09112709830920235,0.5455635490879878,1,MEDIUM
3455.0,0.0,4095.0,0.0,29.75,1887.5,4095.0,0.0,2195.1025033013834,7550.0,4095.0,3455.0,4095.0,0.08476821190930221,0.5423841058884259,1,MEDIUM
3376.0,0.0,4095.0,0.0,29.75,1867.75,4095.0,0.0,2176.575349028836,7471.0,4095.0,3376.0,4095.0,0.09623878997507176,0.5481193949206105,1,MEDIUM
3393.0,0.0,4095.0,0.0,29.75,1872.0,4095.0,0.0,2180.5150767651207,7488.0,4095.0,3393.0,4095.0,0.09374999998747996,0.5468749999269664,1,MEDIUM
3407.2,0.0,4095.0,0.0,29.75,1875.55,4095.0,0.0,2183.8258195194962,7502.2,4095.0,3407.2,4095.0,0.0916797739207593,0.5458398868937325,1,MEDIUM
3328.0,0.0,4095.0,0.0,29.75,1855.75,4095.0,0.0,2165.5928172211875,7423.0,4095.0,3328.0,4095.0,0.10332749560779637,0.5516637477365399,1,MEDIUM
3365.0,0.0,4095.0,0.0,29.75,1865.0,4095.0,0.0,2174.040018030947,7460.0,4095.0,3365.0,4095.0,0.0978552278689202,0.5489276138674359,1,MEDIUM
3265.0,0.0,4095.0,0.0,29.75,1840.0,4095.0,0.0,2151.49947710893,7360.0,4095.0,3265.0,4095.0,0.11277173911511253,0.5563858694896214,1,MEDIUM
3216.0,0.0,4095.0,0.0,29.75,1827.75,4095.0,0.0,2140.7943035238113,7311.0,4095.0,3216.0,4095.0,0.12022979070985777,0.5601148952865388,1,MEDIUM
2719.0,0.0,4095.0,0.0,29.75,1703.5,4095.0,0.0,2045.6732388140585,6814.0,4095.0,2719.0,4095.0,0.2019371881124248,0.6009685939828341,1,MEDIUM
2916.0,0.0,4095.0,0.0,29.75,1752.75,4095.0,0.0,2080.348588578366,7011.0,4095.0,2916.0,4095.0,0.1681643131980938,0.5840821565277303,1,MEDIUM
3043.0,0.0,4095.0,0.0,29.75,1784.5,4095.0,0.0,2104.8446498494845,7138.0,4095.0,3043.0,4095.0,0.1473802185279658,0.5736901091939353,1,MEDIUM
3017.0,0.0,4095.0,0.0,29.75,1778.0,4095.0,0.0,2099.6966447560944,7112.0,4095.0,3017.0,4095.0,0.15157480312829374,0.5757874014938431,1,MEDIUM
3174.0,0.0,4095.0,0.0,29.75,1817.25,4095.0,0.0,2131.799767801845,7269.0,4095.0,3174.0,4095.0,0.12670243498050593,0.5633512174214677,1,MEDIUM
2635.0,0.0,4095.0,0.0,29.75,1682.5,4095.0,0.0,2032.1601806944254,6730.0,4095.0,2635.0,4095.0,0.2169390787196227,0.6084695392855172,1,MEDIUM
3067.8,0.0,4095.0,0.0,29.75,1790.7,4095.0,0.0,2109.8179921500337,7162.8,4095.0,3067.8,4095.0,0.1434076059441269,0.5717038029022583,1,MEDIUM
2993.0,0.0,4095.0,0.0,29.75,1772.0,4095.0,0.0,2095.005011927179,7088.0,4095.0,2993.0,4095.0,0.15547404061011935,0.5777370202345179,1,MEDIUM
2752.0,0.0,4095.0,0.0,29.75,1711.75,4095.0,0.0,2051.192884640545,6847.0,4095.0,2752.0,4095.0,0.1961442967436623,0.5980721482988064,1,MEDIUM
2987.0,0.0,4095.0,0.0,29.75,1770.5,4095.0,0.0,2093.841206968666,7082.0,4095.0,2987.0,4095.0,0.15645297936226304,0.57822648961053,1,MEDIUM
2811.0,0.0,4095.0,0.0,29.75,1726.5,4095.0,0.0,2061.3536814433373,6906.0,4095.0,2811.0,4095.0,0.18592528233624017,0.5929626410957193,1,MEDIUM
2713.0,0.0,4095.0,0.0,29.75,1702.0,4095.0,0.0,2044.682371421048,6808.0,4095.0,2713.0,4095.0,0.20299647470578783,0.6014982372794508,1,MEDIUM
2957.0,0.0,4095.0,0.0,29.75,1763.0,4095.0,0.0,2088.0771058560076,7052.0,4095.0,2957.0,4095.0,0.16137266021534705,0.5806863300367716,1,MEDIUM
2919.0,0.0,4095.0,0.0,29.75,1753.5,4095.0,0.0,2080.9082151791317,7014.0,4095.0,2919.0,4095.0,0.16766467063477833,0.5838323352461031,1,MEDIUM
2800.0,0.0,4095.0,0.0,29.75,1723.75,4095.0,0.0,2059.4310500718398,6895.0,4095.0,2800.0,4095.0,0.18781725885600908,0.5939086293554882,1,MEDIUM
2907.0,0.0,4095.0,0.0,29.75,1750.5,4095.0,0.0,2078.6752993192563,7002.0,4095.0,2907.0,4095.0,0.16966580974440648,0.5848329048007951,1,MEDIUM
2762.0,0.0,4095.0,0.0,29.75,1714.25,4095.0,0.0,2052.888757336841,6857.0,4095.0,2762.0,4095.0,0.19439988330255215,0.5971999415783579,1,MEDIUM
2860.1,0.0,4095.0,0.0,29.75,1738.775,4095.0,0.0,2070.0920275437034,6955.1,4095.0,2860.1,4095.0,0.17755316240204264,0.5887765811291316,1,MEDIUM
2787.0,0.0,4095.0,0.0,29.75,1720.5,4095.0,0.0,2057.175490812585,6882.0,4095.0,2787.0,4095.0,0.19006102874308906,0.5950305142988912,1,MEDIUM
2913.0,0.0,4095.0,0.0,29.75,1752.0,4095.0,0.0,2079.7898932344106,7008.0,4095.0,2913.0,4095.0,0.16866438353757643,0.5843321916974411,1,MEDIUM
2937.0,0.0,4095.0,0.0,29.75,1758.0,4095.0,0.0,2084.2854890825297,7032.0,4095.0,2937.0,4095.0,0.16467576789467067,0.5823378838762318,1,MEDIUM
2716.0,0.0,4095.0,0.0,29.75,1702.75,4095.0,0.0,2045.1773150511913,6811.0,4095.0,2716.0,4095.0,0.20246659812032497,0.6012332989867518,1,MEDIUM
2783.0,0.0,4095.0,0.0,29.75,1719.5,4095.0,0.0,2056.485108139614,6878.0,4095.0,2783.0,4095.0,0.19075312588096058,0.5953765628677847,1,MEDIUM
2784.0,0.0,4095.0,0.0,29.75,1719.75,4095.0,0.0,2056.6575431996453,6879.0,4095.0,2784.0,4095.0,0.19058002613888936,0.5952900129967597,1,MEDIUM
2651.0,0.0,4095.0,0.0,29.75,1686.5,4095.0,0.0,2034.6741753902515,6746.0,4095.0,2651.0,4095.0,0.21405277198131442,0.6070263859165392,1,MEDIUM
1870.0,0.0,4095.0,0.0,29.75,1491.25,4095.0,0.0,1946.8452044268954,5965.0,4095.0,1870.0,4095.0,0.3730092203901074,0.6865046101112314,1,MEDIUM
2223.0,0.0,4095.0,0.0,29.75,1579.5,4095.0,0.0,1977.496144117606,6318.0,4095.0,2223.0,4095.0,0.2962962962493991,0.6481481480455605,1,MEDIUM
2015.0,0.0,4095.0,0.0,29.75,1527.5,4095.0,0.0,1957.5686450288276,6110.0,4095.0,2015.0,4095.0,0.34042553185917745,0.6702127658477557,1,MEDIUM
2567.9,0.0,4095.0,0.0,29.75,1665.725,4095.0,0.0,2021.9278183209212,6662.9,4095.0,2567.9,4095.0,0.229194494855214,0.6145972473525646,1,MEDIUM
2224.0,0.0,4095.0,0.0,29.75,1579.75,4095.0,0.0,1977.6046748528888,6319.0,4095.0,2224.0,4095.0,0.2960911536166971,0.648045576729222,1,MEDIUM
2112.0,0.0,4095.0,0.0,29.75,1551.75,4095.0,0.0,1966.202494658167,6207.0,4095.0,2112.0,4095.0,0.3194780086483844,0.659739004243638,1,MEDIUM
0.0,3985.0,4095.0,0.0,29.75,2020.0,4095.0,0.0,2332.927345632521,8080.0,4095.0,3985.0,4095.0,0.013613861384453729,0.5068069306303457,2,MEDIUM
0.0,3982.0,4095.0,0.0,29.75,2019.25,4095.0,0.0,2332.0853865156823,8077.0,4095.0,3982.0,4095.0,0.013990342947382649,0.5069951714117872,2,MEDIUM
0.0,3977.0,4095.0,0.0,29.75,2018.0,4095.0,0.0,2330.6835907089576,8072.0,4095.0,3977.0,4095.0,0.01461843409135054,0.5073092169837328,2,MEDIUM
0.0,3953.0,4095.0,0.0,29.75,2012.0,4095.0,0.0,2323.9806367523806,8048.0,4095.0,3953.0,4095.0,0.017644135186674435,0.50882206753121,2,MEDIUM
0.0,3980.0,4095.0,0.0,29.75,2018.75,4095.0,0.0,2331.524447652222,8075.0,4095.0,3980.0,4095.0,0.014241486066347803,0.5071207429712544,2,MEDIUM
0.0,3965.0,4095.0,0.0,29.75,2015.0,4095.0,0.0,2327.32679269586,8060.0,4095.0,3965.0,4095.0,0.016129032256063394,0.5080645160659969,2,MEDIUM
0.0,3946.0,4095.0,0.0,29.81,2010.25,4095.0,0.0,2322.033645320412,8041.0,4095.0,3946.0,4095.0,0.01853003357560875,0.5092650167256231,2,MEDIUM
0.7,3995.1,4095.0,0.0,29.76,2022.6999999999998,4095.0,0.0,2335.5647668176534,8090.799999999999,4095.0,3995.7999999999997,4095.0,0.01226083947047751,0.5061304196734402,2,MEDIUM
0.0,3970.0,4095.0,0.0,29.81,2016.25,4095.0,0.0,2328.724167865314,8065.0,4095.0,3970.0,4095.0,0.015499070053874882,0.5077495349649411,2,MEDIUM
0.0,3991.0,4095.0,0.0,29.75,2021.5,4095.0,0.0,2334.6132442012745,8086.0,4095.0,3991.0,4095.0,0.012861736332814526,0.5064308681045719,2,MEDIUM
0.0,3988.0,4095.0,0.0,29.75,2020.75,4095.0,0.0,2333.769965099388,8083.0,4095.0,3988.0,4095.0,0.01323765928328125,0.5066188295797824,2,MEDIUM
0.0,3935.0,4095.0,0.0,29.81,2007.5,4095.0,0.0,2318.9814574506627,8030.0,4095.0,3935.0,4095.0,0.019925280196771446,0.5099626400361192,2,MEDIUM
0.0,3911.0,4095.0,0.0,29.81,2001.5,4095.0,0.0,2312.353562931067,8006.0,4095.0,3911.0,4095.0,0.022982762924933453,0.5114913814000136,2,MEDIUM
0.0,3923.0,4095.0,0.0,29.81,2004.5,4095.0,0.0,2315.662108339643,8018.0,4095.0,3923.0,4095.0,0.0214517335967259,0.5107258667360033,2,MEDIUM
0.0,3943.0,4095.0,0.0,29.81,2009.5,4095.0,0.0,2321.200336033062,8038.0,4095.0,3943.0,4095.0,0.01891017665850831,0.5094550882670497,2,MEDIUM
0.0,3952.0,4095.0,0.0,29.75,2011.75,4095.0,0.0,2323.70227223713,8047.0,4095.0,3952.0,4095.0,0.01777059773607921,0.5088852988059046,2,MEDIUM
0.0,3977.0,4095.0,0.0,29.81,2018.0,4095.0,0.0,2330.6835907089576,8072.0,4095.0,3977.0,4095.0,0.01461843409135054,0.5073092169837328,2,MEDIUM
0.0,4014.0,4095.0,0.0,29.81,2027.25,4095.0,0.0,2341.1002221177973,8109.0,4095.0,4014.0,4095.0,0.009988901219633875,0.5049944505481571,2,MEDIUM
0.0,3960.4,4095.0,0.0,29.79,2013.85,4095.0,0.0,2326.0428392443678,8055.4,4095.0,3960.4,4095.0,0.01670928817728364,0.5083546440265717,2,MEDIUM
0.0,3985.0,4095.0,0.0,29.81,2020.0,4095.0,0.0,2332.927345632521,8080.0,4095.0,3985.0,4095.0,0.013613861384453729,0.5068069306303457,2,MEDIUM
0.0,4016.0,4095.0,0.0,29.81,2027.75,4095.0,0.0,2341.6661269275774,8111.0,4095.0,4016.0,4095.0,0.009739859448928632,0.5048699296628196,2,MEDIUM
0.0,3979.0,4095.0,0.0,29.81,2018.5,4095.0,0.0,2331.2440884643547,8074.0,4095.0,3979.0,4095.0,0.014367104283580987,0.5071835520798633,2,MEDIUM
0.0,4009.0,4095.0,0.0,29.81,2026.0,4095.0,0.0,2339.6867311672304,8104.0,4095.0,4009.0,4095.0,0.01061204343403109,0.5053060216553176,2,MEDIUM
0.0,4014.0,4095.0,0.0,29.81,2027.25,4095.0,0.0,2341.1002221177973,8109.0,4095.0,4014.0,4095.0,0.009988901219633875,0.5049944505481571,2,MEDIUM
0.0,3894.0,4095.0,3930.0,29.81,2979.75,4095.0,0.0,1988.426576466931,11919.0,4095.0,3894.0,8025.0,0.3465894789540574,0.34356909133790003,3,MEDIUM
0.0,3729.0,4095.0,4095.0,29.81,2979.75,4095.0,0.0,1993.9784978780488,11919.0,4095.0,3729.0,8190.0,0.3742763654354999,0.34356909133790003,3,MEDIUM
0.0,3319.0,4095.0,4095.0,29.81,2877.25,4095.0,0.0,1952.736605382303,11509.0,4095.0,3319.0,8190.0,0.42323399075304247,0.3558084976665385,2,MEDIUM
0.0,3526.0,4095.0,4095.0,29.81,2929.0,4095.0,0.0,1971.0032978156073,11716.0,4095.0,3526.0,8190.0,0.39808808463655787,0.3495220211378011,3,MEDIUM
0.0,3730.0,4095.0,4031.0,29.81,2964.0,4095.0,0.0,1982.3977064823966,11856.0,4095.0,3730.0,8126.0,0.3707827260146101,0.3453947368129728,3,MEDIUM
0.0,3820.1,4095.0,2024.6,29.81,2484.925,4095.0,0.0,1894.0067887505932,9939.7,4095.0,3820.1,6119.6,0.2313450103895143,0.41198426507721714,2,MEDIUM
0.0,3824.0,4095.0,2735.0,29.81,2663.5,4095.0,0.0,1870.409669920826,10654.0,4095.0,3824.0,6830.0,0.2821475501893986,0.38436268064723456,2,MEDIUM
0.0,3843.0,4095.0,1343.0,29.81,2320.25,4095.0,0.0,1983.8584248882278,9281.0,4095.0,3843.0,5438.0,0.1718564809641357,0.44122400598629197,2,MEDIUM
0.0,3863.0,4095.0,2474.0,29.81,2608.0,4095.0,0.0,1880.2317233078836,10432.0,4095.0,3863.0,6569.0,0.25939417175427587,0.39254217787648177,2,MEDIUM
0.0,3854.0,4095.0,2607.0,29.81,2639.0,4095.0,0.0,1876.300082609389,10556.0,4095.0,3854.0,6702.0,0.26979916632533163,0.3879310344460088,2,MEDIUM
0.0,3859.0,4095.0,2643.0,29.81,2649.25,4095.0,0.0,1877.2544446611387,10597.0,4095.0,3859.0,6738.0,0.2716806643133263,0.3864301216960998,2,MEDIUM
0.0,3921.0,4095.0,3455.0,29.81,2867.75,4095.0,0.0,1930.831491870795,11471.0,4095.0,3921.0,7550.0,0.31636300232618225,0.35698718504428667,2,MEDIUM
0.0,3907.0,4095.0,2797.0,29.81,2699.75,4095.0,0.0,1888.763506459539,10799.0,4095.0,3907.0,6892.0,0.27641448279688724,0.37920177790728754,2,MEDIUM
0.0,3913.0,4095.0,3324.0,29.87,2833.0,4095.0,0.0,1917.1171064908895,11332.0,4095.0,3913.0,7419.0,0.3093893398950415,0.36136604303200087,2,MEDIUM
0.0,3935.0,4095.0,1261.0,29.87,2322.75,4095.0,0.0,2021.77321098749,9291.0,4095.0,3935.0,5356.0,0.1529437089492042,0.44074911199647515,2,MEDIUM
0.0,3921.0,4095.0,3154.0,29.87,2792.5,4095.0,0.0,1906.0217732229607,11170.0,4095.0,3921.0,7249.0,0.29794091313357735,0.3666069829573315,2,MEDIUM
0.0,3884.0,4095.0,2579.3,29.83,2639.575,4095.0,0.0,1883.0688399082317,10558.3,4095.0,3884.0,6674.3,0.2642754988715726,0.3878465282869547,2,MEDIUM
0.0,3916.0,4095.0,2832.0,29.81,2710.75,4095.0,0.0,1891.352492265786,10843.0,4095.0,3916.0,6927.0,0.2776906759865636,0.3776630083576812,2,MEDIUM
0.0,3888.0,4095.0,1424.0,29.87,2351.75,4095.0,0.0,1982.4591420758209,9407.0,4095.0,3888.0,5519.0,0.1733815243782947,0.43531412773091166,2,MEDIUM
0.0,3885.0,4095.0,2427.0,29.87,2601.75,4095.0,0.0,1886.4575929503424,10407.0,4095.0,3885.0,6522.0,0.2533871432446058,0.3934851541853094,2,MEDIUM
0.0,3817.0,4095.0,0.0,29.87,1978.0,4095.0,0.0,2286.815689993402,7912.0,4095.0,3817.0,4095.0,0.0351365015122426,0.5175682506929261,2,MEDIUM
0.0,3834.0,4095.0,2160.0,29.87,2522.25,4095.0,0.0,1887.4321842121904,10089.0,4095.0,3834.0,6255.0,0.23996431754981024,0.40588760031659354,2,MEDIUM
0.0,3839.0,4095.0,2469.0,29.87,2600.75,4095.0,0.0,1875.0381996108772,10403.0,4095.0,3839.0,6564.0,0.2619436700699852,0.3936364509859044,2,MEDIUM
0.0,3867.0,4095.0,2661.0,29.87,2655.75,4095.0,0.0,1878.9715937182234,10623.0,4095.0,3867.0,6756.0,0.2719570742472035,0.38548432642516384,2,MEDIUM
0.0,3853.0,4095.0,2451.0,29.87,2599.75,4095.0,0.0,1878.5841077790476,10399.0,4095.0,3853.0,6546.0,0.25896720836051856,0.39378786417984535,2,MEDIUM
0.0,3883.0,4095.0,2923.0,29.87,2725.25,4095.0,0.0,1887.034070527963,10901.0,4095.0,3883.0,7018.0,0.28758829462548496,0.37565360972611195,2,MEDIUM
0.0,3861.0,4095.0,2670.0,29.87,2656.5,4095.0,0.0,1877.700455344249,10626.0,4095.0,3861.0,6765.0,0.2732919254401193,0.38537549403487903,2,MEDIUM
0.0,3864.3,4095.0,2201.7,29.87,2540.25,4095.0,0.0,1891.8987050051069,10161.0,4095.0,3864.3,6296.7,0.2393858871922659,0.4030115145750407,2,MEDIUM
0.0,3882.0,4095.0,2915.0,29.87,2723.0,4095.0,0.0,1886.5540013474304,10892.0,4095.0,3882.0,7010.0,0.2871832537378642,0.3759640102482589,2,MEDIUM
0.0,3839.0,4095.0,2487.0,29.87,2605.25,4095.0,0.0,1874.6381650867988,10421.0,4095.0,3839.0,6582.0,0.26321850107828243,0.39295653004577713,2,MEDIUM
0.0,3831.0,4095.0,2384.0,29.94,2577.5,4095.0,0.0,1875.723593709905,10310.0,4095.0,3831.0,6479.0,0.25683802131359473,0.39718719685769277,2,MEDIUM
0.0,3856.0,4095.0,2615.0,29.87,2641.5,4095.0,0.0,1876.6900827431966,10566.0,4095.0,3856.0,6710.0,0.27011167894471777,0.38756388412004883,2,MEDIUM
0.0,3850.0,4095.0,2422.0,29.94,2591.75,4095.0,0.0,1878.735101959117,10367.0,4095.0,3850.0,6517.0,0.2572586090231254,0.3950033760591296,2,MEDIUM
0.0,3831.0,4095.0,1183.0,29.87,2277.25,4095.0,0.0,2008.4492151906654,9109.0,4095.0,3831.0,5278.0,0.15885388075981405,0.4495553847349264,2,MEDIUM
0.0,3839.0,4095.0,2290.0,29.94,2556.0,4095.0,0.0,1881.356071206795,10224.0,4095.0,3839.0,6385.0,0.24902190920882022,0.4005281689749092,2,MEDIUM
0.0,3827.0,4095.0,2262.0,29.94,2546.0,4095.0,0.0,1879.9941489270652,10184.0,4095.0,3827.0,6357.0,0.2484289080667293,0.4021013353886389,2,MEDIUM
0.0,3808.0,4095.0,0.0,29.94,1975.75,4095.0,0.0,2284.4063233146594,7903.0,4095.0,3808.0,4095.0,0.03631532329035615,0.5181576615819109,2,MEDIUM
0.0,3820.0,4095.0,2305.0,29.94,2555.0,4095.0,0.0,1876.3750513512307,10220.0,4095.0,3820.0,6400.0,0.25244618392833207,0.40068493146764333,2,MEDIUM
0.0,3838.3,4095.0,2086.3,29.91,2504.9,4095.0,0.0,1893.5085194773574,10019.6,4095.0,3838.3,6181.3,0.2338416703028223,0.40869895001709655,2,MEDIUM
0.0,3803.0,4095.0,0.0,29.94,1974.5,4095.0,0.0,2283.07052015482,7898.0,4095.0,3803.0,4095.0,0.03697138515611909,0.5184856925147524,2,MEDIUM
0.0,3835.0,4095.0,426.0,29.94,2089.0,4095.0,0.0,2175.778940977231,8356.0,4095.0,3835.0,4521.0,0.08209669697437809,0.4900670176531753,2,MEDIUM
0.0,3823.0,4095.0,0.0,29.94,1979.5,4095.0,0.0,2288.4254412149853,7918.0,4095.0,3823.0,4095.0,0.03435210911412578,0.5171760544939156,2,MEDIUM
0.0,3824.0,4095.0,1283.0,29.94,2300.5,4095.0,0.0,1989.044075261615,9202.0,4095.0,3824.0,5378.0,0.16887633121398865,0.44501195387469983,2,MEDIUM
0.0,3841.0,4095.0,2219.0,29.94,2538.75,4095.0,0.0,1885.4938124180271,10155.0,4095.0,3841.0,6314.0,0.24352535694303049,0.40324963068407194,2,MEDIUM
0.0,3814.0,4095.0,0.0,29.94,1977.25,4095.0,0.0,2286.011865673492,7909.0,4095.0,3814.0,4095.0,0.03552914400865733,0.5177645719411095,2,MEDIUM
0.0,3833.0,4095.0,2110.0,29.94,2509.5,4095.0,0.0,1890.560146270588,10038.0,4095.0,3833.0,6205.0,0.23630205217809302,0.4079497907543385,2,MEDIUM
0.0,3807.0,4095.0,0.0,29.94,1975.5,4095.0,0.0,2284.139006277858,7902.0,4095.0,3807.0,4095.0,0.03644646924367926,0.5182232345585644,2,MEDIUM
0.0,3825.0,4095.0,1998.0,29.94,2479.5,4095.0,0.0,1897.3642243913002,9918.0,4095.0,3825.0,6093.0,0.22867513609309587,0.412885662390312,2,MEDIUM
0.0,3803.0,4095.0,0.0,29.94,1974.5,4095.0,0.0,2283.07052015482,7898.0,4095.0,3803.0,4095.0,0.03697138515611909,0.5184856925147524,2,MEDIUM
0.0,3820.8,4095.0,803.6,29.94,2179.85,4095.0,0.0,2082.1724640384623,8719.4,4095.0,3820.8,4898.6,0.12360942265252091,0.46964240653374745,2,MEDIUM
0.0,3825.0,4095.0,1808.0,30.0,2432.0,4095.0,0.0,1915.7259720534146,9728.0,4095.0,3825.0,5903.0,0.21361019734646275,0.42094983548304377,2,MEDIUM
0.0,3847.0,4095.0,2288.0,29.94,2557.5,4095.0,0.0,1883.273125881285,10230.0,4095.0,3847.0,6383.0,0.24789833819668636,0.4002932550928354,2,MEDIUM
0.0,3831.0,4095.0,2238.0,29.94,2541.0,4095.0,0.0,1882.1535537782245,10164.0,4095.0,3831.0,6333.0,0.24616292795689068,0.4028925619438319,2,MEDIUM
0.0,3824.0,4095.0,1929.0,29.94,2462.0,4095.0,0.0,1903.2661400865618,9848.0,4095.0,3824.0,6024.0,0.22339561329981766,0.4158204711194333,2,MEDIUM
0.0,3825.0,4095.0,2273.0,29.94,2548.25,4095.0,0.0,1878.9950106373353,10193.0,4095.0,3825.0,6368.0,0.24948494062106494,0.40174629643856113,2,MEDIUM
0.0,3833.0,4095.0,2203.0,30.0,2532.75,4095.0,0.0,1884.5718125523013,10131.0,4095.0,3833.0,6298.0,0.24331260485210615,0.40420491556566923,2,MEDIUM
0.0,3824.0,4095.0,1251.0,30.0,2292.5,4095.0,0.0,1994.5573443749367,9170.0,4095.0,3824.0,5346.0,0.16597600870600043,0.44656488544748474,2,MEDIUM
0.0,3823.0,4095.0,2214.0,30.0,2533.0,4095.0,0.0,1881.6476822189643,10132.0,4095.0,3823.0,6309.0,0.24536123171680208,0.4041650216734934,2,MEDIUM
0.0,3811.0,4095.0,1296.0,30.0,2300.5,4095.0,0.0,1983.528925929743,9202.0,4095.0,3811.0,5391.0,0.17170180393700263,0.44501195387469983,2,MEDIUM
0.0,3823.0,4095.0,2102.0,30.0,2505.0,4095.0,0.0,1888.796618661381,10020.0,4095.0,3823.0,6197.0,0.2369261476809455,0.40868263468975224,2,MEDIUM
0.0,3826.6,4095.0,1960.2,29.98,2470.4500000000003,4095.0,0.0,1901.033384767348,9881.800000000001,4095.0,3826.6,6055.2,0.22552571391593373,0.4143981865232651,2,MEDIUM
0.0,3799.0,4095.0,0.0,30.0,1973.5,4095.0,0.0,2282.003286588343,7894.0,4095.0,3799.0,4095.0,0.037496833033000145,0.5187484164531608,2,MEDIUM
0.0,3808.0,4095.0,0.0,30.0,1975.75,4095.0,0.0,2284.4063233146594,7903.0,4095.0,3808.0,4095.0,0.03631532329035615,0.5181576615819109,2,MEDIUM
0.0,3819.0,4095.0,0.0,30.0,1978.5,4095.0,0.0,2287.351962422924,7914.0,4095.0,3819.0,4095.0,0.034874905226829046,0.5174374525502353,2,MEDIUM
0.0,3829.0,4095.0,951.0,30.0,2218.75,4095.0,0.0,2052.905319297507,8875.0,4095.0,3829.0,5046.0,0.13712676054792938,0.4614084506522356,2,MEDIUM
0.0,3815.0,4095.0,0.0,30.0,1977.5,4095.0,0.0,2286.279729167015,7910.0,4095.0,3815.0,4095.0,0.03539823008402045,0.5176991149787991,2,MEDIUM
0.0,3807.0,4095.0,0.0,30.0,1975.5,4095.0,0.0,2284.139006277858,7902.0,4095.0,3807.0,4095.0,0.03644646924367926,0.5182232345585644,2,MEDIUM
0.0,3808.0,4095.0,0.0,30.0,1975.75,4095.0,0.0,2284.4063233146594,7903.0,4095.0,3808.0,4095.0,0.03631532329035615,0.5181576615819109,2,MEDIUM
0.0,3807.0,4095.0,0.0,30.0,1975.5,4095.0,0.0,2284.139006277858,7902.0,4095.0,3807.0,4095.0,0.03644646924367926,0.5182232345585644,2,MEDIUM
0.0,3799.0,4095.0,0.0,30.0,1973.5,4095.0,0.0,2282.003286588343,7894.0,4095.0,3799.0,4095.0,0.037496833033000145,0.5187484164531608,2,MEDIUM
0.0,3836.0,4095.0,2221.0,30.06,2538.0,4095.0,0.0,1884.2315852003612,10152.0,4095.0,3836.0,6316.0,0.24428684000745796,0.4033687942865082,2,MEDIUM
0.0,3812.7,4095.0,317.2,30.01,2056.225,4095.0,0.0,2198.035268711583,8224.9,4095.0,3812.7,4412.2,0.072888424166508,0.4978783935977485,2,MEDIUM
0.0,3830.0,4095.0,1773.0,30.06,2424.5,4095.0,0.0,1920.8203976426323,9698.0,4095.0,3830.0,5868.0,0.21014642192099953,0.4222520106803205,2,MEDIUM
0.0,3834.0,4095.0,937.0,30.06,2216.5,4095.0,0.0,2057.1064629717152,8866.0,4095.0,3834.0,5032.0,0.1351229415593139,0.4618768327924795,2,MEDIUM
0.0,3824.0,4095.0,0.0,30.0,1979.75,4095.0,0.0,2288.6940053226863,7919.0,4095.0,3824.0,4095.0,0.034221492608382184,0.5171107462410518,2,MEDIUM
0.0,3831.0,4095.0,2155.0,30.06,2520.25,4095.0,0.0,1887.0586238906305,10081.0,4095.0,3831.0,6250.0,0.23995635351255268,0.4062097013782155,2,MEDIUM
0.0,3824.0,4095.0,0.0,30.06,1979.75,4095.0,0.0,2288.6940053226863,7919.0,4095.0,3824.0,4095.0,0.034221492608382184,0.5171107462410518,2,MEDIUM
0.0,3827.0,4095.0,1289.0,30.06,2302.75,4095.0,0.0,1988.7889740576634,9211.0,4095.0,3827.0,5384.0,0.16903702093485648,0.4445771359847381,2,MEDIUM
0.0,3840.0,4095.0,2348.0,30.06,2570.75,4095.0,0.0,1879.069517074874,10283.0,4095.0,3840.0,6443.0,0.25313624426206977,0.39823008845684815,2,MEDIUM
0.0,3827.0,4095.0,1177.0,30.06,2274.75,4095.0,0.0,2008.509625734133,9099.0,4095.0,3827.0,5272.0,0.15880866027488638,0.45004945593471263,2,MEDIUM
0.0,3805.0,4095.0,0.0,30.06,1975.0,4095.0,0.0,2283.6046067566076,7900.0,4095.0,3805.0,4095.0,0.03670886075484698,0.5183544303141323,2,MEDIUM
0.0,3809.0,4095.0,0.0,30.06,1976.0,4095.0,0.0,2284.6737184989897,7904.0,4095.0,3809.0,4095.0,0.03618421052173783,0.5180921051976097,2,MEDIUM
0.0,3825.1,4095.0,967.9,30.06,2222.0,4095.0,0.0,2048.4229234543664,8888.0,4095.0,3825.1,5062.9,0.13926642662699518,0.460733573305498,2,MEDIUM
0.0,3835.0,4095.0,2285.0,30.06,2553.75,4095.0,0.0,1880.6841618588344,10215.0,4095.0,3835.0,6380.0,0.24914341651990762,0.4008810572294781,2,MEDIUM
0.0,3821.0,4095.0,2047.0,30.06,2490.75,4095.0,0.0,1892.4351816288627,9963.0,4095.0,3821.0,6142.0,0.2329619592258394,0.41102077683318067,2,MEDIUM
0.0,3837.0,4095.0,2201.0,30.06,2533.25,4095.0,0.0,1885.609782006871,10133.0,4095.0,3837.0,6296.0,0.2426724563068516,0.40412513565537106,2,MEDIUM
0.0,3835.0,4095.0,2477.0,30.06,2601.75,4095.0,0.0,1873.9767652419457,10407.0,4095.0,3835.0,6572.0,0.26299606031872813,0.3934851541853094,2,MEDIUM
0.0,3821.0,4095.0,2115.0,30.06,2507.75,4095.0,0.0,1887.4189386567043,10031.0,4095.0,3821.0,6210.0,0.23816169871018225,0.40823447309258953,2,MEDIUM
0.0,3824.0,4095.0,2240.0,30.06,2539.75,4095.0,0.0,1880.4503671549892,10159.0,4095.0,3824.0,6335.0,0.2471699970226233,0.40309085535947525,2,MEDIUM
0.0,3805.0,4095.0,0.0,30.06,1975.0,4095.0,0.0,2283.6046067566076,7900.0,4095.0,3805.0,4095.0,0.03670886075484698,0.5183544303141323,2,MEDIUM
0.0,3819.0,4095.0,1775.0,30.06,2422.25,4095.0,0.0,1917.918207327935,9689.0,4095.0,3819.0,5870.0,0.21168335223328688,0.42264423568762055,2,MEDIUM
0.0,3799.0,4095.0,0.0,30.06,1973.5,4095.0,0.0,2282.003286588343,7894.0,4095.0,3799.0,4095.0,0.037496833033000145,0.5187484164531608,2,MEDIUM
0.0,3815.0,4095.0,1459.0,30.12,2342.25,4095.0,0.0,1958.5190621147058,9369.0,4095.0,3815.0,5554.0,0.1856121250735818,0.4370797309812061,2,MEDIUM
0.0,3821.1,4095.0,1659.9,30.07,2394.0,4095.0,0.0,1932.196868851619,9576.0,4095.0,3821.1,5754.9,0.2019423558686359,0.4276315789027118,2,MEDIUM
0.0,3809.0,4095.0,0.0,30.12,1976.0,4095.0,0.0,2284.6737184989897,7904.0,4095.0,3809.0,4095.0,0.03618421052173783,0.5180921051976097,2,MEDIUM
0.0,3814.0,4095.0,1535.0,30.06,2361.0,4095.0,0.0,1947.1827512246164,9444.0,4095.0,3814.0,5630.0,0.19229140192796576,0.4336086403606937,2,MEDIUM
0.0,3796.0,4095.0,0.0,30.06,1972.75,4095.0,0.0,2281.2036844613417,7891.0,4095.0,3796.0,4095.0,0.03789126852897082,0.518945634201122,2,MEDIUM
0.0,3806.0,4095.0,1467.0,30.12,2342.0,4095.0,0.0,1955.0698197251165,9368.0,4095.0,3806.0,5562.0,0.18744662679467905,0.4371263876561564,2,MEDIUM
0.0,3799.0,4095.0,0.0,30.12,1973.5,4095.0,0.0,2282.003286588343,7894.0,4095.0,3799.0,4095.0,0.037496833033000145,0.5187484164531608,2,MEDIUM
0.0,3806.0,4095.0,1558.0,30.06,2364.75,4095.0,0.0,1941.9796385818947,9459.0,4095.0,3806.0,5653.0,0.19526376993389746,0.4329210275470006,2,MEDIUM
0.0,3811.0,4095.0,2071.0,30.12,2494.25,4095.0,0.0,1888.2668199524487,9977.0,4095.0,3811.0,6166.0,0.23604289864327524,0.4104440212077334,2,MEDIUM
0.0,3793.0,4095.0,0.0,30.06,1972.0,4095.0,0.0,2280.4047886285452,7888.0,4095.0,3793.0,4095.0,0.03828600405194143,0.5191430019625832,2,MEDIUM
0.0,3815.0,4095.0,881.0,30.12,2197.75,4095.0,0.0,2063.895245242193,8791.0,4095.0,3815.0,4976.0,0.13206688657353352,0.46581731310819957,2,MEDIUM
0.0,3795.0,4095.0,0.0,30.12,1972.5,4095.0,0.0,2280.9373073366132,7890.0,4095.0,3795.0,4095.0,0.03802281368339381,0.5190114067783256,2,MEDIUM
0.0,3804.4,4095.0,751.2,30.1,2162.65,4095.0,0.0,2089.542670059647,8650.6,4095.0,3804.4,4846.2,0.12043095275236038,0.47337756913123047,2,MEDIUM
0.0,3775.0,4095.0,0.0,30.12,1967.5,4095.0,0.0,2275.626287420674,7870.0,4095.0,3775.0,4095.0,0.040660736970691135,0.5203303684218131,2,MEDIUM
0.0,3792.0,4095.0,332.0,30.12,2054.75,4095.0,0.0,2188.6466708904845,8219.0,4095.0,3792.0,4427.0,0.07726000729075799,0.498235795048274,2,MEDIUM
0.0,3794.0,4095.0,1502.0,30.06,2347.75,4095.0,0.0,1946.9415973093116,9391.0,4095.0,3794.0,5597.0,0.1919923330644242,0.4360557980581348,2,MEDIUM
0.0,3798.0,4095.0,1584.0,30.12,2369.25,4095.0,0.0,1936.4488761648215,9477.0,4095.0,3798.0,5679.0,0.19848053179292174,0.43209876538650427,2,MEDIUM
0.0,3787.0,4095.0,843.0,30.12,2181.25,4095.0,0.0,2064.7547675208307,8725.0,4095.0,3787.0,4938.0,0.1319197707585192,0.4693409741582417,2,MEDIUM
0.0,3773.0,4095.0,0.0,30.12,1967.0,4095.0,0.0,2275.0969210123776,7868.0,4095.0,3773.0,4095.0,0.040925266898713106,0.520462633385808,2,MEDIUM
0.0,3783.0,4095.0,0.0,30.12,1969.5,4095.0,0.0,2277.7469130700188,7878.0,4095.0,3783.0,4095.0,0.039603960391012445,0.5198019801320383,2,MEDIUM
0.0,3792.0,4095.0,2065.0,30.12,2488.0,4095.0,0.0,1884.315790943758,9952.0,4095.0,3792.0,6160.0,0.2379421221625862,0.4114750803445061,2,MEDIUM
0.0,3792.0,4095.0,2652.0,30.12,2634.75,4095.0,0.0,1863.1302289426792,10539.0,4095.0,3792.0,6747.0,0.2803871334775228,0.3885567890323032,2,MEDIUM
0.0,3756.0,4095.0,1441.0,30.12,2323.0,4095.0,0.0,1946.5975444349044,9292.0,4095.0,3756.0,5536.0,0.19156263450370611,0.44070167881611044,2,MEDIUM
0.0,3784.2,4095.0,1041.9,30.12,2230.275,4095.0,0.0,2023.0541224841215,8921.1,4095.0,3784.2,5136.9,0.15162928336733927,0.45902411132494597,2,MEDIUM
0.0,3758.0,4095.0,1731.0,30.12,2396.0,4095.0,0.0,1908.2877141563324,9584.0,4095.0,3758.0,5826.0,0.21577629380052415,0.4272746243293745,2,MEDIUM
0.0,3758.0,4095.0,1424.0,30.12,2319.25,4095.0,0.0,1949.673712017817,9277.0,4095.0,3758.0,5519.0,0.18982429662716133,0.44141425024885045,2,MEDIUM
0.0,3778.0,4095.0,2246.0,30.12,2529.75,4095.0,0.0,1869.7847246853491,10119.0,4095.0,3778.0,6341.0,0.253285897790959,0.4046842572976891,2,MEDIUM
0.0,3786.0,4095.0,2458.0,30.12,2584.75,4095.0,0.0,1863.7645371666454,10339.0,4095.0,3786.0,6553.0,0.26762743009308176,0.39607312115329596,2,MEDIUM
0.0,3781.0,4095.0,2333.0,30.12,2552.25,4095.0,0.0,1866.543574810582,10209.0,4095.0,3781.0,6428.0,0.2592810265198079,0.4011166617297368,2,MEDIUM
0.0,3792.0,4095.0,2587.0,30.12,2618.5,4095.0,0.0,1863.2130849690811,10474.0,4095.0,3792.0,6682.0,0.27592132897881216,0.3909681114768982,2,MEDIUM
0.0,3795.0,4095.0,2559.0,30.12,2612.25,4095.0,0.0,1864.0574696076299,10449.0,4095.0,3795.0,6654.0,0.2736146999451034,0.39190353140090883,2,MEDIUM
0.0,3782.0,4095.0,2599.0,30.12,2619.0,4095.0,0.0,1861.0665400964756,10476.0,4095.0,3782.0,6694.0,0.27796869031329047,0.39089347075306474,2,MEDIUM
0.0,3781.0,4095.0,2628.0,30.12,2626.0,4095.0,0.0,1860.8121882661883,10504.0,4095.0,3781.0,6723.0,0.2800837775818656,0.3898514851114003,2,MEDIUM
0.0,3792.0,4095.0,2811.0,30.12,2674.5,4095.0,0.0,1865.315790958732,10698.0,4095.0,3792.0,6906.0,0.2910824452896726,0.38278182834335556,2,MEDIUM
0.0,3780.3,4095.0,2337.6,30.12,2553.225,4095.0,0.0,1866.211424919481,10212.9,4095.0,3780.3,6432.6,0.259700966399387,0.400963487314968,2,MEDIUM
0.0,3781.0,4095.0,2660.0,30.12,2634.0,4095.0,0.0,1860.8924382313628,10536.0,4095.0,3781.0,6755.0,0.28227031128680047,0.38866742593121983,2,MEDIUM
0.0,3734.0,4095.0,791.0,30.12,2155.0,4095.0,0.0,2062.4711715156973,8620.0,4095.0,3734.0,4886.0,0.13364269139980942,0.4750580045852601,2,MEDIUM
0.0,3776.0,4095.0,2363.0,30.12,2558.5,4095.0,0.0,1864.339114360189,10234.0,4095.0,3776.0,6458.0,0.26206761771916476,0.40013679886651,2,MEDIUM
0.0,3757.0,4095.0,2550.0,30.12,2600.5,4095.0,0.0,1856.1764463541713,10402.0,4095.0,3757.0,6645.0,0.27763891556646425,0.3936742933672684,2,MEDIUM
0.0,3777.0,4095.0,2477.0,30.12,2587.25,4095.0,0.0,1861.4360719616454,10349.0,4095.0,3777.0,6572.0,0.270074403297896,0.39569040483180107,2,MEDIUM
0.0,3899.0,4095.0,3771.0,30.12,2941.25,4095.0,0.0,1965.3549933790587,11765.0,4095.0,3899.0,7866.0,0.33718657030708143,0.34806629831295655,3,MEDIUM
0.0,3921.0,4095.0,3698.0,30.12,2928.5,4095.0,0.0,1959.083203950256,11714.0,4095.0,3921.0,7793.0,0.3305446474022072,0.3495816970847207,3,MEDIUM
0.0,4041.0,4095.0,1982.0,30.19,2529.5,4095.0,0.0,1952.2251407048318,10118.0,4095.0,4041.0,6077.0,0.2012255386241129,0.4047242537650994,2,MEDIUM
0.0,3952.0,4095.0,0.0,30.12,2011.75,4095.0,0.0,2323.70227223713,8047.0,4095.0,3952.0,4095.0,0.01777059773607921,0.5088852988059046,2,MEDIUM
0.0,3949.0,4095.0,0.0,30.19,2011.0,4095.0,0.0,2322.8676242954525,8044.0,4095.0,3949.0,4095.0,0.01815017404050843,0.5090750869580961,2,MEDIUM
0.0,3858.7,4095.0,2029.2,30.14,2495.725,4095.0,0.0,1902.7760620997942,9982.9,4095.0,3858.7,6124.2,0.2269380640668605,0.41020144442895334,2,MEDIUM
0.0,3937.0,4095.0,0.0,30.12,2008.0,4095.0,0.0,2319.535729407935,8032.0,4095.0,3937.0,4095.0,0.01967131473858674,0.5098356573070424,2,MEDIUM
0.0,3909.0,4095.0,0.0,30.19,2001.0,4095.0,0.0,2311.8031923154704,8004.0,4095.0,3909.0,4095.0,0.023238380806691855,0.5116191903408771,2,MEDIUM
0.0,3943.0,4095.0,0.0,30.12,2009.5,4095.0,0.0,2321.200336033062,8038.0,4095.0,3943.0,4095.0,0.01891017665850831,0.5094550882670497,2,MEDIUM
0.0,3943.0,4095.0,0.0,30.12,2009.5,4095.0,0.0,2321.200336033062,8038.0,4095.0,3943.0,4095.0,0.01891017665850831,0.5094550882670497,2,MEDIUM
0.0,3950.0,4095.0,0.0,30.19,2011.25,4095.0,0.0,2323.14576598198,8045.0,4095.0,3950.0,4095.0,0.018023617151271147,0.5090118085134852,2,MEDIUM
0.0,3959.0,4095.0,1220.0,30.12,2318.5,4095.0,0.0,2035.4636654416934,9274.0,4095.0,3959.0,5315.0,0.14621522534545878,0.44155704114281247,2,MEDIUM
0.0,3843.0,4095.0,0.0,30.19,1984.5,4095.0,0.0,2293.811456942353,7938.0,4095.0,3843.0,4095.0,0.0317460317420325,0.515873015808028,2,MEDIUM
0.0,3901.0,4095.0,0.0,30.12,1999.0,4095.0,0.0,2309.604728086605,7996.0,4095.0,3901.0,4095.0,0.02426213106249848,0.512131065468718,2,MEDIUM
0.0,3863.0,4095.0,0.0,30.19,1989.5,4095.0,0.0,2299.2283488161847,7958.0,4095.0,3863.0,4095.0,0.029153053527374583,0.5145765267008574,2,MEDIUM
0.0,3903.0,4095.0,0.0,30.19,1999.5,4095.0,0.0,2310.1538909778283,7998.0,4095.0,3903.0,4095.0,0.024006001497373593,0.5120030006861711,2,MEDIUM
0.0,3915.1,4095.0,122.0,30.16,2033.025,4095.0,0.0,2278.8267747169084,8132.1,4095.0,3915.1,4217.0,0.037124481986556435,0.5035599659985046,2,MEDIUM
0.0,3856.0,4095.0,0.0,30.19,1987.75,4095.0,0.0,2297.3289381366353,7951.0,4095.0,3856.0,4095.0,0.030059112057595382,0.5150295559659125,2,MEDIUM
0.0,3902.0,4095.0,0.0,30.19,1999.25,4095.0,0.0,2309.879271736945,7997.0,4095.0,3902.0,4095.0,0.02413405026583293,0.512067025070393,2,MEDIUM
0.0,3887.0,4095.0,0.0,30.19,1995.5,4095.0,0.0,2305.7690690960358,7982.0,4095.0,3887.0,4095.0,0.02605863191855943,0.5130293158966388,2,MEDIUM
0.0,3920.0,4095.0,0.0,30.19,2003.75,4095.0,0.0,2314.8339573282574,8015.0,4095.0,3920.0,4095.0,0.021834061132647027,0.5109170305039404,2,MEDIUM
0.0,3889.0,4095.0,0.0,30.19,1996.0,4095.0,0.0,2306.3161101635656,7984.0,4095.0,3889.0,4095.0,0.025801603203181162,0.5129008015389653,2,MEDIUM
0.0,3901.0,4095.0,0.0,30.19,1999.0,4095.0,0.0,2309.604728086605,7996.0,4095.0,3901.0,4095.0,0.02426213106249848,0.512131065468718,2,MEDIUM
0.0,3887.0,4095.0,0.0,30.19,1995.5,4095.0,0.0,2305.7690690960358,7982.0,4095.0,3887.0,4095.0,0.02605863191855943,0.5130293158966388,2,MEDIUM
0.0,3905.0,4095.0,0.0,30.19,2000.0,4095.0,0.0,2310.703356123412,8000.0,4095.0,3905.0,4095.0,0.02374999999703125,0.5118749999360156,2,MEDIUM
0.0,3884.0,4095.0,0.0,30.19,1994.75,4095.0,0.0,2304.949077528612,7979.0,4095.0,3884.0,4095.0,0.02644441659024384,0.5132222082324575,2,MEDIUM
0.0,3847.0,4095.0,0.0,30.19,1985.5,4095.0,0.0,2294.8923722039776,7942.0,4095.0,3847.0,4095.0,0.031226391333262854,0.515613195603675,2,MEDIUM
0.0,3887.8,4095.0,0.0,30.19,1995.7,4095.0,0.0,2305.9878490573187,7982.8,4095.0,3887.8,4095.0,0.02595580497745703,0.5129779024260939,2,MEDIUM
0.0,3839.0,4095.0,0.0,30.19,1983.5,4095.0,0.0,2292.7317767240024,7934.0,4095.0,3839.0,4095.0,0.03226619611390645,0.5161330979939333,2,MEDIUM
0.0,3904.0,4095.0,0.0,30.25,1999.75,4095.0,0.0,2310.4285857823,7999.0,4095.0,3904.0,4095.0,0.02387798474510839,0.5119389923100464,2,MEDIUM
0.0,3846.0,4095.0,0.0,30.19,1985.25,4095.0,0.0,2294.6220276986796,7941.0,4095.0,3846.0,4095.0,0.031356252357214925,0.5156781261156431,2,MEDIUM
0.0,3895.0,4095.0,0.0,30.19,1997.5,4095.0,0.0,2307.959055096082,7990.0,4095.0,3895.0,4095.0,0.02503128910825641,0.51251564449155,2,MEDIUM
0.0,3834.0,4095.0,3215.0,30.19,2786.0,4095.0,0.0,1893.640409370269,11144.0,4095.0,3834.0,7310.0,0.3119167264616011,0.36746231152481496,2,MEDIUM
0.0,3875.0,4095.0,3269.0,30.19,2809.75,4095.0,0.0,1905.4510183505986,11239.0,4095.0,3875.0,7364.0,0.31043687158017286,0.3643562594212691,2,MEDIUM
0.0,3856.0,4095.0,2649.0,30.19,2650.0,4095.0,0.0,1876.607044642005,10600.0,4095.0,3856.0,6744.0,0.2724528301629761,0.3863207546805358,2,MEDIUM
0.0,3859.0,4095.0,2626.0,30.19,2645.0,4095.0,0.0,1877.2925540078545,10580.0,4095.0,3859.0,6721.0,0.27051039694985723,0.3870510396609593,2,MEDIUM
0.0,3839.0,4095.0,2364.0,30.19,2574.5,4095.0,0.0,1878.2297516544668,10298.0,4095.0,3839.0,6459.0,0.25441833363231514,0.397650029093256,2,MEDIUM
0.0,3856.0,4095.0,2414.0,30.19,2591.25,4095.0,0.0,1880.3236201959137,10365.0,4095.0,3856.0,6509.0,0.25595754942055404,0.39507959475204246,2,MEDIUM
0.0,3860.3,4095.0,1653.7,30.19,2402.25,4095.0,0.0,1942.7167000534757,9609.0,4095.0,3860.3,5748.7,0.19652409197663392,0.4261629721691994,2,MEDIUM
0.0,3823.0,4095.0,0.0,30.19,1979.5,4095.0,0.0,2288.4254412149853,7918.0,4095.0,3823.0,4095.0,0.03435210911412578,0.5171760544939156,2,MEDIUM
0.0,3824.0,4095.0,0.0,30.19,1979.75,4095.0,0.0,2288.6940053226863,7919.0,4095.0,3824.0,4095.0,0.034221492608382184,0.5171107462410518,2,MEDIUM
0.0,3842.0,4095.0,0.0,30.19,1984.25,4095.0,0.0,2293.541421034292,7937.0,4095.0,3842.0,4095.0,0.031876023682515305,0.5159380117782615,2,MEDIUM
0.0,3799.0,4095.0,0.0,30.25,1973.5,4095.0,0.0,2282.003286588343,7894.0,4095.0,3799.0,4095.0,0.037496833033000145,0.5187484164531608,2,MEDIUM
0.0,3854.0,4095.0,2525.0,30.19,2618.5,4095.0,0.0,1877.213981764821,10474.0,4095.0,3854.0,6620.0,0.2640824899499635,0.3909681114768982,2,MEDIUM
0.0,3819.0,4095.0,1700.0,30.19,2403.5,4095.0,0.0,1926.7015856120531,9614.0,4095.0,3819.0,5795.0,0.20553359681656608,0.4259413355080152,2,MEDIUM
0.0,3824.0,4095.0,0.0,30.19,1979.75,4095.0,0.0,2288.6940053226863,7919.0,4095.0,3824.0,4095.0,0.034221492608382184,0.5171107462410518,2,MEDIUM
0.0,3831.0,4095.0,0.0,30.19,1981.5,4095.0,0.0,2290.5761284008877,7926.0,4095.0,3831.0,4095.0,0.03330809992009739,0.5166540498969652,2,MEDIUM
0.0,3811.0,4095.0,1506.0,30.19,2353.0,4095.0,0.0,1950.5850404429948,9412.0,4095.0,3811.0,5601.0,0.1901827454111578,0.43508287288195036,2,MEDIUM
0.0,3824.0,4095.0,2543.0,30.19,2615.5,4095.0,0.0,1870.4267783939936,10462.0,4095.0,3824.0,6638.0,0.26897342761718857,0.3914165551145654,2,MEDIUM
0.0,3825.1,4095.0,827.4,30.19,2186.875,4095.0,0.0,2078.08539345716,8747.5,4095.0,3825.1,4922.4,0.12544155471558252,0.4681337524471982,2,MEDIUM
0.0,3856.0,4095.0,2728.0,30.19,2669.75,4095.0,0.0,1877.0086796105481,10679.0,4095.0,3856.0,6823.0,0.2778350032514435,0.3834628710194341,2,MEDIUM
0.0,3807.0,4095.0,1997.0,30.25,2474.75,4095.0,0.0,1893.2100385324393,9899.0,4095.0,3807.0,6092.0,0.2308313970875006,0.413678149266221,2,MEDIUM
0.0,3784.0,4095.0,0.0,30.25,1969.75,4095.0,0.0,2278.0123463229957,7879.0,4095.0,3784.0,4095.0,0.03947201420999213,0.5197360070415362,2,MEDIUM
0.0,3813.0,4095.0,0.0,30.25,1977.0,4095.0,0.0,2285.7440801629564,7908.0,4095.0,3813.0,4095.0,0.0356600910425316,0.5178300454580387,2,MEDIUM
0.0,3782.0,4095.0,1040.0,30.25,2229.25,4095.0,0.0,2022.86321419253,8917.0,4095.0,3782.0,5135.0,0.151732645491563,0.45923516872723613,2,MEDIUM
0.0,3778.0,4095.0,0.0,30.25,1968.25,4095.0,0.0,2276.420929880939,7873.0,4095.0,3778.0,4095.0,0.04026419407592224,0.520132096974453,2,MEDIUM
0.0,3770.0,4095.0,0.0,30.25,1966.25,4095.0,0.0,2274.3034647997174,7865.0,4095.0,3770.0,4095.0,0.04132231404433283,0.5206611569585936,2,MEDIUM
0.0,3578.0,4095.0,0.0,30.25,1918.25,4095.0,0.0,2225.0375839522353,7673.0,4095.0,3578.0,4095.0,0.06737912158642263,0.5336895607280477,2,MEDIUM
0.0,3674.0,4095.0,0.0,30.25,1942.25,4095.0,0.0,2249.2932778986383,7769.0,4095.0,3674.0,4095.0,0.054189728400799365,0.5270948641360413,2,MEDIUM
0.0,3759.0,4095.0,0.0,30.25,1963.5,4095.0,0.0,2271.400228933686,7854.0,4095.0,3759.0,4095.0,0.0427807486576546,0.5213903742651654,2,MEDIUM
0.0,3760.1,4095.0,576.5,30.24,2107.9,4095.0,0.0,2118.707123066644,8431.6,4095.0,3760.1,4671.5,0.10809336304994387,0.4856729445792408,2,MEDIUM
0.0,3770.0,4095.0,0.0,30.25,1966.25,4095.0,0.0,2274.3034647997174,7865.0,4095.0,3770.0,4095.0,0.04132231404433283,0.5206611569585936,2,MEDIUM
0.0,3748.0,4095.0,0.0,30.25,1960.75,4095.0,0.0,2268.506612289239,7843.0,4095.0,3748.0,4095.0,0.04424327425165839,0.522121637062078,2,MEDIUM
0.0,3734.0,4095.0,0.0,30.25,1957.25,4095.0,0.0,2264.837797724155,7829.0,4095.0,3734.0,4095.0,0.046110614376534596,0.5230553071244022,2,MEDIUM
0.0,3797.0,4095.0,0.0,30.25,1973.0,4095.0,0.0,2281.4701400632007,7892.0,4095.0,3797.0,4095.0,0.03775975671087687,0.5188798782920832,2,MEDIUM
0.0,3755.0,4095.0,0.0,30.25,1962.5,4095.0,0.0,2270.346889794597,7850.0,4095.0,3755.0,4095.0,0.04331210190531056,0.5216560508889609,2,MEDIUM
0.0,3715.0,4095.0,0.0,30.25,1952.5,4095.0,0.0,2259.883846572651,7810.0,4095.0,3715.0,4095.0,0.04865556977610044,0.5243277848240298,2,MEDIUM
0.0,3747.0,4095.0,0.0,30.25,1960.5,4095.0,0.0,2268.2440344901165,7842.0,4095.0,3747.0,4095.0,0.04437643457735572,0.5221882172249186,2,MEDIUM
0.0,3657.0,4095.0,0.0,30.25,1938.0,4095.0,0.0,2244.942315517261,7752.0,4095.0,3657.0,4095.0,0.05650154798032746,0.5282507739256642,2,MEDIUM
0.0,3780.0,4095.0,0.0,30.25,1968.75,4095.0,0.0,2276.9510864311515,7875.0,4095.0,3780.0,4095.0,0.03999999999492063,0.5199999999339683,2,MEDIUM
0.0,3760.0,4095.0,0.0,30.25,1963.75,4095.0,0.0,2271.6637625317703,7855.0,4095.0,3760.0,4095.0,0.04264799490227269,0.5213239973874826,2,MEDIUM
0.0,3746.3,4095.0,0.0,30.25,1960.325,4095.0,0.0,2268.0602775279144,7841.3,4095.0,3746.3,4095.0,0.04446966701382808,0.522234833443149,2,MEDIUM
0.0,3723.0,4095.0,0.0,30.25,1954.5,4095.0,0.0,2261.966180118527,7818.0,4095.0,3723.0,4095.0,0.047582501912563,0.5237912508923265,2,MEDIUM
0.0,3781.0,4095.0,0.0,30.25,1969.0,4095.0,0.0,2277.2162830965353,7876.0,4095.0,3781.0,4095.0,0.03986795327071255,0.5199339765718722,2,MEDIUM
0.0,3725.0,4095.0,0.0,30.25,1955.0,4095.0,0.0,2262.4875690266235,7820.0,4095.0,3725.0,4095.0,0.04731457799906463,0.5236572889355937,2,MEDIUM
0.0,3781.0,4095.0,0.0,30.25,1969.0,4095.0,0.0,2277.2162830965353,7876.0,4095.0,3781.0,4095.0,0.03986795327071255,0.5199339765718722,2,MEDIUM
0.0,3659.0,4095.0,0.0,30.25,1938.5,4095.0,0.0,2245.452960985823,7754.0,4095.0,3659.0,4095.0,0.056229043067290554,0.5281145214691624,2,MEDIUM
0.0,3699.0,4095.0,0.0,30.25,1948.5,4095.0,0.0,2255.734691846539,7794.0,4095.0,3699.0,4095.0,0.05080831408124091,0.5254041569764685,2,MEDIUM
0.0,3792.0,4095.0,2313.0,30.25,2550.0,4095.0,0.0,1869.782340273862,10200.0,4095.0,3792.0,6408.0,0.25647058821014995,0.40147058819593423,2,MEDIUM
0.0,3771.0,4095.0,2362.0,30.25,2557.0,4095.0,0.0,1863.2868807566913,10228.0,4095.0,3771.0,6457.0,0.2626124364232878,0.40037152909656126,2,MEDIUM
0.0,3760.0,4095.0,0.0,30.25,1963.75,4095.0,0.0,2271.6637625317703,7855.0,4095.0,3760.0,4095.0,0.04264799490227269,0.5213239973874826,2,MEDIUM
0.0,3682.0,4095.0,0.0,30.25,1944.25,4095.0,0.0,2251.348984497961,7777.0,4095.0,3682.0,4095.0,0.0531053105242246,0.5265526551978201,2,MEDIUM
0.0,3737.3,4095.0,467.5,30.25,2074.95,4095.0,0.0,2139.5733632354527,8299.8,4095.0,3737.3,4562.5,0.09942408249603313,0.4933853827208625,2,MEDIUM
0.0,3761.0,4095.0,0.0,30.31,1964.0,4095.0,0.0,2271.927375599845,7856.0,4095.0,3761.0,4095.0,0.04251527494367168,0.5212576374081902,2,MEDIUM
0.0,3791.0,4095.0,0.0,30.31,1971.5,4095.0,0.0,2279.872584159036,7886.0,4095.0,3791.0,4095.0,0.03854932791801302,0.519274663895603,2,MEDIUM
0.0,3747.0,4095.0,0.0,30.25,1960.5,4095.0,0.0,2268.2440344901165,7842.0,4095.0,3747.0,4095.0,0.04437643457735572,0.5221882172249186,2,MEDIUM
0.0,3766.0,4095.0,0.0,30.25,1965.25,4095.0,0.0,2273.2466320221392,7861.0,4095.0,3766.0,4095.0,0.0418521816509538,0.5209260907618717,2,MEDIUM
0.0,3719.0,4095.0,0.0,30.25,1953.5,4095.0,0.0,2260.9243684829444,7814.0,4095.0,3719.0,4095.0,0.04811876119169199,0.5240593805318583,2,MEDIUM
0.0,3749.0,4095.0,261.0,30.31,2026.25,4095.0,0.0,2196.1626192065105,8105.0,4095.0,3749.0,4356.0,0.07489204194017371,0.505243676680414,2,MEDIUM
0.0,3729.0,4095.0,0.0,30.25,1956.0,4095.0,0.0,2263.5313119106613,7824.0,4095.0,3729.0,4095.0,0.046779141098315546,0.5233895704852518,2,MEDIUM
0.0,3770.0,4095.0,1327.0,30.31,2298.0,4095.0,0.0,1968.0479330206026,9192.0,4095.0,3770.0,5422.0,0.179721496934321,0.4454960835024482,2,MEDIUM
0.0,3771.0,4095.0,2611.0,30.31,2619.25,4095.0,0.0,1858.7544888984128,10477.0,4095.0,3771.0,6706.0,0.2801374438980493,0.3908561610775168,2,MEDIUM
0.0,3737.0,4095.0,0.0,30.31,1958.0,4095.0,0.0,2265.622651722921,7832.0,4095.0,3737.0,4095.0,0.04570990806362233,0.5228549539679704,2,MEDIUM
0.0,3754.0,4095.0,419.9,30.29,2067.225,4095.0,0.0,2155.936007669677,8268.9,4095.0,3754.0,4514.9,0.09201949472214928,0.4952291114301504,2,MEDIUM
0.0,3768.0,4095.0,2487.0,30.31,2587.5,4095.0,0.0,1859.336171863496,10350.0,4095.0,3768.0,6582.0,0.2718840579447455,0.3956521738748162,2,MEDIUM
0.0,3703.0,4095.0,0.0,30.31,1949.5,4095.0,0.0,2256.770037021938,7798.0,4095.0,3703.0,4095.0,0.05026929981402035,0.5251346498428912,2,MEDIUM
0.0,3763.0,4095.0,2288.0,30.31,2536.5,4095.0,0.0,1864.4757082533058,10146.0,4095.0,3763.0,6383.0,0.258229844248154,0.40360733289930933,2,MEDIUM
0.0,3728.0,4095.0,0.0,30.31,1955.75,4095.0,0.0,2263.2702556256954,7823.0,4095.0,3728.0,4095.0,0.04691294899055184,0.5234564744313618,2,MEDIUM
0.0,3745.0,4095.0,1668.0,30.31,2377.0,4095.0,0.0,1912.7430564506044,9508.0,4095.0,3745.0,5763.0,0.2122423222326207,0.43068994526391563,2,MEDIUM
0.0,3729.0,4095.0,1641.0,30.31,2366.25,4095.0,0.0,1912.3101866590578,9465.0,4095.0,3729.0,5736.0,0.2120443739871057,0.43264659266427397,2,MEDIUM
0.0,3631.0,4095.0,0.0,30.31,1931.5,4095.0,0.0,2238.33397865466,7726.0,4095.0,3631.0,4095.0,0.0600569505487889,0.5300284752096779,2,MEDIUM
0.0,3696.0,4095.0,0.0,30.31,1947.75,4095.0,0.0,2254.959035104629,7791.0,4095.0,3696.0,4095.0,0.05121293799881749,0.5256064689352321,2,MEDIUM
0.0,3751.0,4095.0,2465.0,30.31,2577.75,4095.0,0.0,1856.1672652718198,10311.0,4095.0,3751.0,6560.0,0.2724275045803096,0.39714867613256244,2,MEDIUM
0.0,3751.0,4095.0,1743.0,30.31,2397.25,4095.0,0.0,1905.2423074244389,9589.0,4095.0,3751.0,5838.0,0.21764521845681037,0.4270518301775939,2,MEDIUM
0.0,3726.5,4095.0,1229.2,30.31,2262.675,4095.0,0.0,1973.8260027587708,9050.7,4095.0,3726.5,5324.2,0.1765277823619689,0.45245119157054686,2,MEDIUM
0.0,3715.0,4095.0,2001.0,30.31,2452.75,4095.0,0.0,1871.747913048122,9811.0,4095.0,3715.0,6096.0,0.2426867801199993,0.4173886453554797,2,MEDIUM
0.0,3722.0,4095.0,2192.0,30.31,2502.25,4095.0,0.0,1860.3004013689115,10009.0,4095.0,3722.0,6287.0,0.25626935755257574,0.40913178135586653,2,MEDIUM
0.0,3744.0,4095.0,2636.0,30.31,2618.75,4095.0,0.0,1853.2539626289754,10475.0,4095.0,3744.0,6731.0,0.28515513123769404,0.3909307875521784,2,MEDIUM
0.0,3710.0,4095.0,2351.0,30.37,2539.0,4095.0,0.0,1850.6072877121535,10156.0,4095.0,3710.0,6446.0,0.26939740052487227,0.40320992512768705,2,MEDIUM
0.0,3635.0,4095.0,0.0,30.37,1932.5,4095.0,0.0,2239.34700303459,7730.0,4095.0,3635.0,4095.0,0.05950840878919684,0.5297542043299154,2,MEDIUM
0.0,3678.0,4095.0,2511.0,30.31,2571.0,4095.0,0.0,1840.440708091407,10284.0,4095.0,3678.0,6606.0,0.2847141189921515,0.3981913651888184,2,MEDIUM
0.0,3626.0,4095.0,0.0,30.37,1930.25,4095.0,0.0,2237.0695675369598,7721.0,4095.0,3626.0,4095.0,0.06074342700935845,0.5303717134399207,2,MEDIUM
0.0,3652.0,4095.0,1063.0,30.37,2202.5,4095.0,0.0,1985.9567803286488,8810.0,4095.0,3652.0,5158.0,0.17094211121782724,0.464812712773574,2,MEDIUM
0.0,3611.0,4095.0,0.0,30.37,1926.5,4095.0,0.0,2233.288830402373,7706.0,4095.0,3611.0,4095.0,0.06280820139335476,0.5314041006317929,2,MEDIUM
0.0,3696.0,4095.0,2527.0,30.31,2579.5,4095.0,0.0,1843.8988583976075,10318.0,4095.0,3696.0,6622.0,0.2835820895247546,0.3968792401243575,2,MEDIUM
0.0,3678.9,4095.0,1528.1,30.34,2325.5,4095.0,0.0,1915.4302232135735,9302.0,4095.0,3678.9,5623.1,0.20900881528606657,0.440227907929453,2,MEDIUM
0.0,3632.0,4095.0,0.0,30.37,1931.75,4095.0,0.0,2238.5871102103665,7727.0,4095.0,3632.0,4095.0,0.059919761866193896,0.5299598808683887,2,MEDIUM
0.0,3568.0,4095.0,0.0,30.37,1915.75,4095.0,0.0,2222.555342393075,7663.0,4095.0,3568.0,4095.0,0.0687720213925653,0.5343860106310341,2,MEDIUM
0.0,3655.0,4095.0,12.0,30.37,1940.5,4095.0,0.0,2240.9843819179105,7762.0,4095.0,3655.0,4107.0,0.05823241431870234,0.5275702137944382,2,MEDIUM
0.0,3615.0,4095.0,0.0,30.37,1927.5,4095.0,0.0,2234.2951908823507,7710.0,4095.0,3615.0,4095.0,0.06225680933044658,0.5311284046003725,2,MEDIUM
0.0,3664.0,4095.0,1999.0,30.37,2439.5,4095.0,0.0,1860.5806441359464,9758.0,4095.0,3664.0,6094.0,0.24902643981871014,0.4196556671019004,2,MEDIUM
0.0,3668.0,4095.0,2047.0,30.37,2452.5,4095.0,0.0,1857.8152940124771,9810.0,4095.0,3668.0,6142.0,0.25219164115675924,0.4174311926179988,2,MEDIUM
0.0,3715.0,4095.0,2337.0,30.37,2536.75,4095.0,0.0,1852.1534088730339,10147.0,4095.0,3715.0,6432.0,0.2677638710685164,0.4035675568736013,2,MEDIUM
0.0,3760.0,4095.0,0.0,30.37,1963.75,4095.0,0.0,2271.6637625317703,7855.0,4095.0,3760.0,4095.0,0.04264799490227269,0.5213239973874826,2,MEDIUM
0.0,3721.0,4095.0,0.0,30.37,1954.0,4095.0,0.0,2261.445113196427,7816.0,4095.0,3721.0,4095.0,0.047850562941677256,0.5239252814068672,2,MEDIUM
0.0,3762.0,4095.0,2146.0,30.37,2500.75,4095.0,0.0,1871.8958972122355,10003.0,4095.0,3762.0,6241.0,0.24782565227953357,0.4093771868030214,2,MEDIUM
0.0,3676.0,4095.0,854.1,30.37,2156.275,4095.0,0.0,2034.1583277857208,8625.1,4095.0,3676.0,4949.1,0.14760408573261716,0.4747771039785304,2,MEDIUM
0.0,3726.0,4095.0,0.0,30.37,1955.25,4095.0,0.0,2262.7483841558696,7821.0,4095.0,3726.0,4095.0,0.04718066742779942,0.5235903336499692,2,MEDIUM
0.0,3703.0,4095.0,0.0,30.37,1949.5,4095.0,0.0,2256.770037021938,7798.0,4095.0,3703.0,4095.0,0.05026929981402035,0.5251346498428912,2,MEDIUM
0.0,3650.0,4095.0,0.0,30.44,1936.25,4095.0,0.0,2243.1576516152404,7745.0,4095.0,3650.0,4095.0,0.05745642349161311,0.5287282116812487,2,MEDIUM
0.0,3673.0,4095.0,0.0,30.44,1942.0,4095.0,0.0,2249.0366826710497,7768.0,4095.0,3673.0,4095.0,0.054325437686106405,0.5271627187786866,2,MEDIUM
0.0,3702.0,4095.0,0.0,30.44,1949.25,4095.0,0.0,2256.5110790776102,7797.0,4095.0,3702.0,4095.0,0.05040400153258894,0.5252020007021673,2,MEDIUM
0.0,3632.0,4095.0,0.0,30.44,1931.75,4095.0,0.0,2238.5871102103665,7727.0,4095.0,3632.0,4095.0,0.059919761866193896,0.5299598808683887,2,MEDIUM
0.0,3664.0,4095.0,0.0,30.37,1939.75,4095.0,0.0,2246.7310141625767,7759.0,4095.0,3664.0,4095.0,0.05554839540462064,0.527774197637869,2,MEDIUM
0.0,3684.0,4095.0,0.0,30.44,1944.75,4095.0,0.0,2251.863728115003,7779.0,4095.0,3684.0,4095.0,0.0528345545632042,0.5264172772173265,2,MEDIUM
0.0,3661.0,4095.0,0.0,30.44,1939.0,4095.0,0.0,2245.9639355964737,7756.0,4095.0,3661.0,4095.0,0.055956678693146376,0.5279783392821069,2,MEDIUM
0.0,3725.0,4095.0,0.0,30.44,1955.0,4095.0,0.0,2262.4875690266235,7820.0,4095.0,3725.0,4095.0,0.04731457799906463,0.5236572889355937,2,MEDIUM
0.0,3682.0,4095.0,0.0,30.42,1944.25,4095.0,0.0,2251.348984497961,7777.0,4095.0,3682.0,4095.0,0.0531053105242246,0.5265526551978201,2,MEDIUM
0.0,3636.0,4095.0,0.0,30.44,1932.75,4095.0,0.0,2239.6004666011304,7731.0,4095.0,3636.0,4095.0,0.05937136204121441,0.5296856809559325,2,MEDIUM
0.0,3723.0,4095.0,0.0,30.44,1954.5,4095.0,0.0,2261.966180118527,7818.0,4095.0,3723.0,4095.0,0.047582501912563,0.5237912508923265,2,MEDIUM
0.0,3626.0,4095.0,0.0,30.44,1930.25,4095.0,0.0,2237.0695675369598,7721.0,4095.0,3626.0,4095.0,0.06074342700935845,0.5303717134399207,2,MEDIUM
0.0,3713.0,4095.0,0.0,30.44,1952.0,4095.0,0.0,2259.3640698214176,7808.0,4095.0,3713.0,4095.0,0.04892418032160294,0.5244620900967646,2,MEDIUM
0.0,3798.0,4095.0,0.0,30.44,1973.25,4095.0,0.0,2281.736674114697,7893.0,4095.0,3798.0,4095.0,0.037628278216441366,0.5188141390448734,2,MEDIUM
0.0,3859.0,4095.0,0.0,30.44,1988.5,4095.0,0.0,2298.142510811721,7954.0,4095.0,3859.0,4095.0,0.029670605980680085,0.5148353029274786,2,MEDIUM
0.0,3841.0,4095.0,0.0,30.44,1984.0,4095.0,0.0,2293.2714623436973,7936.0,4095.0,3841.0,4095.0,0.03200604838306375,0.5160030241285278,2,MEDIUM
0.0,3769.0,4095.0,0.0,30.44,1966.0,4095.0,0.0,2274.0391377458745,7864.0,4095.0,3769.0,4095.0,0.04145473041181908,0.5207273651423286,2,MEDIUM
0.0,3806.0,4095.0,0.0,30.44,1975.25,4095.0,0.0,2283.8717674160257,7901.0,4095.0,3806.0,4095.0,0.03657764839430735,0.5182888241338706,2,MEDIUM
0.0,3792.0,4095.0,0.0,30.44,1971.75,4095.0,0.0,2280.138647100215,7887.0,4095.0,3792.0,4095.0,0.03841764929143937,0.5192088245823242,2,MEDIUM
0.0,3756.3,4095.0,0.0,30.44,1962.825,4095.0,0.0,2270.6890853879577,7851.3,4095.0,3756.3,4095.0,0.04313935271316348,0.521569676292898,2,MEDIUM
0.0,3795.0,4095.0,0.0,30.44,1972.5,4095.0,0.0,2280.9373073366132,7890.0,4095.0,3795.0,4095.0,0.03802281368339381,0.5190114067783256,2,MEDIUM
0.0,3792.0,4095.0,0.0,30.5,1971.75,4095.0,0.0,2280.138647100215,7887.0,4095.0,3792.0,4095.0,0.03841764929143937,0.5192088245823242,2,MEDIUM
0.0,3731.0,4095.0,0.0,30.5,1956.5,4095.0,0.0,2264.0536654417006,7826.0,4095.0,3731.0,4095.0,0.046511627901033525,0.5232558138866271,2,MEDIUM
0.0,3774.0,4095.0,0.0,30.5,1967.25,4095.0,0.0,2275.3615646749417,7869.0,4095.0,3774.0,4095.0,0.04079298512634477,0.5203964924996319,2,MEDIUM
0.0,3773.0,4095.0,0.0,30.5,1967.0,4095.0,0.0,2275.0969210123776,7868.0,4095.0,3773.0,4095.0,0.040925266898713106,0.520462633385808,2,MEDIUM
0.0,3765.0,4095.0,0.0,30.5,1965.0,4095.0,0.0,2272.982622018919,7860.0,4095.0,3765.0,4095.0,0.04198473281908591,0.5209923663459297,2,MEDIUM
0.0,3802.0,4095.0,0.0,30.5,1974.25,4095.0,0.0,2282.803594267365,7897.0,4095.0,3802.0,4095.0,0.03710269722209666,0.5185513485477331,2,MEDIUM
0.0,3781.0,4095.0,0.0,30.5,1969.0,4095.0,0.0,2277.2162830965353,7876.0,4095.0,3781.0,4095.0,0.03986795327071255,0.5199339765718722,2,MEDIUM
0.0,3785.0,4095.0,0.0,30.5,1970.0,4095.0,0.0,2278.277858383389,7880.0,4095.0,3785.0,4095.0,0.03934010151785024,0.5196700506954733,2,MEDIUM
0.0,3771.0,4095.0,0.0,30.5,1966.5,4095.0,0.0,2274.567871047158,7866.0,4095.0,3771.0,4095.0,0.041189931344877966,0.5205949656088743,2,MEDIUM
0.0,3776.9,4095.0,0.0,30.49,1967.975,4095.0,0.0,2276.12947841286,7871.9,4095.0,3776.9,4095.0,0.040409558043114156,0.5202047789580401,2,MEDIUM
0.0,3717.0,4095.0,0.0,30.5,1953.0,4095.0,0.0,2260.403946200767,7812.0,4095.0,3717.0,4095.0,0.0483870967679996,0.5241935483199957,2,MEDIUM
0.0,3793.0,4095.0,0.0,30.5,1972.0,4095.0,0.0,2280.4047886285452,7888.0,4095.0,3793.0,4095.0,0.03828600405194143,0.5191430019625832,2,MEDIUM
0.0,3728.0,4095.0,0.0,30.5,1955.75,4095.0,0.0,2263.2702556256954,7823.0,4095.0,3728.0,4095.0,0.04691294899055184,0.5234564744313618,2,MEDIUM
0.0,3775.0,4095.0,0.0,30.5,1967.5,4095.0,0.0,2275.626287420674,7870.0,4095.0,3775.0,4095.0,0.040660736970691135,0.5203303684218131,2,MEDIUM
0.0,3771.0,4095.0,0.0,30.5,1966.5,4095.0,0.0,2274.567871047158,7866.0,4095.0,3771.0,4095.0,0.041189931344877966,0.5205949656088743,2,MEDIUM
0.0,3746.0,4095.0,0.0,30.5,1960.25,4095.0,0.0,2267.9815365209656,7841.0,4095.0,3746.0,4095.0,0.044509628868191604,0.5222548143703284,2,MEDIUM
0.0,3726.0,4095.0,0.0,30.5,1955.25,4095.0,0.0,2262.7483841558696,7821.0,4095.0,3726.0,4095.0,0.04718066742779942,0.5235903336499692,2,MEDIUM
0.0,3683.0,4095.0,0.0,30.5,1944.5,4095.0,0.0,2251.6063155001143,7778.0,4095.0,3683.0,4095.0,0.05296991513847134,0.5264849575049517,2,MEDIUM
0.0,3675.0,4095.0,0.0,30.56,1942.5,4095.0,0.0,2249.549954990998,7770.0,4095.0,3675.0,4095.0,0.05405405404709729,0.5270270269591986,2,MEDIUM
0.0,3711.0,4095.0,0.0,30.5,1951.5,4095.0,0.0,2258.844616169957,7806.0,4095.0,3711.0,4095.0,0.04919292851022381,0.5245964641910585,2,MEDIUM
0.0,3732.5,4095.0,0.0,30.51,1956.875,4095.0,0.0,2264.4456413215134,7827.5,4095.0,3732.5,4095.0,0.04631108271525888,0.5231555412937521,2,MEDIUM
0.0,3717.0,4095.0,0.0,30.56,1953.0,4095.0,0.0,2260.403946200767,7812.0,4095.0,3717.0,4095.0,0.0483870967679996,0.5241935483199957,2,MEDIUM
0.0,3760.0,4095.0,0.0,30.56,1963.75,4095.0,0.0,2271.6637625317703,7855.0,4095.0,3760.0,4095.0,0.04264799490227269,0.5213239973874826,2,MEDIUM
0.0,3745.0,4095.0,0.0,30.56,1960.0,4095.0,0.0,2267.719118409509,7840.0,4095.0,3745.0,4095.0,0.0446428571371629,0.5223214285048059,2,MEDIUM
